architecture,run,trial,val_acc,test_acc,train_seed,lr,lr_decay,weight_decay,selected_by_val,selected_by_test
MLP-Giant,0,0,73.22,74.08,822272343,0.00032498175329713475,0.0,0.003384544755718111,False,False
MLP-Giant,0,1,62.93,63.81,373425049,0.00010263158108647176,0.13693572826281156,4.7394198254535075e-06,False,False
MLP-Giant,0,2,80.07,80.74,797243971,0.0014495759002728663,0.21319924300747975,2.7396494433754485e-06,False,False
MLP-Giant,0,3,65.73,67.06,90217056,0.00014175156240920337,0.2902998672611761,2.121591638485405e-06,False,False
MLP-Giant,0,4,80.4,80.69,1761569942,0.08749969748193791,0.36425473549995313,0.00047819089449841504,False,False
MLP-Giant,0,5,81.64,82.66,1996825913,0.0033989209773722436,0.21619640408155597,0.0002582768484354101,False,False
MLP-Giant,0,6,77.02,77.31,1776022485,0.016553964530157166,0.11874525259980032,0.004281178898303188,False,False
MLP-Giant,0,7,74.66,75.28,185406598,0.0005665375439426138,0.28625609924892154,5.9724031553265784e-05,False,False
MLP-Giant,0,8,69.69,69.75,1703643553,0.00017053017140553596,0.4232883843558457,7.163988681593641e-06,False,False
MLP-Giant,0,9,73.06,73.86,382363283,0.00041815306437667835,0.3788642539935608,0.0005489571239443603,False,False
MLP-Giant,0,10,80.83,81.14,1343537274,0.040973725970163806,0.1950298600192352,0.0005706295850009178,False,False
MLP-Giant,0,11,82.26,82.34,715282679,0.07685191763783442,0.41171370796826,5.431286453519823e-05,False,False
MLP-Giant,0,12,79.06,79.3,1540107333,0.002428640887039684,0.4285027037460202,0.0009633798365909242,False,False
MLP-Giant,0,13,77.26,76.93,306093022,0.002210374016006621,0.0,0.00457370427881773,False,False
MLP-Giant,0,14,82.12,81.95,418701069,0.02843711289798679,0.12855008671522136,5.486286137525483e-05,False,False
MLP-Giant,0,15,66.66,67.36,855254460,0.00016893244693633576,0.13834510924650703,7.484178242804925e-05,False,False
MLP-Giant,0,16,76.7,76.96,750018193,0.0006521491734851608,0.0,4.7473555208420355e-06,False,False
MLP-Giant,0,17,70.7,70.99,2037624400,0.041355056091573306,0.19848901964809731,0.00372280152533225,False,False
MLP-Giant,0,18,69.31,70.07,1915334842,0.000173217711195513,0.4769830463532859,0.0022715852536478185,False,False
MLP-Giant,0,19,81.46,81.84,344423949,0.0024724830969182045,0.14860265677664086,0.00034937249838102203,False,False
MLP-Giant,0,20,73.55,74.66,2075501978,0.007998350863602737,0.2644858045845053,0.005185371771077457,False,False
MLP-Giant,0,21,81.85,82.08,1503050032,0.0028956164096551147,0.13719523355967317,0.00023409068475186757,False,False
MLP-Giant,0,22,75.84,76.23,1374137844,0.0006297280972958018,0.1245432596879857,4.449056341076645e-05,False,False
MLP-Giant,0,23,80.35,80.83,1974614006,0.007565845754041038,0.0,1.580690799975334e-05,False,False
MLP-Giant,0,24,68.5,69.38,780946901,0.00016674075313733103,0.41077974913608795,0.00045533179551717726,False,False
MLP-Giant,0,25,83.02,83.21,55520861,0.003853127828179747,0.0,1.1581245071876429e-05,False,False
MLP-Giant,0,26,82.29,82.39,2121437825,0.00636021270447452,0.2642536993516805,7.039782005442371e-06,False,False
MLP-Giant,0,27,68.18,68.64,2058572524,0.00016693511866358186,0.36522628875173774,2.0638723127575968e-05,False,False
MLP-Giant,0,28,77.31,77.57,911781862,0.0010793997695723338,0.0,0.0009266121608344364,False,False
MLP-Giant,0,29,65.35,66.41,1049710823,0.0002894407504125123,0.38799029240882704,0.0077059788960722585,False,False
MLP-Giant,0,30,79.61,80.36,1975028601,0.002651207249472546,0.0,0.001400159821262665,False,False
MLP-Giant,0,31,81.26,82.13,2096905636,0.008776683596308928,0.1977139396444639,0.00012699426467223097,False,False
MLP-Giant,0,32,80.5,81.28,538446184,0.021660611699568687,0.12432382571855399,8.688799285314134e-06,False,False
MLP-Giant,0,33,70.19,71.11,1763143688,0.0003458392498529348,0.23979676227415334,0.00409100301539553,False,False
MLP-Giant,0,34,77.43,77.23,1429075229,0.0008360662726463272,0.17713756558637855,0.0001375599397840492,False,False
MLP-Giant,0,35,56.99,57.12,292890982,0.04284012881325482,0.0,0.0012303675049622701,False,False
MLP-Giant,0,36,82.38,82.6,1576539231,0.010561405534480695,0.37673700938621896,0.00021579607801844138,False,False
MLP-Giant,0,37,74.21,74.44,2038544249,0.0004008008598455623,0.13716567503465746,0.0001690457050534998,False,False
MLP-Giant,0,38,76.15,76.9,1799180851,0.0007073208245513541,0.10777299187475108,1.6879908720621577e-05,False,False
MLP-Giant,0,39,73.31,74.08,1937535315,0.005333534613789652,0.2835220716187623,0.005822180698969285,False,False
MLP-Giant,0,40,51.97,51.98,63060690,0.09964071723917618,0.0,0.00012990865781060363,False,False
MLP-Giant,0,41,56.54,57.38,572799744,0.03361568697274817,0.0,0.0021988388179880174,False,False
MLP-Giant,0,42,83.36,84.11,1917534502,0.0034430140604835274,0.0,7.238082611566587e-06,True,True
MLP-Giant,0,43,79.97,81.25,962578108,0.04547819250661767,0.2074173310054483,5.8341338492741285e-05,False,False
MLP-Giant,0,44,73.78,74.71,283119824,0.0013897331566755271,0.2822341606193888,0.006270108331027891,False,False
MLP-Giant,0,45,81.28,80.71,1726120065,0.007933983004439184,0.17562782964399937,0.0010868753449892901,False,False
MLP-Giant,0,46,79.74,80.52,1159473870,0.0431248735800265,0.23068331249923468,8.275412835383287e-05,False,False
MLP-Giant,0,47,77.67,77.51,1845856800,0.01034260648305253,0.0,2.7974084013493854e-06,False,False
MLP-Giant,0,48,78.13,78.58,356192560,0.024332336572585846,0.11708286579928052,0.002959430083759723,False,False
MLP-Giant,0,49,70.23,70.86,1213309596,0.08522888335661495,0.4419150940593481,0.0017021164876543516,False,False
MLP-Giant,0,50,74.48,74.52,1142828079,0.00047395069719037927,0.18472623318260928,1.6010517680123877e-05,False,False
MLP-Giant,0,51,74.97,75.41,1274786885,0.0005603449571522318,0.1979034038976685,0.00025468005398385506,False,False
MLP-Giant,0,52,81.84,82.53,449656374,0.005493370277482968,0.1416558000583805,3.353682661847745e-06,False,False
MLP-Giant,0,53,82.04,82.7,943653635,0.0017732246624672047,0.0,4.493385518195077e-05,False,False
MLP-Giant,0,54,74.55,74.69,383333653,0.0004484413373240345,0.0,6.280878087288721e-05,False,False
MLP-Giant,0,55,82.88,82.91,1910509008,0.021809124680491034,0.2129620124532747,5.165368472295609e-05,False,False
MLP-Giant,0,56,71.29,71.74,1445952882,0.00021537616984548789,0.4402830649014316,8.022067757247175e-05,False,False
MLP-Giant,0,57,71.27,71.95,763214019,0.0002599976146059169,0.3367884305190946,6.398151112074312e-06,False,False
MLP-Giant,0,58,79.09,78.99,1803281845,0.00213665717498244,0.0,4.6495794870668493e-05,False,False
MLP-Giant,0,59,71.49,71.92,1391048161,0.0003334147986303255,0.19032168632243726,0.002117724893817808,False,False
MLP-Giant,0,60,80.99,81.37,1878587287,0.003173660579579357,0.26624185604964246,0.0006318029970966316,False,False
MLP-Giant,0,61,79.75,80.3,1714568259,0.013193553759951031,0.17298018613140892,1.262781689059132e-06,False,False
MLP-Giant,0,62,82.58,83.16,411943623,0.0049098638218122055,0.38679830377906005,4.95171341876897e-06,False,False
MLP-Giant,0,63,69.06,70.25,1280139824,0.00036459896927118214,0.226328347518593,0.0057887915841977906,False,False
MLP-Giant,0,64,69.05,70.74,1453248000,0.0001834939668182316,0.0,0.004548750566316332,False,False
MLP-Giant,0,65,70.35,71.33,21397016,0.00015507595637627078,0.0,0.0006969429384274667,False,False
MLP-Giant,0,66,76.78,77.61,1800090779,0.0007707102755491981,0.20232502464791843,0.0007189666958920294,False,False
MLP-Giant,0,67,72.83,73.75,1329753255,0.0003532725329868983,0.20787965866839928,1.0285448893487714e-06,False,False
MLP-Giant,0,68,74.42,74.98,435144986,0.00045076205199640957,0.1834428646884887,1.977017990476918e-05,False,False
MLP-Giant,0,69,76.49,77.26,2144965944,0.0014671949824717507,0.0,0.0018815725130501117,False,False
MLP-Giant,0,70,79.64,80.07,50291864,0.0015340237720022573,0.11039401594650258,0.000474621333949831,False,False
MLP-Giant,0,71,82.63,82.9,1602093330,0.02400763648600603,0.22183863473071755,5.395909277767246e-05,False,False
MLP-Giant,0,72,82.34,82.44,1856529477,0.023439314405771725,0.31337439483438956,6.635284934367169e-05,False,False
MLP-Giant,0,73,81.58,81.72,89154571,0.005690131777158038,0.0,9.509806741443447e-05,False,False
MLP-Giant,0,74,77.64,77.75,1953882634,0.009361599601379883,0.0,4.779542520295375e-05,False,False
MLP-Giant,0,75,66.09,66.61,2047215510,0.00015453928737934613,0.18309320226435585,2.110854565937453e-05,False,False
MLP-Giant,0,76,80.11,80.04,397780004,0.054297994764369535,0.17650149202457846,2.218126943444586e-06,False,False
MLP-Giant,0,77,63.09,63.96,548838793,0.0001004419690631432,0.3225526762217295,0.0022206370331345465,False,False
MLP-Giant,0,78,74.98,75.2,1017800383,0.0005547948608068619,0.14427473587532208,3.558253495680099e-06,False,False
MLP-Giant,0,79,77.75,79.04,1895780144,0.005792022486794751,0.27659066563180834,0.0029549729024704197,False,False
MLP-Giant,0,80,75.53,75.16,794032429,0.03166268499518463,0.0,0.00018981275938494463,False,False
MLP-Giant,0,81,71.45,72.19,1393702777,0.00029638530861293797,0.2810467643082354,0.000855894813028347,False,False
MLP-Giant,0,82,81.89,82.1,1367831311,0.0026565426611423384,0.10990218340518365,5.6104316020391344e-05,False,False
MLP-Giant,0,83,80.43,79.84,1970271139,0.039754375026289736,0.43088898360806593,7.115745149384749e-05,False,False
MLP-Giant,0,84,76.33,76.97,993219670,0.0008015508696923961,0.47002458884787796,2.5859550159702244e-05,False,False
MLP-Giant,0,85,79.43,79.76,1256944352,0.03111120418260704,0.22857630619996802,0.0016296019512859973,False,False
MLP-Giant,0,86,73.28,73.28,1850697296,0.0002723280609881939,0.0,1.3069580370823647e-06,False,False
MLP-Giant,0,87,73.09,74.02,1643867340,0.0004083016055968669,0.3038229043234341,0.003652138835649389,False,False
MLP-Giant,0,88,80.34,80.69,86529693,0.0014994469120498783,0.20752503308051312,1.6713936885277606e-06,False,False
MLP-Giant,0,89,81.8,82.56,598801172,0.00869703480372562,0.0,0.0005653091737108446,False,False
MLP-Giant,0,90,72.14,72.71,752831287,0.0002905349143759694,0.19968371327627082,0.0006977344358923129,False,False
MLP-Giant,0,91,72.21,72.79,568875085,0.000367411182982999,0.0,0.006006930511547459,False,False
MLP-Giant,0,92,81.22,81.55,637722368,0.04271889536146898,0.34784421544163585,6.742707020608291e-05,False,False
MLP-Giant,0,93,78.48,79.07,673400759,0.020666646785330537,0.4806658692667415,0.0016472448823207032,False,False
MLP-Giant,0,94,81.92,82.57,1521269974,0.03748245298529949,0.17259902472043331,0.0002980056150608134,False,False
MLP-Giant,0,95,78.12,78.99,210018267,0.07132829604017954,0.43140017502652706,3.773537716128174e-06,False,False
MLP-Giant,0,96,80.83,81.49,947575992,0.04030897083406503,0.4504153314852109,9.858718778498748e-06,False,False
MLP-Giant,0,97,79.58,80.12,398516563,0.009137339674551216,0.33259545804125823,0.0017110200190713226,False,False
MLP-Giant,0,98,74.55,75.06,336370386,0.00045314020781120595,0.26961362943642697,1.2338977343154969e-06,False,False
MLP-Giant,0,99,79.53,80.3,126653091,0.00317916645541351,0.13746472819783898,0.003030284106371723,False,False
MLP-Giant,1,0,79.03,78.91,1167964360,0.013293709741588253,0.15189443928899715,1.5715101652766453e-05,False,False
MLP-Giant,1,1,81.39,82.03,981215514,0.007510007064843883,0.254582420510734,0.00014966628526986926,False,False
MLP-Giant,1,2,72.63,72.79,1360869286,0.045055381656466685,0.3265400610176691,0.003023018820128076,False,False
MLP-Giant,1,3,81.61,82.48,1752733246,0.030686054916261026,0.238281041067367,2.768885441596455e-05,False,False
MLP-Giant,1,4,76.99,77.81,62529003,0.008918583217612155,0.3483781382123799,0.0032408860259490425,False,False
MLP-Giant,1,5,78.22,78.08,2040615803,0.0140743509455487,0.0,1.0201635252067669e-05,False,False
MLP-Giant,1,6,65.03,65.3,1497680588,0.0001391580267921977,0.16904108329125336,0.00037935238740672406,False,False
MLP-Giant,1,7,64.8,64.34,659412832,0.00011487847650951978,0.2932099259439125,0.0010391502219022557,False,False
MLP-Giant,1,8,81.28,80.98,2087553092,0.014925647864242124,0.2127687245102361,0.0007463521192803646,False,False
MLP-Giant,1,9,84.45,84.97,347799425,0.041288727524125324,0.3156586860917501,0.00012533063731925775,True,True
MLP-Giant,1,10,71.67,72.14,1245019540,0.0018410939366440336,0.0,0.008181559794685475,False,False
MLP-Giant,1,11,72.12,72.36,106674899,0.0002861658568218165,0.11488801876268656,4.191251576023325e-05,False,False
MLP-Giant,1,12,82.0,82.45,1793129388,0.004017488898246522,0.470363757964906,8.92234857891435e-06,False,False
MLP-Giant,1,13,56.93,56.88,279308477,0.03382930263673656,0.0,0.00274381198325742,False,False
MLP-Giant,1,14,68.07,68.66,740417048,0.00037494502259355426,0.10403601369759177,0.005665557364040239,False,False
MLP-Giant,1,15,81.84,82.58,115752028,0.005396351064389634,0.29444559359979383,2.08203171165952e-06,False,False
MLP-Giant,1,16,80.74,80.67,1971125919,0.0031147718269154646,0.11037940993226959,0.0015971844805740942,False,False
MLP-Giant,1,17,77.04,76.55,906678832,0.0008080849359816095,0.17297278919115794,0.0017618210370662444,False,False
MLP-Giant,1,18,75.68,75.58,1114224295,0.0004483659881135173,0.0,1.1494131444703304e-05,False,False
MLP-Giant,1,19,83.12,83.06,789798101,0.0037306923848877205,0.27525866883982675,2.056662858625084e-05,False,False
MLP-Giant,1,20,81.53,80.98,1884022962,0.03235375471866127,0.3283659622119969,0.0006968531006898585,False,False
MLP-Giant,1,21,79.77,80.26,1537986035,0.01132953496713431,0.19666071966832938,2.663961236639233e-06,False,False
MLP-Giant,1,22,80.95,80.58,370670297,0.035346316513016285,0.0,1.8166313962884437e-05,False,False
MLP-Giant,1,23,75.65,75.64,1230134408,0.00044873915509535244,0.0,3.7311901091993424e-06,False,False
MLP-Giant,1,24,73.11,73.63,1593216626,0.001760764138451484,0.41128179791321146,0.007939774110135913,False,False
MLP-Giant,1,25,69.89,70.76,820554009,0.00021690734000860015,0.23044627205995605,2.5923790000110614e-06,False,False
MLP-Giant,1,26,81.04,80.74,1721232061,0.05108988887233957,0.10371798679574018,4.579614306117178e-05,False,False
MLP-Giant,1,27,74.2,74.57,142176599,0.0004140300829422972,0.1542237843122897,0.00014354552922187349,False,False
MLP-Giant,1,28,74.09,73.82,1351944109,0.000658028224618012,0.0,0.006657928429115097,False,False
MLP-Giant,1,29,80.73,80.93,22206308,0.0017759854621998265,0.15612817564375406,0.00030089456273899484,False,False
MLP-Giant,1,30,82.38,82.65,880467278,0.022703006667677852,0.21490092044617062,0.00012482858345302039,False,False
MLP-Giant,1,31,61.58,62.15,1524923824,0.053435808533694035,0.3987791886619555,0.007431832053385515,False,False
MLP-Giant,1,32,79.21,79.61,753915111,0.0018627163255810237,0.4671808753959896,0.0013574424309427248,False,False
MLP-Giant,1,33,78.24,77.67,872704667,0.012095184157127585,0.0,2.215088537094391e-05,False,False
MLP-Giant,1,34,69.49,70.02,261116227,0.027608822762188165,0.0,0.0009232782736429423,False,False
MLP-Giant,1,35,76.33,76.37,1901148252,0.0008008358835901177,0.38360119334397413,0.00013196177085378466,False,False
MLP-Giant,1,36,64.7,65.32,1480250706,0.00010310909540500809,0.47809659943273525,1.0579077580152954e-05,False,False
MLP-Giant,1,37,70.2,70.19,1514874379,0.0001328584129136414,0.0,0.00360161052313923,False,False
MLP-Giant,1,38,77.61,77.55,415617271,0.0008895191208543886,0.3324272372375323,0.0005706563039420783,False,False
MLP-Giant,1,39,77.39,77.28,632968197,0.0007938033539458783,0.4325206541217279,3.1994310089038172e-06,False,False
MLP-Giant,1,40,76.6,76.7,1658538927,0.0007157087833690793,0.12464574516396423,0.0021204876010264225,False,False
MLP-Giant,1,41,72.12,72.23,2128890869,0.0002443172562924727,0.27574495592834397,0.0001895852569192476,False,False
MLP-Giant,1,42,67.52,67.62,498629288,0.00021156255058886505,0.1403475660719412,0.0006301633837949746,False,False
MLP-Giant,1,43,76.94,77.09,542778961,0.0007711094572336869,0.1322617524456162,3.863777962884672e-05,False,False
MLP-Giant,1,44,81.66,82.21,1987462258,0.006796156668181169,0.11934400744400846,8.844679930475336e-06,False,False
MLP-Giant,1,45,80.13,80.13,550253427,0.009158895113372215,0.14360133515202408,1.2403441484852923e-06,False,False
MLP-Giant,1,46,62.24,62.19,1004332726,0.02564758075376337,0.4156515291304227,0.006405669829022029,False,False
MLP-Giant,1,47,79.71,79.95,554749649,0.0014259373193473833,0.0,1.6915675966405945e-06,False,False
MLP-Giant,1,48,81.47,82.42,531862515,0.029402509617002026,0.1471691341315636,0.0003984960670375924,False,False
MLP-Giant,1,49,82.4,83.14,1425795791,0.04876198480465256,0.15835268471092068,0.00025909987621560674,False,False
MLP-Giant,1,50,75.48,74.91,984832466,0.000511114289605163,0.3152229548779046,0.0036517250316784006,False,False
MLP-Giant,1,51,57.43,57.45,2052424876,0.04191233055159565,0.0,0.0016086181834774143,False,False
MLP-Giant,1,52,66.55,65.95,1283304191,0.00015509174383123637,0.14228311194208465,3.519879067570876e-05,False,False
MLP-Giant,1,53,76.49,76.56,710459375,0.0006171350103249713,0.0,1.703699241374604e-06,False,False
MLP-Giant,1,54,80.75,80.87,1954423769,0.0015007785775658735,0.0,2.852492770180516e-06,False,False
MLP-Giant,1,55,73.44,73.28,1774480652,0.00019427465234884677,0.0,0.0001283849541980764,False,False
MLP-Giant,1,56,82.41,82.61,1149839726,0.008684810290883405,0.15555360826653386,1.0015797033773707e-05,False,False
MLP-Giant,1,57,80.82,80.94,291708635,0.0017283015447604117,0.10479687500874514,1.1678998401230126e-06,False,False
MLP-Giant,1,58,72.76,73.11,1427128373,0.00032533450261488644,0.34740140087909693,0.0002427400390317769,False,False
MLP-Giant,1,59,81.29,82.09,418620190,0.003958640493039835,0.0,3.114696526982497e-05,False,False
MLP-Giant,1,60,72.35,72.56,76944632,0.00016359045909556392,0.0,0.0006632538297245558,False,False
MLP-Giant,1,61,77.9,78.0,878743740,0.0020465942655360793,0.0,0.0004744463038927469,False,False
MLP-Giant,1,62,77.79,77.89,1012130419,0.001662663750053362,0.0,0.0006759376317379931,False,False
MLP-Giant,1,63,64.48,65.44,224748579,0.04650826955480757,0.0,0.000371999164934115,False,False
MLP-Giant,1,64,80.37,79.97,288630406,0.00283711702105208,0.2985387210696618,0.0019270553789468633,False,False
MLP-Giant,1,65,53.01,53.78,1454434429,0.037249783206210994,0.0,0.0028414976230533447,False,False
MLP-Giant,1,66,68.53,68.59,2115838005,0.0002055848794906819,0.18787728357674002,0.001015653641742573,False,False
MLP-Giant,1,67,72.22,72.14,232424684,0.0002650749426305976,0.45554178498855336,0.002358042406526996,False,False
MLP-Giant,1,68,66.38,66.12,1936819934,0.007450561979556179,0.0,0.006520088683033344,False,False
MLP-Giant,1,69,81.84,82.46,180076713,0.034541343701578846,0.12965755800244538,0.00017500797275636157,False,False
MLP-Giant,1,70,79.66,79.65,1303914221,0.013088405911214095,0.18018796845045018,0.0015228719468954842,False,False
MLP-Giant,1,71,83.2,83.59,1040459488,0.004692762903787811,0.0,7.757026293040789e-06,False,False
MLP-Giant,1,72,74.17,74.03,1070673380,0.0002947356262083314,0.0,0.00149750145858972,False,False
MLP-Giant,1,73,83.9,84.1,16104879,0.032587889109704414,0.2825238581177864,7.540470037201945e-05,False,False
MLP-Giant,1,74,80.37,79.81,511119525,0.021985878864536335,0.10195099895124603,0.0006188518594285099,False,False
MLP-Giant,1,75,78.97,78.17,1704890499,0.0010013659454163298,0.11556846220897032,0.0003363388576310216,False,False
MLP-Giant,1,76,82.21,81.64,955172929,0.0046843463338470835,0.19116091395376428,0.00036751613526639425,False,False
MLP-Giant,1,77,77.38,77.37,979575758,0.0006588693043750591,0.0,0.002265775823707229,False,False
MLP-Giant,1,78,78.33,77.9,1133187531,0.0009464722993666069,0.16478636416070594,4.967285942315725e-05,False,False
MLP-Giant,1,79,83.01,83.28,687048015,0.005563504512102574,0.4317852161606767,1.465937197604473e-05,False,False
MLP-Giant,1,80,79.69,79.91,467466574,0.0018832308996993754,0.4906489848314548,0.0005439094652746811,False,False
MLP-Giant,1,81,82.88,82.32,500795577,0.0037723756990996437,0.11914190571067755,2.772980439952951e-05,False,False
MLP-Giant,1,82,80.36,80.53,2138469366,0.013211742059568493,0.0,6.397455660490932e-05,False,False
MLP-Giant,1,83,75.13,74.89,723882912,0.0004478154024431742,0.2969405852176208,1.6365848478595228e-06,False,False
MLP-Giant,1,84,80.53,80.66,455795550,0.034483902538010786,0.21096857677737935,5.087491938209414e-06,False,False
MLP-Giant,1,85,81.22,81.43,995662203,0.0037382560953509933,0.39998862641628286,0.0003554005635013578,False,False
MLP-Giant,1,86,71.86,72.38,592400924,0.007869904394204923,0.17677486469951179,0.008009232924269504,False,False
MLP-Giant,1,87,73.83,73.66,1489373634,0.0034881213129875437,0.28577946917973185,0.006802061180314396,False,False
MLP-Giant,1,88,72.56,73.19,579972002,0.00032902900547072093,0.0,0.00030699176727438276,False,False
MLP-Giant,1,89,80.53,80.19,563001182,0.005384488022022998,0.1268979203480888,0.0019541849533336536,False,False
MLP-Giant,1,90,61.26,61.12,1337157701,0.034447772005599425,0.4399095566131086,0.00594649988619605,False,False
MLP-Giant,1,91,82.1,81.72,2014419287,0.0023812003491444707,0.0,5.028789779436051e-06,False,False
MLP-Giant,1,92,76.84,76.85,1174123344,0.0006474619373257211,0.15004896564805598,5.531835465265386e-06,False,False
MLP-Giant,1,93,80.15,80.47,1660894806,0.006510215865139978,0.15603276512904696,0.0016542802814047714,False,False
MLP-Giant,1,94,82.5,82.16,668195573,0.01785764572217779,0.11525323997402884,0.0003499777395108446,False,False
MLP-Giant,1,95,73.24,73.6,1829106307,0.00021475783515131355,0.0,0.002429067230593933,False,False
MLP-Giant,1,96,84.11,83.66,1780597213,0.050171139322985336,0.2977612847296743,5.4415974705849575e-05,False,False
MLP-Giant,1,97,78.75,78.97,1658532999,0.055305141850520746,0.15607269314592453,0.002275049949857866,False,False
MLP-Giant,1,98,81.72,81.68,854117351,0.01957433935086757,0.17343215495156755,5.0938070238853944e-05,False,False
MLP-Giant,1,99,76.04,75.85,1702101148,0.0005790871317466874,0.10583376548943323,3.147716778056831e-05,False,False
MLP-Giant,2,0,73.59,73.59,262752419,0.042288544834209275,0.24839385044085752,0.0036296388422530045,False,False
MLP-Giant,2,1,74.62,74.85,1908911283,0.0025367062756801537,0.1261826351737091,0.00703025992381756,False,False
MLP-Giant,2,2,83.48,83.61,1069669170,0.002995738407750035,0.0,0.00011692519614628179,False,False
MLP-Giant,2,3,74.76,75.58,1135769942,0.00047586240297761,0.3048839279517825,2.2468147924662563e-05,False,False
MLP-Giant,2,4,64.63,64.84,1607296991,0.00012672360492635011,0.10859423482398077,1.8134191998456486e-06,False,False
MLP-Giant,2,5,65.03,65.8,1651280740,0.0001297632491289758,0.22079197278227328,2.9076311211246795e-06,False,False
MLP-Giant,2,6,65.81,66.76,1740597985,0.0001411732228056872,0.30184336503347226,4.20154457038004e-06,False,False
MLP-Giant,2,7,83.12,82.81,655990163,0.0293513982728493,0.272187601739284,0.00015271837964051706,False,False
MLP-Giant,2,8,65.13,65.17,1335512445,0.00014612162320487546,0.10056588480093408,5.192628373496156e-05,False,False
MLP-Giant,2,9,82.87,82.83,726205297,0.028761113201876572,0.24061825676277326,0.00022598640260946954,False,False
MLP-Giant,2,10,79.18,79.58,2109419145,0.01395654303369619,0.1012519573837319,3.672494565369428e-06,False,False
MLP-Giant,2,11,74.16,73.89,888318205,0.00027921255310630233,0.0,2.544892550492773e-06,False,False
MLP-Giant,2,12,82.8,83.64,44100947,0.0033097191452636718,0.17478698893546296,3.885725445932e-05,False,False
MLP-Giant,2,13,81.14,80.8,551775747,0.004446398466897261,0.10872950505426798,0.001999821694995757,False,False
MLP-Giant,2,14,82.12,82.24,1082142439,0.004066054687178896,0.27350657107234627,3.125820851383007e-06,False,False
MLP-Giant,2,15,65.09,66.29,1933228124,0.00015306173717793622,0.19625458016219813,0.0007857831877058216,False,False
MLP-Giant,2,16,61.91,62.74,1073744062,0.00010421335742711464,0.13538560764332744,7.027872169000774e-05,False,False
MLP-Giant,2,17,71.09,71.25,520226893,0.00012949010486643531,0.0,2.7432900243999844e-05,False,False
MLP-Giant,2,18,79.1,79.73,1421643670,0.012868843436786678,0.11706905355304328,0.0030102732037544694,False,False
MLP-Giant,2,19,61.68,63.06,822406724,0.010093817753391512,0.0,0.007090912216739757,False,False
MLP-Giant,2,20,68.27,68.87,1170676832,0.0002465002147996505,0.15839199329354162,0.0015272248734235908,False,False
MLP-Giant,2,21,79.07,79.8,966544326,0.037834782845139366,0.16876552783483023,1.326077995772398e-06,False,False
MLP-Giant,2,22,76.73,77.33,1509537985,0.0006512770696522932,0.10804823751522345,3.4140961322018475e-06,False,False
MLP-Giant,2,23,75.97,76.23,255253853,0.0004253793146384837,0.0,0.00021601447736400672,False,False
MLP-Giant,2,24,45.52,46.1,2105527824,0.0498176690050159,0.0,0.0056863717177353165,False,False
MLP-Giant,2,25,78.28,78.39,1024003927,0.0009268543252424644,0.4154370047643616,2.6341642245490067e-05,False,False
MLP-Giant,2,26,82.65,82.83,1562971707,0.013587160524547351,0.37172632953805984,0.00021975161194203263,False,False
MLP-Giant,2,27,66.11,66.17,2002874523,0.0001307862921613064,0.4351413136747435,0.0016593235727506259,False,False
MLP-Giant,2,28,74.26,74.79,767158497,0.0004912325500464491,0.41659562984121923,0.002646099653112253,False,False
MLP-Giant,2,29,81.02,82.09,566023415,0.006378802387329191,0.23389462249132154,3.233693497644192e-05,False,False
MLP-Giant,2,30,80.64,80.97,558617799,0.0015516046510818358,0.3684592771551625,5.448870384543501e-06,False,False
MLP-Giant,2,31,75.12,74.94,536543110,0.0004656285135358231,0.2576732360519302,0.000926459327997502,False,False
MLP-Giant,2,32,65.09,65.51,1838652090,0.00013353886003773173,0.1233189911647437,1.9033637193741576e-06,False,False
MLP-Giant,2,33,71.53,72.29,1966514597,0.0024230430449243396,0.0,0.00019851519555550052,False,False
MLP-Giant,2,34,83.24,82.16,511145881,0.023783877065641976,0.49594380556487133,9.329178740624516e-05,False,False
MLP-Giant,2,35,82.68,83.47,155878416,0.003682413637941435,0.15442129372489302,0.00025036739817056004,False,False
MLP-Giant,2,36,63.68,63.97,1456859221,0.00010829609887588961,0.10747282672178983,3.4028969693108894e-06,False,False
MLP-Giant,2,37,74.34,75.45,406516949,0.0035439684942917774,0.1341770860577056,0.006438581884842118,False,False
MLP-Giant,2,38,73.99,74.84,1538642972,0.02422231132279205,0.1217348739324475,0.005246982649919204,False,False
MLP-Giant,2,39,80.29,80.39,1268802720,0.0816864343735105,0.21285015484086173,4.8782525672077415e-06,False,False
MLP-Giant,2,40,71.78,72.0,2001994586,0.0002841544457346134,0.37388826447803,0.0017280712413378842,False,False
MLP-Giant,2,41,81.97,82.64,1009026550,0.0023618568569633487,0.2435941550547007,2.7800782520280323e-06,False,False
MLP-Giant,2,42,68.79,68.72,1972604150,0.005404437017756225,0.0,0.00834129023051082,False,False
MLP-Giant,2,43,81.73,82.02,919851983,0.03350133639349971,0.2601688065136577,0.00015080482428657044,False,False
MLP-Giant,2,44,68.31,68.07,1491222063,0.02113112291178521,0.0,0.0018468130485909879,False,False
MLP-Giant,2,45,75.09,76.08,613653510,0.021201966484849427,0.0,0.0006522756513098887,False,False
MLP-Giant,2,46,68.58,69.63,1870627582,0.02861919326194418,0.16955523206906428,0.006396019874157029,False,False
MLP-Giant,2,47,81.33,80.79,456649397,0.054472446629706794,0.3356664641296178,1.1424104223141454e-06,False,False
MLP-Giant,2,48,84.26,83.92,1043143877,0.0464385847443646,0.23981130275628515,0.00022803169946018946,True,False
MLP-Giant,2,49,82.28,82.11,1418089207,0.0067560904627425285,0.10430247005301266,0.0001053017357366418,False,False
MLP-Giant,2,50,78.97,79.14,477979951,0.025199580153655355,0.4813855335533756,0.0011032223164691316,False,False
MLP-Giant,2,51,72.53,72.4,822697837,0.0001902074110407258,0.0,0.0002788635007884062,False,False
MLP-Giant,2,52,80.92,80.13,573673924,0.03594728103182631,0.1870276571329743,8.318601695957272e-06,False,False
MLP-Giant,2,53,83.8,84.0,689633206,0.004483583023524218,0.2365455180525902,1.5069124652695219e-05,False,True
MLP-Giant,2,54,80.36,80.65,1149192600,0.04318466699373259,0.10683223046037375,0.0026665595704401576,False,False
MLP-Giant,2,55,79.0,79.33,295704708,0.0010710030922363627,0.2697335764048607,7.20599944865176e-06,False,False
MLP-Giant,2,56,82.28,82.67,2130816586,0.011467163347779858,0.18913219851855304,0.0003442537581338064,False,False
MLP-Giant,2,57,80.51,80.05,31505582,0.0024652430454355,0.2966713121182851,0.0008902523589327272,False,False
MLP-Giant,2,58,81.74,81.18,1494216698,0.07115164150419556,0.23020614282075938,0.00012587660906043154,False,False
MLP-Giant,2,59,81.76,82.22,1037104567,0.004400639331025371,0.11246894763818205,0.0020448137422934072,False,False
MLP-Giant,2,60,67.21,67.95,1302153043,0.00019024336450305498,0.15575220014681113,2.5282684693949476e-05,False,False
MLP-Giant,2,61,77.44,77.43,418814016,0.0018264625541460683,0.3154705021630471,0.00526165925405441,False,False
MLP-Giant,2,62,81.51,82.15,1779879231,0.005600679347267659,0.343414176556102,0.001013315534584238,False,False
MLP-Giant,2,63,81.25,81.58,1170922113,0.07128557418701077,0.22529643037356512,1.4263400587323447e-06,False,False
MLP-Giant,2,64,79.09,80.09,2038766668,0.01393497394320351,0.3798753302441837,3.662488574366317e-06,False,False
MLP-Giant,2,65,79.57,79.76,910664200,0.08005479887164671,0.15595308066897634,0.0018064344860728094,False,False
MLP-Giant,2,66,58.96,60.17,749412587,0.060381495796545406,0.0,0.00011833764844827752,False,False
MLP-Giant,2,67,73.77,73.55,342467122,0.00026500576072799434,0.0,5.245196960568376e-06,False,False
MLP-Giant,2,68,82.45,83.22,825147116,0.005374757365790932,0.0,1.007498718155097e-06,False,False
MLP-Giant,2,69,80.99,80.59,282792852,0.034844798782626356,0.4661102513119258,1.5202028464039951e-06,False,False
MLP-Giant,2,70,79.33,78.86,2078901535,0.0014355948767324344,0.3728808581096427,0.0002467202826059358,False,False
MLP-Giant,2,71,67.38,67.76,552742966,0.00014007664803691438,0.0,0.004949258896369965,False,False
MLP-Giant,2,72,82.69,82.24,344303052,0.01670364767635161,0.21975716269474932,0.0003671904067983468,False,False
MLP-Giant,2,73,73.91,74.75,1037223047,0.00289848457038626,0.47222509860577083,0.006673168329371166,False,False
MLP-Giant,2,74,63.72,64.36,1720590415,0.0001693627512626692,0.11254276955040407,0.007788849165457503,False,False
MLP-Giant,2,75,77.93,78.27,946162163,0.0009212823148822545,0.39560524297337907,6.716056551656466e-06,False,False
MLP-Giant,2,76,71.62,72.01,1095043335,0.0002520928577881731,0.42002672340227826,2.110955820585052e-05,False,False
MLP-Giant,2,77,82.29,81.75,966989338,0.0021966359256806733,0.0,1.4944591642809068e-05,False,False
MLP-Giant,2,78,81.62,82.04,2121742498,0.005058232847155566,0.12187061488649538,0.0009412345524399213,False,False
MLP-Giant,2,79,79.87,79.9,59576957,0.009826411409907917,0.0,2.020696134229882e-06,False,False
MLP-Giant,2,80,72.18,72.01,331143100,0.0002471349027540841,0.3267051326345161,1.4074623725683298e-05,False,False
MLP-Giant,2,81,76.01,76.39,151202096,0.000678502865600145,0.17343835616058292,1.5542441578409462e-06,False,False
MLP-Giant,2,82,82.69,83.06,99239175,0.0038067454468675623,0.3195885781355538,1.7936967212046914e-06,False,False
MLP-Giant,2,83,77.76,77.8,1180408615,0.009693193880778963,0.15362190308359613,0.0027493783302921424,False,False
MLP-Giant,2,84,65.99,66.34,1995447072,0.00012680052323881802,0.32944953881921735,3.354376471221396e-06,False,False
MLP-Giant,2,85,68.24,68.12,2053117371,0.00017203973706734338,0.32236011073934134,2.2168304370021498e-05,False,False
MLP-Giant,2,86,77.81,78.33,614158399,0.0014003066330532366,0.22878926129624988,0.00403469737817266,False,False
MLP-Giant,2,87,83.2,83.1,996837188,0.003861602930447035,0.11966628344925072,1.336173270680841e-05,False,False
MLP-Giant,2,88,80.92,81.27,780437060,0.013483339462383122,0.1502634999792742,0.0007707341276338467,False,False
MLP-Giant,2,89,70.0,70.16,784434259,0.00011315311592584854,0.0,1.9369756442994964e-05,False,False
MLP-Giant,2,90,82.99,83.45,1040594010,0.011114551737566758,0.2824569220167119,0.00044228198505713063,False,False
MLP-Giant,2,91,79.2,79.79,1487621611,0.0016898151831674709,0.26771798937018176,0.0012594567662613774,False,False
MLP-Giant,2,92,68.21,68.38,171407895,0.00019701638837881102,0.0,0.006523499836095962,False,False
MLP-Giant,2,93,83.74,83.37,185710928,0.02134384230286467,0.15235336632350271,8.674087269499175e-05,False,False
MLP-Giant,2,94,81.14,81.57,835553134,0.018937099267023222,0.1020308072811939,0.00015385988377303048,False,False
MLP-Giant,2,95,80.1,79.95,1854287559,0.0013882465997963462,0.1170621268335455,9.620991740251587e-06,False,False
MLP-Giant,2,96,78.68,79.15,734377880,0.0012463735180323111,0.0,1.6863648094123728e-05,False,False
MLP-Giant,2,97,82.87,83.07,985810557,0.0019920927004889446,0.0,0.0009197534918259436,False,False
MLP-Giant,2,98,72.21,72.99,1986512033,0.005190851887914828,0.10756480232575588,0.007518737828300441,False,False
MLP-Giant,2,99,80.38,80.87,1610874645,0.001982233368258788,0.3664793504073479,0.00021190891754439793,False,False
MLP-Giant,3,0,83.22,82.08,931638242,0.0053585434511214105,0.29709190653879053,1.3458505781491803e-06,False,False
MLP-Giant,3,1,82.99,82.28,588433341,0.00399401836723672,0.10307097265377992,0.0003452468350264482,False,False
MLP-Giant,3,2,83.73,82.88,1650548418,0.002470316666756779,0.0,0.0003231254403184846,False,False
MLP-Giant,3,3,80.89,79.51,498948590,0.0023991341699095914,0.15698404907606106,0.001090370036465218,False,False
MLP-Giant,3,4,81.2,80.07,1014782592,0.02576427091373645,0.29969335459382745,8.859968784678743e-06,False,False
MLP-Giant,3,5,83.0,83.03,479240815,0.00415201903373972,0.1392857314994351,2.798582435036598e-06,False,False
MLP-Giant,3,6,80.22,79.12,128949034,0.0022342094325202757,0.0,0.0030406707457094635,False,False
MLP-Giant,3,7,73.33,71.83,544388922,0.00034264197543297737,0.30234071119804085,7.887116007054497e-06,False,False
MLP-Giant,3,8,80.94,80.17,1424822316,0.0015325651062081437,0.2158273262094939,1.6071428646918865e-05,False,False
MLP-Giant,3,9,76.46,74.83,309776650,0.0004099647265416822,0.0,0.0023194364552921592,False,False
MLP-Giant,3,10,75.15,73.67,141077788,0.00040931314186432467,0.4497670547840283,1.8944061330818743e-06,False,False
MLP-Giant,3,11,74.44,73.42,1553062660,0.0011707596549124502,0.12362127042180128,0.006730626859019795,False,False
MLP-Giant,3,12,80.1,78.92,723392866,0.0020800127549691085,0.22986130961200066,0.002549630967147803,False,False
MLP-Giant,3,13,79.45,78.92,2145836342,0.033696936569464056,0.10083493823069897,0.000976404596160506,False,False
MLP-Giant,3,14,65.3,63.35,8466369,0.00011324779333108134,0.18802098657720817,2.0158879714914954e-05,False,False
MLP-Giant,3,15,79.23,77.55,1149612799,0.001640401289919133,0.17982002020204646,0.003828588778759977,False,False
MLP-Giant,3,16,74.27,72.88,1166157558,0.006706780916088962,0.0,0.005530650324434547,False,False
MLP-Giant,3,17,83.47,82.63,1360870043,0.005655534351156355,0.0,2.4995367107424758e-05,False,False
MLP-Giant,3,18,74.86,73.24,1814570102,0.00037757891874266023,0.3385029114088623,5.547592806642927e-06,False,False
MLP-Giant,3,19,68.89,67.53,194362499,0.00026084229729832464,0.13283840085025575,0.0032771956766987497,False,False
MLP-Giant,3,20,81.35,81.15,853699147,0.008923567868852175,0.0,7.746507316377987e-06,False,False
MLP-Giant,3,21,65.06,63.33,525983707,0.0001013099077718814,0.3133632237581986,2.223074459476799e-06,False,False
MLP-Giant,3,22,73.3,71.9,532733875,0.00015996844893366335,0.0,0.00019875297959180146,False,False
MLP-Giant,3,23,80.04,79.2,1086260715,0.0014809838404855997,0.2983471241489518,0.00013331944584721528,False,False
MLP-Giant,3,24,80.59,80.13,1309687207,0.09277856784266773,0.23550387985241733,1.134290914165957e-05,False,False
MLP-Giant,3,25,79.17,78.17,396746969,0.024581197856468992,0.0,1.1765776060566864e-06,False,False
MLP-Giant,3,26,78.22,77.56,1262161088,0.001325470771171432,0.28189029171020635,0.0012666652156444714,False,False
MLP-Giant,3,27,65.62,64.02,1597082012,0.04190046397352636,0.0,0.00042169919633813384,False,False
MLP-Giant,3,28,81.16,80.64,1994383622,0.0018875922551202947,0.48655028975992426,5.710922748871971e-05,False,False
MLP-Giant,3,29,71.8,70.02,366352350,0.0002620430266766382,0.14538219921310447,0.0007287223630709312,False,False
MLP-Giant,3,30,77.36,75.84,2111819269,0.09815142896905947,0.1945619827550201,0.0028630021159133175,False,False
MLP-Giant,3,31,80.45,79.97,132577124,0.0013775843142086626,0.2646451580598309,1.3809730763691576e-05,False,False
MLP-Giant,3,32,79.96,78.81,1836175829,0.0023255707324914463,0.0,0.0006888009489469493,False,False
MLP-Giant,3,33,78.43,77.57,1373753700,0.0007772183156629573,0.0,0.00028204292721776696,False,False
MLP-Giant,3,34,83.89,83.17,900508005,0.004148260742888246,0.19426933074464264,4.1835574309699036e-05,False,False
MLP-Giant,3,35,72.68,71.48,1196161870,0.00821814226938452,0.0,0.003652233284192462,False,False
MLP-Giant,3,36,48.03,47.0,501968211,0.06107197491164223,0.0,0.0036553276715833465,False,False
MLP-Giant,3,37,67.47,65.86,1228056832,0.00016206134866137445,0.1114664279788884,1.7724696180800375e-06,False,False
MLP-Giant,3,38,70.07,67.41,1034186409,0.00019596614347234045,0.4001733200043482,0.0021153365196716857,False,False
MLP-Giant,3,39,84.03,83.68,1309991416,0.0026548812757873565,0.0,0.0003811432942346935,True,True
MLP-Giant,3,40,79.88,79.08,1389095460,0.00233758452617319,0.0,4.9034530970299126e-05,False,False
MLP-Giant,3,41,66.17,64.78,79896610,0.00013481950151551108,0.20249231599049836,6.865548789138109e-06,False,False
MLP-Giant,3,42,56.07,53.88,2037695754,0.039390110982705936,0.0,0.001688556031206351,False,False
MLP-Giant,3,43,82.85,81.86,1571914833,0.010703875163032098,0.29056475792493314,0.00010080717772462194,False,False
MLP-Giant,3,44,63.18,61.13,429385384,0.05379638690717096,0.0,0.0010171115618497067,False,False
MLP-Giant,3,45,77.93,77.35,1241212039,0.01735231070345127,0.0,4.5324482664384e-06,False,False
MLP-Giant,3,46,55.61,54.11,1673689077,0.04090843447978982,0.0,0.0036050748210471844,False,False
MLP-Giant,3,47,73.6,71.82,23684581,0.00016370732450323269,0.0,8.001460893775471e-05,False,False
MLP-Giant,3,48,78.31,77.16,1400101635,0.004532618688567222,0.13594193517067618,0.0042477965345266554,False,False
MLP-Giant,3,49,80.93,79.17,339548950,0.029111639153108212,0.0,3.056144314608305e-05,False,False
MLP-Giant,3,50,80.19,79.23,310845933,0.001197718277131737,0.25084298112564346,1.2079005518095199e-06,False,False
MLP-Giant,3,51,70.79,69.3,873194822,0.00019284185868825816,0.25893444523761405,0.0002865065845460628,False,False
MLP-Giant,3,52,79.53,78.29,44668631,0.0013643600367206534,0.18692123049403406,0.0017267361734630423,False,False
MLP-Giant,3,53,73.04,71.46,1582093472,0.05467664748712636,0.0,2.196888908084617e-05,False,False
MLP-Giant,3,54,71.57,69.77,1838219201,0.0005905223244723085,0.4825091464593915,0.008182924506918363,False,False
MLP-Giant,3,55,83.14,82.07,2019226867,0.003078901565326051,0.31574096097674637,4.171041766249e-06,False,False
MLP-Giant,3,56,83.49,82.59,1932821949,0.0036483390448835105,0.13612829786107514,4.054537204942771e-06,False,False
MLP-Giant,3,57,82.57,81.25,33554049,0.023307729063081498,0.19674228748321196,0.0006220311916396896,False,False
MLP-Giant,3,58,82.66,82.29,346091286,0.0030826676489190503,0.24321415795691542,3.889370914510121e-05,False,False
MLP-Giant,3,59,81.98,82.01,29849188,0.010485994475468559,0.12893686308820435,0.00011413075113113635,False,False
MLP-Giant,3,60,78.13,77.18,1305121573,0.0007969122076759427,0.17642263392128127,6.79368930793079e-05,False,False
MLP-Giant,3,61,68.68,66.37,752040216,0.0001893496679637306,0.1418691856691221,0.001146942197736019,False,False
MLP-Giant,3,62,83.01,83.25,189054550,0.004755514627209715,0.18812887183915528,3.153391727603137e-06,False,False
MLP-Giant,3,63,74.07,72.0,1216379661,0.0002113493755559395,0.0,2.060215199988777e-06,False,False
MLP-Giant,3,64,83.36,82.36,1159398220,0.0030342881370323854,0.2789604278805292,4.192861048572417e-06,False,False
MLP-Giant,3,65,79.86,78.57,1036018009,0.0017066462383088807,0.47381745151173643,0.0009530856366576003,False,False
MLP-Giant,3,66,82.09,81.45,1588096438,0.00450411915673816,0.34935717646039405,8.006596188295118e-05,False,False
MLP-Giant,3,67,67.06,65.54,1572957833,0.00014773996177671152,0.18729598994337912,0.0005076903552997157,False,False
MLP-Giant,3,68,73.18,71.8,2094157405,0.03044950344269648,0.14732794001778335,0.0056149499053830395,False,False
MLP-Giant,3,69,82.05,81.16,375604830,0.0018604422859985262,0.35047140253553166,2.054020775204103e-06,False,False
MLP-Giant,3,70,69.91,67.8,372130575,0.00021695319593670968,0.3202987150906186,0.003714589872643992,False,False
MLP-Giant,3,71,82.56,81.82,2108883612,0.00428376863526353,0.0,0.0018259558032991336,False,False
MLP-Giant,3,72,79.77,78.87,824271573,0.006963332547029539,0.0,0.0002048981018899462,False,False
MLP-Giant,3,73,82.77,81.86,625028111,0.004846657089100926,0.2619666515427592,0.00021148859907471024,False,False
MLP-Giant,3,74,81.77,80.41,1867384020,0.020914855704716184,0.4012036543460539,1.234060800346724e-06,False,False
MLP-Giant,3,75,75.73,74.32,1901465333,0.0004707175496810102,0.24650223457524795,0.0006717963804710476,False,False
MLP-Giant,3,76,79.81,78.64,1499845359,0.017548598694889134,0.0,9.785096177901513e-06,False,False
MLP-Giant,3,77,79.03,78.1,1964737746,0.0009592611651050818,0.25418354242814256,4.231704536448754e-05,False,False
MLP-Giant,3,78,75.21,73.65,854107176,0.0003942519446745176,0.36484760115754067,0.0003183323853151368,False,False
MLP-Giant,3,79,64.07,63.82,733177085,0.041589798216231336,0.0,0.0005344593227137345,False,False
MLP-Giant,3,80,77.71,76.61,976738570,0.0007649620900740989,0.13765938487693058,0.0002810636736862195,False,False
MLP-Giant,3,81,80.88,80.92,1149925726,0.028521633939207588,0.3412695660928012,1.9067095219731297e-06,False,False
MLP-Giant,3,82,80.79,79.97,1035213940,0.07492391347442466,0.23884320249343452,1.3055336892676744e-06,False,False
MLP-Giant,3,83,81.82,81.3,2058138778,0.0019059099643662185,0.1543870650148122,0.00020701997388917535,False,False
MLP-Giant,3,84,68.7,66.7,262410691,0.0002056608123407675,0.287441046265582,0.0028296005564675763,False,False
MLP-Giant,3,85,82.22,82.15,1161830375,0.0024267567954793464,0.1180772082849927,3.7909035404610314e-05,False,False
MLP-Giant,3,86,79.41,78.07,220332929,0.0009301873520932675,0.12107944140861097,1.2227107266520586e-06,False,False
MLP-Giant,3,87,77.71,76.01,481768088,0.04179932783263525,0.24810543491863893,0.0028838134917088796,False,False
MLP-Giant,3,88,67.42,64.94,1911570104,0.00021609295076566138,0.0,0.009592714084392214,False,False
MLP-Giant,3,89,62.53,61.14,1371260021,0.07924217295586353,0.0,6.051816043723207e-05,False,False
MLP-Giant,3,90,74.22,72.9,792166556,0.0002022459029247276,0.0,0.00014795920041668073,False,False
MLP-Giant,3,91,80.24,79.56,1301221639,0.012560337255071583,0.12930385151240886,1.0935373819440626e-06,False,False
MLP-Giant,3,92,81.77,80.81,398420025,0.007679078952690963,0.0,1.6873906368023503e-06,False,False
MLP-Giant,3,93,74.36,72.79,254064221,0.0003118576131922417,0.4927017763675119,0.0022917187265314685,False,False
MLP-Giant,3,94,70.63,70.05,1062788655,0.0005684438890555192,0.17000074618276584,0.008106962230515373,False,False
MLP-Giant,3,95,81.31,80.49,2036824053,0.025713440261522807,0.1615816846379461,5.129074836418155e-06,False,False
MLP-Giant,3,96,83.95,83.65,1365006147,0.004115603748012878,0.1067136921748471,4.564205911221315e-05,False,False
MLP-Giant,3,97,71.78,70.12,1912380877,0.0002773550629868676,0.13842959688419434,2.8282005692914217e-05,False,False
MLP-Giant,3,98,80.86,79.78,552921924,0.0013588613541137987,0.43428747959196007,9.6125824716591e-06,False,False
MLP-Giant,3,99,71.88,70.47,1909861757,0.005979068648750027,0.3217868046821872,0.008484820250547767,False,False
MLP-Giant,4,0,77.77,77.95,1427097723,0.011423656721850101,0.14914834896485632,2.0350319308537226e-05,False,False
MLP-Giant,4,1,80.27,81.24,120051346,0.017658278687249708,0.3442453684388718,2.4451497288256208e-05,False,False
MLP-Giant,4,2,74.78,74.76,1269125530,0.00036324253177114703,0.3110012894071766,0.0010535443054613706,False,False
MLP-Giant,4,3,66.6,66.62,1063419126,0.00026933885334767035,0.159817966662667,0.005112705468293579,False,False
MLP-Giant,4,4,71.05,70.88,1193273456,0.0003140559968682377,0.11364967906911902,0.0009673756349520971,False,False
MLP-Giant,4,5,80.36,80.77,1075799674,0.010431004678574747,0.23876509771242196,3.498283699159218e-05,False,False
MLP-Giant,4,6,82.84,83.17,1696408479,0.00501856053072242,0.30503784980424,1.6882958838316894e-06,True,False
MLP-Giant,4,7,54.05,54.08,1453136283,0.04994221164848418,0.0,0.006970300507496571,False,False
MLP-Giant,4,8,69.67,69.63,558578755,0.00021445302995999984,0.3549440455163342,0.0016838263337760324,False,False
MLP-Giant,4,9,75.74,75.5,786362291,0.0304908136794796,0.0,0.0002437403704929541,False,False
MLP-Giant,4,10,79.49,79.67,497670612,0.06800836825615512,0.12013977433683572,1.5108645621438666e-05,False,False
MLP-Giant,4,11,82.26,82.94,643356641,0.0044965736008265676,0.33089931268500894,2.1595519481614743e-06,False,False
MLP-Giant,4,12,77.69,76.93,2034227189,0.01886500891035345,0.48408588860180823,1.0398594155265164e-05,False,False
MLP-Giant,4,13,80.79,80.54,792888973,0.013707689659318806,0.22494928029541966,2.1108535168761224e-05,False,False
MLP-Giant,4,14,82.18,82.04,1524318845,0.04833956348812668,0.10207438699472778,0.0004014619888706266,False,False
MLP-Giant,4,15,72.56,72.49,1430486665,0.00026426747899613897,0.26198761138860394,1.1403304899359979e-05,False,False
MLP-Giant,4,16,80.43,80.67,1593682497,0.06521179115030931,0.4463919005233949,0.0002836113720201268,False,False
MLP-Giant,4,17,80.93,80.25,1238279520,0.0037066871438498137,0.0,0.00023640588869322992,False,False
MLP-Giant,4,18,75.82,76.24,1501521005,0.0006835822919123446,0.13255408069780214,0.0002186039879199518,False,False
MLP-Giant,4,19,63.26,63.55,1678920079,0.05991340354837143,0.24642396085413973,0.00793946860243038,False,False
MLP-Giant,4,20,79.79,79.71,767786586,0.0012663888947039305,0.27952982612063526,2.033830071140758e-06,False,False
MLP-Giant,4,21,63.21,63.92,109786411,0.0001040731125506424,0.27650321557774593,0.002167037613770256,False,False
MLP-Giant,4,22,75.04,75.72,1485055624,0.006288309490680754,0.15520929531021477,0.004203414904850777,False,False
MLP-Giant,4,23,81.06,81.29,1431771099,0.01626808865287589,0.0,6.409902190139313e-05,False,False
MLP-Giant,4,24,80.24,80.42,523223442,0.09191918422707004,0.10247757442348078,5.013562666482666e-05,False,False
MLP-Giant,4,25,59.42,59.18,1589846891,0.06454405290579596,0.0,0.00023000306464436492,False,False
MLP-Giant,4,26,79.21,79.81,144432817,0.0016341824408610882,0.0,0.00013585628255153247,False,False
MLP-Giant,4,27,78.17,78.25,1974040421,0.007875257581629222,0.0,0.0002890560173942273,False,False
MLP-Giant,4,28,81.49,81.89,1324754533,0.0016243808465631314,0.0,0.0005484136289288073,False,False
MLP-Giant,4,29,79.99,80.02,1001248338,0.030585620715819797,0.2840324612662262,3.1186029682709106e-06,False,False
MLP-Giant,4,30,80.34,80.94,1074955586,0.0014066749789210541,0.1953330388749258,2.8775952808875144e-06,False,False
MLP-Giant,4,31,80.29,79.71,1989679787,0.004156829545042228,0.0,0.0009729243095177912,False,False
MLP-Giant,4,32,73.19,72.58,1135477656,0.0101038026074043,0.18293350976962391,0.0061328614013582295,False,False
MLP-Giant,4,33,81.14,81.66,1396702354,0.0187704525001291,0.0,4.6902346351178964e-05,False,False
MLP-Giant,4,34,58.06,58.67,22318800,0.048036353236712494,0.0,0.0017065177350223872,False,False
MLP-Giant,4,35,76.11,76.63,1364223662,0.0005505177184619616,0.24197010726465806,1.0288847820349093e-05,False,False
MLP-Giant,4,36,65.56,65.55,1912494813,0.00014638510528744328,0.2527789285240979,0.0014619903516244303,False,False
MLP-Giant,4,37,70.98,70.57,897026900,0.0001399424243661989,0.0,0.00045126641404691576,False,False
MLP-Giant,4,38,65.98,66.66,1370059956,0.00011216332861964723,0.47058314670801515,4.547564764858803e-05,False,False
MLP-Giant,4,39,79.49,79.93,1656562734,0.0012693455377792288,0.0,0.0002564019801240768,False,False
MLP-Giant,4,40,79.38,79.29,704149998,0.017209234297458312,0.16843041881832416,0.0021280014074695824,False,False
MLP-Giant,4,41,78.29,78.28,1076476525,0.0804538027356412,0.1411668772428465,8.360122741878803e-06,False,False
MLP-Giant,4,42,72.59,72.6,1928131636,0.00012690664381922963,0.0,1.6021927400277387e-05,False,False
MLP-Giant,4,43,81.14,81.37,1867818899,0.010763974212560364,0.15013254717276553,0.0007108986987924885,False,False
MLP-Giant,4,44,64.92,63.94,624414526,0.0001215649900446531,0.10557567045854109,0.0005965759514830977,False,False
MLP-Giant,4,45,74.54,74.54,787988243,0.00037054586106107873,0.31636298721012396,8.45623485648799e-05,False,False
MLP-Giant,4,46,80.06,79.72,2077921539,0.010838516664216064,0.22741915716855948,0.0018914803980497846,False,False
MLP-Giant,4,47,82.41,82.98,1193067217,0.005749659117782791,0.15678898366416527,3.1061374893257157e-06,False,False
MLP-Giant,4,48,68.53,67.79,737915964,0.00010162559385335868,0.0,0.00043181858871276917,False,False
MLP-Giant,4,49,74.4,74.35,318671218,0.00039077964565694675,0.0,2.0354532194200735e-05,False,False
MLP-Giant,4,50,82.44,82.85,989934683,0.06491725730372697,0.377552848137441,3.3938290082802586e-05,False,False
MLP-Giant,4,51,64.99,65.17,1017483983,0.00012804994118188873,0.11995134801501087,2.7851845956053995e-05,False,False
MLP-Giant,4,52,80.96,81.37,1848366881,0.003074888752104087,0.31417362899020057,0.0005850931176858589,False,False
MLP-Giant,4,53,77.04,77.19,906100808,0.0008126007361431955,0.25761809805445574,1.7909056363808239e-06,False,False
MLP-Giant,4,54,72.62,72.28,1298674815,0.007320618308366917,0.13685305855673296,0.007784494872421197,False,False
MLP-Giant,4,55,79.41,79.37,464147874,0.02065265561851681,0.0,0.00013172165847170827,False,False
MLP-Giant,4,56,76.23,76.72,975785281,0.03431434145881722,0.0,0.00019288916423832828,False,False
MLP-Giant,4,57,73.86,73.64,1838097241,0.0024741423986331377,0.3052077160297182,0.006422936032771757,False,False
MLP-Giant,4,58,69.7,69.45,577160467,0.00010063216426693597,0.0,0.00024011375410747758,False,False
MLP-Giant,4,59,78.72,78.75,1563524732,0.000967931695728216,0.24538967717208934,1.73687408681813e-05,False,False
MLP-Giant,4,60,79.79,79.51,1742936402,0.0008233577307094032,0.0,0.000665741618160297,False,False
MLP-Giant,4,61,79.91,80.01,1269250305,0.001237927204284015,0.17423439713506622,4.098579983480378e-06,False,False
MLP-Giant,4,62,72.71,72.54,938008291,0.01573644241715111,0.1903609855414444,0.005762908831947386,False,False
MLP-Giant,4,63,71.69,71.62,1887530313,0.00029670860151175584,0.12833324973365137,1.727644182421202e-05,False,False
MLP-Giant,4,64,82.35,82.3,789583210,0.006161313518032836,0.39506244476549224,0.00046055162495561315,False,False
MLP-Giant,4,65,63.45,63.17,435440347,0.00012403303424250302,0.11048524590655827,0.0057468006636956625,False,False
MLP-Giant,4,66,77.32,77.32,634905075,0.0004371854120052228,0.0,0.000988918909515052,False,False
MLP-Giant,4,67,80.7,80.99,98329447,0.02827322846498664,0.1247732425050578,5.39588366932504e-05,False,False
MLP-Giant,4,68,82.12,82.01,969092498,0.028158972669165425,0.39350445811518053,3.4791970881855007e-05,False,False
MLP-Giant,4,69,78.82,78.92,875256339,0.03185084020480849,0.0,5.48420963856643e-05,False,False
MLP-Giant,4,70,64.79,64.54,1448264733,0.0001253380656545686,0.136729266026125,0.0007580884661769738,False,False
MLP-Giant,4,71,76.75,76.5,2055531750,0.0005748185419166333,0.0,2.6037433981958825e-06,False,False
MLP-Giant,4,72,80.83,81.08,524602313,0.01206933085304617,0.15068367728389284,0.0007914008541319555,False,False
MLP-Giant,4,73,81.02,81.26,1471136833,0.009838299265219369,0.0,0.00010921366955827728,False,False
MLP-Giant,4,74,77.25,77.29,1735371253,0.048189493904445546,0.1559297729767293,0.0035388162631028917,False,False
MLP-Giant,4,75,81.49,82.26,1199350835,0.0019882231643982796,0.0,6.336573606481241e-06,False,False
MLP-Giant,4,76,73.4,73.32,1502789595,0.07177554723407342,0.3062747512236589,0.001481166034535904,False,False
MLP-Giant,4,77,72.8,74.01,1363452556,0.052009376642130435,0.0,2.8215435480685007e-05,False,False
MLP-Giant,4,78,69.44,68.82,1261310843,0.01609322120882533,0.17671597110800605,0.007920414425615053,False,False
MLP-Giant,4,79,65.35,64.77,1403876013,0.00013076416936763554,0.2558884805458915,0.00022037641581327345,False,False
MLP-Giant,4,80,75.54,75.77,2028372126,0.00043745509476386153,0.0,2.480329278774596e-06,False,False
MLP-Giant,4,81,81.33,81.94,194924215,0.005713094502769188,0.0,6.227366080112101e-06,False,False
MLP-Giant,4,82,81.34,81.25,1973017564,0.01482101735479966,0.2572692465020034,1.070737568727621e-05,False,False
MLP-Giant,4,83,63.49,63.01,854560406,0.024810083208357342,0.33435879723643946,0.00869950264259204,False,False
MLP-Giant,4,84,79.57,80.11,478067066,0.012846274594664508,0.10641187486310455,8.159393510604277e-06,False,False
MLP-Giant,4,85,78.55,78.54,869862555,0.001216516331596462,0.31428137041618803,0.00043941851920543213,False,False
MLP-Giant,4,86,64.3,64.2,885109470,0.00011127599042952135,0.1579282630488027,3.383575227652575e-06,False,False
MLP-Giant,4,87,76.17,75.91,1225729105,0.00033839116344773387,0.0,0.00046631242551757596,False,False
MLP-Giant,4,88,77.9,78.23,951392129,0.01078208419968281,0.38982932244478496,0.002140379324681466,False,False
MLP-Giant,4,89,82.18,83.72,1402005872,0.003205035005232307,0.14919576576344626,1.6292512919105283e-06,False,True
MLP-Giant,4,90,78.16,78.2,203247256,0.0010740926396364105,0.14046840666033816,0.002548992668968497,False,False
MLP-Giant,4,91,79.31,79.58,808747177,0.0035870984331428687,0.0,0.0034660527119673742,False,False
MLP-Giant,4,92,80.08,80.04,1561886834,0.014991668135894925,0.0,7.204927421192652e-06,False,False
MLP-Giant,4,93,75.48,75.76,1152873340,0.0005765116543094614,0.10732691353949898,0.0009243188289694943,False,False
MLP-Giant,4,94,80.66,80.7,2038992400,0.05487555139283969,0.20037734906746754,0.0013580741970825954,False,False
MLP-Giant,4,95,78.43,79.32,1183983455,0.07192213485939819,0.48220162132651323,1.5051305967333946e-05,False,False
MLP-Giant,4,96,80.91,81.38,241795362,0.001744270276501211,0.11286291236631524,1.767659114226817e-05,False,False
MLP-Giant,4,97,73.83,74.57,1760431423,0.023369899022335317,0.0,0.0007438368204064623,False,False
MLP-Giant,4,98,80.77,80.6,1988179647,0.0209984539885827,0.48383566397171185,4.196005407141161e-06,False,False
MLP-Giant,4,99,81.21,81.43,1795477237,0.006157412262486456,0.0,0.00012704843352256644,False,False
MLP-Giant,5,0,81.4,82.21,904483635,0.002103907659537741,0.0,0.001369721170334468,False,False
MLP-Giant,5,1,75.32,76.53,1648754737,0.0006737736969816359,0.3730592784528168,0.0029541564430546853,False,False
MLP-Giant,5,2,82.67,82.36,1327501629,0.03562777265162995,0.2565407466772915,0.00013627473024944281,False,False
MLP-Giant,5,3,82.24,82.33,947719648,0.002373827014873222,0.14112843081393953,9.032253820763003e-05,False,False
MLP-Giant,5,4,79.97,80.37,1649062527,0.0013001910685975866,0.0,4.930707627643083e-06,False,False
MLP-Giant,5,5,77.93,77.79,887687011,0.011049076995082995,0.0,3.2662828743377238e-06,False,False
MLP-Giant,5,6,79.83,79.95,1121585303,0.02455697316840632,0.11587322063311313,0.0009643425936609279,False,False
MLP-Giant,5,7,79.98,80.33,1338104944,0.0163252939401774,0.46785774222383136,4.801232279291429e-06,False,False
MLP-Giant,5,8,74.68,75.0,221100360,0.0004620053119961545,0.39054021201806943,1.865990966359741e-06,False,False
MLP-Giant,5,9,80.62,81.02,1716986099,0.0015577845469755497,0.14495271387116315,1.2370101154130963e-05,False,False
MLP-Giant,5,10,83.39,82.94,886674961,0.0032174282579453778,0.10005323795273524,3.1267892691845196e-06,False,False
MLP-Giant,5,11,79.94,79.67,1409527020,0.021331461129941793,0.25045912017606325,2.621881470205117e-06,False,False
MLP-Giant,5,12,80.86,80.6,1285523235,0.0014952201017048201,0.30811429634148213,1.2629103633103313e-06,False,False
MLP-Giant,5,13,83.35,83.26,1365652238,0.006194609660528107,0.10918435444741875,8.798214147638893e-05,False,False
MLP-Giant,5,14,72.37,72.02,1383901001,0.0002502340716488362,0.418099279133875,7.132548083799766e-05,False,False
MLP-Giant,5,15,80.26,80.83,1612716893,0.0020135205320908622,0.24705838153119425,0.00032638579045618613,False,False
MLP-Giant,5,16,71.68,72.35,523972797,0.00026034526991640145,0.2581738746303538,1.4133851676052386e-05,False,False
MLP-Giant,5,17,82.28,82.69,949914431,0.004379885006398595,0.0,1.4807501082924702e-06,False,False
MLP-Giant,5,18,60.63,60.07,1176878624,0.0786467016575838,0.0,3.473261574415541e-06,False,False
MLP-Giant,5,19,83.03,83.02,1081120724,0.004305839754548167,0.376002310583212,8.76211644306961e-06,False,False
MLP-Giant,5,20,79.42,80.16,1531367630,0.07759971359690171,0.20942477458233286,0.001578873704729718,False,False
MLP-Giant,5,21,75.21,75.69,778520200,0.0005123830671511664,0.17309560588525702,1.5782420332672798e-05,False,False
MLP-Giant,5,22,56.49,56.29,1120964179,0.043902450779503416,0.0,0.0023219735693917744,False,False
MLP-Giant,5,23,61.74,62.0,1076035249,0.026335608876219538,0.0,0.002357510608290354,False,False
MLP-Giant,5,24,65.58,65.67,1206386096,0.05333851432056968,0.35507721206134046,0.0037663266544940704,False,False
MLP-Giant,5,25,75.85,75.69,342763045,0.023684261900812253,0.10707211567327264,0.004746527136138871,False,False
MLP-Giant,5,26,73.4,73.98,1653989602,0.00038987563441398996,0.44898779290325563,0.00011506642794642157,False,False
MLP-Giant,5,27,65.18,64.93,709931680,0.00014348941823871293,0.2369833113986149,0.0028925373094222245,False,False
MLP-Giant,5,28,78.41,79.04,1303228433,0.0016702606259558093,0.33670151831354683,0.0025381556866898853,False,False
MLP-Giant,5,29,82.65,82.78,833190037,0.002284480214388205,0.0,4.034107218956599e-05,False,False
MLP-Giant,5,30,81.53,82.02,1505822032,0.009694489269178843,0.1827677930633448,0.0003988222482759081,False,False
MLP-Giant,5,31,78.59,79.01,275516016,0.07982999459840233,0.20012375404419425,4.135977320745316e-06,False,False
MLP-Giant,5,32,82.89,82.78,942743400,0.019753576521025763,0.1362875435900518,0.00011578105770575594,False,False
MLP-Giant,5,33,67.17,66.96,676646577,0.0001672249631487502,0.29548129861349226,0.0002446416195751147,False,False
MLP-Giant,5,34,80.61,80.97,640634582,0.010297798751076597,0.351365507664855,1.8026624973863846e-06,False,False
MLP-Giant,5,35,56.18,55.76,792169151,0.09567128070989679,0.0,0.0016424770721427562,False,False
MLP-Giant,5,36,56.8,56.59,1738306422,0.04801906668534796,0.0,0.0018650558932425082,False,False
MLP-Giant,5,37,83.32,82.97,569763480,0.016552945802199046,0.15931712163733314,0.00029666158459202115,False,False
MLP-Giant,5,38,76.49,76.38,369496218,0.0004788968772798085,0.0,0.0008369382601358243,False,False
MLP-Giant,5,39,71.06,71.46,1618236774,0.020845539532297824,0.0,0.001120841817704354,False,False
MLP-Giant,5,40,72.14,71.72,1237157886,0.037167108585163366,0.25290204866635974,0.0038212832009391286,False,False
MLP-Giant,5,41,68.91,68.48,49912454,0.00010322198244426409,0.0,0.0008025482308651426,False,False
MLP-Giant,5,42,75.95,76.04,1445319855,0.002340168379758957,0.0,0.0056185185655742076,False,False
MLP-Giant,5,43,80.19,79.79,35055573,0.023742723458072688,0.14397652610185954,0.0009225237986417855,False,False
MLP-Giant,5,44,81.41,82.09,1314168577,0.006758583564283555,0.28478297582784384,4.5373755584181974e-05,False,False
MLP-Giant,5,45,79.45,79.56,468328765,0.001210972376559865,0.0,3.124599219977651e-06,False,False
MLP-Giant,5,46,81.38,81.09,27557219,0.007900585607171526,0.314900661630172,0.0003998091592731368,False,False
MLP-Giant,5,47,67.37,67.38,1480484795,0.00016035770732357362,0.2912738909847948,0.00012351392690250888,False,False
MLP-Giant,5,48,82.01,82.0,222858025,0.007987900082504728,0.327554159886522,9.692997255182545e-06,False,False
MLP-Giant,5,49,79.72,80.26,367997701,0.0034698731886642193,0.0,1.3473909071368898e-06,False,False
MLP-Giant,5,50,83.3,82.91,1142185493,0.0034600177872557347,0.12792771097550812,0.00017834972710521104,False,False
MLP-Giant,5,51,75.68,76.7,1352979392,0.0005656562958429196,0.0,3.779983724796446e-05,False,False
MLP-Giant,5,52,81.4,81.47,134013473,0.012262961998428084,0.10978482126695167,0.0006445048924627198,False,False
MLP-Giant,5,53,76.07,75.87,1543845523,0.026028772872807984,0.0,4.547060289741299e-05,False,False
MLP-Giant,5,54,63.51,63.71,1563071195,0.00010536672128260658,0.11765562319506447,1.1904388192976309e-05,False,False
MLP-Giant,5,55,72.07,72.79,1975436215,0.0007673797011076431,0.23410978646191524,0.006540894262348585,False,False
MLP-Giant,5,56,72.05,72.51,418042190,0.009147050482711309,0.23908513654504784,0.006985575324466648,False,False
MLP-Giant,5,57,80.3,81.29,808254761,0.001632369918768649,0.0,1.940548371134739e-06,False,False
MLP-Giant,5,58,74.23,74.88,1802803986,0.0003935314512217594,0.10477159001634735,0.0003383334156142906,False,False
MLP-Giant,5,59,73.62,73.91,459365707,0.015155171694654222,0.13264255286652377,0.006023537067650934,False,False
MLP-Giant,5,60,79.23,79.15,934674208,0.03168611281029866,0.42742756332030984,0.000944960973049457,False,False
MLP-Giant,5,61,70.43,70.25,225121336,0.00022634699479312607,0.20616614588529317,0.0008433722968295633,False,False
MLP-Giant,5,62,81.49,81.67,462662289,0.025169588584986902,0.3537397060843045,1.8802260630290154e-05,False,False
MLP-Giant,5,63,72.49,72.78,436109025,0.00032215531886876193,0.37380075490652204,0.001792261686717088,False,False
MLP-Giant,5,64,77.03,77.21,1646565047,0.006062212619945036,0.0,0.002719925252034698,False,False
MLP-Giant,5,65,82.97,83.36,1068223291,0.004996573313882604,0.0,0.00033969965721159607,False,True
MLP-Giant,5,66,72.87,73.38,1866320593,0.00037799642651514044,0.10970708135452462,0.0018613194939611985,False,False
MLP-Giant,5,67,82.14,81.73,252522310,0.006377977226588714,0.2299257430122707,5.993551156454661e-06,False,False
MLP-Giant,5,68,83.75,83.08,28981684,0.06862127329436922,0.31184658462121445,4.989447228497741e-05,True,False
MLP-Giant,5,69,74.51,74.57,308169,0.0012605223284488213,0.0,0.0012221812753553754,False,False
MLP-Giant,5,70,78.5,78.77,1314697398,0.08121178762948666,0.15161318986766456,1.9124027833452616e-05,False,False
MLP-Giant,5,71,76.22,76.05,791916630,0.051330502291001896,0.0,1.6214040334522103e-06,False,False
MLP-Giant,5,72,69.37,70.11,2023637258,0.00010185544594655749,0.0,0.0010033766678500067,False,False
MLP-Giant,5,73,81.24,81.23,122362349,0.06329643836605155,0.22431918980836388,0.0008038495647141911,False,False
MLP-Giant,5,74,71.63,72.08,1359686662,0.00027673925869749324,0.20764922424249443,0.0005806890735470565,False,False
MLP-Giant,5,75,73.45,74.44,1482479429,0.0004104673034924796,0.48458423913779153,0.0010257046917637683,False,False
MLP-Giant,5,76,81.31,81.84,807210378,0.06060735442852616,0.21895265519305296,0.0003210663765534529,False,False
MLP-Giant,5,77,72.09,70.81,1987269667,0.00012508110375206865,0.0,0.00010015747277688928,False,False
MLP-Giant,5,78,80.63,80.94,695273796,0.017347854225882215,0.17745880672729542,0.00021918407648388282,False,False
MLP-Giant,5,79,81.76,81.67,560533380,0.02243067110568955,0.32348918875437627,2.3065654413379335e-06,False,False
MLP-Giant,5,80,82.83,82.45,932113302,0.005248388335762814,0.10169226739800687,0.0009594231711542514,False,False
MLP-Giant,5,81,83.25,82.99,2127878579,0.023684235628234455,0.3056222183456334,3.607637797343207e-05,False,False
MLP-Giant,5,82,73.58,74.8,1560817683,0.0003724092497116594,0.173809250917704,0.0008417540971963157,False,False
MLP-Giant,5,83,65.79,65.88,595253098,0.000158334104102019,0.16304824650726668,4.5633136585087954e-05,False,False
MLP-Giant,5,84,73.69,73.97,445668710,0.000403080003165265,0.24443391470116874,1.6637912337630366e-06,False,False
MLP-Giant,5,85,77.06,77.74,727169999,0.0007379948296768918,0.0,9.529041681794196e-06,False,False
MLP-Giant,5,86,77.81,78.06,950147019,0.0008416351028383948,0.0,0.000904191361106189,False,False
MLP-Giant,5,87,67.28,66.62,28658439,0.0001624367911195807,0.20653486188708156,0.0003485363735087661,False,False
MLP-Giant,5,88,78.6,78.56,505194744,0.012722076675068607,0.4934503858198581,2.8935650121078547e-06,False,False
MLP-Giant,5,89,68.14,67.52,1227525813,0.00014577506859022641,0.3529488028785281,2.5277004776168134e-05,False,False
MLP-Giant,5,90,81.64,81.24,913301213,0.018319361441695017,0.10906287348646287,2.7790526407132853e-05,False,False
MLP-Giant,5,91,79.1,79.42,404326193,0.012631265773085001,0.0,0.0006156955696754306,False,False
MLP-Giant,5,92,71.33,71.41,1627426240,0.00018987706275322175,0.4653773925977084,0.00015484616645436306,False,False
MLP-Giant,5,93,82.45,82.71,1267878211,0.0038023517973098473,0.15123421955289965,0.0001437344999645505,False,False
MLP-Giant,5,94,80.44,80.17,1366791956,0.010313755998491025,0.23592143550481207,9.687393979702092e-06,False,False
MLP-Giant,5,95,83.17,83.19,335403514,0.021267185677859953,0.49221152337360685,0.0003688580675463209,False,False
MLP-Giant,5,96,72.42,73.03,1084231814,0.00018046473000845635,0.0,4.967293743319804e-06,False,False
MLP-Giant,5,97,72.59,72.98,1458914706,0.004125373801038498,0.2483497711016344,0.008181817210943888,False,False
MLP-Giant,5,98,82.05,82.33,126888250,0.005938603019074677,0.46764783920016456,0.0006827383312457704,False,False
MLP-Giant,5,99,82.34,82.87,197930369,0.002720281380123593,0.24610183827091706,3.7036429400067423e-06,False,False
MLP-Giant,6,0,70.01,70.58,1639320038,0.0001198307307172017,0.0,0.0008260663715988343,False,False
MLP-Giant,6,1,83.49,83.55,703494105,0.0029137189772268286,0.0,4.1613070126867945e-05,True,True
MLP-Giant,6,2,79.57,80.02,1632205976,0.010912188630275743,0.12557714094556457,4.178281403205342e-06,False,False
MLP-Giant,6,3,62.45,63.3,2766925,0.00010195797422606603,0.11188451998744493,8.489126538713986e-05,False,False
MLP-Giant,6,4,72.54,72.55,1281240674,0.00026616806897971105,0.32797267015912496,0.0007554277242388728,False,False
MLP-Giant,6,5,70.39,70.76,2002213007,0.0001053172844539989,0.0,0.0002910481225028608,False,False
MLP-Giant,6,6,82.08,81.96,2045792071,0.0063825403774627745,0.20937146152363548,2.3990115713512227e-05,False,False
MLP-Giant,6,7,70.68,70.0,1276029820,0.0002133201257800362,0.14197427989337322,3.3473933255815824e-05,False,False
MLP-Giant,6,8,83.05,83.38,1586073533,0.005933603861531446,0.1595374021746045,5.1597206387020024e-05,False,False
MLP-Giant,6,9,82.01,82.19,1352378410,0.03175629402132933,0.3915582381293864,2.169008711213155e-05,False,False
MLP-Giant,6,10,74.12,74.42,1750293326,0.0003669405671664274,0.0,0.0022529345877743993,False,False
MLP-Giant,6,11,70.33,70.32,702728946,0.0002230347218833902,0.1256612124951048,4.324244707294376e-06,False,False
MLP-Giant,6,12,81.58,81.47,1555263161,0.005977251554840509,0.10876253906288745,5.775575586524758e-06,False,False
MLP-Giant,6,13,82.75,82.44,1621114835,0.002492086446637334,0.0,6.469237137448345e-06,False,False
MLP-Giant,6,14,81.83,82.5,1652807606,0.004131320921412035,0.3181801454967894,0.00011223078376601552,False,False
MLP-Giant,6,15,78.1,77.84,2048395720,0.030909523322278053,0.0,8.329436716076324e-06,False,False
MLP-Giant,6,16,77.97,78.48,302363678,0.017329391097426275,0.0,1.9109961125217866e-06,False,False
MLP-Giant,6,17,67.08,67.48,1465844772,0.00016158603373629378,0.22505166834820958,1.991637608781222e-06,False,False
MLP-Giant,6,18,79.43,79.71,1678843247,0.039046444245527,0.2148708700700649,2.0625466851395707e-06,False,False
MLP-Giant,6,19,75.38,75.95,940501071,0.036589481192560634,0.2002716751419012,0.003473482160341034,False,False
MLP-Giant,6,20,79.89,80.33,1700388949,0.0014891257657486975,0.3153632255616296,2.7256586790067567e-05,False,False
MLP-Giant,6,21,72.35,72.8,1377602240,0.00027239351171467146,0.37997250675450933,1.8377464764353692e-06,False,False
MLP-Giant,6,22,78.51,78.26,200132924,0.004687922838297635,0.29705387694688046,0.0037747628511275427,False,False
MLP-Giant,6,23,79.58,79.76,2091723094,0.008341556929383773,0.0,0.0008835380034481654,False,False
MLP-Giant,6,24,81.51,81.87,1330752681,0.0024107755240176396,0.11472134337792145,1.3259805356140435e-06,False,False
MLP-Giant,6,25,83.31,83.45,673438961,0.004429749295670306,0.0,1.7537561808865117e-05,False,False
MLP-Giant,6,26,52.49,51.78,2067554285,0.05857524600978053,0.0,0.0017684352665377954,False,False
MLP-Giant,6,27,58.27,58.39,1662527548,0.06744116840445936,0.0,0.00011134206853709953,False,False
MLP-Giant,6,28,73.14,72.7,2024478834,0.042801533511771475,0.0,0.00011436697334242665,False,False
MLP-Giant,6,29,73.84,74.11,327084365,0.00033416242724116767,0.2827416137165772,0.00020783245281924372,False,False
MLP-Giant,6,30,79.74,80.21,592046490,0.014843223421647818,0.4247208735659357,2.386734392015104e-05,False,False
MLP-Giant,6,31,66.88,66.58,321096359,0.00019745323225116494,0.12352460850358456,0.0021226305802335343,False,False
MLP-Giant,6,32,80.74,80.95,220554849,0.02061689509803987,0.41658504161561744,0.0008347870751774807,False,False
MLP-Giant,6,33,81.48,81.42,1203226166,0.007429933492625075,0.280380474422983,0.00020652349484128683,False,False
MLP-Giant,6,34,70.35,70.38,1255296426,0.0002227882554359877,0.23187181745289573,0.0010075561648710957,False,False
MLP-Giant,6,35,81.99,82.56,323186218,0.031940993615037605,0.4378900313004357,0.00015360014561979074,False,False
MLP-Giant,6,36,77.98,79.0,1454858582,0.001299611087095493,0.19774945915108888,0.0025362256268714545,False,False
MLP-Giant,6,37,78.9,79.05,1492322379,0.011220874918598004,0.26091648733435324,2.4762141055471222e-06,False,False
MLP-Giant,6,38,80.97,81.51,346116461,0.03742160439493312,0.32877312798456854,0.000100514667313063,False,False
MLP-Giant,6,39,64.94,65.05,252213553,0.00015289938331663507,0.11700300554286547,7.255310906465579e-05,False,False
MLP-Giant,6,40,73.65,73.77,1349091618,0.0002278060162339998,0.0,3.767295567223832e-06,False,False
MLP-Giant,6,41,77.59,77.69,552873217,0.009587292266342598,0.0,0.00010450344045857608,False,False
MLP-Giant,6,42,69.89,70.58,701007855,0.0004868314453110468,0.0,0.009608934809318521,False,False
MLP-Giant,6,43,79.04,79.46,1007453013,0.0013098349689625718,0.21259960851572887,0.0001580244817307596,False,False
MLP-Giant,6,44,73.87,74.0,559310602,0.00036410475298044224,0.17695912016767515,3.076770413891821e-05,False,False
MLP-Giant,6,45,55.66,54.98,1140796816,0.06716774215937563,0.0,0.00016130027353678702,False,False
MLP-Giant,6,46,82.9,82.51,417419236,0.03686856878552522,0.1838440493299547,0.00013285262346228024,False,False
MLP-Giant,6,47,64.01,63.51,847350934,0.00011153113487079312,0.1959868200183912,0.000373229832972228,False,False
MLP-Giant,6,48,77.95,78.3,613273519,0.0010551624100926412,0.15917052745919585,8.621909848447906e-05,False,False
MLP-Giant,6,49,71.48,72.15,1214697876,0.007403478487496395,0.40791410913260595,0.0076675446208835235,False,False
MLP-Giant,6,50,74.25,74.34,863387450,0.03967766281524989,0.17877220435758198,0.003979184324593181,False,False
MLP-Giant,6,51,77.11,77.12,1275258967,0.00081728783119104,0.2051031492007568,2.6752070488050605e-05,False,False
MLP-Giant,6,52,63.98,64.83,163184798,0.00016493580200817602,0.2678571237193062,0.005164396653800005,False,False
MLP-Giant,6,53,69.75,69.83,1588664052,0.00019369323761136528,0.15746511157149104,1.7501976327769904e-06,False,False
MLP-Giant,6,54,64.37,63.99,1126204056,0.00011762777144103645,0.21774009736126046,2.738880379185382e-05,False,False
MLP-Giant,6,55,81.51,81.39,1736807442,0.03770174014464503,0.17952520097787256,0.0004795022912856657,False,False
MLP-Giant,6,56,80.49,80.74,903135938,0.0742788415345479,0.15406859978929535,0.00011172809419987507,False,False
MLP-Giant,6,57,80.64,80.09,1328117637,0.027604420724895478,0.0,1.4410472130383311e-05,False,False
MLP-Giant,6,58,64.44,64.35,90902847,0.00010351532590797835,0.3522676226687883,7.67383633433695e-06,False,False
MLP-Giant,6,59,75.86,76.08,425403803,0.0005998232852637161,0.2942817812572114,7.306576553771162e-05,False,False
MLP-Giant,6,60,80.24,80.11,1270876827,0.015444196245704339,0.16146749115470846,5.788078755454621e-05,False,False
MLP-Giant,6,61,75.81,76.42,1044822508,0.016929759736654466,0.0,5.156047002178609e-06,False,False
MLP-Giant,6,62,73.32,73.55,527227351,0.0006454361523317451,0.2573873697285613,0.0053505553156907365,False,False
MLP-Giant,6,63,81.61,81.66,2131754909,0.0021417512979817945,0.17392104200420533,1.5053273261614083e-05,False,False
MLP-Giant,6,64,77.64,78.58,658532047,0.0010571396539680077,0.12289279165962999,1.1767650175497898e-06,False,False
MLP-Giant,6,65,78.52,78.61,485266837,0.013531584935854315,0.1107783865053204,1.498608009391462e-06,False,False
MLP-Giant,6,66,81.02,81.45,1247647560,0.004218218553440083,0.0,0.0011740789891874085,False,False
MLP-Giant,6,67,80.15,80.74,889337240,0.021436387637708228,0.4253380929888978,3.0975491743966823e-06,False,False
MLP-Giant,6,68,82.47,82.39,1791975703,0.025412871615688865,0.42038279910749315,0.00012344051518970489,False,False
MLP-Giant,6,69,79.69,80.31,218342988,0.0014569155263505636,0.1712803141929445,4.0085959395613816e-05,False,False
MLP-Giant,6,70,83.02,83.24,1948230198,0.0034066159776058543,0.0,0.0002983389524330596,False,False
MLP-Giant,6,71,81.33,81.59,187304066,0.014635007650335787,0.0,7.697641003303143e-05,False,False
MLP-Giant,6,72,82.98,83.51,345913988,0.09286417260972558,0.14687726808255921,0.00037190089417419507,False,False
MLP-Giant,6,73,71.53,72.39,426913468,0.0002627487818306619,0.20706894191522596,5.2770280737527685e-06,False,False
MLP-Giant,6,74,77.39,76.88,1325715057,0.0007826211890116708,0.2566226731126397,0.0001983563624662973,False,False
MLP-Giant,6,75,76.2,75.92,2081792969,0.006350073547539163,0.0,0.00024095980190637188,False,False
MLP-Giant,6,76,77.88,78.75,1521868274,0.0013248057315269444,0.15954608022761396,0.003335243465163633,False,False
MLP-Giant,6,77,81.19,81.76,1577466339,0.010773008088269153,0.26890963452374006,0.00044714303528795057,False,False
MLP-Giant,6,78,78.59,78.73,918418932,0.0037852458085204737,0.2076862615548644,0.004276517196885915,False,False
MLP-Giant,6,79,80.35,81.06,1382131022,0.00975046126192664,0.16814266963600905,0.0001454429367210893,False,False
MLP-Giant,6,80,52.54,52.08,104849336,0.07893671701489405,0.0,0.0002547490204654793,False,False
MLP-Giant,6,81,82.49,82.82,347474568,0.028630413162118798,0.2740850340438791,0.0002260175721906698,False,False
MLP-Giant,6,82,81.41,81.62,1940282383,0.002453248474108409,0.10666790326165777,5.943106953254e-06,False,False
MLP-Giant,6,83,83.02,82.49,231125620,0.004829531200853378,0.11711382111110495,3.128198616033556e-05,False,False
MLP-Giant,6,84,79.56,79.7,1417908069,0.02147589660760696,0.35184295920224595,1.6470469455429937e-06,False,False
MLP-Giant,6,85,83.33,83.28,645720757,0.005267303550284169,0.360774340044131,1.13091469740858e-05,False,False
MLP-Giant,6,86,77.68,77.88,1284487201,0.056774423110225326,0.2192676818685484,0.0010962582299739313,False,False
MLP-Giant,6,87,81.42,82.02,48235873,0.061875984311842804,0.13635991187540536,0.0008957750437211827,False,False
MLP-Giant,6,88,76.61,77.73,1555530692,0.052435673892070905,0.42713849446311153,5.129262033918595e-06,False,False
MLP-Giant,6,89,81.62,82.07,291737075,0.002671344293223669,0.24003227709471148,9.378673102423576e-05,False,False
MLP-Giant,6,90,82.47,82.45,2143620470,0.035794196708120674,0.4799164500505824,0.00010727694457111622,False,False
MLP-Giant,6,91,56.67,57.15,1764130052,0.0248565169661469,0.0,0.0053271037983428846,False,False
MLP-Giant,6,92,74.24,74.47,509330413,0.0004988857210446856,0.2942337498072214,0.0002655474825084798,False,False
MLP-Giant,6,93,74.58,74.19,485625028,0.0008406733954724769,0.0,0.0009133006307186656,False,False
MLP-Giant,6,94,74.03,73.98,675052211,0.001856386246376619,0.11908307548027619,0.007727301928525017,False,False
MLP-Giant,6,95,71.01,70.85,2019173479,0.00023533485026325303,0.32795415439157255,0.0003371762229778335,False,False
MLP-Giant,6,96,66.01,66.69,1016430525,0.00015468723312625504,0.14141680894970304,2.0548411631052893e-06,False,False
MLP-Giant,6,97,73.42,73.77,1649662697,0.00026453268040489345,0.0,2.308325138145802e-06,False,False
MLP-Giant,6,98,70.66,70.49,1017996083,0.00022309802368439765,0.0,0.00555780480014048,False,False
MLP-Giant,6,99,79.59,79.37,640688160,0.0542461757993005,0.1933464353465933,6.674328969237486e-06,False,False
MLP-Giant,7,0,74.5,74.61,1739598789,0.0004052240662227191,0.2890808148960003,1.3219368841671105e-06,False,False
MLP-Giant,7,1,79.89,79.1,97440496,0.0032622974833714713,0.10060168120780512,0.003083464232882752,False,False
MLP-Giant,7,2,80.96,81.09,839041003,0.029969697285534377,0.22992138493074413,1.473288734154792e-06,False,False
MLP-Giant,7,3,82.12,82.41,1461600379,0.0039028390405929977,0.45584856284296704,3.775492756957062e-06,False,False
MLP-Giant,7,4,79.98,79.75,67898539,0.03896260241241846,0.10682416489442607,3.2069214994882687e-06,False,False
MLP-Giant,7,5,80.31,80.6,558155315,0.007617955239654845,0.4893166734227056,9.222524577744391e-06,False,False
MLP-Giant,7,6,80.07,79.69,1521232725,0.0173537837385919,0.0,3.9204212448286434e-05,False,False
MLP-Giant,7,7,82.06,81.84,714239329,0.0038288391338737577,0.16209051674666347,0.00020148742488614786,False,False
MLP-Giant,7,8,76.85,76.74,1033027383,0.0005938430355121682,0.0,8.783749076674254e-05,False,False
MLP-Giant,7,9,64.77,64.89,1586201102,0.00010561762935946088,0.28979466551835376,1.3736808401401723e-06,False,False
MLP-Giant,7,10,83.36,82.53,265652756,0.00577744775087668,0.4931815412680094,2.346980656384542e-06,True,False
MLP-Giant,7,11,75.33,74.84,382213682,0.054706192019174475,0.21694691767823457,0.0032737961391733914,False,False
MLP-Giant,7,12,55.57,55.62,1710550290,0.06844714580062189,0.0,0.002394523220536751,False,False
MLP-Giant,7,13,78.37,78.16,223332826,0.0048589482959590785,0.0,0.0025063804777997745,False,False
MLP-Giant,7,14,71.65,72.12,8654407,0.00018078455876118518,0.0,1.1438771285777453e-05,False,False
MLP-Giant,7,15,79.17,79.21,2142863113,0.0018303989171294336,0.11589723205531195,0.0029176238478806323,False,False
MLP-Giant,7,16,80.22,80.14,513468925,0.0021707135605231096,0.15154003239751293,0.0006365711449758539,False,False
MLP-Giant,7,17,75.95,75.56,1628336425,0.0006793118248688792,0.32967536170661754,0.0006092401854053627,False,False
MLP-Giant,7,18,49.84,49.23,29930748,0.08489339723514347,0.0,0.008989268661541606,False,False
MLP-Giant,7,19,81.69,81.63,1220869171,0.04687894723497137,0.2040204909010198,0.0007057501225726376,False,False
MLP-Giant,7,20,68.58,68.89,1982703182,0.00014103183374889516,0.468229464648992,2.0492456121532004e-06,False,False
MLP-Giant,7,21,81.66,82.71,1074479746,0.005322723602218102,0.0,0.00010647534381582757,False,False
MLP-Giant,7,22,71.22,71.14,553947559,0.0002596111060468463,0.21351353019806413,0.0009279904540502649,False,False
MLP-Giant,7,23,77.53,78.13,176104748,0.009219322458014982,0.0,0.0015535076643976512,False,False
MLP-Giant,7,24,80.76,80.93,1096599058,0.03353083174852784,0.4811314851876421,9.073253168932696e-06,False,False
MLP-Giant,7,25,63.8,63.47,1076517610,0.00012260276518896748,0.33720894225462705,0.005327742990595549,False,False
MLP-Giant,7,26,79.76,79.78,1381098900,0.013588299547890828,0.0,7.571016353608655e-06,False,False
MLP-Giant,7,27,76.71,77.12,1890613406,0.0008791588761894336,0.38333518744085704,0.00017063640731212497,False,False
MLP-Giant,7,28,80.85,81.43,59319004,0.035247880269927936,0.18423597166805897,4.2207967157615474e-05,False,False
MLP-Giant,7,29,79.4,79.35,1465673726,0.03855773393003897,0.13260090499964683,7.501491943199313e-06,False,False
MLP-Giant,7,30,82.32,82.3,528372261,0.002963131541184341,0.41937660926954096,4.2462576411149825e-06,False,False
MLP-Giant,7,31,73.99,73.51,143129928,0.0023594493898520265,0.1727417828737179,0.007139178048691045,False,False
MLP-Giant,7,32,79.3,79.24,1402197515,0.019316222768807664,0.0,0.00012719328000714957,False,False
MLP-Giant,7,33,76.4,77.51,620989405,0.038272693324716,0.0,8.608245335088872e-05,False,False
MLP-Giant,7,34,82.34,82.46,433180371,0.005972110792629007,0.2163505150345237,6.1936776778844615e-06,False,False
MLP-Giant,7,35,71.34,70.97,56811906,0.00026325913466153643,0.23092319282383592,0.000905936567320183,False,False
MLP-Giant,7,36,82.36,81.91,1078003745,0.0029121492573143987,0.4471028087130177,1.8143945481526952e-05,False,False
MLP-Giant,7,37,77.34,76.96,186553540,0.09806204787391648,0.20390654712184442,0.0012983589038369071,False,False
MLP-Giant,7,38,79.73,79.36,1597262444,0.014852308051714289,0.0,0.0002464417662382686,False,False
MLP-Giant,7,39,79.44,79.92,1929402780,0.0017203575630702983,0.4187012042443954,7.584732382068094e-05,False,False
MLP-Giant,7,40,69.81,69.1,965186957,0.00017638688653377334,0.4022844751428744,3.7771612929335707e-06,False,False
MLP-Giant,7,41,76.1,75.87,2095994166,0.0006528370324095233,0.20703636811248846,1.0893028201858287e-05,False,False
MLP-Giant,7,42,80.12,80.62,296569432,0.07239280104152904,0.2570706713107195,0.0008625449198744517,False,False
MLP-Giant,7,43,79.84,80.01,330620129,0.05055110202447021,0.20962308777376057,5.31002041552759e-06,False,False
MLP-Giant,7,44,77.18,77.43,1685335712,0.0009067370346288542,0.36725283051070257,1.0881807886976568e-06,False,False
MLP-Giant,7,45,77.28,77.82,741535916,0.0006881269225216198,0.0,3.8612439180606245e-05,False,False
MLP-Giant,7,46,78.97,79.31,607917733,0.002723964665197509,0.14719485728581716,0.0030379398394446656,False,False
MLP-Giant,7,47,79.41,79.19,1720541158,0.013057277796165629,0.0,9.32140152509217e-05,False,False
MLP-Giant,7,48,81.22,81.68,989225501,0.002298045155733966,0.0,3.4667914948224667e-06,False,False
MLP-Giant,7,49,72.69,72.83,1293929899,0.0065842778080256615,0.0,0.004288866791833507,False,False
MLP-Giant,7,50,78.53,77.57,1269877679,0.0241030261567896,0.0,1.0285312883104407e-05,False,False
MLP-Giant,7,51,73.18,73.58,420331329,0.013702698139882797,0.32690450149950057,0.004238940207328027,False,False
MLP-Giant,7,52,80.22,79.52,572219232,0.01698704756783147,0.1990371050182066,2.1433934333692393e-06,False,False
MLP-Giant,7,53,66.93,65.62,1934918428,0.00012477309473108477,0.29936613540281287,4.944664745010921e-05,False,False
MLP-Giant,7,54,80.96,80.95,1050995966,0.009053148777874706,0.0,2.092354085520624e-05,False,False
MLP-Giant,7,55,76.55,76.31,1952457793,0.0037406441076753717,0.47998366341386495,0.004756582792258698,False,False
MLP-Giant,7,56,82.78,82.29,895798116,0.020502987147827646,0.1235360381557802,0.00027285319050897316,False,False
MLP-Giant,7,57,82.34,82.75,669569924,0.018571457639781297,0.34438944553177225,0.00010797542421184886,False,True
MLP-Giant,7,58,75.06,74.79,948160703,0.0005464211747511436,0.14113069571413137,6.958823051333143e-05,False,False
MLP-Giant,7,59,68.29,68.41,1062441595,0.00016901733829642054,0.291845824479738,0.00013594765695861157,False,False
MLP-Giant,7,60,79.55,79.49,901222857,0.03531201899505868,0.12502153210856004,0.002330810450387013,False,False
MLP-Giant,7,61,82.01,82.03,1541398707,0.00513998589742436,0.3178039589201503,0.00029111271977914633,False,False
MLP-Giant,7,62,76.41,76.02,63707940,0.000683692051710663,0.30092744234541396,7.623068138668968e-06,False,False
MLP-Giant,7,63,79.33,78.91,1712146982,0.08785569113316787,0.2897841813404234,6.855094579398781e-06,False,False
MLP-Giant,7,64,74.29,74.14,560619272,0.00047274293895444995,0.2922716681831541,0.00011666517843982719,False,False
MLP-Giant,7,65,65.13,65.02,1268722783,0.00012935939992256266,0.1548197523902054,1.2009679664559715e-06,False,False
MLP-Giant,7,66,79.53,79.56,184347236,0.0023373768445886416,0.20975235031421502,0.0012897016649708886,False,False
MLP-Giant,7,67,80.79,80.73,2069515078,0.012401366405833893,0.0,0.00011476562020012775,False,False
MLP-Giant,7,68,81.19,81.3,90670338,0.01617686651769761,0.24873304232689855,0.000534037875926478,False,False
MLP-Giant,7,69,81.75,81.9,775025426,0.04418619916100077,0.31876789498257785,9.627394633781236e-06,False,False
MLP-Giant,7,70,81.43,81.38,1246096622,0.007789702462956614,0.3448532931271267,0.0003620233107926822,False,False
MLP-Giant,7,71,74.77,74.18,1871174894,0.0004043166633490585,0.3998079513354434,1.3496143779227782e-05,False,False
MLP-Giant,7,72,81.95,81.93,1416737189,0.00191306553598016,0.149722426981585,3.940118118947866e-06,False,False
MLP-Giant,7,73,82.26,82.53,263754620,0.002239139346098381,0.13213238680180725,7.4435328640468085e-06,False,False
MLP-Giant,7,74,71.35,71.85,1840879382,0.008319650131002401,0.40314190327834415,0.006604722257524533,False,False
MLP-Giant,7,75,78.35,79.05,957499093,0.013495409417964116,0.0,0.0005530245743609172,False,False
MLP-Giant,7,76,80.61,81.08,1482647169,0.0735668386326969,0.14460830662567362,0.0005305211707822001,False,False
MLP-Giant,7,77,74.02,74.08,389330601,0.0003124746569571197,0.0,2.5961441938631623e-06,False,False
MLP-Giant,7,78,70.6,71.04,1424334262,0.00013636951007414325,0.0,0.00022125806205029318,False,False
MLP-Giant,7,79,80.01,79.73,1675902258,0.0015660284170814882,0.3618785834004965,2.6249511930326203e-05,False,False
MLP-Giant,7,80,73.0,73.08,428323869,0.002492372858648938,0.144147319275797,0.00834711321767691,False,False
MLP-Giant,7,81,77.0,77.12,1657055248,0.0005630009325236444,0.0,0.0008561900868085023,False,False
MLP-Giant,7,82,81.19,81.23,1194828997,0.02211759668597827,0.24979841788674456,4.908350582996209e-06,False,False
MLP-Giant,7,83,54.67,55.12,1339851094,0.025188353366033617,0.0,0.0068593230754195045,False,False
MLP-Giant,7,84,79.15,79.53,2093516938,0.02185933832160198,0.4436290033512539,1.1166136715676514e-06,False,False
MLP-Giant,7,85,80.25,80.29,2091350252,0.01903597225429181,0.1570033056502502,2.3418244180690477e-05,False,False
MLP-Giant,7,86,71.34,71.02,1967562166,0.00013159530070937274,0.0,0.00024995186686241377,False,False
MLP-Giant,7,87,78.38,78.11,105551492,0.000948698405263512,0.14226251220546374,6.735497455261884e-06,False,False
MLP-Giant,7,88,80.9,80.57,957559867,0.030381891407012557,0.12842687011230972,0.0007534101768650416,False,False
MLP-Giant,7,89,79.11,79.31,1587633059,0.0013695617821666685,0.13732767357358028,3.471369025171424e-06,False,False
MLP-Giant,7,90,79.55,79.66,775677322,0.01791833814008619,0.14544397420974783,0.0010872356465570574,False,False
MLP-Giant,7,91,69.99,69.69,1658116485,0.005744464640456252,0.0,0.0074567432041430255,False,False
MLP-Giant,7,92,69.22,69.23,284708629,0.032011595788147974,0.0,0.0005411414690202111,False,False
MLP-Giant,7,93,79.16,79.21,620255852,0.0012447371343593332,0.26495981380668776,6.14815549293409e-05,False,False
MLP-Giant,7,94,77.3,77.62,111099132,0.0008638762468997349,0.23560807297866493,0.0003173660987951544,False,False
MLP-Giant,7,95,80.27,80.14,1853786459,0.05572426695456248,0.4738356366511479,2.2755970446437712e-05,False,False
MLP-Giant,7,96,68.89,68.77,1933192739,0.09666507794677047,0.2933993450735963,0.004814919538093692,False,False
MLP-Giant,7,97,74.61,74.22,1562697342,0.0005071821035762469,0.2888645806291451,3.8905362988876174e-05,False,False
MLP-Giant,7,98,79.21,79.61,1614731308,0.0012231673908364277,0.10823206372277343,2.4046668448452917e-05,False,False
MLP-Giant,7,99,75.4,75.24,308971448,0.0005366709631921345,0.2856517760366548,0.0009230066574084617,False,False
MLP-Giant,8,0,79.19,79.3,1624525460,0.005183754194666775,0.0,1.3352318020336633e-06,False,False
MLP-Giant,8,1,82.17,81.87,760674423,0.02303643488506895,0.2348565521030344,8.38451861765732e-06,False,False
MLP-Giant,8,2,72.92,72.96,273991754,0.0003510788106365383,0.1061222963023308,3.1112119557663397e-06,False,False
MLP-Giant,8,3,75.57,75.59,26927135,0.0005437551090713414,0.474834567914613,0.00015301458025836367,False,False
MLP-Giant,8,4,79.74,79.79,497798980,0.001447861958857174,0.23855104123669124,0.0005394799309146206,False,False
MLP-Giant,8,5,81.53,81.78,1176327730,0.0014292657158270514,0.0,8.944881217714453e-06,False,False
MLP-Giant,8,6,81.01,81.56,399657849,0.005482469995317872,0.22179024876889775,0.002403431669299841,False,False
MLP-Giant,8,7,78.2,78.16,1260451324,0.037266256950307386,0.0,1.611930185950092e-06,False,False
MLP-Giant,8,8,81.29,80.68,1540220180,0.0013673076902309886,0.18943000510312816,4.979184484549453e-05,False,False
MLP-Giant,8,9,81.68,82.02,92007045,0.03139702277815784,0.35165748527845914,1.229660082846335e-06,False,False
MLP-Giant,8,10,80.43,80.49,1475958125,0.06455684839416229,0.22607182266862222,6.16358871481417e-05,False,False
MLP-Giant,8,11,55.99,56.24,843824359,0.02951054224764252,0.0,0.003536938185254421,False,False
MLP-Giant,8,12,75.91,77.03,408282958,0.053110935689322465,0.0,1.6694503499646272e-06,False,False
MLP-Giant,8,13,81.18,80.65,68759540,0.0015569027837189083,0.12944178828611339,2.1133082204782904e-05,False,False
MLP-Giant,8,14,81.42,81.34,446013761,0.0616292516896172,0.35954112266946936,1.007742790715747e-06,False,False
MLP-Giant,8,15,82.29,82.4,1768471114,0.009130911131960788,0.12557409380532752,0.0009728858500926174,False,False
MLP-Giant,8,16,81.06,80.82,374696061,0.019924255771039262,0.1307810927688756,8.291250579223506e-05,False,False
MLP-Giant,8,17,78.03,79.01,1253884083,0.0007902186022034878,0.0,0.0030143293110640934,False,False
MLP-Giant,8,18,82.22,82.45,985676920,0.0033728861368922296,0.15016931761422186,1.7047598299103746e-05,False,False
MLP-Giant,8,19,79.0,79.68,1216751916,0.012325952860766941,0.20328706584610587,1.1798958384860585e-05,False,False
MLP-Giant,8,20,73.64,74.43,368340728,0.00019234446203008747,0.0,5.05448927206514e-05,False,False
MLP-Giant,8,21,82.02,81.78,315800000,0.008501400358498334,0.21396346038088995,0.00018196621605452452,False,False
MLP-Giant,8,22,64.64,65.63,1647175887,0.00011052200962757318,0.2091834573993836,0.00025520388123387744,False,False
MLP-Giant,8,23,83.16,82.88,612568765,0.005224813931354466,0.45506140744100354,2.05472049319657e-06,False,False
MLP-Giant,8,24,51.45,52.47,387989609,0.06044532380196409,0.0,0.0018253977086981593,False,False
MLP-Giant,8,25,81.83,81.97,797566775,0.022236545494821937,0.24517019044191277,1.0712937153459775e-05,False,False
MLP-Giant,8,26,80.15,81.24,815220834,0.009573362340123901,0.17272475097141357,6.246983876616601e-06,False,False
MLP-Giant,8,27,72.79,72.81,2026282985,0.002812416366680858,0.19633223814336254,0.008448109707942951,False,False
MLP-Giant,8,28,69.55,70.3,354723514,0.0002063128447779013,0.1617967422138249,0.0003272191477266811,False,False
MLP-Giant,8,29,65.36,66.54,1650489856,0.00014019762646352559,0.15088204985711642,4.946333426378798e-05,False,False
MLP-Giant,8,30,73.22,73.77,2098806563,0.00025801024347657677,0.26569389341939526,0.00016304314539010607,False,False
MLP-Giant,8,31,68.18,69.0,807112183,0.06528217473611297,0.0,7.92132901899665e-06,False,False
MLP-Giant,8,32,74.14,74.43,957996173,0.002234693539195379,0.37689762319361847,0.007638993520038886,False,False
MLP-Giant,8,33,81.94,82.78,1753899156,0.0028039014460989097,0.13370779443259195,0.00035936564409516886,False,False
MLP-Giant,8,34,83.84,84.36,2020570955,0.0032897455315789594,0.0,3.6537043669716847e-06,True,True
MLP-Giant,8,35,68.19,68.47,1190529966,0.00017869004874113134,0.10485951908537718,5.165873897206789e-06,False,False
MLP-Giant,8,36,79.08,78.64,1576810912,0.0009840714353549437,0.32992552775601214,2.149726410948673e-06,False,False
MLP-Giant,8,37,80.67,80.57,1124118884,0.005551913550522577,0.0,0.0012753166721591327,False,False
MLP-Giant,8,38,79.79,79.9,1893094075,0.008151579769368117,0.19369590866478148,0.003079722318766804,False,False
MLP-Giant,8,39,83.26,82.8,756113367,0.0026175526104123986,0.15968911016881507,2.483395189238963e-06,False,False
MLP-Giant,8,40,82.53,82.53,2053264751,0.0471120832809979,0.22524152273373782,5.055265027930411e-05,False,False
MLP-Giant,8,41,52.23,51.76,811371009,0.08275442092150942,0.0,6.253463487018126e-05,False,False
MLP-Giant,8,42,79.33,79.85,88225535,0.001078667068706732,0.22427043087702048,5.417260948580226e-06,False,False
MLP-Giant,8,43,80.04,80.16,1010664362,0.0009746006905289435,0.0,6.508224774777759e-05,False,False
MLP-Giant,8,44,80.51,81.36,344050978,0.0013126455065437257,0.25843949763518254,1.6581326360225701e-06,False,False
MLP-Giant,8,45,82.99,83.13,658046743,0.005334447553038464,0.21505249369461174,2.488826869201813e-06,False,False
MLP-Giant,8,46,80.4,80.34,2053364417,0.02972274198124393,0.2744472364054863,4.789691457339349e-05,False,False
MLP-Giant,8,47,82.89,82.96,1492746413,0.007070697128448364,0.24356945895272686,5.429072276921177e-05,False,False
MLP-Giant,8,48,78.89,80.01,1131914380,0.005828959293268023,0.4665535050271478,0.0037403431555142175,False,False
MLP-Giant,8,49,74.68,74.79,137468700,0.00024482834785475487,0.0,0.00017990213289807965,False,False
MLP-Giant,8,50,80.94,80.88,816485656,0.001089603949896552,0.0,0.00017347451496631608,False,False
MLP-Giant,8,51,72.96,73.16,626224058,0.00014023606230858718,0.0,3.296194298933292e-06,False,False
MLP-Giant,8,52,81.03,80.85,79910184,0.009002131398131212,0.0,6.099743606300958e-05,False,False
MLP-Giant,8,53,71.79,72.28,1150891068,0.006181252908798768,0.34992419688064824,0.00729434118885573,False,False
MLP-Giant,8,54,73.39,74.37,1821178606,0.016830442996377745,0.3628719260814792,0.0038168911704854927,False,False
MLP-Giant,8,55,78.62,79.01,1617331137,0.0012448558429807635,0.1958757762347249,0.0018124384145559397,False,False
MLP-Giant,8,56,64.53,65.8,963693893,0.00012316897354923046,0.3528220108906234,0.003912836002985167,False,False
MLP-Giant,8,57,80.07,79.9,1288729015,0.01286531492128947,0.0,1.8868182154659937e-06,False,False
MLP-Giant,8,58,80.92,80.63,2013172307,0.0025529285440573477,0.0,0.0006538246315565127,False,False
MLP-Giant,8,59,71.88,72.75,777281239,0.0044045468804516374,0.1770675194090997,0.008409696270312293,False,False
MLP-Giant,8,60,78.36,78.5,2104440113,0.0051850979924373776,0.22512718403638665,0.004250738376342066,False,False
MLP-Giant,8,61,76.24,77.46,298543262,0.0005718461681859986,0.0,2.1522641528914232e-05,False,False
MLP-Giant,8,62,78.61,78.88,1659503619,0.0009585745747111877,0.11459293005446382,3.01117336987394e-06,False,False
MLP-Giant,8,63,67.77,68.72,1263704033,0.055494337099569926,0.0,0.00010728604412591672,False,False
MLP-Giant,8,64,77.67,77.43,1432071981,0.010839812128003733,0.0,1.547601985536469e-05,False,False
MLP-Giant,8,65,77.43,77.78,1728551034,0.0008505873803972206,0.3525781515391838,0.0032895424099086412,False,False
MLP-Giant,8,66,81.69,81.95,1278475775,0.024766483098231117,0.2505053362168905,1.662102936046159e-05,False,False
MLP-Giant,8,67,81.96,82.77,1036776236,0.06741799987905121,0.16713414516365993,0.0001662195566896337,False,False
MLP-Giant,8,68,74.34,75.14,893714266,0.0003694083034691177,0.38773130973640013,1.5667557804291195e-05,False,False
MLP-Giant,8,69,82.75,82.63,121180908,0.002265706447133877,0.11003437545494522,7.26739360661911e-06,False,False
MLP-Giant,8,70,82.16,82.5,751493321,0.0024378350408012883,0.19686689392965662,3.155016068919948e-05,False,False
MLP-Giant,8,71,81.54,81.28,1143712276,0.043246660786125414,0.1743221120520533,4.714583807414135e-05,False,False
MLP-Giant,8,72,80.48,80.54,697493371,0.0015001855111720398,0.30329744501006295,6.14875842586913e-05,False,False
MLP-Giant,8,73,83.4,83.81,1585420412,0.0044179666014589536,0.14152686382802152,1.561144260002045e-05,False,False
MLP-Giant,8,74,72.99,72.8,1712447783,0.0010548915242592396,0.100999131459765,0.008309731808014966,False,False
MLP-Giant,8,75,78.78,79.06,2021397524,0.02264926533217252,0.0,5.324750652020234e-06,False,False
MLP-Giant,8,76,74.96,75.23,1399345080,0.0003857999946419811,0.0,1.9980176225457085e-06,False,False
MLP-Giant,8,77,83.57,83.68,861439539,0.004394137779170818,0.10649845817672741,1.1509408262484462e-05,False,False
MLP-Giant,8,78,81.99,82.12,2083385898,0.004766253848592178,0.2279075876435414,0.001939411394146142,False,False
MLP-Giant,8,79,65.79,66.24,1433319848,0.00010528531761092085,0.3798177205227703,9.7165683023951e-06,False,False
MLP-Giant,8,80,74.25,75.35,2057512850,0.0003831193129295914,0.10456780067667082,0.00020930952048970076,False,False
MLP-Giant,8,81,66.08,66.81,1946138063,0.00013023572409932922,0.2539572104523941,9.115762664015571e-06,False,False
MLP-Giant,8,82,80.15,80.22,592250738,0.011952769299545736,0.12009986719615327,1.1094687887622886e-06,False,False
MLP-Giant,8,83,66.09,66.98,1233099429,0.00022485834718075187,0.40853800284332353,0.006809234350823277,False,False
MLP-Giant,8,84,79.47,79.55,480412632,0.0015617599048406397,0.17676589861366646,0.0016166200957971877,False,False
MLP-Giant,8,85,70.97,70.76,175972182,0.00038832048228554494,0.28877508469381635,0.005655918085898472,False,False
MLP-Giant,8,86,76.78,77.81,1696144355,0.0015394456691015938,0.11668073701853184,0.0052325341493649966,False,False
MLP-Giant,8,87,81.63,81.08,1213741739,0.013415127868400788,0.3115146745635985,5.658317078279496e-05,False,False
MLP-Giant,8,88,81.18,80.58,1502752071,0.030498486422746895,0.2456687605527465,8.494385629972937e-06,False,False
MLP-Giant,8,89,71.09,71.19,8278627,0.037803343357473256,0.0,0.000461685302791291,False,False
MLP-Giant,8,90,81.45,81.56,605452475,0.011561214082207743,0.3698235406925342,0.002067332287343712,False,False
MLP-Giant,8,91,75.65,75.16,490651280,0.0008088724388880022,0.0,0.0002994790126040036,False,False
MLP-Giant,8,92,80.61,80.6,1704895777,0.01068825615726358,0.13422414371611877,0.001515289395721116,False,False
MLP-Giant,8,93,81.37,80.86,1945660475,0.001775513461349074,0.0,0.0014839808965707373,False,False
MLP-Giant,8,94,78.28,78.07,2002908664,0.08421527756095257,0.20328536531784375,1.021489990823399e-06,False,False
MLP-Giant,8,95,82.53,82.75,1487608906,0.004882640879622765,0.1258984322734522,9.256411523476412e-06,False,False
MLP-Giant,8,96,77.46,77.39,1732984035,0.004922021822327936,0.0,2.628626761469305e-05,False,False
MLP-Giant,8,97,82.5,82.97,1969183099,0.0025253316701917936,0.3461865037350622,5.846246252454376e-06,False,False
MLP-Giant,8,98,81.16,81.62,734364953,0.007900350087561361,0.20155677481946657,1.6393824033278165e-06,False,False
MLP-Giant,8,99,79.07,79.39,431406254,0.0008161367461230822,0.0,0.00024334186599239588,False,False
MLP-Giant,9,0,81.24,81.1,2034310415,0.0016258552043467943,0.19935612573079553,1.1280139212479888e-06,False,False
MLP-Giant,9,1,80.2,79.61,1379350543,0.0014992660505970038,0.2942206327340847,0.0001709815832425658,False,False
MLP-Giant,9,2,82.0,82.22,1768248870,0.016625770469663518,0.18367136399946513,0.00024265476529930822,False,False
MLP-Giant,9,3,80.48,80.55,1194409135,0.0016161751547018666,0.11672332951758932,0.0007583193451025603,False,False
MLP-Giant,9,4,81.67,80.89,823504636,0.013595355435197213,0.24139171118115557,8.480637931646249e-06,False,False
MLP-Giant,9,5,65.18,63.46,1584920498,0.00010468824283051153,0.40999444733422097,0.004917263509518949,False,False
MLP-Giant,9,6,75.74,74.44,834421914,0.0004436846588179556,0.11737289887692456,2.741108145718803e-06,False,False
MLP-Giant,9,7,80.58,80.01,1193390788,0.0012646910325649508,0.20486184985434056,2.1902540250182426e-06,False,False
MLP-Giant,9,8,74.99,75.2,720221863,0.0003797894410588794,0.472216233638369,2.7195951193979884e-05,False,False
MLP-Giant,9,9,80.98,80.6,1125005335,0.015212811795442519,0.10084804372137829,1.4230923271237796e-05,False,False
MLP-Giant,9,10,78.14,76.91,1499035167,0.0010850499829426217,0.3031074519180528,0.003255596374279928,False,False
MLP-Giant,9,11,72.77,72.99,1984617431,0.0001845728269090039,0.0,0.0003530740537340114,False,False
MLP-Giant,9,12,81.1,79.97,766831960,0.0010952243268399506,0.0,0.00023002739403588237,False,False
MLP-Giant,9,13,82.05,81.72,836379553,0.0017358135289956378,0.0,0.00032602630975677317,False,False
MLP-Giant,9,14,82.96,83.26,2081574745,0.002785896334426872,0.19696226718604282,5.129645598515344e-06,False,False
MLP-Giant,9,15,79.82,79.67,400207464,0.002008158739393461,0.22715853339378092,0.0018631669857046055,False,False
MLP-Giant,9,16,83.59,83.16,207272540,0.004485066189488664,0.0,3.974604592911281e-06,False,False
MLP-Giant,9,17,68.28,67.92,651458270,0.0001715416118202477,0.16572980134830642,7.787067291405819e-05,False,False
MLP-Giant,9,18,78.63,78.57,1919477490,0.0008919977974866529,0.4159087757412165,2.539420277003566e-05,False,False
MLP-Giant,9,19,82.55,81.63,1967870046,0.0020882169238423134,0.0,1.796832625431973e-06,False,False
MLP-Giant,9,20,78.59,78.44,346497832,0.013147038450323958,0.1766923787733012,0.0021096297043878276,False,False
MLP-Giant,9,21,81.36,80.71,398052115,0.008511340712230118,0.12582258862850593,2.5016384535156008e-06,False,False
MLP-Giant,9,22,70.16,68.36,81990366,0.008605290277532361,0.12104329673906983,0.009283109358000348,False,False
MLP-Giant,9,23,71.11,71.17,1016697802,0.00019183946933020674,0.4475841567328578,6.248095962089193e-05,False,False
MLP-Giant,9,24,78.92,78.5,1955997887,0.0013044971222836968,0.10720549968407672,0.0026664718153255806,False,False
MLP-Giant,9,25,56.56,55.83,323381548,0.0249650734772399,0.0,0.006715337007684295,False,False
MLP-Giant,9,26,83.23,83.71,936293457,0.0028168409861193924,0.29288964383400257,1.1382365360479556e-06,False,True
MLP-Giant,9,27,77.26,77.08,1853114918,0.0006776247048579851,0.0,1.3517978107348927e-05,False,False
MLP-Giant,9,28,78.27,77.73,885840737,0.0005900404631006539,0.0,6.982999797145558e-05,False,False
MLP-Giant,9,29,82.96,82.47,1512242637,0.0021184003119362528,0.0,9.234354773033531e-05,False,False
MLP-Giant,9,30,66.43,65.77,556596141,0.00013388545946815573,0.4649251329481346,0.00241273813924222,False,False
MLP-Giant,9,31,80.9,80.81,1018105053,0.0016784345987127256,0.1860468767597041,3.999558933229469e-05,False,False
MLP-Giant,9,32,77.71,77.3,273094782,0.0010980267959045777,0.43747077831529557,0.0009001905558324092,False,False
MLP-Giant,9,33,77.25,76.97,69700711,0.018157018880429934,0.0,0.0005676529827253809,False,False
MLP-Giant,9,34,58.33,57.6,1331688567,0.08794398149388208,0.0,4.586485420331658e-05,False,False
MLP-Giant,9,35,66.01,65.15,1546615527,0.0001194973751799097,0.25995916019071286,3.1835293367059306e-05,False,False
MLP-Giant,9,36,77.54,76.95,276468864,0.0005972203610439442,0.4146728586023831,0.0001641988165740454,False,False
MLP-Giant,9,37,82.04,82.07,756481351,0.025100554570536834,0.15105664149631792,8.720244147541143e-05,False,False
MLP-Giant,9,38,65.11,63.92,516283292,0.00013521434963887646,0.37669913435342006,0.007243634053927791,False,False
MLP-Giant,9,39,81.53,81.89,814183388,0.024217399837942345,0.2680714317947635,1.3862887726044484e-05,False,False
MLP-Giant,9,40,72.89,72.48,1218258986,0.00022433648468509962,0.423249384904673,1.4892619822895311e-06,False,False
MLP-Giant,9,41,81.4,81.55,1155177933,0.0017968075975571035,0.0,0.0009039046375871558,False,False
MLP-Giant,9,42,81.35,81.14,1379966303,0.0014907338815058771,0.3668534836660366,1.0391295117374143e-06,False,False
MLP-Giant,9,43,77.57,76.29,1910071832,0.0007388061813617319,0.26350975827690254,4.040485128460583e-06,False,False
MLP-Giant,9,44,82.41,82.19,2115196703,0.004917998941250694,0.0,0.00015661143776297243,False,False
MLP-Giant,9,45,81.86,81.08,1097285180,0.0029441734841711155,0.15157134976607037,0.001519732746977114,False,False
MLP-Giant,9,46,81.61,81.17,1801357212,0.0015148153321869276,0.0,3.928812075188475e-05,False,False
MLP-Giant,9,47,82.32,82.12,1987305386,0.023932243478908204,0.11262775776842857,0.0001317226510693368,False,False
MLP-Giant,9,48,65.11,64.25,426878382,0.0001264834698225054,0.4081720722706523,0.0036683840021399217,False,False
MLP-Giant,9,49,81.16,80.88,1653455842,0.004491689621442141,0.1044809744411846,0.0027514003274742727,False,False
MLP-Giant,9,50,74.74,74.11,657965347,0.029762274140083266,0.49109069552274986,0.0026878795376011266,False,False
MLP-Giant,9,51,78.65,78.51,1690052417,0.0009423740032067798,0.35714731262764615,3.0105361090106966e-06,False,False
MLP-Giant,9,52,66.41,65.1,733032005,0.00011147613637762145,0.0,0.005855942303786843,False,False
MLP-Giant,9,53,83.35,82.85,310459875,0.0032027661838896354,0.2786317594754962,1.408296605422461e-05,False,False
MLP-Giant,9,54,83.05,82.9,1703875453,0.005643376860675042,0.0,2.934640087533271e-06,False,False
MLP-Giant,9,55,81.86,81.35,907785751,0.0036026301976031083,0.40136364105524713,0.0005204109409551051,False,False
MLP-Giant,9,56,65.97,64.86,708171339,0.0001444972972856132,0.12330565346230056,2.1661617839573944e-05,False,False
MLP-Giant,9,57,84.27,83.64,606675190,0.005789906457654775,0.4937076396164285,0.00015610049115989523,True,False
MLP-Giant,9,58,75.41,74.66,2138071529,0.0007147073100052638,0.0,0.0032418426253304324,False,False
MLP-Giant,9,59,83.03,82.62,553110331,0.0067168347406809875,0.0,0.00015647290157992476,False,False
MLP-Giant,9,60,75.98,75.61,771336989,0.0005681646001817799,0.10859733375038823,1.4589246228978244e-05,False,False
MLP-Giant,9,61,71.16,70.69,1135766525,0.0001971318714980906,0.2469815257210751,5.863604599300337e-05,False,False
MLP-Giant,9,62,80.15,79.9,274571888,0.0022569761824226455,0.4281656983831457,0.0001278585206339796,False,False
MLP-Giant,9,63,80.19,79.57,1945871017,0.01347299069028877,0.22849865727433064,1.4139901545965835e-06,False,False
MLP-Giant,9,64,82.74,82.31,1029529173,0.0029325709025029537,0.10923417347582846,2.9250358762051516e-05,False,False
MLP-Giant,9,65,82.38,81.9,445760816,0.0016536907528174965,0.0,0.0005214948324765695,False,False
MLP-Giant,9,66,69.62,69.5,1250349097,0.00016326630749483801,0.2747738303490245,4.794855191465092e-05,False,False
MLP-Giant,9,67,81.07,80.24,1017973264,0.001415295416359476,0.14824491697779232,1.7325067126682676e-06,False,False
MLP-Giant,9,68,81.92,81.51,2080645646,0.002518907938143273,0.17038150277797964,0.0002466484652673214,False,False
MLP-Giant,9,69,78.28,78.65,698441551,0.015102715883641428,0.38027909052155695,3.125643785492793e-06,False,False
MLP-Giant,9,70,81.58,81.78,1447471374,0.00629061170255338,0.2725798616496474,0.00046359102020272834,False,False
MLP-Giant,9,71,75.44,75.1,1919040105,0.00043146968791500775,0.10389457074865993,3.2665533021490338e-06,False,False
MLP-Giant,9,72,77.74,78.24,759853351,0.0008109106329640121,0.1509386018384475,0.0001227682267689328,False,False
MLP-Giant,9,73,68.66,67.47,1551997559,0.026968308102257768,0.0,0.0013573736584296856,False,False
MLP-Giant,9,74,72.66,71.71,1851449151,0.004540846621881175,0.20810061555645043,0.009011174009174837,False,False
MLP-Giant,9,75,75.12,74.41,152566684,0.0002798709782915422,0.0,5.0355924069533235e-05,False,False
MLP-Giant,9,76,83.73,83.52,1907887183,0.003129663838813757,0.10946862820327385,0.00016426121610513107,False,False
MLP-Giant,9,77,66.77,65.65,186542383,0.00015198717290805253,0.18810315735011005,3.4557762133355432e-06,False,False
MLP-Giant,9,78,82.36,82.03,478857973,0.0027869006587375486,0.15219563549640197,0.00013756597237654764,False,False
MLP-Giant,9,79,74.46,73.67,1173825962,0.029497227215981338,0.0,0.0003995318205691282,False,False
MLP-Giant,9,80,81.05,81.04,396707981,0.008687979288592064,0.2255108774740186,1.4291515748246252e-05,False,False
MLP-Giant,9,81,74.4,73.35,828060200,0.0004575476502326934,0.0,0.005413986126138803,False,False
MLP-Giant,9,82,75.64,75.04,167352038,0.00048513137280953696,0.3795811328879684,0.00037878860514640685,False,False
MLP-Giant,9,83,77.16,76.84,259464312,0.0010422000297439515,0.0,0.0033501574526440896,False,False
MLP-Giant,9,84,82.48,82.96,1464554837,0.003705563527201779,0.26561806475313016,3.3998237431092366e-06,False,False
MLP-Giant,9,85,77.33,76.23,1544887245,0.0008273059779897317,0.0,0.001313426999714439,False,False
MLP-Giant,9,86,82.98,82.9,1845231843,0.006548269014540427,0.17340923748612289,0.0001277895061733752,False,False
MLP-Giant,9,87,72.62,72.69,1286559227,0.05317171224159597,0.0,8.003240310292468e-05,False,False
MLP-Giant,9,88,81.88,81.79,345306971,0.0037222388859045144,0.13131963350110085,0.0008489867724710819,False,False
MLP-Giant,9,89,83.27,82.02,358440801,0.020845223068943992,0.11581683261014956,0.00021524040614401933,False,False
MLP-Giant,9,90,77.37,77.22,267774296,0.003326120618227023,0.4175545531395528,0.004947603536718102,False,False
MLP-Giant,9,91,82.76,82.18,970890633,0.03331516183768283,0.13549596563528596,4.961296617890762e-05,False,False
MLP-Giant,9,92,71.51,70.45,674013584,0.025677882388250806,0.11856146596307547,0.007018056110829808,False,False
MLP-Giant,9,93,64.62,62.85,224232192,0.00012788846510760463,0.10079677366394725,0.00349082946378662,False,False
MLP-Giant,9,94,65.97,65.01,1625081764,0.0001467442498984591,0.0,0.00991242371241389,False,False
MLP-Giant,9,95,75.97,75.9,123699026,0.0005059911743457996,0.3550279756168575,0.0005258538394562548,False,False
MLP-Giant,9,96,81.75,81.41,26638857,0.048985120899073344,0.12938591830475182,0.0012097337116343046,False,False
MLP-Giant,9,97,81.57,80.73,1694910738,0.017368082221128053,0.1197857939361048,6.189675638966052e-05,False,False
MLP-Giant,9,98,82.95,82.87,1199229755,0.004091343172320243,0.39945848001655065,1.3624574497793635e-05,False,False
MLP-Giant,9,99,73.93,73.47,2076576042,0.0003103471218875301,0.1590457411426822,0.0007747376981517062,False,False
MLP-Giant,10,0,68.67,69.55,1259298575,0.00021811243126542486,0.12734269152536787,9.333598453728673e-05,False,False
MLP-Giant,10,1,77.29,77.49,851413272,0.001127686973725363,0.0,0.00410947578121079,False,False
MLP-Giant,10,2,81.31,81.52,2124218598,0.011492567234226696,0.1120341013866281,0.00012482880488246757,False,False
MLP-Giant,10,3,82.36,82.52,1538689992,0.004170136499446364,0.17766646840639017,0.0003483673557660371,False,False
MLP-Giant,10,4,65.09,65.63,207397619,0.00013425614754676465,0.14321535580745773,0.0002692426705731786,False,False
MLP-Giant,10,5,82.83,82.74,981671397,0.005198638978601744,0.0,0.0005864012518293817,False,False
MLP-Giant,10,6,55.57,55.33,1912100809,0.03592532741831198,0.0,0.004624965617907843,False,False
MLP-Giant,10,7,69.72,69.96,1289320918,0.00015184901672108823,0.46987992692385794,0.00025866972512385387,False,False
MLP-Giant,10,8,52.61,52.39,1398164745,0.05497149376823586,0.0,0.004591086978815736,False,False
MLP-Giant,10,9,68.34,68.92,961651567,0.0004147599439501404,0.0,0.009518568695161777,False,False
MLP-Giant,10,10,70.84,70.07,716295885,0.00012453333744519697,0.0,0.000304471247026423,False,False
MLP-Giant,10,11,82.33,82.92,107168454,0.0033201361128950223,0.15401488927628332,0.0001957729629435463,False,False
MLP-Giant,10,12,81.53,82.13,1530401276,0.07236921813039465,0.11558467031564183,0.0005166593019906207,False,False
MLP-Giant,10,13,80.59,80.81,1382719619,0.0737796202955303,0.19522801318799468,2.4115510172960306e-05,False,False
MLP-Giant,10,14,61.98,62.33,1559257906,0.03107963679756585,0.35902510006414406,0.007312133684278978,False,False
MLP-Giant,10,15,73.8,73.72,9295260,0.0003787853168841157,0.11893502028254348,9.078800745225377e-05,False,False
MLP-Giant,10,16,64.2,64.18,1069281876,0.045667522555637524,0.0,0.0002595939855108395,False,False
MLP-Giant,10,17,83.56,83.97,1741557110,0.0036468305533219007,0.0,3.7690319186523807e-06,True,True
MLP-Giant,10,18,76.22,76.94,453628091,0.0007346020310817829,0.2893167368087409,2.135335283731478e-05,False,False
MLP-Giant,10,19,81.83,82.28,1807189827,0.0072667552612228955,0.12441551691134901,1.612119454255866e-06,False,False
MLP-Giant,10,20,73.0,73.83,126506581,0.00035526773302929795,0.2568858888884643,5.469410766641385e-06,False,False
MLP-Giant,10,21,81.45,81.53,1243740389,0.004222034848261371,0.21139357329244093,0.0005255736486081235,False,False
MLP-Giant,10,22,76.19,77.0,364438447,0.0007028404388736727,0.0,6.367447519814746e-06,False,False
MLP-Giant,10,23,80.69,80.13,543367037,0.0015296067297758595,0.15582491986469166,3.7944271904112275e-06,False,False
MLP-Giant,10,24,81.55,81.85,1575239332,0.0788256531261706,0.10921505607651817,0.0001750327775098052,False,False
MLP-Giant,10,25,81.31,81.64,1445350197,0.017551097777762332,0.10366150227103424,0.00017516927013518172,False,False
MLP-Giant,10,26,82.38,82.46,1986815745,0.005459355113637163,0.3442794181400279,2.0151811846476284e-06,False,False
MLP-Giant,10,27,79.29,79.31,1898641499,0.06760356518456231,0.1441194726680105,0.002191216568795525,False,False
MLP-Giant,10,28,78.03,78.23,331765101,0.0014917285814101228,0.28104135103087446,0.002157536918547559,False,False
MLP-Giant,10,29,75.5,76.56,1324422971,0.0006086273273849739,0.0,1.6717535269615018e-06,False,False
MLP-Giant,10,30,80.86,80.72,404312506,0.0023447701121226253,0.0,0.00022144703674683845,False,False
MLP-Giant,10,31,63.49,63.38,1164404625,0.026431489446296006,0.0,0.0019033755106149098,False,False
MLP-Giant,10,32,80.42,80.48,1853235647,0.038548216170951805,0.28153269030618616,1.3290077049260098e-06,False,False
MLP-Giant,10,33,82.89,82.3,1899419365,0.09971040241575378,0.4066168854841567,7.272946828015946e-05,False,False
MLP-Giant,10,34,81.24,81.16,252561024,0.003338708228883095,0.3332955430418453,0.0005251470426251332,False,False
MLP-Giant,10,35,81.27,81.81,1358468242,0.008266718318369072,0.3890507061617698,0.00022644044983399558,False,False
MLP-Giant,10,36,80.04,79.58,1007814394,0.0012782887592652197,0.2314422646717714,5.737588186622119e-06,False,False
MLP-Giant,10,37,62.53,63.1,96986465,0.00010096976051490228,0.14067013758938318,0.00041670431686969867,False,False
MLP-Giant,10,38,79.61,79.83,1615705628,0.021818635660067514,0.0,2.229549564500183e-06,False,False
MLP-Giant,10,39,83.1,82.57,244860795,0.05578282943073521,0.19783955795071637,0.0004213532966224305,False,False
MLP-Giant,10,40,73.16,73.59,880064385,0.0003538206100640955,0.3068543198341249,0.00020186685268204081,False,False
MLP-Giant,10,41,73.32,73.02,1414471115,0.0003022734288750093,0.48773896452169596,1.682108591592243e-06,False,False
MLP-Giant,10,42,71.18,71.25,528637962,0.00012490782260334688,0.0,4.562386435031588e-06,False,False
MLP-Giant,10,43,79.87,80.05,2013917672,0.007068911056622168,0.18723338031938264,0.00157463539164219,False,False
MLP-Giant,10,44,80.81,81.51,697789057,0.008882904079508133,0.0,0.0005949019840922495,False,False
MLP-Giant,10,45,61.98,62.62,579293204,0.08577250504125707,0.0,3.6953644692861667e-06,False,False
MLP-Giant,10,46,81.48,81.48,1389231668,0.012917714545706106,0.1575105032069375,0.00047232433666783455,False,False
MLP-Giant,10,47,82.17,82.42,800299608,0.002526512689608298,0.0,3.809681714295317e-06,False,False
MLP-Giant,10,48,74.33,74.38,259476734,0.0004930241105716527,0.3753444603821026,0.0006999933274187652,False,False
MLP-Giant,10,49,74.6,75.28,1785528034,0.0004751547997171808,0.0,0.002758026576606569,False,False
MLP-Giant,10,50,70.61,70.94,1262428972,0.0001225092010859295,0.0,0.0004276304579184208,False,False
MLP-Giant,10,51,69.46,69.95,149965070,0.00019172781110875329,0.359785769039603,2.187881084703293e-05,False,False
MLP-Giant,10,52,67.16,67.68,1867484139,0.08736719935167685,0.36153753542352773,0.005039105719709428,False,False
MLP-Giant,10,53,67.66,66.96,813713338,0.0941211585432396,0.10141813510933924,0.0082959053374529,False,False
MLP-Giant,10,54,63.73,64.03,1446492736,0.00010589809613827682,0.22570650707310405,0.00012663802867774618,False,False
MLP-Giant,10,55,76.37,76.67,428312279,0.0006640492568452668,0.0,0.002130946593803726,False,False
MLP-Giant,10,56,80.52,81.35,278350090,0.00681865011822982,0.0,0.0011111218530236234,False,False
MLP-Giant,10,57,80.24,80.83,352863406,0.01358921962169079,0.47765922797354743,1.8049755330457014e-05,False,False
MLP-Giant,10,58,81.01,80.99,2013049769,0.05326502784642195,0.19299013639487292,0.0006666273997931323,False,False
MLP-Giant,10,59,68.92,69.64,697375600,0.00821595817118191,0.48965454273894543,0.008867566596150398,False,False
MLP-Giant,10,60,80.77,80.76,2087798463,0.001813463352871975,0.2586303704259521,3.276473589320111e-05,False,False
MLP-Giant,10,61,83.3,83.24,700746355,0.055613529941976735,0.33318189677243426,0.00015627678686563326,False,False
MLP-Giant,10,62,80.55,81.06,1328022435,0.00183609873428109,0.10290609587808716,0.0002938637562934568,False,False
MLP-Giant,10,63,81.73,82.76,241370585,0.004723452642107224,0.4970684249559136,0.0012094880435366698,False,False
MLP-Giant,10,64,79.45,79.51,1488355408,0.013145022007031137,0.10544740313158907,1.759235455049737e-05,False,False
MLP-Giant,10,65,81.91,82.36,70129700,0.002145378652520933,0.16219772579158262,1.1367988121638631e-05,False,False
MLP-Giant,10,66,76.72,76.99,329488785,0.01587187176530254,0.24051535185207298,0.002999676921559355,False,False
MLP-Giant,10,67,78.84,79.01,250246960,0.0013593935098456158,0.24771747718810985,0.0006634269861860411,False,False
MLP-Giant,10,68,82.02,82.49,1972806513,0.07916785430296021,0.3528312169132415,1.6135977093136768e-05,False,False
MLP-Giant,10,69,78.15,78.3,171158213,0.006188099510244656,0.0,0.0003874549934274665,False,False
MLP-Giant,10,70,81.64,81.89,2063549724,0.005629696180343304,0.1483191153261277,0.001126175944536468,False,False
MLP-Giant,10,71,80.11,80.4,654546705,0.03476462548128388,0.1437586749112067,3.8812842645414625e-06,False,False
MLP-Giant,10,72,75.71,75.34,1414130936,0.0005630855797098321,0.0,7.821980327322563e-06,False,False
MLP-Giant,10,73,78.97,79.19,938161602,0.08881756099139895,0.4952396918310125,2.8919645672881952e-06,False,False
MLP-Giant,10,74,78.65,78.8,2054693788,0.016764861566779872,0.13614186752736773,0.0015300892948626346,False,False
MLP-Giant,10,75,69.36,69.57,300207082,0.00021545430091973275,0.15188304098467686,4.4516086235607914e-05,False,False
MLP-Giant,10,76,82.17,82.71,1409554938,0.020131501372472924,0.287820008830468,0.0003664972871736397,False,False
MLP-Giant,10,77,82.61,82.6,1517185584,0.005522147057097597,0.0,4.155169425768715e-05,False,False
MLP-Giant,10,78,52.12,52.61,617442342,0.08807265722781978,0.0,3.9456302844590066e-05,False,False
MLP-Giant,10,79,73.99,75.06,1820858548,0.0005080489184436716,0.45119482437441755,0.0023761674289552136,False,False
MLP-Giant,10,80,72.76,73.13,2072836243,0.000295328762710808,0.31105182362279965,3.2431598055439873e-06,False,False
MLP-Giant,10,81,75.06,75.81,1183149236,0.000530712135581433,0.12395226428829938,0.00013810192436418232,False,False
MLP-Giant,10,82,82.81,82.89,1469614049,0.003958755255570126,0.17256274524584775,4.839473146493252e-06,False,False
MLP-Giant,10,83,66.81,67.43,1861211227,0.0001595185933243737,0.2579782018673859,8.230325889914017e-06,False,False
MLP-Giant,10,84,69.49,69.47,862548559,0.0003131663248662485,0.0,3.814245222539523e-05,False,False
MLP-Giant,10,85,74.43,73.9,1278443093,0.0002580679455429562,0.0,2.6544103748324946e-05,False,False
MLP-Giant,10,86,82.78,82.77,2117164185,0.004079327502387192,0.0,0.0007509046824208415,False,False
MLP-Giant,10,87,79.19,79.2,724427647,0.025467828796503195,0.42108521378428077,9.555061883889329e-06,False,False
MLP-Giant,10,88,78.05,78.49,504585611,0.0006877888510661134,0.0,0.00024862915132114934,False,False
MLP-Giant,10,89,79.13,79.23,333589418,0.09366432896977972,0.36944221188869797,0.00037892192059096235,False,False
MLP-Giant,10,90,64.84,65.19,212626930,0.00012505202871951294,0.13232161887401878,1.217541125251061e-05,False,False
MLP-Giant,10,91,72.58,72.97,1072080928,0.01306427424018236,0.20808236448370693,0.005392234762150624,False,False
MLP-Giant,10,92,80.63,81.23,1135941602,0.002316397009132055,0.12314193617671415,0.0009725860425327649,False,False
MLP-Giant,10,93,78.62,78.9,661867326,0.0008264679007353277,0.0,6.818351036323871e-05,False,False
MLP-Giant,10,94,75.21,75.23,339917946,0.0003713690237382166,0.0,1.1417748689975741e-05,False,False
MLP-Giant,10,95,79.26,79.44,303522184,0.025411013516294306,0.1978286347969616,1.4343597735591708e-06,False,False
MLP-Giant,10,96,80.39,81.08,851805357,0.004438637293959845,0.22541530744303337,0.0007898406861975929,False,False
MLP-Giant,10,97,80.83,80.92,1044613560,0.0012224357445170674,0.0,0.0002880656610679906,False,False
MLP-Giant,10,98,63.01,62.84,646496069,0.00016619782825829857,0.1207881594785735,0.00833857823526469,False,False
MLP-Giant,10,99,81.95,82.12,1162644070,0.007022416655920589,0.1464185761511625,2.314693432335127e-06,False,False
MLP-Giant,11,0,59.12,59.68,1190973826,0.09956315991271557,0.0,6.7411022652447466e-06,False,False
MLP-Giant,11,1,70.1,69.59,53426614,0.00011005094543642971,0.0,0.0001301217847088275,False,False
MLP-Giant,11,2,54.23,54.33,1163710402,0.05257204809344072,0.0,0.002003051424575367,False,False
MLP-Giant,11,3,71.03,71.79,1141560298,0.016840560074521217,0.0,0.0014141130274883484,False,False
MLP-Giant,11,4,65.79,66.03,1596427909,0.00011639432242777752,0.3653156574581126,4.883662787568605e-06,False,False
MLP-Giant,11,5,79.84,80.11,1412398215,0.001721651028261035,0.3321663406337829,0.0003570704501204163,False,False
MLP-Giant,11,6,74.47,74.76,460381920,0.0004314646771837431,0.19207819504126425,6.670249596420921e-06,False,False
MLP-Giant,11,7,80.94,80.07,1927675525,0.002005498115241725,0.0,3.980764524056698e-05,False,False
MLP-Giant,11,8,77.08,76.51,1535508891,0.08855463606243132,0.32507251359754175,0.0004883869328485409,False,False
MLP-Giant,11,9,83.82,83.11,772720831,0.003493101407873776,0.44076009426854756,4.290095297913257e-06,False,False
MLP-Giant,11,10,78.07,77.62,2142904666,0.004292698922191837,0.0,0.004005786094018715,False,False
MLP-Giant,11,11,81.84,81.26,1114507782,0.09400920402530669,0.13233269129048403,8.050707271869175e-05,False,False
MLP-Giant,11,12,80.85,80.17,1748496677,0.0021062317676042728,0.11091227586352224,0.0014511782610871664,False,False
MLP-Giant,11,13,65.15,65.18,179715200,0.0001197137324320145,0.20078456057914998,3.234857338947222e-05,False,False
MLP-Giant,11,14,74.34,73.42,324557926,0.00023081243046740022,0.0,3.1328861285372063e-06,False,False
MLP-Giant,11,15,75.17,75.48,540812903,0.0003027404045415699,0.0,0.00033070128163256344,False,False
MLP-Giant,11,16,83.21,82.98,1199972945,0.010903914604744706,0.11211353043257047,0.0003458105522911583,False,False
MLP-Giant,11,17,76.72,76.73,619584686,0.0007042970162211332,0.2619224049504335,3.165161699004681e-06,False,False
MLP-Giant,11,18,78.78,78.03,1651433842,0.0009704340534321963,0.2575461449799275,1.9374965172178092e-05,False,False
MLP-Giant,11,19,65.76,65.28,1010926409,0.00012373697513225852,0.31165677432129946,2.556739429613083e-06,False,False
MLP-Giant,11,20,80.5,79.7,1155481835,0.011098479168560986,0.2963147224784682,0.0015882333737999644,False,False
MLP-Giant,11,21,81.94,81.87,2028585168,0.05628031368309578,0.45342850745798524,1.2877926908835487e-06,False,False
MLP-Giant,11,22,83.13,83.09,655121567,0.023145275493035675,0.36641340010790024,8.061991556498524e-05,False,False
MLP-Giant,11,23,84.59,84.3,1902119407,0.03197806911117399,0.3436633664753583,5.388697634809453e-05,True,True
MLP-Giant,11,24,79.29,79.4,3839284,0.01064338784263869,0.12501234745094914,0.00202964754803507,False,False
MLP-Giant,11,25,80.85,80.05,1260689489,0.011503214558405993,0.4363598685406419,0.0010834495632081485,False,False
MLP-Giant,11,26,75.19,74.9,17713463,0.0002831894692001532,0.0,3.335149310273947e-05,False,False
MLP-Giant,11,27,78.33,77.83,96926626,0.0008215991334599591,0.4793322102630285,2.7727357073442263e-06,False,False
MLP-Giant,11,28,62.48,61.88,378143511,0.08102958204068982,0.0,3.818091687617499e-06,False,False
MLP-Giant,11,29,74.92,74.47,990753061,0.00045277334959783707,0.11753634170458341,1.1131586443300892e-05,False,False
MLP-Giant,11,30,81.91,81.82,1224231208,0.00801311992492056,0.0,0.0004990179183179075,False,False
MLP-Giant,11,31,80.06,79.29,23799356,0.001270646947132241,0.0,7.509547443748109e-06,False,False
MLP-Giant,11,32,64.91,64.21,808329783,0.00012804555892513512,0.15905517739284636,0.0003646223961695332,False,False
MLP-Giant,11,33,63.82,64.28,535412277,0.00010168188661193315,0.3571469958885035,0.0015090915156310244,False,False
MLP-Giant,11,34,83.53,82.91,1757628288,0.007714788294231327,0.24277397263099465,0.0005237684350583371,False,False
MLP-Giant,11,35,78.11,78.37,1137879049,0.012204486597889547,0.24300005589087167,6.945868174062445e-06,False,False
MLP-Giant,11,36,81.92,82.27,1483167652,0.00757053029854585,0.2184478167304564,1.1402625354838493e-05,False,False
MLP-Giant,11,37,81.68,81.97,1024629200,0.0022892028695667833,0.1534447891248038,9.85954563737995e-05,False,False
MLP-Giant,11,38,77.03,76.04,906931179,0.006726141771283434,0.0,0.003533677833919037,False,False
MLP-Giant,11,39,74.19,74.2,827626756,0.000285514650544502,0.3091942657661228,1.4323632748444095e-06,False,False
MLP-Giant,11,40,82.47,82.29,1090691248,0.0023745922436113395,0.19466044950937397,4.634547326782561e-06,False,False
MLP-Giant,11,41,79.12,78.37,391210565,0.011039226809963573,0.45432621416312075,3.639901700468315e-06,False,False
MLP-Giant,11,42,84.36,83.75,47504951,0.037635198889870394,0.3544853479827929,0.00012100984194228447,False,False
MLP-Giant,11,43,67.27,67.29,1544599024,0.011925795126292917,0.39728999846513013,0.00665409876991196,False,False
MLP-Giant,11,44,75.63,75.48,2077317157,0.00041858085919442074,0.0,4.037336591250179e-05,False,False
MLP-Giant,11,45,78.35,78.17,1532410823,0.08787277410100261,0.23513793649761924,0.001097216360098247,False,False
MLP-Giant,11,46,82.52,81.61,1545731540,0.0045006997283009815,0.0,0.0012960978899082987,False,False
MLP-Giant,11,47,64.92,64.29,171279271,0.00011455870454440536,0.2351193100171595,0.0016615012565173936,False,False
MLP-Giant,11,48,80.87,80.55,1151511031,0.0017264703868244856,0.0,9.168767518784001e-06,False,False
MLP-Giant,11,49,82.01,81.99,1344923088,0.005551877233507902,0.3832930940592111,1.0512789356995714e-05,False,False
MLP-Giant,11,50,75.11,75.23,416272241,0.007017827657590065,0.2910629153124252,0.004249377315510035,False,False
MLP-Giant,11,51,81.14,80.02,603385246,0.011851283708967254,0.0,4.121605013885558e-05,False,False
MLP-Giant,11,52,74.46,74.77,457951238,0.041020834872636726,0.0,4.424572198265777e-06,False,False
MLP-Giant,11,53,83.49,83.83,1322714672,0.0037941739885411826,0.13331879406032432,7.911549185911084e-05,False,False
MLP-Giant,11,54,80.39,80.72,145600264,0.009368195732687398,0.20166396043702378,0.001226090184973146,False,False
MLP-Giant,11,55,71.98,71.77,1980844117,0.0001535468434491428,0.0,8.026394602457557e-05,False,False
MLP-Giant,11,56,72.96,72.76,388805064,0.00026480572134331414,0.44106421569746207,6.954844900088394e-05,False,False
MLP-Giant,11,57,77.3,78.14,1127698157,0.017217370244680775,0.0,0.0004872436488129426,False,False
MLP-Giant,11,58,82.76,82.69,1589588388,0.005368233323268723,0.42989724721472483,2.33516830113329e-05,False,False
MLP-Giant,11,59,80.84,80.75,1516662121,0.03913202529772895,0.10545348818143056,0.00022435061292187274,False,False
MLP-Giant,11,60,82.94,83.02,33871513,0.003243821320030131,0.1737876630529434,8.259058889381456e-06,False,False
MLP-Giant,11,61,72.38,71.6,1968097872,0.0005981481881605723,0.0,0.008661870117821192,False,False
MLP-Giant,11,62,81.0,81.8,444363405,0.007619230635136291,0.0,8.737883157645229e-05,False,False
MLP-Giant,11,63,64.36,64.88,1641740061,0.012357921529823651,0.0,0.005419021295648381,False,False
MLP-Giant,11,64,71.1,71.42,1188079373,0.05879980994122198,0.0,7.872027370126541e-06,False,False
MLP-Giant,11,65,66.52,66.33,886013830,0.00011920514452058735,0.3480950306548433,0.00017219055371970514,False,False
MLP-Giant,11,66,80.33,80.25,1623046411,0.037362206099679225,0.20735996582614374,3.776723726743095e-06,False,False
MLP-Giant,11,67,77.73,77.21,865539533,0.0007475040032307051,0.10613782817321675,0.0017173794899938942,False,False
MLP-Giant,11,68,81.97,80.93,1792868037,0.007566280176598965,0.2280473432620541,8.792824165562897e-06,False,False
MLP-Giant,11,69,75.26,74.82,1334369723,0.008450445131933644,0.0,0.0025803274332228455,False,False
MLP-Giant,11,70,78.79,78.75,212810057,0.023301990440448467,0.12248641459992768,0.003252988330974214,False,False
MLP-Giant,11,71,83.48,83.22,324358832,0.004152774573963112,0.26556622342082836,3.428674487012291e-05,False,False
MLP-Giant,11,72,77.31,77.54,207294144,0.0007301711913252272,0.476994403653269,2.239883840305809e-06,False,False
MLP-Giant,11,73,82.01,81.45,1344095052,0.0030734650901278805,0.0,0.0003480973696059073,False,False
MLP-Giant,11,74,80.39,80.01,1201357013,0.0011730298375230274,0.20084630398318343,6.1130077897332095e-06,False,False
MLP-Giant,11,75,76.0,75.7,764496286,0.005786562938816067,0.0,0.003953860673960463,False,False
MLP-Giant,11,76,75.81,75.21,914111597,0.0057813300789844105,0.0,0.0037483684427534617,False,False
MLP-Giant,11,77,81.94,81.52,1763432003,0.01720088684733956,0.2818528815487188,0.0010853694675095151,False,False
MLP-Giant,11,78,67.83,67.97,543978251,0.000255451762476361,0.15319051638738046,0.002188779197528133,False,False
MLP-Giant,11,79,80.52,80.91,641733753,0.03626480582306396,0.2890406101574724,3.988584625594354e-06,False,False
MLP-Giant,11,80,75.78,74.27,1294553385,0.0004170350024680638,0.10399579543719542,2.1019179705353876e-05,False,False
MLP-Giant,11,81,80.9,81.38,1233083880,0.003573983258571279,0.0,0.0002887375867520743,False,False
MLP-Giant,11,82,71.55,70.83,124827785,0.00027206853278934334,0.18995921757860587,0.00150795558004486,False,False
MLP-Giant,11,83,77.33,76.28,1192796497,0.0017236061006052792,0.26578146782352424,0.005674222055260634,False,False
MLP-Giant,11,84,79.67,79.91,1630916941,0.018361660832247374,0.3565374703066755,0.0012213641654449591,False,False
MLP-Giant,11,85,81.99,81.33,1561716937,0.0021823995274715697,0.11188993003418597,6.853194483718973e-05,False,False
MLP-Giant,11,86,79.14,78.19,2039370486,0.0022715223693280705,0.16416584718145005,0.004024666810944839,False,False
MLP-Giant,11,87,81.86,81.9,911730977,0.0024798685369579244,0.4601879293450085,1.039462067840249e-06,False,False
MLP-Giant,11,88,82.79,83.0,2018167324,0.002529007407140506,0.1367577538313867,5.980924244105739e-06,False,False
MLP-Giant,11,89,83.05,82.73,1896697999,0.0024376745375578844,0.1061258973871376,1.171087270477371e-06,False,False
MLP-Giant,11,90,78.49,77.13,1820922608,0.0013734662515863347,0.0,0.0014789335758105774,False,False
MLP-Giant,11,91,73.09,73.34,2028455229,0.00031378712085401033,0.3933269486969445,3.4367590807227026e-05,False,False
MLP-Giant,11,92,65.33,66.1,1784322766,0.00011516282584210348,0.28556722645878924,1.7110237038680984e-06,False,False
MLP-Giant,11,93,76.37,75.99,1811773199,0.0006109022073472249,0.1542135262351957,0.003516331928028413,False,False
MLP-Giant,11,94,72.26,72.43,1255594777,0.0001832566260236527,0.0,1.1384160612847315e-06,False,False
MLP-Giant,11,95,82.17,82.45,1562042884,0.04600209991193067,0.15169143420903813,0.0003284552097936304,False,False
MLP-Giant,11,96,77.9,76.9,1957909041,0.01926937650756709,0.49830584358101093,0.001590997026912634,False,False
MLP-Giant,11,97,79.14,79.94,1012393861,0.04075962309729967,0.10354917544512093,0.0003899448285354413,False,False
MLP-Giant,11,98,80.44,79.92,1391617628,0.007287284880879577,0.290936254668209,0.001648274649902583,False,False
MLP-Giant,11,99,80.36,80.16,802243024,0.02414384930128661,0.20268012964290683,1.5424922145619716e-06,False,False
MLP-Giant,12,0,71.96,73.04,1041061695,0.00021906707095472724,0.3562024526205291,1.0354211933231513e-06,False,False
MLP-Giant,12,1,72.97,73.44,1463289820,0.00032408680360627285,0.16124205576422196,2.4839211530330118e-05,False,False
MLP-Giant,12,2,79.99,80.23,1327552065,0.0009538697546644727,0.0,4.715016392221632e-05,False,False
MLP-Giant,12,3,82.05,82.8,309449557,0.006928143329043976,0.11223012347870803,0.0008672625804371835,False,False
MLP-Giant,12,4,81.58,82.53,1791322696,0.0074576163042389095,0.17734904141002036,0.0002921289318743385,False,False
MLP-Giant,12,5,81.03,81.84,287503484,0.0016720785440801906,0.1933361106837269,5.971262019559505e-06,False,False
MLP-Giant,12,6,74.5,75.46,1853505807,0.011962417466392775,0.35787182763028197,0.004429479036496993,False,False
MLP-Giant,12,7,80.05,80.45,97952883,0.020168403266387084,0.13413568617889574,0.001375152999366664,False,False
MLP-Giant,12,8,82.31,82.82,716411564,0.005420148265819022,0.11699786312764547,1.1503996504569508e-06,False,False
MLP-Giant,12,9,82.64,83.54,2011314657,0.0034418681463895743,0.31335949407973257,3.269147052093425e-06,False,False
MLP-Giant,12,10,71.65,71.94,45418060,0.006981097537269736,0.4674752651370408,0.007053156514006508,False,False
MLP-Giant,12,11,71.89,72.13,1403003287,0.0001479278657187104,0.0,0.0003484927955352118,False,False
MLP-Giant,12,12,63.56,64.27,1260839334,0.06715541891656938,0.15478142939989434,0.00790366935537301,False,False
MLP-Giant,12,13,79.89,79.95,51362672,0.002296021808662747,0.0,5.8976470028076166e-05,False,False
MLP-Giant,12,14,74.82,75.26,1351559686,0.0005112265736858043,0.16236467109439726,1.0413589859491373e-05,False,False
MLP-Giant,12,15,72.05,72.92,1233107523,0.0001422940425956636,0.0,0.0017485418290614405,False,False
MLP-Giant,12,16,62.91,63.97,1907417896,0.0001012633620504201,0.10493038368625951,5.675151470938272e-05,False,False
MLP-Giant,12,17,80.65,80.7,459557084,0.004712906907334161,0.3661630645587133,0.0018018044815750135,False,False
MLP-Giant,12,18,79.07,80.1,2110619753,0.011231065533439777,0.11813563036849972,5.098672818172918e-06,False,False
MLP-Giant,12,19,76.82,77.63,1307526539,0.0063725719597875685,0.3415618876406307,0.0037063795577007594,False,False
MLP-Giant,12,20,73.21,74.17,1063288228,0.0002024513200763734,0.0,0.00012842960408803307,False,False
MLP-Giant,12,21,82.75,83.56,1188775910,0.004979537154756752,0.1805070788736516,2.133904346336519e-06,False,False
MLP-Giant,12,22,81.48,82.83,806446687,0.027492464237958508,0.4309197656500966,1.521516988219703e-05,False,False
MLP-Giant,12,23,75.54,75.89,1798627620,0.04518612108061194,0.0,3.0227895071229344e-06,False,False
MLP-Giant,12,24,73.6,74.92,1944000725,0.0003572759828101215,0.1526922502969626,0.00042137055294935266,False,False
MLP-Giant,12,25,82.03,82.87,103729729,0.002935230846410143,0.3536149549334594,1.7818082588871263e-05,False,False
MLP-Giant,12,26,83.05,83.78,614196272,0.003253072624513136,0.17384531155028035,3.7403398791249136e-05,True,True
MLP-Giant,12,27,81.78,82.18,993973481,0.0044020054447707286,0.235426553694496,0.00028311231582664324,False,False
MLP-Giant,12,28,80.25,80.89,956773041,0.0016148012288810683,0.4740030465594466,1.6805702987978676e-06,False,False
MLP-Giant,12,29,70.67,71.53,1480026432,0.010550531398452925,0.36884005684828974,0.006814331564569613,False,False
MLP-Giant,12,30,76.39,77.56,520964152,0.0034277980341192414,0.0,0.0054104874858043744,False,False
MLP-Giant,12,31,76.06,76.21,1723741777,0.0006792688921956696,0.4065127098134864,0.00025300055765500423,False,False
MLP-Giant,12,32,79.66,80.1,767914592,0.006077335531459648,0.2740694727954309,0.00236393423886179,False,False
MLP-Giant,12,33,81.13,82.45,534668364,0.001973051101603875,0.36857714108230044,1.1397805144328697e-06,False,False
MLP-Giant,12,34,79.42,79.46,1705663948,0.05035170391216419,0.28881954187107334,0.001353876773676138,False,False
MLP-Giant,12,35,81.31,81.43,1719717155,0.07829728284062863,0.28186226462110375,1.2902351354885157e-06,False,False
MLP-Giant,12,36,68.47,69.2,613480414,0.0001561363190380434,0.0,0.0054130575564295055,False,False
MLP-Giant,12,37,74.4,75.57,1094835694,0.0004269481325109235,0.1762655656839033,3.7089684648195255e-06,False,False
MLP-Giant,12,38,76.58,77.75,334052183,0.0006952052362613638,0.11325738893966504,7.776699968191131e-05,False,False
MLP-Giant,12,39,75.77,76.93,274676467,0.0007284256337953611,0.12777412360492343,8.539742110935779e-05,False,False
MLP-Giant,12,40,80.19,80.56,486534525,0.0022120752703032103,0.0,0.0014437421433265909,False,False
MLP-Giant,12,41,63.88,63.9,524114955,0.089724691430335,0.0,1.3389336290713386e-05,False,False
MLP-Giant,12,42,81.84,82.14,1786064311,0.010389973526197714,0.11607889031948616,0.000375528504788496,False,False
MLP-Giant,12,43,77.9,78.67,211504030,0.0017769701159173952,0.0,0.004039486521999778,False,False
MLP-Giant,12,44,74.87,75.12,1758489599,0.0003927805007934125,0.11963970681751297,2.348365403672347e-06,False,False
MLP-Giant,12,45,80.67,80.65,499403061,0.08227740531106655,0.2640400533666621,1.93747021046606e-05,False,False
MLP-Giant,12,46,82.03,82.29,240609322,0.03847165784772952,0.1872453054086092,0.00021579443753184645,False,False
MLP-Giant,12,47,64.14,64.34,1553541692,0.00011325778386064531,0.1323984024510896,1.970296470023935e-06,False,False
MLP-Giant,12,48,71.53,72.29,1359850513,0.00027081553746368374,0.1813541592080495,7.072861334264753e-06,False,False
MLP-Giant,12,49,69.45,71.0,1898629546,0.0008036876262926336,0.14759052745967052,0.009829089624531427,False,False
MLP-Giant,12,50,72.41,72.99,113068389,0.00017076477755604338,0.0,0.0022960416464852837,False,False
MLP-Giant,12,51,80.24,80.34,391803519,0.060336770727422204,0.24757797940607598,3.23675109087467e-05,False,False
MLP-Giant,12,52,69.91,70.69,1361253226,0.00027453441670497104,0.13238458016634616,0.002290625706136662,False,False
MLP-Giant,12,53,76.93,77.74,1563984107,0.0011095564521587172,0.0,0.005662447589140618,False,False
MLP-Giant,12,54,77.2,77.93,1714893031,0.000683900300329741,0.0,1.4735408888361743e-05,False,False
MLP-Giant,12,55,77.42,78.09,297617754,0.0007705526359867019,0.26361815993097326,2.3019876971863138e-05,False,False
MLP-Giant,12,56,79.24,79.76,886883422,0.003365036176135383,0.0,3.0983474085985995e-05,False,False
MLP-Giant,12,57,72.48,72.89,668681204,0.0003027031240609689,0.4558456035066971,9.375424361154705e-06,False,False
MLP-Giant,12,58,77.4,78.49,208128078,0.0009441031638768938,0.38489016210601495,0.0002918127495216729,False,False
MLP-Giant,12,59,82.17,83.0,1807734519,0.0033670798619845183,0.0,4.366559447521079e-05,False,False
MLP-Giant,12,60,79.55,80.21,709879575,0.013252497215500444,0.0,1.292569329216542e-05,False,False
MLP-Giant,12,61,80.09,80.73,875637681,0.0019359507702134738,0.49289573191516445,0.00043130225090016387,False,False
MLP-Giant,12,62,81.95,82.69,973340239,0.0024199380296417577,0.0,1.0706800882395091e-05,False,False
MLP-Giant,12,63,81.08,81.08,1299581897,0.006574969914997526,0.10149874023020347,0.0018402850439074652,False,False
MLP-Giant,12,64,75.82,76.38,1621796684,0.004233587988014283,0.0,0.005812962421847222,False,False
MLP-Giant,12,65,82.07,83.35,609545885,0.0029854978085739094,0.19024883370923568,2.231586120138877e-05,False,False
MLP-Giant,12,66,81.41,82.18,790196178,0.0016836630969130507,0.0,0.00032996052702049795,False,False
MLP-Giant,12,67,79.16,80.45,180125636,0.0013054098334420935,0.13980147057974307,6.464099124125392e-05,False,False
MLP-Giant,12,68,79.52,80.34,2094823377,0.002956719984234669,0.0,0.001446507461873482,False,False
MLP-Giant,12,69,82.65,83.22,833512153,0.008458132521284398,0.15354943389995815,0.00013155180068033425,False,False
MLP-Giant,12,70,77.43,77.91,1409579596,0.0007566249310802376,0.10406592010407371,9.14182654374948e-05,False,False
MLP-Giant,12,71,81.94,82.83,1555699066,0.0061822833914492,0.3345494031416983,1.8807591963591262e-06,False,False
MLP-Giant,12,72,82.59,82.94,1630347254,0.027792650741244772,0.2612227396965313,2.121409323557524e-05,False,False
MLP-Giant,12,73,77.13,76.83,2069100256,0.0006435903959979756,0.43156626191291886,0.0008569245783819128,False,False
MLP-Giant,12,74,64.85,65.52,84439203,0.00013836204422693418,0.45120252590860177,0.004028214945891107,False,False
MLP-Giant,12,75,81.01,81.99,1157865268,0.0023018710754621014,0.16950704406274172,7.856746628347504e-05,False,False
MLP-Giant,12,76,79.05,78.53,721358833,0.0013066921905700195,0.1311626033077696,0.001112664612498382,False,False
MLP-Giant,12,77,69.33,70.16,1372734368,0.00044926028549277877,0.0,0.009633048319011083,False,False
MLP-Giant,12,78,69.48,70.52,1988401361,0.015715384152557747,0.0,0.002281211618810894,False,False
MLP-Giant,12,79,82.79,83.53,1268788737,0.01699718187378585,0.1375916574648421,0.00013238583066232227,False,False
MLP-Giant,12,80,72.54,73.25,625877890,0.000273064523639886,0.19331770908249835,5.581334657359676e-06,False,False
MLP-Giant,12,81,81.37,81.39,2124095237,0.019804522660087993,0.2249194369075939,0.0009930143317336748,False,False
MLP-Giant,12,82,79.29,79.8,1279330466,0.017166158703680417,0.3256882592889709,0.0011276153466060843,False,False
MLP-Giant,12,83,73.09,73.7,228081916,0.000597706090545836,0.37073548426238445,0.0056477731496077125,False,False
MLP-Giant,12,84,80.56,81.28,1575651556,0.0016809501386540263,0.13836990557869372,5.42548210998462e-06,False,False
MLP-Giant,12,85,79.97,81.03,136429652,0.012652482031319497,0.0,0.0006511144097394046,False,False
MLP-Giant,12,86,68.59,68.53,1284087833,0.00014966449959595668,0.32388017049804774,0.00016804085735880033,False,False
MLP-Giant,12,87,81.46,82.7,1015612140,0.0031847974160199486,0.11502780482195707,6.332920030892903e-06,False,False
MLP-Giant,12,88,55.08,55.04,940041629,0.027056128659697094,0.0,0.006891262488208259,False,False
MLP-Giant,12,89,78.71,79.29,1860940273,0.01873556940159773,0.0,1.7005483671328107e-05,False,False
MLP-Giant,12,90,78.53,79.0,1626993749,0.060353767602958595,0.12325710583454838,3.011514682441377e-05,False,False
MLP-Giant,12,91,81.93,82.89,1508269272,0.0038398641935425003,0.0,2.855195793004175e-05,False,False
MLP-Giant,12,92,68.33,69.44,2064297617,0.0002528914553041052,0.22349933187503812,0.0036509705970995026,False,False
MLP-Giant,12,93,80.41,81.02,1768767244,0.010981649363395182,0.10809890615911247,0.001866135237098383,False,False
MLP-Giant,12,94,64.79,65.65,833944978,0.07015174737479507,0.4190339708511253,0.005821782598146655,False,False
MLP-Giant,12,95,80.49,81.04,664820802,0.001495529284114855,0.42348497971527616,1.146569138850616e-06,False,False
MLP-Giant,12,96,71.26,72.57,466109706,0.025143032216859963,0.11712641468921763,0.006348606348774121,False,False
MLP-Giant,12,97,76.99,77.73,1019316530,0.00114113895063594,0.35889515747183515,0.001263381887139506,False,False
MLP-Giant,12,98,68.11,69.66,534219050,0.00016003881939649596,0.4173640466589575,3.84132384724809e-06,False,False
MLP-Giant,12,99,80.68,81.41,2118062000,0.052125695105705666,0.12024207724403731,2.877842619975721e-05,False,False
MLP-Giant,13,0,71.68,71.41,1895287742,0.00014124727820050514,0.0,1.7054450990802981e-06,False,False
MLP-Giant,13,1,70.62,70.88,1102055914,0.02003318894564526,0.2474168366673847,0.007517606399965692,False,False
MLP-Giant,13,2,80.74,80.8,1196346207,0.0017260734499569583,0.17508200759163722,1.166027910491591e-05,False,False
MLP-Giant,13,3,69.33,68.64,623228174,0.0002589356243719365,0.40151542913426613,0.005407724840879007,False,False
MLP-Giant,13,4,72.88,72.36,1440336464,0.0001675423050335319,0.0,4.1777862857273895e-05,False,False
MLP-Giant,13,5,79.29,79.56,1619387751,0.009678486678669246,0.0,0.0009454480825852566,False,False
MLP-Giant,13,6,65.84,65.55,445975916,0.00015271843937947774,0.1374238021095062,0.0006432134611139051,False,False
MLP-Giant,13,7,79.04,79.53,879553756,0.00138426356301559,0.3295298245028955,0.00022091941965763148,False,False
MLP-Giant,13,8,70.31,70.12,548976162,0.00010362875855211328,0.0,0.00012240386207317311,False,False
MLP-Giant,13,9,67.4,67.04,1923847346,0.015543347419539397,0.0,0.003115635306205185,False,False
MLP-Giant,13,10,78.36,78.2,1322867752,0.009560961152305796,0.3878476540757152,2.8083649745267773e-06,False,False
MLP-Giant,13,11,74.2,74.06,1365501506,0.0040111217846485175,0.0,0.006108255704377978,False,False
MLP-Giant,13,12,79.28,79.31,1569777015,0.0012933300120413023,0.1700687778154207,1.5179734725746183e-06,False,False
MLP-Giant,13,13,75.35,75.48,1401258600,0.000603857117751662,0.11062901532198517,0.00013616994356607464,False,False
MLP-Giant,13,14,82.36,83.39,530175851,0.0034209077257992787,0.29647289584893594,3.271245646906742e-06,False,False
MLP-Giant,13,15,79.98,80.6,1790496127,0.008899807261958005,0.21306975292303812,5.244033894830368e-05,False,False
MLP-Giant,13,16,75.05,75.08,1494219062,0.047747828318466974,0.0,9.73805254702924e-06,False,False
MLP-Giant,13,17,77.52,77.78,2114843262,0.009978595230089489,0.1968642414440417,0.0029230779620950547,False,False
MLP-Giant,13,18,68.07,67.05,855387761,0.06394152495636794,0.0,7.80330377533389e-06,False,False
MLP-Giant,13,19,69.47,69.67,1953836969,0.00012737691080962784,0.0,0.00357870858902147,False,False
MLP-Giant,13,20,79.0,80.02,2000232862,0.030726088088755467,0.0,3.779251658486649e-06,False,False
MLP-Giant,13,21,80.55,80.62,603058620,0.015530063213431275,0.4584303373731607,0.0009210777377579077,False,False
MLP-Giant,13,22,78.82,78.09,969358996,0.07973222273143271,0.11150822755931943,1.3278996236206057e-05,False,False
MLP-Giant,13,23,68.59,68.44,588465798,0.0001938935318548216,0.12220951503929653,7.055222897500402e-06,False,False
MLP-Giant,13,24,80.17,79.95,2010966683,0.02094845882696231,0.19584581423957326,0.0009975612378871038,False,False
MLP-Giant,13,25,78.44,78.13,1510551248,0.01267044290236897,0.20090610064001804,1.1358338129321407e-05,False,False
MLP-Giant,13,26,79.72,80.03,1488630031,0.006913641665402727,0.0,0.0017837096938707704,False,False
MLP-Giant,13,27,81.51,81.53,827879474,0.004658464341311695,0.0,0.0003520476456817784,False,False
MLP-Giant,13,28,81.67,82.43,1821817773,0.0022420066958735094,0.23023752710072368,1.7268150884853986e-05,False,False
MLP-Giant,13,29,82.67,82.79,1770423092,0.005792357352404365,0.21206669351919932,6.957651872408357e-05,False,False
MLP-Giant,13,30,82.81,82.63,518050130,0.002862061503187447,0.0,0.0006017694169107523,False,False
MLP-Giant,13,31,80.08,79.73,1149434157,0.022891931586993274,0.0,1.144243844811057e-06,False,False
MLP-Giant,13,32,78.15,78.04,1535915769,0.008637692323925672,0.11712417727409632,1.6818867955871298e-06,False,False
MLP-Giant,13,33,65.12,64.38,2069352485,0.0001256756364142149,0.16409202252148575,1.170529652762633e-06,False,False
MLP-Giant,13,34,73.39,72.81,843984514,0.0001552693517293534,0.0,9.09772159795271e-05,False,False
MLP-Giant,13,35,83.59,83.55,552755014,0.03779918368262348,0.42868201880127166,0.00024768715585644566,False,False
MLP-Giant,13,36,80.91,80.93,1192466704,0.09174475933420086,0.3591224323146051,1.1027686065998098e-06,False,False
MLP-Giant,13,37,62.79,62.9,283204922,0.00010416132262515556,0.10522376294969828,1.3913357362330888e-06,False,False
MLP-Giant,13,38,72.11,71.68,1407595134,0.0002092150007765007,0.4507908977965389,4.1554333905554704e-05,False,False
MLP-Giant,13,39,66.57,66.5,1535335435,0.00014852956893309354,0.3152225825549703,1.7362235692912535e-05,False,False
MLP-Giant,13,40,76.75,76.27,1264715087,0.0007024058329168331,0.27178171102406934,1.3339223842251398e-05,False,False
MLP-Giant,13,41,74.82,74.34,423865978,0.0004878215812418157,0.1676026532456629,0.001072961634739071,False,False
MLP-Giant,13,42,62.43,62.11,338007782,0.06070808325352229,0.24177188345148012,0.009529773592449206,False,False
MLP-Giant,13,43,80.33,80.99,2000431215,0.028191924877497027,0.1923743528957989,6.545277485979717e-06,False,False
MLP-Giant,13,44,71.95,72.04,515828963,0.002615394676794743,0.14456483930654912,0.009764484013671658,False,False
MLP-Giant,13,45,60.93,62.1,777654747,0.06835106315041242,0.0,2.3857008554281134e-06,False,False
MLP-Giant,13,46,76.49,76.38,1103215809,0.0006024983477659856,0.0,1.4579177133517902e-06,False,False
MLP-Giant,13,47,82.0,82.37,2109523569,0.00419533602748347,0.33494361159755276,0.00023581468402807037,False,False
MLP-Giant,13,48,79.5,79.63,304624135,0.0012295939497205634,0.25205156626437697,2.0097437887158493e-05,False,False
MLP-Giant,13,49,76.8,77.02,548869294,0.0005924689330413529,0.0,2.4990339840382373e-05,False,False
MLP-Giant,13,50,81.8,81.97,1524103060,0.006843052332310909,0.1094196374593072,2.541726533702074e-06,False,False
MLP-Giant,13,51,78.71,78.21,1565536289,0.0010330385437180038,0.281088965742605,0.0002014878304611088,False,False
MLP-Giant,13,52,72.27,72.12,1958238455,0.0003259902854548918,0.1067302966506331,1.4489228573062179e-06,False,False
MLP-Giant,13,53,76.83,76.83,1114154930,0.0007593867383258521,0.12569552339546197,0.000633431860593041,False,False
MLP-Giant,13,54,83.64,83.78,2003838089,0.08179042928194798,0.35985563567213164,3.922959628573386e-05,True,True
MLP-Giant,13,55,82.15,81.41,562811414,0.01275673856644167,0.16627482057830323,0.0004692414344271837,False,False
MLP-Giant,13,56,80.93,80.87,1468279931,0.0016428908928749779,0.0,5.892661952561024e-05,False,False
MLP-Giant,13,57,77.72,77.49,1485921652,0.0012350300034585661,0.0,1.4436219793929576e-05,False,False
MLP-Giant,13,58,79.04,79.15,1606288548,0.012572248173264236,0.13338441192384368,1.2269901238047795e-05,False,False
MLP-Giant,13,59,80.05,80.09,1423964246,0.01367200561947659,0.1721121041962369,2.224861773390123e-06,False,False
MLP-Giant,13,60,80.11,80.34,1337843442,0.01619691992194501,0.3834784773647154,3.09961826016905e-06,False,False
MLP-Giant,13,61,81.96,81.79,472106208,0.0016819115150596168,0.0,0.000246254827462438,False,False
MLP-Giant,13,62,82.9,82.71,1416229366,0.006473131238559673,0.0,0.0005451191220198077,False,False
MLP-Giant,13,63,66.4,65.72,1280802324,0.00014061807569625286,0.26558412967954087,5.174967052043233e-05,False,False
MLP-Giant,13,64,78.52,78.8,1590724863,0.03503859232766482,0.0,2.1986551744796843e-05,False,False
MLP-Giant,13,65,80.2,80.02,1999168816,0.03540476057623363,0.10550345735656229,0.002568358297654518,False,False
MLP-Giant,13,66,80.15,80.18,496079221,0.002266143224361982,0.1828799150584066,0.0006940461937288453,False,False
MLP-Giant,13,67,81.81,82.01,34580255,0.01075175035403291,0.0,3.1397449373463046e-05,False,False
MLP-Giant,13,68,80.07,80.62,1355973765,0.03541754800116209,0.16014188629639284,3.2276680740059805e-06,False,False
MLP-Giant,13,69,74.69,74.9,333747066,0.0004055590810866274,0.332411467372208,1.3461987151558232e-06,False,False
MLP-Giant,13,70,80.27,79.5,1874443039,0.034850731918295644,0.3884892156336567,6.950306756009038e-06,False,False
MLP-Giant,13,71,71.84,71.97,446081323,0.0002114456621654665,0.4273031770178613,1.3780897800809e-06,False,False
MLP-Giant,13,72,79.61,79.99,1993430463,0.0013542274196798685,0.0,0.00011480455195354402,False,False
MLP-Giant,13,73,81.42,81.21,350244451,0.0066455260590687045,0.38589060089851523,3.111580723349365e-05,False,False
MLP-Giant,13,74,78.49,79.08,2050383681,0.00878050256201294,0.21491509995019156,0.0021442073954562432,False,False
MLP-Giant,13,75,67.26,67.14,100209617,0.00013029052136369386,0.4535295217021614,0.0003280651631584198,False,False
MLP-Giant,13,76,69.85,69.69,1547538425,0.0003507233669009994,0.0,0.00812157469410669,False,False
MLP-Giant,13,77,70.78,70.49,309208055,0.031170077329468127,0.11762583067079603,0.007240517622120244,False,False
MLP-Giant,13,78,74.36,73.24,1479619254,0.00044827122333078266,0.12173564076304226,7.69707401298169e-06,False,False
MLP-Giant,13,79,72.73,73.03,1590314123,0.0496304534086092,0.0,2.6897492710774978e-05,False,False
MLP-Giant,13,80,77.68,77.81,898801168,0.0008304626824142468,0.1105473156072557,0.0009280151058088295,False,False
MLP-Giant,13,81,81.98,81.97,1830790501,0.00697341633823268,0.21045514370953586,1.2060144836104628e-05,False,False
MLP-Giant,13,82,80.87,80.91,270227462,0.0021627387046053406,0.27929211137359433,0.00025473525835799474,False,False
MLP-Giant,13,83,80.15,80.35,1374090182,0.054153716691278365,0.3702929727723272,6.485955772134502e-06,False,False
MLP-Giant,13,84,65.15,65.27,728618116,0.060273324348483,0.0,5.8186090834986595e-05,False,False
MLP-Giant,13,85,78.36,78.85,1521125661,0.06997252075874313,0.1593668535521795,1.2013137618082063e-06,False,False
MLP-Giant,13,86,82.2,81.92,1046052611,0.00926334948670378,0.0,1.1328130488127498e-06,False,False
MLP-Giant,13,87,70.09,69.75,1384244782,0.0005227557137806836,0.26664021753133393,0.007756328014892799,False,False
MLP-Giant,13,88,81.53,81.42,1713755994,0.0109631250353735,0.4346050894276991,0.0007766089481731735,False,False
MLP-Giant,13,89,73.6,73.27,540089375,0.00027974195952008444,0.45832347637490156,2.032999129564375e-05,False,False
MLP-Giant,13,90,77.64,77.59,423644570,0.09912361365010446,0.10196285632970191,4.109869002008336e-06,False,False
MLP-Giant,13,91,81.88,81.71,997475587,0.0060898393635927875,0.0,8.882067526386762e-06,False,False
MLP-Giant,13,92,77.38,77.56,1688328067,0.0008015118963718501,0.1765228418488053,3.459802601386833e-05,False,False
MLP-Giant,13,93,81.05,80.55,1087101160,0.0015570399862498544,0.17716230149137585,5.707885610073618e-06,False,False
MLP-Giant,13,94,78.0,78.16,300351517,0.014055757078960307,0.4469197909978014,6.912918685360606e-06,False,False
MLP-Giant,13,95,67.34,68.52,2085954196,0.010869896865472788,0.0,0.004491860333076299,False,False
MLP-Giant,13,96,82.81,83.7,1601463167,0.06088627612140903,0.4194459111994666,5.5027678124646815e-05,False,False
MLP-Giant,13,97,78.5,78.84,500213652,0.001334859709685426,0.22811312020939542,0.0019059230405179593,False,False
MLP-Giant,13,98,81.41,81.31,508444535,0.0020020461878249864,0.263457304384266,2.934140659537527e-05,False,False
MLP-Giant,13,99,80.25,80.56,56898361,0.05095089662239928,0.4419200227653028,0.0003797854830556571,False,False
MLP-Giant,14,0,77.3,77.88,942543424,0.0007500519366656974,0.1390285039346303,1.6717890399241794e-05,False,False
MLP-Giant,14,1,68.02,68.25,43380514,0.00017070924222902705,0.15803099556094813,2.5914520588720965e-05,False,False
MLP-Giant,14,2,67.37,67.75,407372473,0.06454377272196529,0.0,1.3244530034611161e-06,False,False
MLP-Giant,14,3,79.7,79.32,2006976417,0.002508968571744583,0.0,0.0013086828303427106,False,False
MLP-Giant,14,4,69.09,69.22,332936466,0.0001517019226156312,0.38990213257272793,0.0001259143883156326,False,False
MLP-Giant,14,5,79.28,79.78,837132837,0.0016854152767306182,0.16961671052851995,0.0026888617900847804,False,False
MLP-Giant,14,6,77.97,78.46,1166746241,0.0010325081687143918,0.0,1.4296094191362633e-05,False,False
MLP-Giant,14,7,80.07,78.78,296435149,0.09367302042758303,0.20468435495504778,2.098214419094278e-05,False,False
MLP-Giant,14,8,77.68,77.96,973470636,0.01822378638474916,0.18252657244217288,0.0020230759424784512,False,False
MLP-Giant,14,9,76.45,76.81,2026698921,0.0007674378865564061,0.25738903464435386,0.0012307419778637611,False,False
MLP-Giant,14,10,78.83,79.35,1948508086,0.0014805691990745894,0.38837208264269446,0.0002290824097075326,False,False
MLP-Giant,14,11,71.18,70.93,1548620660,0.06231648167799063,0.0,2.6954333153299463e-06,False,False
MLP-Giant,14,12,77.16,77.69,1316358815,0.0008853995738508946,0.2630119898627994,0.0008664474085281629,False,False
MLP-Giant,14,13,74.69,75.05,1968653942,0.012355222177803164,0.4796121013617096,0.003021161039436559,False,False
MLP-Giant,14,14,82.43,82.07,957057555,0.002476655600239277,0.0,1.1895566782690373e-06,False,False
MLP-Giant,14,15,72.94,73.84,679951556,0.0005712497554926336,0.3079134296152349,0.0041947299087251345,False,False
MLP-Giant,14,16,78.07,78.36,1253776483,0.0010804673940986232,0.219624680063528,0.0002884151018404983,False,False
MLP-Giant,14,17,64.75,66.02,819923946,0.0001243282831790331,0.21972096871776398,0.0002538678132634443,False,False
MLP-Giant,14,18,64.38,65.32,1133173694,0.00013279645503363284,0.16791269961436356,0.00011079971649726994,False,False
MLP-Giant,14,19,82.49,82.09,399087202,0.008129511316884868,0.3869609477932583,2.8959504526856808e-05,False,False
MLP-Giant,14,20,81.3,81.37,294447662,0.002236779417073105,0.15300056370366957,0.0002457231494696842,False,False
MLP-Giant,14,21,82.82,82.62,2089596690,0.0020831922365337073,0.0,7.620936339150419e-05,False,False
MLP-Giant,14,22,64.7,64.98,1244134749,0.00019810697377817808,0.28428118068710667,0.006901856828735432,False,False
MLP-Giant,14,23,81.36,81.47,1119685922,0.013022478282064693,0.17441250757494411,5.826465051103548e-06,False,False
MLP-Giant,14,24,82.88,82.83,281788940,0.0039208447961232564,0.43887651494812,1.5022817062403598e-05,False,False
MLP-Giant,14,25,70.74,71.22,165795365,0.050396896254085014,0.0,1.444920678159701e-06,False,False
MLP-Giant,14,26,73.36,73.88,243029823,0.0002886197977635627,0.0,2.2213987692409396e-05,False,False
MLP-Giant,14,27,82.75,82.58,1425675451,0.0024782252251409607,0.0,0.0003723950535194885,False,False
MLP-Giant,14,28,80.48,80.49,989507552,0.0027115901983831795,0.0,1.550987748337694e-05,False,False
MLP-Giant,14,29,73.4,74.01,2146436838,0.0002513671387650073,0.0,0.00012270225864510198,False,False
MLP-Giant,14,30,81.14,81.13,58954023,0.06546675739896748,0.20886755695285877,9.028215496646563e-06,False,False
MLP-Giant,14,31,79.39,79.94,1629079978,0.03284038024177369,0.26676248618695914,1.2681173842807231e-05,False,False
MLP-Giant,14,32,53.51,54.09,152973997,0.04104143112517942,0.0,0.0032119956704955116,False,False
MLP-Giant,14,33,74.16,74.93,1875275084,0.00034662225459582445,0.0,0.0012565533954876115,False,False
MLP-Giant,14,34,82.09,81.6,1997193322,0.006396002543887119,0.2301343743047023,0.0006640981840805031,False,False
MLP-Giant,14,35,72.46,72.9,1456211148,0.0003242771056073099,0.14059153508057556,0.00012255809954848283,False,False
MLP-Giant,14,36,73.27,73.0,598906338,0.03056019173252166,0.0,0.00022808313341014216,False,False
MLP-Giant,14,37,80.08,79.85,957608452,0.0013831641168716728,0.0,1.4367548189442814e-05,False,False
MLP-Giant,14,38,73.62,74.31,1790313469,0.00030575457762727754,0.2825941621826915,0.00019644487539299945,False,False
MLP-Giant,14,39,76.3,76.43,823036952,0.038383962489938334,0.0,8.472719846346709e-05,False,False
MLP-Giant,14,40,81.62,81.66,1853639563,0.007790901507634594,0.2359300626418247,1.8789398234008216e-06,False,False
MLP-Giant,14,41,75.03,75.83,1799666629,0.0005818968408858488,0.26114554908323767,0.0002099966625187566,False,False
MLP-Giant,14,42,73.22,73.98,813782088,0.00023511501363580566,0.0,0.00013655416240347773,False,False
MLP-Giant,14,43,74.63,75.38,1114895931,0.0005206267299874424,0.333811589476612,0.0004587904109781389,False,False
MLP-Giant,14,44,78.16,78.03,111119146,0.0009721212826397734,0.10180099266471024,1.7117071023565154e-05,False,False
MLP-Giant,14,45,82.5,82.27,1814940361,0.0017194293061750195,0.0,4.3734138585282625e-05,False,False
MLP-Giant,14,46,70.79,71.26,277229002,0.00021244288149333945,0.3453175992069384,0.00021128967521997908,False,False
MLP-Giant,14,47,82.65,82.31,1871138962,0.02639064557937658,0.19379071071184675,4.6356081027300925e-05,False,False
MLP-Giant,14,48,77.11,76.87,286621551,0.026413160322846723,0.0,0.00012665318165204598,False,False
MLP-Giant,14,49,80.38,80.49,1946314100,0.04079221154734474,0.38355737086143993,1.2168475552666548e-06,False,False
MLP-Giant,14,50,81.05,81.04,1918068312,0.0022660496902702156,0.23886790458101897,8.543837025945771e-05,False,False
MLP-Giant,14,51,81.97,82.14,1173784813,0.007488773937523735,0.48414516769633104,4.544427981416743e-06,False,False
MLP-Giant,14,52,82.67,83.01,695022707,0.01224115574256215,0.17961504538496595,0.00043452117664745995,False,False
MLP-Giant,14,53,83.52,83.27,1427561736,0.018968729992870265,0.31336487199255525,0.000353482391484773,False,False
MLP-Giant,14,54,76.38,77.04,1061532546,0.0006265497604187543,0.0,1.0789244251040088e-06,False,False
MLP-Giant,14,55,80.5,80.87,1586135700,0.049619972565547316,0.28055456196807194,1.97655148275196e-06,False,False
MLP-Giant,14,56,79.35,80.26,1955971533,0.00788313402876572,0.0,0.0012118453674331315,False,False
MLP-Giant,14,57,76.39,76.85,608753481,0.000681227335325391,0.15041810819936818,8.273320593988917e-06,False,False
MLP-Giant,14,58,71.38,72.04,1439121321,0.023226271019844348,0.0,0.0010316303163070994,False,False
MLP-Giant,14,59,70.98,71.96,760480389,0.0007063766477006772,0.40634954681076385,0.007872734969914714,False,False
MLP-Giant,14,60,79.12,78.75,43211801,0.0028461147999176645,0.0,0.003936911939257261,False,False
MLP-Giant,14,61,79.53,79.37,1461288691,0.0012993130810155917,0.1032465779355367,5.230415287247393e-06,False,False
MLP-Giant,14,62,69.85,71.03,1468229152,0.00023354997037078462,0.10058479661721213,0.00011246338907887247,False,False
MLP-Giant,14,63,80.45,80.53,1417146417,0.07496526550466387,0.2845414762171924,5.167384418729282e-06,False,False
MLP-Giant,14,64,74.8,75.55,255511449,0.0004886122002053205,0.21725288856129538,0.00019035169636225018,False,False
MLP-Giant,14,65,71.9,72.29,1155504157,0.0036992384745733434,0.48593836493891573,0.008764475626008872,False,False
MLP-Giant,14,66,74.36,75.21,552947538,0.00027526641437684537,0.0,0.0002449640729842608,False,False
MLP-Giant,14,67,76.96,77.03,1241359182,0.0007011660446714427,0.24356081692375742,5.34245384116129e-06,False,False
MLP-Giant,14,68,78.54,78.81,967072344,0.014556898017972943,0.16786597195405406,6.192918168502839e-06,False,False
MLP-Giant,14,69,75.14,75.84,637349252,0.0009260969216160412,0.0,0.0038571150729349466,False,False
MLP-Giant,14,70,79.06,78.63,132621516,0.015393180883044272,0.0,3.770129860889414e-05,False,False
MLP-Giant,14,71,77.53,78.13,60102726,0.0007199703300936128,0.0,0.0003551210183654976,False,False
MLP-Giant,14,72,81.17,81.49,1735991776,0.0542009889356879,0.31487150806455116,2.899357412878633e-06,False,False
MLP-Giant,14,73,81.31,81.58,1425430014,0.001986525452626705,0.24570994330842819,4.3775644731383734e-06,False,False
MLP-Giant,14,74,73.42,74.21,1263114882,0.005495327910821128,0.1190475966194789,0.005446877735286644,False,False
MLP-Giant,14,75,80.14,80.35,418881164,0.00133603848165254,0.127485055044961,2.081663207580824e-06,False,False
MLP-Giant,14,76,80.52,80.85,93463705,0.0038269467879817115,0.0,2.880690138817847e-05,False,False
MLP-Giant,14,77,78.75,79.41,396140422,0.02016488580287393,0.0,3.3471161854882893e-06,False,False
MLP-Giant,14,78,75.57,76.38,1931425640,0.0012758172458991344,0.0,0.00656721509846963,False,False
MLP-Giant,14,79,75.51,75.87,2117427539,0.008611828138211115,0.0,0.0022875261992633808,False,False
MLP-Giant,14,80,81.68,81.91,660873087,0.07223803215805835,0.25096898677708634,1.2236049634300006e-06,False,False
MLP-Giant,14,81,74.89,74.81,1911070188,0.0005312368148678873,0.10497812932569436,0.002403490560823737,False,False
MLP-Giant,14,82,74.7,75.16,546238023,0.00047273590357044726,0.2337767298802157,9.042270188121254e-05,False,False
MLP-Giant,14,83,63.87,64.66,1713771518,0.00011634295399121906,0.20364541175670411,3.212997437861151e-05,False,False
MLP-Giant,14,84,81.01,81.38,28324392,0.002586939176454758,0.40091073247400977,0.00014505773988014235,False,False
MLP-Giant,14,85,55.16,56.15,464738082,0.03763264764154235,0.0,0.0052951854145040856,False,False
MLP-Giant,14,86,75.13,75.38,872804965,0.0006003473323786142,0.12326684570941031,0.001971981248738101,False,False
MLP-Giant,14,87,82.25,82.16,1533601637,0.006007160522650971,0.19988607944865347,0.00026218779407192593,False,False
MLP-Giant,14,88,79.75,80.22,298598491,0.003462589841625966,0.17105273313647923,0.002523192754513896,False,False
MLP-Giant,14,89,80.16,80.56,1720274766,0.0014975437111848142,0.11979458836387234,8.127481302674691e-05,False,False
MLP-Giant,14,90,77.69,78.46,2004089430,0.001547538248549413,0.0,0.0035578061674496598,False,False
MLP-Giant,14,91,83.41,82.92,2008642008,0.005970249552602191,0.33603761329071774,1.3783119438457582e-06,False,False
MLP-Giant,14,92,76.42,77.4,1262500375,0.0006818886598843646,0.24679282930875351,0.0001685994047446868,False,False
MLP-Giant,14,93,83.66,83.75,1115250215,0.007026887514372413,0.4081055735752058,0.00031350512916421047,True,True
MLP-Giant,14,94,63.46,64.39,773520014,0.0933972641704321,0.1576441119492966,0.008062328259940178,False,False
MLP-Giant,14,95,82.55,82.79,154359904,0.0020868608205112217,0.3496947770570867,3.4664179911347847e-06,False,False
MLP-Giant,14,96,73.48,74.01,19152837,0.00040472310468106976,0.23674585382365576,1.942137012203778e-05,False,False
MLP-Giant,14,97,69.69,70.66,1473244141,0.00020065503165005218,0.49908484719633545,0.0015765692955845144,False,False
MLP-Giant,14,98,79.83,79.88,1239036972,0.0010070830051409736,0.0,0.00018130832686325733,False,False
MLP-Giant,14,99,77.67,78.02,2090569589,0.0008195876816544073,0.11375674572775288,3.184978657678478e-05,False,False
MLP-Giant,15,0,79.5,79.49,1861442946,0.004445064393758926,0.4712561254615578,0.0031964165964899925,False,False
MLP-Giant,15,1,73.54,73.64,1336077186,0.05003730312252482,0.1779896516978934,0.003736752064095038,False,False
MLP-Giant,15,2,73.48,74.28,1314919914,0.0003444049494092645,0.0,0.00010686758073609462,False,False
MLP-Giant,15,3,79.76,79.61,475531339,0.053170317426258544,0.10247497444110913,1.0581224687385702e-06,False,False
MLP-Giant,15,4,63.41,63.62,1234407981,0.03265170259425769,0.2533215960703175,0.0077019823886484064,False,False
MLP-Giant,15,5,82.75,83.65,2018781330,0.02587727019656617,0.18577909859798158,0.000113642690477299,False,False
MLP-Giant,15,6,64.52,64.47,915205304,0.00010501998311763491,0.20321273012870456,1.607907761052186e-05,False,False
MLP-Giant,15,7,83.23,82.91,101160750,0.005421275331746915,0.17965388074765537,0.00014099201117270913,False,False
MLP-Giant,15,8,82.59,82.67,301229972,0.0016913297662908967,0.0,7.352359017159827e-05,False,False
MLP-Giant,15,9,79.86,80.04,1644394440,0.01718771587338044,0.26150302379546336,2.6024468075591772e-05,False,False
MLP-Giant,15,10,65.8,66.31,1957793752,0.00011814124378941039,0.237461025436703,7.589563406703738e-05,False,False
MLP-Giant,15,11,63.14,63.62,379473983,0.00010571485349057152,0.15288770663290194,0.0005223101700859844,False,False
MLP-Giant,15,12,81.32,81.75,124764963,0.007690679201328722,0.2215226503485012,2.687770919252019e-06,False,False
MLP-Giant,15,13,78.43,78.35,807513182,0.009373000067684148,0.0,1.5909339175932254e-06,False,False
MLP-Giant,15,14,82.27,82.39,2041577220,0.00277878972667429,0.3849728537060243,1.7546590076847094e-06,False,False
MLP-Giant,15,15,79.86,79.81,1026656372,0.001615904013022025,0.0,1.0946921230135624e-05,False,False
MLP-Giant,15,16,79.63,79.74,1944800639,0.001171677231972146,0.15410583355986057,7.198390247262022e-06,False,False
MLP-Giant,15,17,82.16,81.4,525731322,0.025237904363123034,0.24997452565975603,0.0001769252486688408,False,False
MLP-Giant,15,18,75.46,75.39,797728404,0.0005708095345382867,0.0,3.1604023412913024e-06,False,False
MLP-Giant,15,19,72.58,72.86,959749009,0.00033385307020570275,0.0,0.0013130907966855197,False,False
MLP-Giant,15,20,82.51,82.71,1511501060,0.007516943773954413,0.3660781493457439,2.7197097076000498e-05,False,False
MLP-Giant,15,21,80.38,80.8,1727776646,0.002924812108030902,0.322855745141261,0.0012810531235753547,False,False
MLP-Giant,15,22,77.38,77.21,573498344,0.0007323840396597746,0.3482942604715498,0.0002534728626633731,False,False
MLP-Giant,15,23,83.19,83.39,139706184,0.0036592953682938727,0.23995155759037756,1.1593223175830685e-06,False,False
MLP-Giant,15,24,80.31,80.71,976182774,0.027592094906260394,0.21278368660627367,8.219494944929122e-06,False,False
MLP-Giant,15,25,70.32,70.54,1291978259,0.0001981158633908574,0.219539113638674,1.1141256490649717e-06,False,False
MLP-Giant,15,26,81.99,82.59,1778733125,0.003017601679771691,0.0,0.001313502526992423,False,False
MLP-Giant,15,27,72.93,72.64,1398550429,0.0002758052035589472,0.44712833387958184,0.0014722074903973316,False,False
MLP-Giant,15,28,77.41,76.71,1223541211,0.036417216098274884,0.1623881473937722,0.0032124018060133938,False,False
MLP-Giant,15,29,82.26,81.11,269653586,0.06681207403592142,0.3345164813293936,1.3173855724920038e-06,False,False
MLP-Giant,15,30,83.59,83.65,2090802053,0.0032510667764869797,0.0,3.433863776024581e-05,False,False
MLP-Giant,15,31,65.01,65.33,707941084,0.00014963962347247744,0.15572829687683828,1.097613585855519e-05,False,False
MLP-Giant,15,32,78.96,79.02,1769293278,0.0013240323987522297,0.2334217218722021,0.0006674687131175481,False,False
MLP-Giant,15,33,74.21,73.62,2004788611,0.0004041120099967684,0.45779692682651735,2.9392416952469854e-05,False,False
MLP-Giant,15,34,78.71,78.9,2087281535,0.0036001625775345532,0.0,0.00014810550836624273,False,False
MLP-Giant,15,35,80.66,81.12,1961316490,0.047750922200944845,0.14520250728731363,1.8585117320676456e-06,False,False
MLP-Giant,15,36,77.32,76.97,320747562,0.011621076126544911,0.17855006377410024,0.0032214577079201652,False,False
MLP-Giant,15,37,78.79,78.58,1015861823,0.07915213320956445,0.11599524570656736,1.939176373348671e-05,False,False
MLP-Giant,15,38,73.53,73.69,853691927,0.003894268908515429,0.22173737024796025,0.007788564648938353,False,False
MLP-Giant,15,39,81.63,81.47,1126323275,0.07406017282990815,0.24935601582603878,0.0010625431235279678,False,False
MLP-Giant,15,40,81.17,81.83,285908809,0.014060126250612547,0.21183924990672512,0.000587295266333405,False,False
MLP-Giant,15,41,74.8,74.64,1623548616,0.0004264246799293837,0.2506625488619374,1.3605599569351576e-06,False,False
MLP-Giant,15,42,81.84,81.99,1806310703,0.014251193365218857,0.2062875242739201,0.0003110104137841281,False,False
MLP-Giant,15,43,81.21,81.78,1719311905,0.002001054825947306,0.12368817371534152,0.00017631659745649526,False,False
MLP-Giant,15,44,75.61,75.99,208711880,0.013227093263222307,0.0,0.0005546331162689787,False,False
MLP-Giant,15,45,72.85,73.24,1992094684,0.0002993732927558174,0.24657679506067318,0.0006057702233074091,False,False
MLP-Giant,15,46,84.09,84.87,1552923639,0.021632810035892514,0.48037872140079607,8.284960144446653e-05,True,True
MLP-Giant,15,47,75.73,75.62,1206912606,0.0005807010403872982,0.46071578865623247,0.00046478002289767234,False,False
MLP-Giant,15,48,75.37,75.28,1812822098,0.0011844244092250329,0.0,1.8785887475577308e-05,False,False
MLP-Giant,15,49,73.07,72.94,1802366768,0.00030741302066138214,0.11167988127531801,1.249342962732595e-05,False,False
MLP-Giant,15,50,68.3,67.78,1626663255,0.0001645718827375583,0.43253196655747406,0.0018338873910093828,False,False
MLP-Giant,15,51,65.55,65.74,274307620,0.0001567823016545997,0.10234263352651068,3.4790798894699344e-06,False,False
MLP-Giant,15,52,71.02,70.44,1343354565,0.007315764019545772,0.2905205417017776,0.008946330386811625,False,False
MLP-Giant,15,53,81.56,82.14,828605246,0.01274581190488957,0.28640367071098977,0.000517180434854115,False,False
MLP-Giant,15,54,81.85,82.07,1719722239,0.08211630570053828,0.4081803850391013,6.673733407126057e-05,False,False
MLP-Giant,15,55,79.26,78.68,2118564786,0.0018594525470543742,0.18888716803941788,0.002309310561411288,False,False
MLP-Giant,15,56,79.93,80.65,767827441,0.0016771817243782675,0.0,0.0013438863380438894,False,False
MLP-Giant,15,57,79.12,79.44,1240162445,0.0952405558285375,0.36773214623397477,5.0762428263460386e-05,False,False
MLP-Giant,15,58,78.03,77.76,1975835213,0.08119076470311476,0.4511223423243994,1.583649032612517e-06,False,False
MLP-Giant,15,59,75.16,73.94,1458638423,0.0006497915923123397,0.14379653304215803,0.005085895675033872,False,False
MLP-Giant,15,60,80.38,80.23,232446430,0.03071529419760458,0.262609866548505,1.265837274291597e-06,False,False
MLP-Giant,15,61,66.61,66.08,1976532513,0.0001895835721573425,0.25881598370420866,0.003767921315360396,False,False
MLP-Giant,15,62,79.5,79.0,1094914939,0.0021739725791110782,0.0,0.0007417316861152574,False,False
MLP-Giant,15,63,81.41,82.09,578379698,0.0014341908864179032,0.0,0.00035801912091419077,False,False
MLP-Giant,15,64,80.11,79.12,154773456,0.035271556731992115,0.20374144808780142,0.001251978310890319,False,False
MLP-Giant,15,65,81.43,81.72,1114072633,0.010087653496449479,0.0,0.0008133153736061829,False,False
MLP-Giant,15,66,79.65,79.87,757885095,0.0015080876061953658,0.12348393682994453,5.347052957713151e-06,False,False
MLP-Giant,15,67,78.07,78.04,360556096,0.0021241365728459655,0.27003702021585174,0.005166756675041811,False,False
MLP-Giant,15,68,72.18,72.36,74475913,0.009535939344039717,0.19893101872724997,0.006204687745481974,False,False
MLP-Giant,15,69,79.55,79.76,608972327,0.0013339756704133696,0.4485036549683911,3.4926761921039183e-06,False,False
MLP-Giant,15,70,74.36,74.39,232776820,0.00031265409344534276,0.0,1.8929343930198033e-05,False,False
MLP-Giant,15,71,71.11,71.11,1551052786,0.00010210491087279091,0.0,4.028134093691267e-06,False,False
MLP-Giant,15,72,81.77,81.4,169316047,0.02803541879010858,0.4631144430820336,1.6223295633117281e-06,False,False
MLP-Giant,15,73,80.76,81.12,1947046301,0.006788526232206382,0.3813676092868024,0.001413581920247262,False,False
MLP-Giant,15,74,79.12,79.18,586247131,0.0010484670790067133,0.2707415961435694,1.9896487159782017e-06,False,False
MLP-Giant,15,75,80.99,80.81,1645657148,0.07241362536434753,0.20317719041496551,4.4665173345813445e-05,False,False
MLP-Giant,15,76,69.82,69.6,1783333132,0.0001721782266523108,0.470593839870697,0.0010344679706979698,False,False
MLP-Giant,15,77,75.16,75.2,1642473939,0.000609436175252557,0.38329334262382614,0.002933811972531052,False,False
MLP-Giant,15,78,64.43,65.3,2137570623,0.037781985308409156,0.30566278772185285,0.00674046330524463,False,False
MLP-Giant,15,79,79.5,80.12,1832828457,0.025957551914211265,0.4861625330025638,4.058532714728081e-06,False,False
MLP-Giant,15,80,81.32,81.39,1254175360,0.007368633304069756,0.150074443580189,5.664139988955668e-06,False,False
MLP-Giant,15,81,77.92,77.83,1582648540,0.01586643563406971,0.0,2.7313729288635494e-05,False,False
MLP-Giant,15,82,72.74,72.85,945274452,0.00027853851437015535,0.3715629448019612,3.397738564410374e-05,False,False
MLP-Giant,15,83,79.99,80.35,749587296,0.019544958219406456,0.4089773307050576,7.12466376932913e-06,False,False
MLP-Giant,15,84,64.62,64.8,1177870355,0.07072542120371542,0.0,1.9289971359272833e-05,False,False
MLP-Giant,15,85,80.82,81.25,1706837690,0.0055346837104075595,0.2746228436119321,0.0011135522645399577,False,False
MLP-Giant,15,86,78.36,78.09,29819352,0.008855367514666816,0.0,0.0016572878958567776,False,False
MLP-Giant,15,87,78.33,78.17,339063746,0.0009265946236041791,0.0,4.892114222267223e-06,False,False
MLP-Giant,15,88,76.23,76.1,21644511,0.000536916024055037,0.20792531112549212,0.00013351241101536532,False,False
MLP-Giant,15,89,77.15,76.25,1530919810,0.0006660364950418752,0.15166323432522263,0.0005755166199129288,False,False
MLP-Giant,15,90,79.97,80.06,1201475694,0.017231840615828335,0.11220869476559499,0.001112770566611162,False,False
MLP-Giant,15,91,71.32,71.17,843096495,0.00025647300391920986,0.1318697613377013,0.000499155899978423,False,False
MLP-Giant,15,92,75.62,75.9,2000876490,0.007040319566314934,0.0,0.0027092699275081318,False,False
MLP-Giant,15,93,78.94,78.86,439331960,0.0007877907790042733,0.0,1.566148839573008e-05,False,False
MLP-Giant,15,94,79.02,78.59,1464719402,0.0010605466812721187,0.17275494842707675,1.4370560274705819e-05,False,False
MLP-Giant,15,95,82.67,82.78,1348637096,0.03129134160513937,0.13259156677118364,2.6721748166903207e-05,False,False
MLP-Giant,15,96,75.11,74.98,912218639,0.0004464211547291187,0.15628936050487496,6.050272778261052e-06,False,False
MLP-Giant,15,97,67.96,67.02,1304016737,0.00018176480053096127,0.15504728329779824,6.997410588351438e-06,False,False
MLP-Giant,15,98,80.56,81.23,573362422,0.014716182778825034,0.1870401779397508,1.5589068547369255e-06,False,False
MLP-Giant,15,99,78.49,78.1,610808222,0.0009600135007119354,0.3405691793658404,0.0003955245557130559,False,False
MLP-Giant,16,0,79.98,80.13,1366087133,0.004469329570760474,0.16030369566825167,0.0022144738124823945,False,False
MLP-Giant,16,1,82.71,82.99,1998733438,0.0029870920268124596,0.13271610341285558,3.420835690786216e-05,False,False
MLP-Giant,16,2,77.14,78.14,2137578785,0.0008415254180410004,0.22930459877244178,1.1928464342219804e-05,False,False
MLP-Giant,16,3,80.27,80.64,967004005,0.006829722905364251,0.0,5.480370187996487e-05,False,False
MLP-Giant,16,4,75.31,75.1,55610955,0.03992200149057623,0.4638462134048246,0.0013057300532711754,False,False
MLP-Giant,16,5,81.37,81.64,831605409,0.03376943338167599,0.33157221920276886,2.1242388843279897e-06,False,False
MLP-Giant,16,6,81.32,81.61,340782737,0.0037506905659801257,0.0,0.0004897455604295757,False,False
MLP-Giant,16,7,78.46,79.7,1336243673,0.014407216721538467,0.0,0.0005575825411807027,False,False
MLP-Giant,16,8,81.74,82.75,226903997,0.006250456954803939,0.3996422516722345,0.0008311958974811579,False,False
MLP-Giant,16,9,75.68,76.06,387652293,0.00043132464299247835,0.0,0.0003590343919446683,False,False
MLP-Giant,16,10,78.31,78.33,585089671,0.028774624413469514,0.0,5.307468825790139e-06,False,False
MLP-Giant,16,11,82.45,83.4,2124008667,0.005513017072056399,0.22037725281542975,3.468104733567703e-06,False,False
MLP-Giant,16,12,82.9,83.21,1875846307,0.004326436408944641,0.11096839936401402,0.000270512380972699,False,False
MLP-Giant,16,13,68.67,69.16,1552915259,0.00014462360842671672,0.4632884804549142,0.00020779685826954436,False,False
MLP-Giant,16,14,78.95,79.46,9762162,0.09269916284215055,0.3987291879050117,4.3509953055629065e-06,False,False
MLP-Giant,16,15,78.75,79.26,26971765,0.0011613127852574388,0.0,0.00013837042517411889,False,False
MLP-Giant,16,16,82.79,83.3,2122120230,0.0042495293400425,0.17994246937222247,4.436547812870079e-06,False,False
MLP-Giant,16,17,78.39,78.66,185926556,0.015795688892482833,0.0,0.0003030769553632199,False,False
MLP-Giant,16,18,74.25,75.14,370793854,0.04806487615962937,0.0,2.336299252769844e-06,False,False
MLP-Giant,16,19,80.51,81.11,942924500,0.0018451401802180624,0.0,3.959548367677367e-05,False,False
MLP-Giant,16,20,78.08,78.03,1327355022,0.0008602709553567312,0.2703618096259659,2.9164863339222575e-05,False,False
MLP-Giant,16,21,71.47,72.51,1581775394,0.0035987260260587194,0.1812280788649375,0.009648327566591801,False,False
MLP-Giant,16,22,75.72,76.2,368452555,0.0005269433314933991,0.0,0.002100961502718648,False,False
MLP-Giant,16,23,72.43,73.58,327435632,0.00022152233681425442,0.0,3.1510428912835534e-06,False,False
MLP-Giant,16,24,70.23,71.16,1032953096,0.0002459780299437195,0.1290285580149483,0.00019368362654386003,False,False
MLP-Giant,16,25,79.54,79.99,816265309,0.013138968438318374,0.43976444558349276,0.001420894570661946,False,False
MLP-Giant,16,26,64.94,66.32,1057826933,0.022146301326713105,0.0,0.002488117597442228,False,False
MLP-Giant,16,27,79.43,80.24,1674894307,0.0013429105342666907,0.23013203603573826,4.065422002672665e-05,False,False
MLP-Giant,16,28,79.05,79.44,2044029191,0.0010905963234478754,0.22579685299111465,6.0022456208265394e-05,False,False
MLP-Giant,16,29,80.78,81.17,696258407,0.0397264993619807,0.31094445375399804,3.31578342844198e-05,False,False
MLP-Giant,16,30,83.15,83.98,1534733163,0.06211980933390294,0.42755574839896743,0.00019597728397913002,False,False
MLP-Giant,16,31,81.06,81.45,195083362,0.0022599171600355124,0.0,8.731756162548389e-05,False,False
MLP-Giant,16,32,78.38,78.86,1010127349,0.0008921161500387553,0.0,7.80174345561159e-05,False,False
MLP-Giant,16,33,81.2,82.06,883037171,0.07226359309484685,0.23673130751362065,1.1477358623925053e-05,False,False
MLP-Giant,16,34,80.26,81.06,1245860966,0.013006127170545778,0.33445810175279983,2.3986621638923406e-05,False,False
MLP-Giant,16,35,80.27,81.19,1611976037,0.002629882280742622,0.0,9.579140356090544e-06,False,False
MLP-Giant,16,36,59.14,58.87,520819021,0.08496646750673409,0.0,5.980170625070198e-05,False,False
MLP-Giant,16,37,74.72,74.83,237345986,0.0004429817134541151,0.15361955271956598,5.1671968440390835e-05,False,False
MLP-Giant,16,38,79.33,79.81,1435085307,0.0012537164666554489,0.4753364837050872,1.7982248706750937e-06,False,False
MLP-Giant,16,39,82.17,83.21,1580604542,0.005985298933965779,0.23000043143443435,1.5635635152317783e-06,False,False
MLP-Giant,16,40,82.44,82.76,1165052494,0.019106795895460483,0.22095070781609788,6.894673409397365e-05,False,False
MLP-Giant,16,41,67.75,68.6,1241146632,0.00035948130474203465,0.17295658430231198,0.006683847122539673,False,False
MLP-Giant,16,42,81.1,81.57,1679981871,0.013957709912564365,0.11262031536305364,2.9465683822984887e-05,False,False
MLP-Giant,16,43,72.74,73.44,834440425,0.00018549111312688075,0.0,1.3183792344678453e-06,False,False
MLP-Giant,16,44,81.37,81.8,1663674954,0.02144193295546552,0.0,2.66875422282375e-05,False,False
MLP-Giant,16,45,75.4,76.07,614632669,0.022866068765118746,0.0,0.000428576143803647,False,False
MLP-Giant,16,46,83.04,83.59,1568619810,0.004445920924807139,0.1643494746758672,4.711767387147257e-06,False,False
MLP-Giant,16,47,80.22,80.45,1345684495,0.0016260641079087288,0.2370937504117994,0.0002306136944313312,False,False
MLP-Giant,16,48,73.12,74.15,1517304853,0.01004305052734872,0.32807619978773955,0.005393517837009547,False,False
MLP-Giant,16,49,81.28,81.44,1383608612,0.0056598112244809,0.2793217831998443,2.3154447925064067e-05,False,False
MLP-Giant,16,50,76.42,77.11,1536302649,0.0007637984890053722,0.305746731247766,5.7706793495571075e-05,False,False
MLP-Giant,16,51,78.16,78.57,1207114960,0.0010043855900704539,0.0,1.1822950492850234e-06,False,False
MLP-Giant,16,52,80.79,81.63,695014728,0.023213527995023676,0.28693997580410935,0.0004530202380419627,False,False
MLP-Giant,16,53,71.83,73.57,691191458,0.00030025427308505296,0.13210104446523113,5.2236141361912896e-06,False,False
MLP-Giant,16,54,80.15,80.76,79896453,0.010955364858914018,0.17987531103855328,1.538929534852638e-05,False,False
MLP-Giant,16,55,80.76,81.71,11574096,0.057603219931213694,0.3313604178773267,0.0007540965526845089,False,False
MLP-Giant,16,56,74.84,75.35,1193256104,0.000491367548990267,0.0,1.1175447108399188e-06,False,False
MLP-Giant,16,57,82.52,82.81,1134322347,0.004144280553917254,0.18971459224512333,7.554980467646364e-06,False,False
MLP-Giant,16,58,65.76,66.87,375391476,0.00016004894335865992,0.15063475726840433,0.0008263118107052462,False,False
MLP-Giant,16,59,80.46,81.1,1468946037,0.0016625128709651226,0.4152512818608174,7.862240281795695e-06,False,False
MLP-Giant,16,60,73.12,73.83,23035222,0.004118824276484838,0.13416512000984726,0.006919614578974184,False,False
MLP-Giant,16,61,82.4,83.1,1471276110,0.008164007916415784,0.3025507717467373,0.00014433251066808657,False,False
MLP-Giant,16,62,72.61,73.1,2139869702,0.0027782642785857607,0.15318349169837875,0.008921679061564488,False,False
MLP-Giant,16,63,82.31,82.06,1187006360,0.006464974989102737,0.4390744877851138,2.1682068688702048e-05,False,False
MLP-Giant,16,64,81.78,82.5,324175971,0.004962966973507488,0.0,1.17351718622877e-06,False,False
MLP-Giant,16,65,83.03,83.6,81582507,0.004311569240281495,0.10039283966134831,0.00012901173177386777,False,False
MLP-Giant,16,66,69.03,70.17,1996334337,0.00018431258603370342,0.22066088383487933,2.7132218104239356e-06,False,False
MLP-Giant,16,67,72.4,73.64,1857646830,0.0003170743218971566,0.16272306741303663,0.0002893923424332245,False,False
MLP-Giant,16,68,81.01,81.84,1817625167,0.033780438142595105,0.1930736923292351,9.67381068108685e-06,False,False
MLP-Giant,16,69,83.28,84.08,1967051067,0.04027051645462654,0.13580978996341794,8.509687947986594e-05,False,False
MLP-Giant,16,70,78.56,79.78,558965555,0.017195559871986586,0.35631309277525636,1.2044178684891498e-06,False,False
MLP-Giant,16,71,73.17,74.16,899803220,0.00027943402522608046,0.0,0.0009003324199352484,False,False
MLP-Giant,16,72,72.56,73.08,505322294,0.0002818577456725367,0.2614627757813601,0.00015198388005228328,False,False
MLP-Giant,16,73,57.26,58.33,1860048453,0.017799773597753386,0.0,0.005263720742332319,False,False
MLP-Giant,16,74,75.87,76.65,971578734,0.0006133210242849627,0.129432988876559,2.1609343429901915e-06,False,False
MLP-Giant,16,75,67.13,68.58,279952333,0.06185677245154699,0.17925921963800634,0.007801526817698453,False,False
MLP-Giant,16,76,81.28,82.12,557737501,0.012602339923135057,0.36382200646001517,0.00024331797648690756,False,False
MLP-Giant,16,77,79.65,80.36,1071910022,0.08623431771208806,0.28298759942064844,1.6143649954399776e-06,False,False
MLP-Giant,16,78,72.27,72.48,1091041924,0.0006220649931359754,0.0,5.882382826494857e-05,False,False
MLP-Giant,16,79,79.57,80.3,1554731659,0.00161170148241005,0.1618845682318743,0.0004525137574219329,False,False
MLP-Giant,16,80,78.69,79.36,647173847,0.0010973489068387397,0.11198161111021726,4.6518911043754645e-06,False,False
MLP-Giant,16,81,79.61,79.79,1864739687,0.03786046494954681,0.40058179616618156,0.0008517597257887538,False,False
MLP-Giant,16,82,74.39,74.89,161595903,0.00037625264063188065,0.10772544018418703,2.9942682287213835e-06,False,False
MLP-Giant,16,83,81.0,81.16,1627215744,0.024869516216256188,0.12924335003766743,3.6950640087936224e-05,False,False
MLP-Giant,16,84,79.68,79.28,828310223,0.017779158374259665,0.0,1.051446566471064e-06,False,False
MLP-Giant,16,85,82.39,82.67,127847040,0.047945960373450155,0.1450485198773474,0.0003163088017634434,False,False
MLP-Giant,16,86,80.66,81.46,634610754,0.008283889224227273,0.0,3.350672623051102e-05,False,False
MLP-Giant,16,87,67.48,68.73,551327017,0.007253698051936874,0.0,0.00756004479076639,False,False
MLP-Giant,16,88,59.66,61.31,2047023860,0.07551349837749757,0.0,0.00012448253910960129,False,False
MLP-Giant,16,89,83.85,84.47,1771873049,0.0036600402333913868,0.0,5.64129640565349e-06,False,False
MLP-Giant,16,90,82.11,82.68,1078106699,0.004871738584947658,0.30959154313238785,1.1051003589847377e-06,False,False
MLP-Giant,16,91,64.25,65.0,339865791,0.00010751367681998791,0.25517247631107665,0.00024371667523380363,False,False
MLP-Giant,16,92,73.34,73.94,1226164108,0.0018195067441995534,0.12454638132935224,0.007822663982054353,False,False
MLP-Giant,16,93,63.11,64.31,958869889,0.00012666099960153158,0.12228252381639294,0.0009432887089471202,False,False
MLP-Giant,16,94,80.73,81.79,1951135763,0.009431138680565181,0.36935013775997705,9.094153600234769e-05,False,False
MLP-Giant,16,95,72.11,72.96,1055637628,0.0014744921478427992,0.21045451613323252,0.00966886072469196,False,False
MLP-Giant,16,96,74.03,74.65,919149953,0.0004126603067445804,0.15852414494873313,5.497359414211705e-06,False,False
MLP-Giant,16,97,84.31,85.02,839963561,0.040207953829326376,0.2335222793042284,0.0001585747683902381,True,True
MLP-Giant,16,98,75.73,76.24,1706499925,0.0006061838060311409,0.28413001186932957,0.0009964852079844754,False,False
MLP-Giant,16,99,75.74,76.65,345134566,0.00048573583749090247,0.0,5.904273295049855e-06,False,False
MLP-Giant,17,0,82.7,83.69,397086385,0.005496250142113528,0.3254323802552359,1.4940376008413365e-06,False,False
MLP-Giant,17,1,79.65,79.01,804325231,0.0011652567653374865,0.30254098933918994,4.577881200701845e-06,False,False
MLP-Giant,17,2,67.08,67.23,1899473986,0.054306246818777416,0.15651757398292404,0.007309717355606631,False,False
MLP-Giant,17,3,82.8,83.6,1024895955,0.002866804349355344,0.1197619733692986,4.7645547192742244e-05,False,False
MLP-Giant,17,4,80.25,80.77,412340662,0.03532438753276566,0.40235172345281034,1.8553812134997856e-06,False,False
MLP-Giant,17,5,72.74,72.91,1598797965,0.009694179068607527,0.29896435291767237,0.0048325087024534,False,False
MLP-Giant,17,6,79.7,79.77,503854424,0.0012658315347184401,0.10209136631454141,0.0003395273099948828,False,False
MLP-Giant,17,7,76.35,76.25,1555264222,0.0005304536049559451,0.10823913422669948,3.976855601241674e-06,False,False
MLP-Giant,17,8,80.08,79.42,829783057,0.001889475298869916,0.267307222504006,0.0016320172958291022,False,False
MLP-Giant,17,9,79.09,79.68,1674208433,0.020980557012862135,0.0,2.4378681743813456e-06,False,False
MLP-Giant,17,10,84.5,84.7,1971713308,0.057344701408036554,0.4850470939595723,3.519138581409901e-05,True,True
MLP-Giant,17,11,78.62,79.12,1363471757,0.024166649589431488,0.1281307519941302,0.002214465625982609,False,False
MLP-Giant,17,12,62.23,63.57,784751942,0.06697370074301737,0.39418574981381055,0.003748108659774883,False,False
MLP-Giant,17,13,79.68,79.4,1874272635,0.0012178008242017284,0.10715288490154068,2.9151535857188944e-06,False,False
MLP-Giant,17,14,74.23,74.4,1302960437,0.000316068842939534,0.0,0.0007382543223165433,False,False
MLP-Giant,17,15,79.52,79.52,565705031,0.08293341227097502,0.26825288573304507,0.002092759295678312,False,False
MLP-Giant,17,16,81.93,81.91,1917500019,0.002748254361065227,0.1344185167264005,0.0005191958038846813,False,False
MLP-Giant,17,17,79.47,79.64,1290865875,0.0015612628294220054,0.0,0.00013118397067888243,False,False
MLP-Giant,17,18,70.37,70.49,520936543,0.00023663303696867772,0.1529071172955995,2.625878872504966e-05,False,False
MLP-Giant,17,19,82.21,82.28,727549226,0.021626882967886625,0.4904608977560982,5.655479449796636e-06,False,False
MLP-Giant,17,20,69.94,69.8,124923356,0.048952021209853765,0.0,8.37290167263256e-05,False,False
MLP-Giant,17,21,74.06,74.45,1565821845,0.00041750518928292845,0.1247915570239881,0.00011859950630471085,False,False
MLP-Giant,17,22,78.67,78.26,723141175,0.07933838153231651,0.11382403408269198,1.3057559535003085e-06,False,False
MLP-Giant,17,23,79.14,78.86,80104315,0.014109341275442139,0.12070644308980392,1.810292809338146e-06,False,False
MLP-Giant,17,24,76.46,75.38,73232441,0.0009730662471300859,0.0,3.750167136216153e-05,False,False
MLP-Giant,17,25,78.65,78.36,1102838257,0.0007212088116245401,0.0,0.00041836424375107787,False,False
MLP-Giant,17,26,69.83,70.46,1246646429,0.00010008317492494626,0.0,0.00010507176104142394,False,False
MLP-Giant,17,27,76.49,76.49,1668976513,0.0004682442132670618,0.0,5.47204935177472e-06,False,False
MLP-Giant,17,28,75.22,75.44,340994041,0.0005516459747304038,0.3000327863250906,0.0014885654641276706,False,False
MLP-Giant,17,29,77.48,77.87,139234268,0.03907628290748568,0.17834850921913623,0.002986072098438338,False,False
MLP-Giant,17,30,73.29,73.61,1327825114,0.0003718549226140182,0.24436096268172036,9.518892530556525e-06,False,False
MLP-Giant,17,31,81.41,81.54,340138876,0.0017821270075073217,0.0,2.396749690058588e-06,False,False
MLP-Giant,17,32,63.39,63.29,1428574107,0.00013102123970314602,0.16585866183868947,0.007190415782599331,False,False
MLP-Giant,17,33,71.42,72.08,858545470,0.00012477378875754705,0.0,1.1610821010855862e-05,False,False
MLP-Giant,17,34,82.83,83.84,1300709042,0.004451688033977122,0.18088997973897086,1.9455803522969972e-05,False,False
MLP-Giant,17,35,67.26,67.78,1416779298,0.00025899865880495994,0.1477452045160415,0.003453011525372849,False,False
MLP-Giant,17,36,82.75,83.37,2144379782,0.004003305386758401,0.13005452912318421,9.090691354745998e-05,False,False
MLP-Giant,17,37,79.68,80.59,1186756920,0.0676978308995409,0.22897204440954338,0.00121528994461847,False,False
MLP-Giant,17,38,80.2,80.28,1235672795,0.02300791262380689,0.10081184174498033,0.0007150184146245424,False,False
MLP-Giant,17,39,74.42,75.11,1123932767,0.00037127566586794494,0.13817881868488907,2.709419170846356e-05,False,False
MLP-Giant,17,40,55.95,56.49,1867478299,0.07456601676676995,0.0,0.00291378041541443,False,False
MLP-Giant,17,41,82.16,83.23,287528143,0.02702550951774209,0.43091270781429697,0.0002419868027743608,False,False
MLP-Giant,17,42,80.39,79.97,931194109,0.09222043802799561,0.3177922984575061,2.5272107764271846e-05,False,False
MLP-Giant,17,43,76.26,76.88,964545729,0.0006442999467519105,0.1065056052169183,0.0007504383058774145,False,False
MLP-Giant,17,44,69.09,69.44,1277456608,0.00016605279148828458,0.4304873171871386,0.0001536746079558128,False,False
MLP-Giant,17,45,64.74,64.75,22511686,0.0001410902742761115,0.13102945248462872,0.00025563198684004423,False,False
MLP-Giant,17,46,78.9,78.9,1694240056,0.07652486821677255,0.3815584366723174,3.197063484122885e-06,False,False
MLP-Giant,17,47,79.33,80.22,1683713843,0.01690799818146788,0.13911650868507133,3.032133546127928e-06,False,False
MLP-Giant,17,48,83.41,83.29,1618272108,0.03143054036866968,0.49545841264435236,2.2871045899200417e-05,False,False
MLP-Giant,17,49,79.11,79.32,1457282913,0.0018899924157340677,0.0,0.003990332723878305,False,False
MLP-Giant,17,50,79.53,79.22,1045473148,0.0009904581677009318,0.2893824852607668,1.1609024714740756e-06,False,False
MLP-Giant,17,51,63.3,63.91,576212413,0.0001078013486840693,0.20504138272544692,9.156425869129966e-06,False,False
MLP-Giant,17,52,80.92,81.53,1118629,0.011159264706398202,0.16013854125234278,0.0010753979003778665,False,False
MLP-Giant,17,53,71.52,72.11,863205744,0.00026535673708798755,0.32893535965911547,3.325850353640139e-05,False,False
MLP-Giant,17,54,78.09,77.86,1407890056,0.018544878555587077,0.10760214034936504,0.0027268943192816776,False,False
MLP-Giant,17,55,70.6,71.25,1536546675,0.0002208964750993233,0.2182545933147445,4.290273124190657e-06,False,False
MLP-Giant,17,56,69.29,68.96,577821871,0.00019743729364141285,0.10832173873571488,3.0392242001157146e-06,False,False
MLP-Giant,17,57,80.65,80.38,1305336072,0.00171814081506426,0.0,6.523095179621313e-05,False,False
MLP-Giant,17,58,65.1,66.1,1870007008,0.0001494925696970927,0.12636814475892136,5.96655920053013e-05,False,False
MLP-Giant,17,59,82.91,82.74,964135543,0.040181963624275376,0.47879064233964536,0.00011881329151623257,False,False
MLP-Giant,17,60,82.02,82.18,1327126619,0.003618837858594317,0.15202606479427558,0.0006894174356914233,False,False
MLP-Giant,17,61,79.81,80.51,580112911,0.02197094132037365,0.11159598816734775,1.0175918812128425e-06,False,False
MLP-Giant,17,62,80.27,80.74,1837685062,0.06586122243127063,0.20452725996665252,2.133696110152579e-05,False,False
MLP-Giant,17,63,82.51,82.62,736245083,0.01218875320626757,0.10077682290244107,0.0007074267483872409,False,False
MLP-Giant,17,64,77.88,78.0,77445858,0.0006269077282345359,0.0,0.0004853889960439631,False,False
MLP-Giant,17,65,73.83,73.86,1511589692,0.038424853289594954,0.0,9.208414629651643e-05,False,False
MLP-Giant,17,66,77.99,78.01,2116346091,0.0006405682245464767,0.0,0.0014253236189193477,False,False
MLP-Giant,17,67,80.95,80.73,330994210,0.01147555422398797,0.17668710745318839,5.0246204900229616e-05,False,False
MLP-Giant,17,68,82.59,82.84,2086920130,0.025316404746416932,0.15612109728361567,0.00016318815313493224,False,False
MLP-Giant,17,69,74.73,74.22,428011502,0.00032114430927031204,0.0,6.640789361166267e-05,False,False
MLP-Giant,17,70,74.9,75.23,1499630604,0.0004497459293721967,0.15914154864360605,2.415589743053045e-05,False,False
MLP-Giant,17,71,81.46,81.92,1906165880,0.0019327629101377577,0.44257032618382525,1.3960361959219016e-05,False,False
MLP-Giant,17,72,83.23,82.74,167623593,0.005502092165642403,0.2759393661574609,1.4658714295660751e-06,False,False
MLP-Giant,17,73,78.39,78.57,1846978270,0.01638273665220265,0.0,4.2813706215353505e-06,False,False
MLP-Giant,17,74,82.37,82.31,484459943,0.006765848612381852,0.0,1.8654975813572003e-06,False,False
MLP-Giant,17,75,75.49,75.54,1499662405,0.0005066955831225823,0.4037524385222938,0.00012813557915309303,False,False
MLP-Giant,17,76,76.37,76.55,462007567,0.0006067849510108224,0.3678221772912014,0.002288995650898932,False,False
MLP-Giant,17,77,83.29,82.89,2129000924,0.0023401499171476817,0.31007217430992834,1.1661284197270366e-06,False,False
MLP-Giant,17,78,70.77,72.08,1519190255,0.00020353967837084952,0.42870393369945553,0.00022446622670296696,False,False
MLP-Giant,17,79,56.93,58.66,1748063633,0.04933240604227376,0.0,0.0011836090258035982,False,False
MLP-Giant,17,80,50.85,52.12,889407990,0.07775771832216499,0.0,0.0032548563658415775,False,False
MLP-Giant,17,81,73.6,73.47,588784302,0.00019177453640598625,0.0,9.213511601113845e-05,False,False
MLP-Giant,17,82,81.95,82.13,453097793,0.024029660600724055,0.12147887692900354,0.0005006241704618828,False,False
MLP-Giant,17,83,80.1,80.01,22174146,0.022967491067545365,0.1982790327509182,1.411384743997859e-05,False,False
MLP-Giant,17,84,74.5,74.49,70650881,0.0002952950862335919,0.0,0.00041094994410084256,False,False
MLP-Giant,17,85,77.59,77.92,1511393359,0.0007174426614887527,0.0,0.00023815286809699543,False,False
MLP-Giant,17,86,83.32,83.66,1399807533,0.0047367830044246105,0.14480358381281164,2.6995791419573134e-05,False,False
MLP-Giant,17,87,79.99,79.93,1852302971,0.03041657085229284,0.0,7.747585948062122e-06,False,False
MLP-Giant,17,88,81.36,81.03,1188489097,0.0025403338058865277,0.4098710307433115,0.00019779382632912807,False,False
MLP-Giant,17,89,81.03,81.58,1901735212,0.02930495664556275,0.2844363646382537,0.00030595516902903616,False,False
MLP-Giant,17,90,51.83,52.76,1266109509,0.04310844852324405,0.0,0.001691269219615726,False,False
MLP-Giant,17,91,79.81,80.51,266050866,0.013868611254048766,0.0,2.9044346672275124e-05,False,False
MLP-Giant,17,92,73.96,74.22,513112899,0.00035014420208671665,0.1291199905409744,1.8837859320227574e-05,False,False
MLP-Giant,17,93,68.3,68.38,2031548664,0.00015939002814547893,0.33657065490643373,3.153881409924214e-05,False,False
MLP-Giant,17,94,70.92,70.79,196184156,0.0007679765877651272,0.0,0.009523299842038034,False,False
MLP-Giant,17,95,75.1,74.37,916830268,0.0002687449869257729,0.0,0.0019777406040777123,False,False
MLP-Giant,17,96,81.73,81.82,802957163,0.005676490066287159,0.4897787624965828,0.0007971426350597864,False,False
MLP-Giant,17,97,63.15,64.29,842037136,0.00010215299629273037,0.2749491909549598,1.5419894753443336e-05,False,False
MLP-Giant,17,98,77.11,77.74,165289316,0.0007908645196738665,0.20059300743634212,0.0002872224903255326,False,False
MLP-Giant,17,99,80.26,80.4,1560954309,0.0031951685935762263,0.30668341908756425,0.001894296166629303,False,False
MLP-Giant,18,0,82.83,82.89,1799741027,0.0319070633761193,0.22142413826211987,0.0002309948723880173,False,False
MLP-Giant,18,1,82.49,82.2,1018304938,0.002469934817656036,0.1032625000112249,2.9599972441449162e-05,False,False
MLP-Giant,18,2,79.05,79.13,547617997,0.013113922588695485,0.0,6.921859464046465e-05,False,False
MLP-Giant,18,3,78.74,79.06,697453282,0.010086516685884298,0.0,3.002755304397881e-06,False,False
MLP-Giant,18,4,83.7,83.4,1918735006,0.003802997906879079,0.0,4.515574629723295e-06,True,False
MLP-Giant,18,5,77.34,77.43,236567728,0.002582808313172432,0.18217540575830346,0.005092191331158985,False,False
MLP-Giant,18,6,80.52,81.23,1449741268,0.008789134311366721,0.42670402231096455,1.883649675893724e-05,False,False
MLP-Giant,18,7,78.15,78.27,570626799,0.0009122211088115657,0.0,1.1133998861210023e-06,False,False
MLP-Giant,18,8,67.77,68.3,1401089951,0.00015430999460371107,0.3319785839513802,0.0001850447004853304,False,False
MLP-Giant,18,9,78.46,78.93,33925822,0.010807374116770546,0.34022548026027066,1.969890065300277e-06,False,False
MLP-Giant,18,10,83.37,83.35,603085585,0.025029372224322523,0.19837175943995272,0.0001261460171834212,False,False
MLP-Giant,18,11,80.93,81.67,221304683,0.009789451574074378,0.0,0.0008028946458727266,False,False
MLP-Giant,18,12,81.67,82.19,1064142203,0.06796881261693836,0.3502990679772227,0.000133838480056211,False,False
MLP-Giant,18,13,83.46,83.97,31511771,0.005067166292298822,0.3143157764607633,1.7033489026722838e-05,False,True
MLP-Giant,18,14,82.72,83.36,1364159956,0.06496175381990632,0.23043487108401073,0.00020807899477154137,False,False
MLP-Giant,18,15,81.15,81.86,1453272051,0.0351423403216877,0.19969653509135854,0.0005527981449048128,False,False
MLP-Giant,18,16,79.82,79.88,405532780,0.02937995809515266,0.1307795051041164,2.2527415150370545e-05,False,False
MLP-Giant,18,17,63.1,63.99,822772284,0.03010829598416753,0.0,0.0008138229858533583,False,False
MLP-Giant,18,18,76.41,76.9,43198214,0.018693272897199333,0.26238196493003885,0.0035937394940849846,False,False
MLP-Giant,18,19,62.66,64.35,1197887173,0.06056945182547889,0.1846068261768097,0.009847716646243834,False,False
MLP-Giant,18,20,82.87,83.23,854571120,0.003898791838072566,0.14344181767438385,1.4352965829486067e-06,False,False
MLP-Giant,18,21,71.23,72.13,1551492896,0.00013758617518305543,0.0,1.353102797934073e-05,False,False
MLP-Giant,18,22,52.91,54.31,939781199,0.058905456652281585,0.0,0.0013934468903883477,False,False
MLP-Giant,18,23,82.66,82.81,1001072336,0.007306219512133989,0.11535823197051115,0.00011145102888577222,False,False
MLP-Giant,18,24,71.18,71.73,1480724394,0.00011143510627978585,0.0,3.19806058190203e-06,False,False
MLP-Giant,18,25,73.08,73.14,1410927811,0.0003617387163203551,0.0,0.0014798004669687682,False,False
MLP-Giant,18,26,51.36,51.7,1015371905,0.07870957124034901,0.0,0.009444763222134606,False,False
MLP-Giant,18,27,76.44,76.66,529248407,0.0006060911941052342,0.11012212650871926,3.6145045375503255e-06,False,False
MLP-Giant,18,28,80.58,80.24,930482251,0.004311909304324575,0.0,3.818742978418853e-06,False,False
MLP-Giant,18,29,81.06,80.86,1562285800,0.037049465065687154,0.21019890085159731,1.6620150664590118e-05,False,False
MLP-Giant,18,30,75.34,76.32,288410217,0.0008371547163096859,0.0,0.005212164002521507,False,False
MLP-Giant,18,31,82.43,82.25,1842630442,0.0024503203806885963,0.16925358613952798,2.957126031949359e-06,False,False
MLP-Giant,18,32,82.72,83.02,82605836,0.008161157646888146,0.16307330828471875,6.82781310998252e-06,False,False
MLP-Giant,18,33,77.22,77.83,1804084287,0.0008238981627998863,0.33114086649630164,1.3395678044092564e-06,False,False
MLP-Giant,18,34,63.08,64.46,194932035,0.00011981851483819088,0.20958184947729747,6.263455580230656e-05,False,False
MLP-Giant,18,35,83.29,83.46,537930826,0.0024501209906359787,0.0,1.1651972956925988e-06,False,False
MLP-Giant,18,36,73.23,74.0,149192248,0.0003642398023288532,0.4557067583645828,0.002383721019722406,False,False
MLP-Giant,18,37,65.27,66.12,1896783410,0.00019550935260270952,0.1301088497524854,0.003666444925073283,False,False
MLP-Giant,18,38,79.79,79.53,939176062,0.034405788995210844,0.0,2.0621854684951714e-06,False,False
MLP-Giant,18,39,76.7,76.71,64028309,0.0009255174256987024,0.22065086951152899,0.0032182025801304774,False,False
MLP-Giant,18,40,75.31,75.92,703114261,0.00044422137009227574,0.12984549285754834,1.3561162899443455e-06,False,False
MLP-Giant,18,41,78.85,78.61,605474061,0.0010401186323178862,0.28675271640525446,0.00033707778674396644,False,False
MLP-Giant,18,42,69.85,70.43,1538968205,0.00011927084030858164,0.0,0.001450141827367358,False,False
MLP-Giant,18,43,79.74,79.71,523569080,0.0012079668877667399,0.15310949562152995,2.0176461150603172e-05,False,False
MLP-Giant,18,44,82.46,83.07,2054640823,0.003293046099739672,0.18342555356332707,2.273609881671096e-06,False,False
MLP-Giant,18,45,71.99,72.29,804864807,0.00015978619560186026,0.0,2.359247293039272e-05,False,False
MLP-Giant,18,46,82.75,83.5,1839956802,0.07455296041385705,0.14242248372222435,0.0012787785573233571,False,False
MLP-Giant,18,47,80.38,81.43,1366326714,0.09116867576903263,0.23532923582882195,8.630104691770438e-05,False,False
MLP-Giant,18,48,78.0,78.48,1621242674,0.05537811590505017,0.22968792545248967,0.0021496139605059455,False,False
MLP-Giant,18,49,73.84,74.16,1639540141,0.0003300405858358167,0.3555022684977692,0.00020333861327456103,False,False
MLP-Giant,18,50,78.98,78.65,880130127,0.0007701210795260729,0.0,0.0010071892468354413,False,False
MLP-Giant,18,51,80.46,81.49,1253223461,0.026362765103484308,0.13245381684312552,0.00013464880696278535,False,False
MLP-Giant,18,52,80.3,80.67,1750633721,0.001207605571865221,0.0,0.00022834460809620418,False,False
MLP-Giant,18,53,76.86,77.03,1136018575,0.0006908063079798642,0.1695017760944676,0.001069795806719573,False,False
MLP-Giant,18,54,80.91,80.84,596744585,0.05231479338644365,0.16647155582885348,2.8091547690949944e-05,False,False
MLP-Giant,18,55,82.74,83.18,1854747417,0.04700711635742238,0.3238511698880266,7.326332838231692e-05,False,False
MLP-Giant,18,56,77.88,78.21,1155161917,0.023914933307965743,0.2963954985576074,0.002395281115562423,False,False
MLP-Giant,18,57,79.38,79.86,1539710262,0.0026054946971921025,0.24949088855350976,0.00280157570378335,False,False
MLP-Giant,18,58,81.06,81.84,599365098,0.0035582582924662187,0.0,2.4642336879800378e-05,False,False
MLP-Giant,18,59,79.7,80.53,1669078169,0.02688569072507086,0.10419379984459856,1.2379112527694758e-06,False,False
MLP-Giant,18,60,72.88,73.19,624109554,0.00019851313001874673,0.0,0.0007565068238193854,False,False
MLP-Giant,18,61,79.18,79.29,257975039,0.000989166000924833,0.3583431945238398,8.591732799963665e-06,False,False
MLP-Giant,18,62,71.88,72.76,882389837,0.00015928405482996564,0.0,3.8483317980412755e-06,False,False
MLP-Giant,18,63,81.13,80.71,1750287284,0.0510959979126683,0.17842319381054023,2.9038247182974134e-05,False,False
MLP-Giant,18,64,83.12,83.7,871891440,0.0036582579861583206,0.37568626599186783,8.703553913036625e-06,False,False
MLP-Giant,18,65,81.14,80.91,946533857,0.002692812500711869,0.20584661519741604,0.0003818121126232732,False,False
MLP-Giant,18,66,80.41,80.4,849215109,0.0011569110948714708,0.0,3.708872594566893e-05,False,False
MLP-Giant,18,67,62.29,63.68,1697076854,0.029357616786055984,0.37362572413086964,0.009159972514958648,False,False
MLP-Giant,18,68,81.02,81.29,1111075941,0.009347157509275143,0.41265944160616996,5.7006778890688604e-06,False,False
MLP-Giant,18,69,70.49,71.44,1002502987,0.0001984240116518762,0.4808692966627259,0.0007120126565853061,False,False
MLP-Giant,18,70,82.12,82.1,1252276726,0.006089767344350553,0.24761995628720826,3.268904487085441e-06,False,False
MLP-Giant,18,71,83.29,83.54,1656926708,0.006528886993942935,0.4817940273436619,0.00031604760314645554,False,False
MLP-Giant,18,72,80.06,80.49,662124109,0.004648412984654254,0.0,9.184917172126395e-05,False,False
MLP-Giant,18,73,74.19,74.46,373656493,0.00021604035286879,0.0,1.3823907831086398e-06,False,False
MLP-Giant,18,74,80.04,81.1,986765091,0.012035246189188206,0.12378718321365557,2.8098471075915776e-06,False,False
MLP-Giant,18,75,63.04,64.75,2072619405,0.00011098426845413794,0.15429702705141302,1.0695875092387356e-05,False,False
MLP-Giant,18,76,80.9,80.61,515271764,0.0015555526864771008,0.14487737452987434,6.220739150096928e-05,False,False
MLP-Giant,18,77,70.3,72.03,2110809986,0.02620477760332486,0.47914299812497346,0.0038459706799638823,False,False
MLP-Giant,18,78,82.25,82.65,453715808,0.025077522168501502,0.1626774036112244,0.00019016556872569485,False,False
MLP-Giant,18,79,72.76,74.08,263360611,0.000353636829523051,0.0,0.003958735985309072,False,False
MLP-Giant,18,80,81.92,81.5,1053127869,0.0028730757524289244,0.0,0.00042860393167858406,False,False
MLP-Giant,18,81,71.18,71.62,810843155,0.0019513717462577636,0.0,0.009488990900115913,False,False
MLP-Giant,18,82,79.46,79.44,151235431,0.0022735426403067043,0.4845649226243248,0.002889913228524367,False,False
MLP-Giant,18,83,80.3,80.44,489062438,0.09012461358384002,0.10033226619278378,0.00013800604260723803,False,False
MLP-Giant,18,84,76.92,77.71,560783606,0.008311508683959424,0.3491899305974517,0.003620033645607133,False,False
MLP-Giant,18,85,83.37,83.73,2040801468,0.004373857610062628,0.0,7.407201195580992e-06,False,False
MLP-Giant,18,86,62.39,62.79,268852981,0.08760075478850377,0.0,5.813093172471045e-06,False,False
MLP-Giant,18,87,76.65,76.89,82683986,0.009314230742994856,0.41911711687151704,0.003100083756935585,False,False
MLP-Giant,18,88,56.64,58.42,786050256,0.04476260693441428,0.0,0.001151648412459749,False,False
MLP-Giant,18,89,79.54,80.33,2005172589,0.0014318030099216993,0.0,0.00023700699280134886,False,False
MLP-Giant,18,90,78.62,78.88,676724005,0.001309184260405636,0.4362564311790694,0.0006835516143061512,False,False
MLP-Giant,18,91,74.71,74.47,2136016806,0.0004264359323367767,0.42946332342727095,0.0019934220295034057,False,False
MLP-Giant,18,92,80.36,80.44,1525883339,0.06300924954628195,0.1819407768087251,0.0012196373673739212,False,False
MLP-Giant,18,93,77.76,77.86,337576000,0.0008929061210994005,0.10881337971785339,0.0017258177557679859,False,False
MLP-Giant,18,94,78.97,78.7,998131651,0.014450198966776913,0.0,1.0017613587939107e-05,False,False
MLP-Giant,18,95,82.12,82.35,944455387,0.02276940286577219,0.306917893983496,1.721156279103909e-05,False,False
MLP-Giant,18,96,80.89,80.67,1982958789,0.0025911118871345747,0.24879780776889324,0.0005553033182759036,False,False
MLP-Giant,18,97,70.46,70.96,1059531223,0.012936249313656297,0.0,0.0028204426408863247,False,False
MLP-Giant,18,98,79.67,80.0,15917458,0.03767625684485711,0.4639215586599376,4.192304364900692e-06,False,False
MLP-Giant,18,99,76.97,78.05,282470268,0.008304000013847956,0.34599057938980105,0.0031450491741106834,False,False
MLP-Giant,19,0,66.29,65.99,1754450693,0.00029780653720761386,0.38517031987680783,0.008902105419220919,False,False
MLP-Giant,19,1,81.38,81.03,2025937239,0.0018461225517006324,0.39758038692209363,4.1897219140306496e-05,False,False
MLP-Giant,19,2,66.63,66.64,2027531273,0.00018544129465295107,0.24673624065751706,0.002940056999025209,False,False
MLP-Giant,19,3,80.22,80.01,200868525,0.02146236843397191,0.0,7.920017703735721e-05,False,False
MLP-Giant,19,4,69.16,68.62,1647843979,0.00020398335309244266,0.22406280031287795,0.0001958283782005082,False,False
MLP-Giant,19,5,82.39,82.07,1362398871,0.0023296250255961225,0.4132588620071111,1.1076870870264976e-05,False,False
MLP-Giant,19,6,82.25,82.38,1426931935,0.04923148384176696,0.17473628165349914,3.8024274878812577e-05,False,False
MLP-Giant,19,7,82.43,82.0,132962175,0.008660742694905818,0.16544654633687242,0.000478996321917474,False,False
MLP-Giant,19,8,77.5,76.63,211799643,0.0017252632620446669,0.0,0.003615238417320564,False,False
MLP-Giant,19,9,71.17,69.91,1669666568,0.00012079815369919244,0.0,5.91069855825117e-06,False,False
MLP-Giant,19,10,76.24,75.53,566876662,0.0004858252665035591,0.0,0.0007427783657939947,False,False
MLP-Giant,19,11,70.36,70.04,845886526,0.000192162203849292,0.2696444320662507,0.0005264669921094646,False,False
MLP-Giant,19,12,82.18,82.04,254365901,0.00901119935386547,0.23975673078995732,0.0003801471198561533,False,False
MLP-Giant,19,13,77.5,76.93,1447886416,0.004031981405889708,0.3888499269781801,0.0047664375307476334,False,False
MLP-Giant,19,14,81.78,81.04,192397637,0.03856561738526619,0.3385687029203384,7.964782568989425e-06,False,False
MLP-Giant,19,15,83.7,83.19,29777886,0.0060033107120765015,0.14417086103334104,0.00010046035723284091,False,False
MLP-Giant,19,16,74.31,73.28,746658267,0.0004503069863857818,0.36278183651336104,0.0009165840698068788,False,False
MLP-Giant,19,17,83.55,82.69,1317255215,0.002411395946238391,0.10532396915755393,1.5754117754785984e-06,False,False
MLP-Giant,19,18,76.52,75.87,2060667087,0.0005973008881269455,0.16483371266634725,0.00011753753840997177,False,False
MLP-Giant,19,19,64.86,64.2,1996869629,0.00010922334923730994,0.17923019807772153,4.316084196472128e-06,False,False
MLP-Giant,19,20,74.96,74.18,836844463,0.00039900920289624107,0.2223645025116724,7.710428515335855e-06,False,False
MLP-Giant,19,21,73.22,72.36,1030281524,0.000178196792537268,0.0,5.430584244186567e-06,False,False
MLP-Giant,19,22,83.01,81.79,210197714,0.003039274345638253,0.4080249443548567,4.092868877449291e-05,False,False
MLP-Giant,19,23,73.41,72.61,664445085,0.00022015470784343756,0.0,1.416007217752297e-06,False,False
MLP-Giant,19,24,81.97,81.54,1114391905,0.0044937977544733726,0.4213265544924853,3.191414437651901e-05,False,False
MLP-Giant,19,25,81.12,80.73,422728214,0.0015211709844597983,0.23551756350351907,2.8218311784208e-05,False,False
MLP-Giant,19,26,83.41,81.99,373100027,0.005816504458837398,0.49739833241765535,1.697055375768368e-06,False,False
MLP-Giant,19,27,75.37,75.38,578830865,0.006505505309257672,0.1094585824683364,0.004666990351457424,False,False
MLP-Giant,19,28,74.13,73.57,588296918,0.00027693420616456654,0.0,0.0009745133548172528,False,False
MLP-Giant,19,29,81.48,81.34,903257178,0.0016577879419127281,0.3334801714357749,1.0500819526416203e-06,False,False
MLP-Giant,19,30,80.3,79.78,1751570307,0.0012942574529021679,0.29908520217651513,2.2252914224109856e-06,False,False
MLP-Giant,19,31,79.57,78.87,1087032269,0.02404702198082003,0.0,5.718280758080037e-06,False,False
MLP-Giant,19,32,77.8,76.83,1549374762,0.0009138852424315327,0.4843019565204497,0.0010486807924016562,False,False
MLP-Giant,19,33,76.84,76.67,1802718395,0.0005651284936596303,0.10582284294827611,3.1780034301693382e-06,False,False
MLP-Giant,19,34,80.97,80.3,1383150308,0.0020952844537883344,0.0,0.0001560988084782157,False,False
MLP-Giant,19,35,71.52,72.08,549683101,0.009508831871971381,0.24726080234583586,0.007247993454923328,False,False
MLP-Giant,19,36,82.54,81.61,331903495,0.03228213476691717,0.23108354838743064,1.0323048465550088e-05,False,False
MLP-Giant,19,37,74.52,74.07,1043835893,0.00041464111418286313,0.3904152629004576,0.00010682217193897842,False,False
MLP-Giant,19,38,80.64,79.28,581896093,0.020222127359157953,0.10519059571575039,0.001919779613078445,False,False
MLP-Giant,19,39,76.74,75.61,519063397,0.0005310835771282989,0.0,3.190067996993663e-05,False,False
MLP-Giant,19,40,66.06,66.32,1390369810,0.00016190613987531412,0.18593488752837448,1.1781599766369528e-05,False,False
MLP-Giant,19,41,82.65,83.02,783981545,0.08394577490787478,0.2218828766134034,0.0003228927099653798,False,False
MLP-Giant,19,42,81.67,81.44,2051568971,0.004379828999425707,0.0,1.0640400156382166e-05,False,False
MLP-Giant,19,43,80.05,79.73,1935578225,0.0016007458007697443,0.24154111859326516,0.0002517115277394567,False,False
MLP-Giant,19,44,81.2,79.89,486971866,0.019703212134308756,0.14514392990966113,2.0821606233812786e-05,False,False
MLP-Giant,19,45,70.67,70.84,1983264897,0.00011772012030066356,0.0,4.2954311868101835e-06,False,False
MLP-Giant,19,46,77.61,76.89,1520256984,0.0006854624250895352,0.0,1.0764210216410537e-05,False,False
MLP-Giant,19,47,67.3,66.47,1200444096,0.000168655390146431,0.14906999073756796,2.9275437060015722e-05,False,False
MLP-Giant,19,48,77.93,77.6,671567459,0.045637302586090604,0.24886112856632922,0.0022250543024327713,False,False
MLP-Giant,19,49,63.41,62.71,1067026212,0.00010095031980922812,0.15535690683922326,0.00043355726927641605,False,False
MLP-Giant,19,50,77.35,76.1,96383407,0.012580276565926963,0.0,4.089305646026854e-06,False,False
MLP-Giant,19,51,84.02,82.57,2100639560,0.008317835979952316,0.49299576996216643,0.00012309882943577528,False,False
MLP-Giant,19,52,74.9,74.07,901341566,0.0003023205787853029,0.0,0.00046789881140748863,False,False
MLP-Giant,19,53,81.49,81.23,1166959874,0.0035487911520813236,0.34582514761206357,0.0005164581931908625,False,False
MLP-Giant,19,54,83.87,83.59,148487403,0.0050935804394274115,0.48059804274508816,3.446265397001877e-06,False,False
MLP-Giant,19,55,76.79,75.82,1754992028,0.0007483639299631996,0.2575557638887798,0.00040119551552615754,False,False
MLP-Giant,19,56,75.88,74.59,898632720,0.0003832231996891633,0.0,2.245965644200782e-05,False,False
MLP-Giant,19,57,80.33,79.59,492835814,0.00959900864688807,0.0,1.5568230472423297e-06,False,False
MLP-Giant,19,58,66.88,67.33,1596167325,0.0689225589355719,0.0,1.0230823316487023e-05,False,False
MLP-Giant,19,59,84.05,83.66,1089921520,0.007078400909498676,0.4803345441583067,0.0002004948692232471,True,True
MLP-Giant,19,60,82.01,81.59,1736256602,0.007471072161807637,0.20348243799208368,0.0008018938693370126,False,False
MLP-Giant,19,61,71.99,71.35,1697391255,0.00014532236712312203,0.0,6.685701471631393e-06,False,False
MLP-Giant,19,62,76.29,75.79,612009963,0.0006402156191720849,0.26203023230494293,1.7086292382235565e-05,False,False
MLP-Giant,19,63,81.67,80.86,1233068169,0.0031941962938390016,0.0,0.00048506610564736714,False,False
MLP-Giant,19,64,80.07,79.5,82352425,0.011090303393825978,0.30726548894236955,3.965734333413864e-05,False,False
MLP-Giant,19,65,77.14,75.89,117761053,0.000587018795950609,0.3753761601445156,2.394870200832421e-06,False,False
MLP-Giant,19,66,83.4,82.44,238725519,0.007449787143157922,0.34362107078063,0.0007105024795392964,False,False
MLP-Giant,19,67,81.39,81.01,15974732,0.0016645225884934054,0.0,0.00135074069001415,False,False
MLP-Giant,19,68,82.22,82.22,1752693250,0.005111679979651442,0.16657472901211295,0.0006588844208894411,False,False
MLP-Giant,19,69,82.12,80.59,166735307,0.02147583101438839,0.10218219454541273,2.8959685832881075e-05,False,False
MLP-Giant,19,70,80.49,79.91,429765803,0.002044344265747869,0.13527634020086143,0.0008926252473529441,False,False
MLP-Giant,19,71,80.23,79.69,1570949210,0.07747269240600757,0.28251576376018905,5.049385164922202e-05,False,False
MLP-Giant,19,72,63.54,63.42,711748539,0.00010080650420632818,0.2334929675058397,0.00017123700396979417,False,False
MLP-Giant,19,73,71.79,71.03,1786781871,0.03337209262741602,0.0,0.00043127275845656303,False,False
MLP-Giant,19,74,73.98,74.0,1149164346,0.0002528831630763727,0.0,0.00021034619833616402,False,False
MLP-Giant,19,75,80.27,79.49,1808965545,0.005611343349398878,0.0,0.0025650955274163115,False,False
MLP-Giant,19,76,79.66,78.81,1458997391,0.0014016443498043546,0.1847354367319926,0.0002534608509025589,False,False
MLP-Giant,19,77,77.26,76.58,904261579,0.0007430046759069252,0.23495601043364014,0.0007278770479991533,False,False
MLP-Giant,19,78,80.79,80.6,89877778,0.001205762520737501,0.0,0.0007755671652381498,False,False
MLP-Giant,19,79,80.44,80.46,1381857211,0.063613686716353,0.4609881732533403,0.00028879207776867687,False,False
MLP-Giant,19,80,66.02,64.89,1133685034,0.03962069573482907,0.48884172216653865,0.004140756819549609,False,False
MLP-Giant,19,81,74.36,74.31,624459022,0.010135241826890148,0.0,0.00320851727003242,False,False
MLP-Giant,19,82,70.75,70.01,1487004452,0.00021969916577322483,0.20116378962643233,5.350595654850233e-05,False,False
MLP-Giant,19,83,65.22,64.95,751973219,0.00012594634252043906,0.16821302024127624,3.94252701096099e-06,False,False
MLP-Giant,19,84,82.27,81.63,1204521271,0.008521642949141268,0.12750065939200553,2.105421429516599e-06,False,False
MLP-Giant,19,85,79.31,78.84,197438265,0.0014997231094528325,0.1040820178362528,0.0019822629105804928,False,False
MLP-Giant,19,86,78.45,78.86,1984517721,0.02139491304915942,0.0,0.00026171382802343823,False,False
MLP-Giant,19,87,79.64,78.57,1191582513,0.0014444454007239062,0.22463577432449208,0.0006726708370208688,False,False
MLP-Giant,19,88,73.97,73.14,2046252514,0.00036580122645044934,0.20577792168954748,8.964510912566559e-05,False,False
MLP-Giant,19,89,80.59,80.26,1635323215,0.0016178151549137588,0.10147389020929766,0.00020820718671749617,False,False
MLP-Giant,19,90,80.83,80.8,1109479661,0.004094602641305689,0.0,4.265485488961861e-06,False,False
MLP-Giant,19,91,82.3,81.46,1125367094,0.014989689103029436,0.1188916297434735,0.00012162794230418469,False,False
MLP-Giant,19,92,79.57,79.45,1801688555,0.0015477604302955137,0.1745590383723538,0.0025237185518961224,False,False
MLP-Giant,19,93,79.47,79.31,1359937748,0.0009394462757255876,0.0,0.0003202072859976875,False,False
MLP-Giant,19,94,77.72,77.07,1620058370,0.0008272733401716301,0.10286503382694907,3.2925165311265626e-05,False,False
MLP-Giant,19,95,80.14,80.46,1274393268,0.0009850584249667088,0.0,0.0008992334014936833,False,False
MLP-Giant,19,96,78.64,78.38,1274261614,0.011757875787639606,0.0,2.927784555448793e-06,False,False
MLP-Giant,19,97,63.92,63.26,823106075,0.010536686535611708,0.0,0.006275232897047494,False,False
MLP-Giant,19,98,56.36,55.69,1135663281,0.08714820256184251,0.0,2.5697859271225853e-05,False,False
MLP-Giant,19,99,76.3,75.76,741976484,0.0014365452388742069,0.0,0.0061702138103325675,False,False
MLP-Giant,20,0,82.35,82.25,1424293346,0.002125800617059276,0.23981378381727106,2.5457976454991856e-05,False,False
MLP-Giant,20,1,79.54,79.87,1358236003,0.012781277204469275,0.1747881125689044,2.545402664748183e-05,False,False
MLP-Giant,20,2,73.14,72.71,334926054,0.0002907868186640242,0.23361408938673112,0.0008850908761077708,False,False
MLP-Giant,20,3,76.75,77.16,1025191925,0.0004968483541437211,0.0,0.0006406893621482965,False,False
MLP-Giant,20,4,76.34,76.32,1899804920,0.0004708694217052343,0.0,0.00019599495583354345,False,False
MLP-Giant,20,5,80.37,81.03,863826892,0.020128100006244456,0.0,2.528693989849809e-05,False,False
MLP-Giant,20,6,81.73,81.41,764148871,0.004258185063726506,0.43589267817504274,5.674081450372426e-05,False,False
MLP-Giant,20,7,74.15,73.94,1866183737,0.0007499598886287446,0.28268435276854487,0.005878842969747249,False,False
MLP-Giant,20,8,80.99,81.28,847230574,0.0016015235346955796,0.16705107691212534,9.535679913522049e-06,False,False
MLP-Giant,20,9,77.4,77.84,1946581549,0.0963157631806004,0.2955307040398327,2.1060768651304273e-05,False,False
MLP-Giant,20,10,83.1,82.95,856390273,0.0040407302678561186,0.1640995498098786,3.7530013492594684e-05,False,False
MLP-Giant,20,11,83.08,82.71,71655469,0.004854420494455309,0.30621762213910503,2.4166758612593766e-05,False,False
MLP-Giant,20,12,77.02,78.09,514163518,0.03616282711464176,0.0,6.270343779816066e-06,False,False
MLP-Giant,20,13,82.89,82.74,154138235,0.07565919458124112,0.10453894385434073,0.0010380830152053567,False,False
MLP-Giant,20,14,79.43,79.92,1269474435,0.06262050094706939,0.14527097863035918,7.88303869114964e-06,False,False
MLP-Giant,20,15,76.89,76.81,1607513591,0.0006704214841005043,0.0,2.1357769868870303e-05,False,False
MLP-Giant,20,16,80.82,80.64,2005435068,0.007784258853671967,0.1538478678788999,6.630982408220099e-05,False,False
MLP-Giant,20,17,77.1,76.66,1266896793,0.0007595689882017811,0.4274029157409717,6.2608897677082545e-06,False,False
MLP-Giant,20,18,74.37,73.84,828566452,0.00020998247326678703,0.0,9.256555165179035e-05,False,False
MLP-Giant,20,19,46.62,47.55,303300610,0.06578102535743739,0.0,0.0006458444116760421,False,False
MLP-Giant,20,20,82.31,82.01,518616247,0.03550519174810647,0.34355476073173374,1.4932777978329055e-06,False,False
MLP-Giant,20,21,66.85,66.29,1115382349,0.03671879633919066,0.0,0.000613087663032585,False,False
MLP-Giant,20,22,74.73,73.97,567142600,0.0004355364434446744,0.0,0.004457604007464905,False,False
MLP-Giant,20,23,80.48,80.39,1033741554,0.06017828082551459,0.4169908607169266,0.00043576218053645733,False,False
MLP-Giant,20,24,81.82,82.11,425702785,0.024727735945882685,0.12214204386148442,2.415497858163706e-06,False,False
MLP-Giant,20,25,82.25,81.97,198982970,0.03418967114809978,0.21475962524393896,1.674821268699552e-05,False,False
MLP-Giant,20,26,80.77,80.57,495814594,0.02490204783360887,0.13071724111656743,0.00012615161777782598,False,False
MLP-Giant,20,27,80.47,80.3,198927252,0.02038819555838457,0.3145169569171918,5.898227842069833e-06,False,False
MLP-Giant,20,28,83.86,83.48,1856067059,0.030111624747195854,0.26874211093275263,6.220290628152747e-05,False,False
MLP-Giant,20,29,81.84,82.43,469407261,0.050580622746553464,0.44256492074997794,7.613097770395519e-06,False,False
MLP-Giant,20,30,74.84,74.28,1721566008,0.0032418625053539387,0.20768565785818152,0.006479061323742121,False,False
MLP-Giant,20,31,82.74,82.65,1339749102,0.0044840304099333355,0.19071170795927173,4.6207780975467876e-05,False,False
MLP-Giant,20,32,76.79,76.98,1419659039,0.011969402297228168,0.0,1.3686174981677715e-05,False,False
MLP-Giant,20,33,78.5,78.75,557254700,0.0013891934371330057,0.46164292861310857,0.0009385999065142783,False,False
MLP-Giant,20,34,82.49,82.48,1836943675,0.002500250161959727,0.1289715440305385,5.326881337260079e-05,False,False
MLP-Giant,20,35,73.8,74.13,933902458,0.00043138676138636224,0.3411878313720753,4.155698971561548e-06,False,False
MLP-Giant,20,36,78.19,78.04,725077006,0.013548365389976263,0.0,1.1457727482435592e-06,False,False
MLP-Giant,20,37,69.36,68.33,883774674,0.00019682722273705607,0.1672085596946482,0.0003210229788203504,False,False
MLP-Giant,20,38,69.96,69.89,401564920,0.00010335196187572747,0.0,8.957268681499479e-05,False,False
MLP-Giant,20,39,57.31,56.99,950216090,0.03728677626882477,0.0,0.0014905466452259997,False,False
MLP-Giant,20,40,73.02,73.57,1028521338,0.04448161086635795,0.4403707922963258,0.0024117862389910713,False,False
MLP-Giant,20,41,83.99,83.48,1735149401,0.0024645841668529856,0.0,0.0002158675345104597,True,False
MLP-Giant,20,42,80.87,80.47,942200976,0.0015634315745273765,0.28705314762365525,1.0943143641501815e-06,False,False
MLP-Giant,20,43,68.33,67.64,215220708,0.01876960274133945,0.46008625747193377,0.006764956572441202,False,False
MLP-Giant,20,44,79.2,80.04,1282659450,0.009352257612122012,0.0,0.0004126680974718044,False,False
MLP-Giant,20,45,79.84,79.74,1234766988,0.08984578904447166,0.10936079842203689,3.02059421344429e-06,False,False
MLP-Giant,20,46,66.95,66.54,1795841708,0.00027618020542037326,0.2717199746865623,0.0064477203009921935,False,False
MLP-Giant,20,47,77.14,76.79,689951464,0.008227113623583904,0.0,0.0026039050507007887,False,False
MLP-Giant,20,48,83.12,82.02,491749212,0.0025485584384900336,0.11532105861674276,1.293323884931741e-06,False,False
MLP-Giant,20,49,79.79,81.02,1081082474,0.0113115671200312,0.13934823062590174,6.9805336750716105e-06,False,False
MLP-Giant,20,50,81.98,82.03,1235157909,0.0019230171619269714,0.0,0.00017148850826839723,False,False
MLP-Giant,20,51,81.88,81.66,1040715339,0.0023634479789085617,0.21372142261512453,8.735169534171304e-05,False,False
MLP-Giant,20,52,77.24,77.57,1570189187,0.0009514324107580792,0.2280508970050284,0.0007389250310536571,False,False
MLP-Giant,20,53,83.3,83.34,1900722300,0.005404879039986849,0.35372617561460235,4.985899103650201e-06,False,False
MLP-Giant,20,54,82.49,82.01,814826732,0.00267739937259554,0.4706384254905482,0.00016618673175911684,False,False
MLP-Giant,20,55,80.49,80.24,1162276877,0.0047863775203041475,0.39184803675228275,0.002110251622482872,False,False
MLP-Giant,20,56,56.03,55.35,485235469,0.04613222369092432,0.0,0.003728020192886059,False,False
MLP-Giant,20,57,65.25,64.47,879975367,0.00017103093377297,0.1464008995978224,0.00207713774953985,False,False
MLP-Giant,20,58,81.18,80.75,1738526423,0.002997705306134936,0.12012469249258895,0.002190123986830503,False,False
MLP-Giant,20,59,82.13,81.79,1584957826,0.008560360443276153,0.2632640932784279,0.0001130236662394763,False,False
MLP-Giant,20,60,61.87,61.29,115966187,0.04614849831281159,0.0,0.0007449142404726972,False,False
MLP-Giant,20,61,82.42,82.5,1304044114,0.020587106995378832,0.2502423695685836,0.0001460987551211039,False,False
MLP-Giant,20,62,72.17,72.01,953852552,0.00023578173797500108,0.18437745691987062,0.00012968282358369554,False,False
MLP-Giant,20,63,77.73,77.93,220244366,0.014534036089804416,0.3190977315396593,0.0027621884058176014,False,False
MLP-Giant,20,64,82.05,81.59,1358536335,0.0069215094920234855,0.22812398582602403,6.33857528451615e-06,False,False
MLP-Giant,20,65,76.89,76.9,1743287105,0.0006810678833684947,0.2553247600756883,1.0970915730008528e-06,False,False
MLP-Giant,20,66,76.08,76.57,298746547,0.000683779163416916,0.15869828582418194,0.0005962087114295521,False,False
MLP-Giant,20,67,83.8,83.81,206381395,0.03772369993110766,0.4929672541433288,2.884392173679579e-05,False,True
MLP-Giant,20,68,71.71,71.24,1639204046,0.08123849104202228,0.34982292984439195,0.002741415880130298,False,False
MLP-Giant,20,69,80.43,80.37,1710535535,0.02281933559681497,0.0,5.499861578047604e-05,False,False
MLP-Giant,20,70,66.27,65.83,1061918857,0.0001882307783409538,0.10233610329789179,0.002820309970135605,False,False
MLP-Giant,20,71,73.64,72.99,1396661073,0.0003181522744379019,0.3145281399120511,3.8042525410027835e-05,False,False
MLP-Giant,20,72,80.69,81.31,338603963,0.03822767993360292,0.10437621397269993,3.2836177215597505e-05,False,False
MLP-Giant,20,73,82.79,83.02,891660858,0.004662407289360971,0.2623093992066323,9.305603515165158e-05,False,False
MLP-Giant,20,74,80.31,79.73,1617873175,0.0027376443368115864,0.1176291673819403,0.0034588870891769014,False,False
MLP-Giant,20,75,79.53,79.58,1608032056,0.002949274937517191,0.1807460572124566,0.003861342886502078,False,False
MLP-Giant,20,76,78.99,78.93,552493450,0.0010586771711811047,0.16597370421179777,2.108473720919065e-06,False,False
MLP-Giant,20,77,81.47,80.78,1306649116,0.0034565211534547864,0.19562036464891358,0.0009925121271290099,False,False
MLP-Giant,20,78,76.23,76.23,1773423756,0.0004968913564174548,0.0,3.703850893758805e-05,False,False
MLP-Giant,20,79,80.9,81.3,693782606,0.04453204749066349,0.4328243071702215,1.437315701309076e-06,False,False
MLP-Giant,20,80,66.38,65.7,773454397,0.00012117611046471692,0.18817985411560703,8.203787555422096e-06,False,False
MLP-Giant,20,81,73.88,73.9,1624599140,0.0010862817244269578,0.0,0.0016537417101021056,False,False
MLP-Giant,20,82,80.86,80.85,974449783,0.014288891329849637,0.2239626121511112,1.0297406927084383e-05,False,False
MLP-Giant,20,83,82.57,82.04,919866589,0.002006194342899158,0.12287379346242439,2.252492847060855e-06,False,False
MLP-Giant,20,84,72.23,72.07,398077732,0.00013584536893379513,0.0,2.8082986129065924e-05,False,False
MLP-Giant,20,85,73.42,73.41,2066298025,0.0002831524901976867,0.4788467414320673,1.5035733783953387e-06,False,False
MLP-Giant,20,86,80.67,80.6,431995938,0.027351150636038265,0.13908087871118888,3.713764223390194e-06,False,False
MLP-Giant,20,87,76.23,76.12,872883424,0.0004946415316762998,0.0,5.81641207333527e-06,False,False
MLP-Giant,20,88,65.35,64.54,1910344867,0.00019815178507685369,0.45727931136940436,0.009974005129458369,False,False
MLP-Giant,20,89,82.83,82.77,1806720936,0.0031628451874832313,0.330680266857931,1.3961922938303457e-05,False,False
MLP-Giant,20,90,71.52,70.83,1347738645,0.00023934780335827123,0.15205770558045176,1.1563132588526996e-05,False,False
MLP-Giant,20,91,76.11,76.03,1233355066,0.0008120680320301581,0.0,2.011231681000476e-05,False,False
MLP-Giant,20,92,83.3,83.16,1917451845,0.003369865053645109,0.40678319257378587,8.073452865355678e-06,False,False
MLP-Giant,20,93,83.84,82.76,363985284,0.002410447608639861,0.0,2.4417364541146205e-05,False,False
MLP-Giant,20,94,75.71,76.12,368102422,0.0006111850337433521,0.26588854180997934,0.0002172285076196407,False,False
MLP-Giant,20,95,66.02,64.74,1591156666,0.00030786068540995717,0.1464476595425348,0.009204022440407656,False,False
MLP-Giant,20,96,76.75,76.22,1833453779,0.0004740718152888276,0.0,9.119329209093302e-05,False,False
MLP-Giant,20,97,80.23,80.35,1096205045,0.017501685015954352,0.2818378987602034,7.315044338852518e-06,False,False
MLP-Giant,20,98,60.3,59.84,1808255415,0.08151799048956154,0.39263958518737707,0.00862295289585517,False,False
MLP-Giant,20,99,82.19,81.79,2107008635,0.003319882584830673,0.10804227354001215,0.0006002629811673234,False,False
MLP-Giant,21,0,72.24,72.77,32791784,0.00019681832634632626,0.0,4.734992386978916e-05,False,False
MLP-Giant,21,1,72.49,72.82,1981636018,0.055347695649089194,0.0,6.559436799775493e-06,False,False
MLP-Giant,21,2,82.45,82.89,1344361594,0.07530112365906234,0.11267366584652064,0.001068950921003333,False,False
MLP-Giant,21,3,83.24,84.13,2034584742,0.008663584488652865,0.10302522795161309,0.0002250707814305112,False,False
MLP-Giant,21,4,81.01,81.37,1724950633,0.003551405353702398,0.3669761128521338,0.0018839465521225136,False,False
MLP-Giant,21,5,81.99,82.2,923066040,0.011165490560466389,0.1360000510795157,8.390600341787799e-05,False,False
MLP-Giant,21,6,82.35,83.05,93850791,0.018883217164011715,0.11792417458884484,0.0001410040154487212,False,False
MLP-Giant,21,7,79.71,79.23,1463605715,0.015867307068390492,0.3496833553536723,4.42417362032869e-06,False,False
MLP-Giant,21,8,76.79,77.05,1660635944,0.0007342511594417387,0.4388246486625325,0.0010708735385707964,False,False
MLP-Giant,21,9,77.42,77.54,1071154227,0.01220094479998388,0.0,1.822710108954766e-05,False,False
MLP-Giant,21,10,77.25,77.27,1270213487,0.00048802882824366695,0.0,1.489629898103218e-06,False,False
MLP-Giant,21,11,78.8,78.65,286200903,0.012874785715275254,0.0,7.736357464219492e-06,False,False
MLP-Giant,21,12,77.01,76.74,1903371131,0.04508368468609823,0.0,4.643750192418617e-06,False,False
MLP-Giant,21,13,73.71,73.75,1411495606,0.00031769157179143304,0.17177122930281077,0.00025257697539301404,False,False
MLP-Giant,21,14,73.96,74.14,1369855030,0.05242055342066902,0.0,8.728998312026455e-06,False,False
MLP-Giant,21,15,70.23,70.8,1030150868,0.00013128624415280622,0.0,0.001878211285847135,False,False
MLP-Giant,21,16,84.59,84.14,242078012,0.0554406849744915,0.23507610326947817,0.00011219273146711729,True,False
MLP-Giant,21,17,83.18,83.23,2120621097,0.002411713726075813,0.0,4.4398504555565235e-06,False,False
MLP-Giant,21,18,81.18,81.03,305407541,0.033196339754550996,0.13395046519699436,0.00010827599581517902,False,False
MLP-Giant,21,19,80.85,81.66,1972435426,0.002509410054068016,0.16388990126903868,0.0008360207519317621,False,False
MLP-Giant,21,20,82.6,82.64,1580693389,0.005253425000879648,0.0,7.155822969817374e-05,False,False
MLP-Giant,21,21,74.56,74.63,1480667224,0.00037105959525855867,0.30415809296194507,5.0465879151324645e-06,False,False
MLP-Giant,21,22,82.56,83.02,2023149714,0.0028941223361222826,0.28569048109000345,4.137515689140421e-05,False,False
MLP-Giant,21,23,74.65,74.52,1284448202,0.004122691320624944,0.2823722471903995,0.006446665862319682,False,False
MLP-Giant,21,24,75.4,75.53,1377777463,0.0004920140853875557,0.2684846844252368,8.2259091812428e-06,False,False
MLP-Giant,21,25,66.84,66.97,640124300,0.00014823989710979215,0.15697522050996762,1.4449434137991681e-05,False,False
MLP-Giant,21,26,74.58,74.13,590244910,0.009204939167139463,0.0,0.0023944057201984365,False,False
MLP-Giant,21,27,81.15,81.32,2030352807,0.04330341802708604,0.12197927962820593,4.3385708311770374e-05,False,False
MLP-Giant,21,28,80.29,80.92,379826411,0.01963131614321525,0.23605974260593562,2.2661334256291907e-06,False,False
MLP-Giant,21,29,83.22,83.52,1448437646,0.005449223614806264,0.3340272386375079,1.6154863555097017e-05,False,False
MLP-Giant,21,30,82.67,83.03,1691873337,0.004685632637706259,0.19231190598859751,1.785782390224914e-05,False,False
MLP-Giant,21,31,74.18,74.37,1976207406,0.0003229317542576073,0.0,0.0012169047441266117,False,False
MLP-Giant,21,32,81.77,82.25,212547192,0.07495730357019553,0.2909660767770078,0.0007425933938816166,False,False
MLP-Giant,21,33,79.29,79.72,108436486,0.0010675981769275118,0.30243627709182824,1.174846350538923e-06,False,False
MLP-Giant,21,34,72.1,72.33,1318297891,0.00015094188525396665,0.0,1.5835846692409574e-05,False,False
MLP-Giant,21,35,80.65,81.06,1110783288,0.007583622912722257,0.0,4.5372538316076765e-05,False,False
MLP-Giant,21,36,80.71,81.39,894860593,0.04136306164866723,0.17495511746757808,0.000505693236158527,False,False
MLP-Giant,21,37,77.38,78.04,1989323479,0.007968502379077777,0.0,0.0011085480878510467,False,False
MLP-Giant,21,38,70.15,70.06,883774395,0.00010096000659068429,0.0,4.4578929547344166e-05,False,False
MLP-Giant,21,39,81.45,82.36,1909446864,0.012824574605980202,0.1403690259693794,6.0640809756168425e-05,False,False
MLP-Giant,21,40,64.84,65.25,193268209,0.00010552530824570112,0.40681371245613235,4.665711159829714e-06,False,False
MLP-Giant,21,41,67.83,68.96,1761429074,0.02803785485928837,0.0,0.00076355633757187,False,False
MLP-Giant,21,42,82.27,82.72,353303767,0.005342848630816756,0.0,0.0010368980849128453,False,False
MLP-Giant,21,43,64.61,64.64,636658549,0.00011162029212944839,0.22275289975020413,2.757486754952951e-05,False,False
MLP-Giant,21,44,82.59,82.85,1104225202,0.0050487783648322385,0.3515000402974866,9.295651817421755e-05,False,False
MLP-Giant,21,45,81.54,81.54,842461995,0.003805455409245661,0.2383160188835535,0.0011769229093667362,False,False
MLP-Giant,21,46,54.59,54.35,1053506702,0.08801066363876103,0.0,8.928355113139002e-06,False,False
MLP-Giant,21,47,80.59,80.34,283282781,0.06555134815599396,0.28207739681364297,0.0013327467946438272,False,False
MLP-Giant,21,48,67.08,67.28,1548918084,0.0004498905596855122,0.20121841986841435,0.009836410028858907,False,False
MLP-Giant,21,49,72.26,72.16,310870941,0.027034095996449604,0.1509859031181783,0.0060022518400626714,False,False
MLP-Giant,21,50,83.38,83.08,1334502806,0.07589854017367623,0.11126291630200214,9.452145358352195e-05,False,False
MLP-Giant,21,51,70.34,70.98,577696851,0.00021802905997640528,0.11900085564324439,8.176016986974223e-06,False,False
MLP-Giant,21,52,83.31,83.67,642821199,0.0033966659000679747,0.0,3.2622479784248404e-06,False,False
MLP-Giant,21,53,69.2,69.35,880286059,0.0002394712082356907,0.1123054601562581,0.0022151256579438193,False,False
MLP-Giant,21,54,82.54,83.02,1580737667,0.010060917534858516,0.11120521851729434,0.00019093155617378965,False,False
MLP-Giant,21,55,70.52,69.77,1001242169,0.0060959389669792315,0.0,0.006170084377444255,False,False
MLP-Giant,21,56,65.94,66.25,1045155234,0.00017218794907641207,0.17067187780417054,0.003020697899872898,False,False
MLP-Giant,21,57,79.55,79.97,917671409,0.001121848051587915,0.14119512105912002,7.58002365978267e-05,False,False
MLP-Giant,21,58,82.94,83.76,749028595,0.004642242867507907,0.39880420868974015,0.00023419517453584327,False,False
MLP-Giant,21,59,80.66,80.73,1504167603,0.004480629703231066,0.0,1.1894002397041312e-05,False,False
MLP-Giant,21,60,82.98,82.96,736440692,0.037595253357211936,0.1483210723977875,0.00010307846466689535,False,False
MLP-Giant,21,61,78.29,78.9,491336940,0.010580017287720487,0.0,0.0007402213784513822,False,False
MLP-Giant,21,62,81.52,81.83,1176457983,0.03661094838861284,0.18550946700504714,0.0007279499208934875,False,False
MLP-Giant,21,63,79.41,79.66,809558812,0.0012642449238820404,0.10660096628376853,0.0018656686505477227,False,False
MLP-Giant,21,64,65.08,65.0,817253378,0.00015373293242244818,0.4345329304606442,0.006709668819439846,False,False
MLP-Giant,21,65,77.83,77.87,1460134169,0.0025928783814665253,0.3505526252162602,0.005542093612359409,False,False
MLP-Giant,21,66,83.84,84.25,2037100869,0.006337953888350303,0.0,4.706836389413792e-05,False,True
MLP-Giant,21,67,81.66,82.45,1771127279,0.05666226118682894,0.150055300930228,0.0001857091213278257,False,False
MLP-Giant,21,68,73.28,73.96,923243778,0.00034483252147734004,0.20565572536208732,2.974340403208104e-06,False,False
MLP-Giant,21,69,76.83,77.0,482851276,0.0015421294472189118,0.10360806365417004,0.005208136979309579,False,False
MLP-Giant,21,70,83.94,84.17,281505484,0.00410365508653511,0.0,5.884343452076246e-05,False,False
MLP-Giant,21,71,65.91,66.11,529466104,0.0001528373697018404,0.1707177851793449,0.0006640882766302222,False,False
MLP-Giant,21,72,72.43,72.42,671219054,0.00027494354213990614,0.31167628449346324,0.0004982760632275688,False,False
MLP-Giant,21,73,80.21,81.14,1101440781,0.0015043937361332283,0.14703195065284605,3.4227332023270502e-06,False,False
MLP-Giant,21,74,77.26,77.72,268031883,0.0009386406462885132,0.49930326319248647,0.00013924885068148458,False,False
MLP-Giant,21,75,82.22,82.0,1876623749,0.046114335778524106,0.4229086705734214,0.00019759379619303878,False,False
MLP-Giant,21,76,82.89,82.99,277165360,0.012792808843079302,0.4418488471044764,0.00039913425795572817,False,False
MLP-Giant,21,77,59.26,57.95,1889204965,0.06143727213735846,0.0,0.00010638163160852402,False,False
MLP-Giant,21,78,82.5,83.1,838133518,0.0026319221237914273,0.4206403512045698,1.2915164692722001e-06,False,False
MLP-Giant,21,79,75.67,76.11,1673783985,0.0005368786833348626,0.44868227715555037,0.00033671445419343677,False,False
MLP-Giant,21,80,77.5,77.9,2125141757,0.0005698242866652351,0.0,3.9624941236982234e-05,False,False
MLP-Giant,21,81,68.85,69.19,364473353,0.0002435687283901138,0.199908250574865,0.0022361014139808807,False,False
MLP-Giant,21,82,67.01,66.95,379819423,0.00012306449017963333,0.47438342228165403,0.00018423024880707083,False,False
MLP-Giant,21,83,74.01,74.03,1553224642,0.00024673599447663227,0.0,0.0002385652710986178,False,False
MLP-Giant,21,84,80.59,81.77,1543035407,0.0012178668954705221,0.0,0.0005655053344496376,False,False
MLP-Giant,21,85,79.03,79.37,6101051,0.0018766092192449985,0.0,1.1649515159910757e-05,False,False
MLP-Giant,21,86,76.7,77.75,368440786,0.000456866819080939,0.0,9.729009758300412e-05,False,False
MLP-Giant,21,87,82.26,82.38,1744592244,0.007498479371293731,0.0,0.0005159742381230522,False,False
MLP-Giant,21,88,75.48,76.28,1955650175,0.00044900608394264873,0.2216410386316121,0.0006891161940421735,False,False
MLP-Giant,21,89,80.55,80.6,35820076,0.012357504830956908,0.10921579947182761,0.0015649474929420818,False,False
MLP-Giant,21,90,81.82,82.44,2080908871,0.008297436242690097,0.47414134152505755,6.6915974057697075e-06,False,False
MLP-Giant,21,91,79.68,79.83,1675898993,0.0014033187123216936,0.4851335914142628,0.0006442504071167332,False,False
MLP-Giant,21,92,71.35,71.08,1960618666,0.0323102463743609,0.10017125220807739,0.007431278767751098,False,False
MLP-Giant,21,93,81.22,80.88,1275826700,0.03781404356627404,0.10367263795531632,0.00017117586369101633,False,False
MLP-Giant,21,94,51.71,50.54,1516417345,0.029373008056501712,0.0,0.009600747105867412,False,False
MLP-Giant,21,95,79.51,80.55,661773956,0.07948230490886812,0.38365445271252807,2.6033057840388415e-06,False,False
MLP-Giant,21,96,70.7,70.64,1182840123,0.0004979815122279818,0.11536418259994823,0.0070574723066003,False,False
MLP-Giant,21,97,78.59,78.18,778225570,0.0009474910490372798,0.0,1.5320114377840734e-05,False,False
MLP-Giant,21,98,82.88,82.83,1193041589,0.0025191775966513738,0.25681573184274176,4.19447419638132e-06,False,False
MLP-Giant,21,99,82.44,83.13,1425618543,0.045569507041059144,0.309325039467122,0.00019355337947712546,False,False
MLP-Giant,22,0,81.11,81.4,1821672301,0.004363033899110245,0.3818539228983821,0.0005916872526703733,False,False
MLP-Giant,22,1,82.5,82.65,1093031387,0.004974395184118913,0.2390952045595811,2.349033869400275e-06,False,False
MLP-Giant,22,2,80.97,80.65,231753720,0.00170810963815366,0.45577308506321673,5.143608300461504e-05,False,False
MLP-Giant,22,3,81.85,81.52,600982459,0.002071786266388823,0.30948636847543476,3.0347073800195224e-06,False,False
MLP-Giant,22,4,82.02,81.77,359394125,0.015731851723995282,0.10230437228802314,0.00014552598899423126,False,False
MLP-Giant,22,5,71.2,70.75,84567778,0.04713223023931764,0.0,2.4567265658752385e-06,False,False
MLP-Giant,22,6,75.69,75.49,2033433660,0.0004949143655173213,0.1594520284905228,3.564641032183559e-06,False,False
MLP-Giant,22,7,73.56,73.77,543286222,0.0002260522581267873,0.0,0.0008872758931583509,False,False
MLP-Giant,22,8,68.27,67.44,1189203558,0.00014947385750059317,0.28864024413032285,0.00011512545615547084,False,False
MLP-Giant,22,9,72.66,72.52,2099743953,0.0002583502282687742,0.19422301723844415,4.973956137217605e-05,False,False
MLP-Giant,22,10,82.64,82.0,1774821464,0.009572110459597693,0.4043895950305756,0.00023865993758961622,False,False
MLP-Giant,22,11,80.1,80.07,129654788,0.0032838200920641105,0.0,3.068340666420844e-05,False,False
MLP-Giant,22,12,75.55,75.81,1958629298,0.0004244709910736545,0.0,0.0016067861232235828,False,False
MLP-Giant,22,13,80.41,80.29,2049434890,0.0379716974852015,0.1362339055982156,3.7594550827294864e-06,False,False
MLP-Giant,22,14,81.97,81.33,2026521385,0.05479816748284657,0.4822101980843168,1.9831767825893056e-06,False,False
MLP-Giant,22,15,81.2,80.57,177903184,0.0016476666444162542,0.1678811751177509,1.5965140901813071e-06,False,False
MLP-Giant,22,16,72.76,72.38,325439672,0.0008676606021851938,0.0,0.008254089536876962,False,False
MLP-Giant,22,17,81.37,80.97,1527925906,0.010651875998380854,0.0,7.326158908545459e-05,False,False
MLP-Giant,22,18,83.87,82.98,934243346,0.046630614358426636,0.36138350724588936,4.647024505847338e-05,True,False
MLP-Giant,22,19,80.71,80.65,446499696,0.001831033645699633,0.10844157459539026,0.00024235110097198042,False,False
MLP-Giant,22,20,71.36,70.86,1760981640,0.00020779536878050324,0.2697566228168523,1.685657257029689e-05,False,False
MLP-Giant,22,21,79.46,78.4,1843948825,0.0008865434649115429,0.0,0.00032740576738676054,False,False
MLP-Giant,22,22,81.35,81.3,354047109,0.0021213080437217217,0.17209907425579202,4.4956726496597955e-05,False,False
MLP-Giant,22,23,82.4,82.03,548750309,0.007316011785189854,0.10359857599733023,1.4043441708420558e-05,False,False
MLP-Giant,22,24,77.34,77.09,1823352202,0.0051798715367119335,0.0,1.504834937521604e-06,False,False
MLP-Giant,22,25,76.28,75.48,330509050,0.0005905568213974529,0.23023402808413126,5.487546375816982e-06,False,False
MLP-Giant,22,26,75.7,75.84,405552900,0.000582868299344344,0.46788551423333286,0.0004359172048884744,False,False
MLP-Giant,22,27,83.33,82.71,276948890,0.006126807354409433,0.16404106933931972,7.357722691871042e-05,False,False
MLP-Giant,22,28,78.04,77.51,1226569059,0.0008347588762656218,0.16089552321777795,2.1188999714818607e-06,False,False
MLP-Giant,22,29,76.57,76.33,1706551528,0.012897449875594354,0.26567211864321544,0.003600240775486033,False,False
MLP-Giant,22,30,75.28,74.58,1685747545,0.00039198201387876286,0.4850240134567544,2.817230761488408e-05,False,False
MLP-Giant,22,31,78.53,78.59,874804384,0.0008201035245998389,0.0,6.719956241862638e-05,False,False
MLP-Giant,22,32,82.3,81.42,1821906412,0.00764398604206749,0.4693744080952274,0.0009179552291262417,False,False
MLP-Giant,22,33,76.42,77.22,77274543,0.0007117048669772331,0.1776107445405726,0.0020617354047798935,False,False
MLP-Giant,22,34,80.88,80.68,369505093,0.01918524362406891,0.0,7.129299076636517e-05,False,False
MLP-Giant,22,35,78.21,78.17,531610303,0.0006956485792045267,0.0,0.0003746462212778361,False,False
MLP-Giant,22,36,75.63,75.67,719880291,0.000539422681491808,0.18741802150661926,0.0009326982576069552,False,False
MLP-Giant,22,37,81.1,81.72,1281891913,0.0045752183156481715,0.0,3.80013279108985e-05,False,False
MLP-Giant,22,38,79.26,78.79,684528680,0.0010313259355580221,0.2436391857345464,8.71631968220162e-05,False,False
MLP-Giant,22,39,80.02,80.23,277749823,0.0034060746128499234,0.0,0.0017652023940399853,False,False
MLP-Giant,22,40,82.76,82.35,1292387808,0.00901962924821652,0.10746578884996749,0.0001932923165468079,False,False
MLP-Giant,22,41,82.0,81.64,170095441,0.007622495010523623,0.4800953915729237,0.00018594476238477497,False,False
MLP-Giant,22,42,62.66,61.84,1556689205,0.019043820922973662,0.0,0.00382266979510648,False,False
MLP-Giant,22,43,58.19,57.53,801534274,0.05684095446632883,0.0,0.003935432345962074,False,False
MLP-Giant,22,44,78.61,78.13,339274118,0.001584115006983287,0.0,0.0002949424281706756,False,False
MLP-Giant,22,45,79.34,78.71,1902229182,0.025832275617680818,0.0,9.486948076888223e-06,False,False
MLP-Giant,22,46,81.53,81.62,524316751,0.0021665822245570026,0.13917964621542767,5.644034551740999e-05,False,False
MLP-Giant,22,47,83.33,82.67,327532120,0.005371615059814583,0.16261793713676106,0.00033380936839599526,False,False
MLP-Giant,22,48,82.25,81.76,1945785825,0.0510936873185626,0.10705340912207512,0.00041203395902228196,False,False
MLP-Giant,22,49,78.54,78.88,655246253,0.00635371421755465,0.0,1.5745070241071412e-05,False,False
MLP-Giant,22,50,72.66,71.99,1142255008,0.00029159117888321256,0.11881311751432667,0.0001483891851960688,False,False
MLP-Giant,22,51,77.72,78.12,274191800,0.0008880255211370996,0.11707624277671301,0.0008990328113463956,False,False
MLP-Giant,22,52,82.64,81.73,689673144,0.018392068988801722,0.2764423253539142,0.00011031699053283367,False,False
MLP-Giant,22,53,80.15,79.47,469002820,0.025173860156853137,0.0,2.5788645371394093e-05,False,False
MLP-Giant,22,54,76.38,76.42,550626377,0.0007082687198398306,0.0,9.802865576412729e-06,False,False
MLP-Giant,22,55,72.85,72.21,1241318606,0.011529403061848232,0.0,0.0037726652690569695,False,False
MLP-Giant,22,56,83.68,83.43,1201078242,0.002877215187898312,0.0,0.00018294359120647256,False,False
MLP-Giant,22,57,77.1,76.49,1898369721,0.0007771757023868082,0.22503876599237124,0.0003063057826538209,False,False
MLP-Giant,22,58,75.66,74.99,1744507167,0.0006981060544681214,0.33030726241676395,0.0044650166387683555,False,False
MLP-Giant,22,59,76.17,75.59,520699414,0.0004880105108043703,0.2697745750423137,2.210548057413074e-05,False,False
MLP-Giant,22,60,74.71,74.6,1554898097,0.0004479699343177072,0.3058532527531628,0.0007893762778980852,False,False
MLP-Giant,22,61,76.38,76.85,1732206919,0.0007322847170530736,0.2706334289690672,3.3381844764392523e-06,False,False
MLP-Giant,22,62,74.81,74.54,1938624876,0.00033960760014577066,0.38805566726418095,0.0001055716904646246,False,False
MLP-Giant,22,63,82.38,82.03,219731220,0.006790982679038741,0.41039251428701756,0.000349344401621591,False,False
MLP-Giant,22,64,65.69,64.8,1044237292,0.013390636655225368,0.0,0.0047863870165746995,False,False
MLP-Giant,22,65,80.34,79.86,1702897661,0.0010877629582760609,0.0,7.118608225625383e-05,False,False
MLP-Giant,22,66,73.66,72.61,1591926674,0.0007295313348914292,0.2920811040817042,0.005364896782057495,False,False
MLP-Giant,22,67,82.93,82.42,1660232247,0.004285467900040824,0.16333927993085914,7.638707488235439e-05,False,False
MLP-Giant,22,68,75.99,75.29,1898777332,0.000488520525840873,0.0,1.7823529047976138e-05,False,False
MLP-Giant,22,69,74.95,75.05,1756037762,0.00047572034030834737,0.0,4.952595458855819e-06,False,False
MLP-Giant,22,70,75.42,75.36,687462329,0.0004899591876357585,0.10335441214317254,0.0004315817717204493,False,False
MLP-Giant,22,71,52.22,51.46,642187732,0.06572788939001864,0.0,0.0006641527489713284,False,False
MLP-Giant,22,72,51.81,51.32,770537625,0.06378411375597874,0.0,0.005954625533891082,False,False
MLP-Giant,22,73,79.33,79.43,1225292982,0.05673485229696373,0.12216550978142773,1.8646164799128068e-06,False,False
MLP-Giant,22,74,80.29,79.89,1182490190,0.011335603548530054,0.0,0.00011740547986864526,False,False
MLP-Giant,22,75,83.26,83.25,722668606,0.0034195358528784758,0.0,1.073069420959193e-05,False,False
MLP-Giant,22,76,77.6,77.66,249467559,0.0008130127239753338,0.20568212942775146,7.79318730087005e-05,False,False
MLP-Giant,22,77,71.82,71.06,390474195,0.004480750586870953,0.22478923784722527,0.008904694836636105,False,False
MLP-Giant,22,78,77.81,77.45,257479740,0.0007085912050142652,0.0,0.0007545138011821978,False,False
MLP-Giant,22,79,73.11,72.45,1668468887,0.00040253249240422367,0.261413201826562,0.002989538797554778,False,False
MLP-Giant,22,80,79.59,79.98,1428700511,0.00644427192876507,0.0,3.407209498673268e-05,False,False
MLP-Giant,22,81,81.07,80.11,2020591125,0.028058937165514847,0.3548322540829497,1.4740737032778692e-06,False,False
MLP-Giant,22,82,80.28,79.41,431556530,0.06329791565144324,0.12796398530615039,1.851709427224035e-06,False,False
MLP-Giant,22,83,82.54,81.95,1326226186,0.012726217227530992,0.10896076157723487,5.258366208026526e-05,False,False
MLP-Giant,22,84,71.26,72.0,609691614,0.00013894006811449435,0.0,0.00020389780555952333,False,False
MLP-Giant,22,85,82.14,81.05,401458920,0.0016650352965404407,0.0,9.788196220433995e-06,False,False
MLP-Giant,22,86,80.5,80.17,176923114,0.005011646759107219,0.0,0.00043479639211561633,False,False
MLP-Giant,22,87,83.47,83.88,622921329,0.006493556892767941,0.0,0.00030027179171817714,False,True
MLP-Giant,22,88,81.1,81.26,333252181,0.013399326416653888,0.36309259293555096,0.001331116872305893,False,False
MLP-Giant,22,89,82.3,82.15,632499579,0.002560738358370286,0.38157534001365795,1.9069589129261771e-06,False,False
MLP-Giant,22,90,73.01,72.74,1590008260,0.00045072037456847617,0.1000900397973283,0.0037084045476653282,False,False
MLP-Giant,22,91,82.31,82.38,82627822,0.003358486153285669,0.15010115921752631,0.00014676590001337585,False,False
MLP-Giant,22,92,78.63,78.66,1724842703,0.013677490554303886,0.4559265565108288,0.0020081293502761557,False,False
MLP-Giant,22,93,72.42,72.03,950150666,0.05081410563271497,0.0,1.2012847406466164e-06,False,False
MLP-Giant,22,94,73.1,73.4,1726676953,0.0004927048825021132,0.1361769286228748,0.0031261276765989026,False,False
MLP-Giant,22,95,72.92,72.99,1024257871,0.00016569560359046333,0.0,5.305078536149721e-06,False,False
MLP-Giant,22,96,81.26,81.18,1747602878,0.008296334128683629,0.3897990927070735,2.21904789156336e-06,False,False
MLP-Giant,22,97,71.6,71.31,119182164,0.00027480990911537314,0.3693357907341109,0.0015694691103947682,False,False
MLP-Giant,22,98,83.47,82.29,528229183,0.04604279794281719,0.30556578163959286,6.874826985963255e-06,False,False
MLP-Giant,22,99,82.91,82.92,1301278635,0.0030396774339848127,0.1163880264151735,1.8749284648988967e-06,False,False
MLP-Giant,23,0,80.9,80.5,1380033151,0.024212617409411843,0.3988838951452794,0.0009140225177709266,False,False
MLP-Giant,23,1,78.9,79.47,1614659735,0.0010871871544761852,0.0,1.1374715196572697e-06,False,False
MLP-Giant,23,2,78.97,78.36,1110627218,0.0013399407384082779,0.0,5.70309504573922e-05,False,False
MLP-Giant,23,3,75.87,76.05,1355216783,0.0005142841361225075,0.38735591239486394,1.5329324881572242e-06,False,False
MLP-Giant,23,4,78.37,78.42,2073268198,0.03073368080001916,0.0,1.7833381917428686e-05,False,False
MLP-Giant,23,5,72.33,72.4,495217672,0.00027574912547015943,0.2718651017915596,0.0014090050782627327,False,False
MLP-Giant,23,6,69.1,68.98,1299120990,0.09549027990404098,0.14242977309733357,0.008801155732026198,False,False
MLP-Giant,23,7,69.32,69.34,860273243,0.022905135230768852,0.1717558382817061,0.008445659654886585,False,False
MLP-Giant,23,8,80.26,79.81,375824283,0.0013224507006883567,0.11643229243657895,3.526541606130229e-06,False,False
MLP-Giant,23,9,77.82,78.19,161816389,0.0009315340732067319,0.0,0.0019174005594033913,False,False
MLP-Giant,23,10,62.05,61.68,572767828,0.08143821107697775,0.0,0.0017894063364938698,False,False
MLP-Giant,23,11,79.16,78.86,1167000243,0.0011775349257035672,0.0,2.8913405085077392e-06,False,False
MLP-Giant,23,12,81.09,81.08,238473155,0.01503021919630587,0.21162317773136516,0.0008534652322213314,False,False
MLP-Giant,23,13,78.84,79.04,1861275870,0.0010899471520976849,0.31816046390400476,0.0003088274279541045,False,False
MLP-Giant,23,14,79.74,79.67,2072616256,0.01597656976970197,0.13242756535323022,3.114145069051779e-05,False,False
MLP-Giant,23,15,82.73,83.14,851609147,0.03066140494868341,0.24608164638519475,4.200027549714658e-05,False,False
MLP-Giant,23,16,82.0,82.96,1435386587,0.03696475655389161,0.3170281106709313,0.0005691424953955766,False,False
MLP-Giant,23,17,80.49,81.07,1980163591,0.006363877098403723,0.0,0.0017737940733862365,False,False
MLP-Giant,23,18,78.77,78.21,315294879,0.0009369015743976428,0.13295932558595097,7.818633726500888e-06,False,False
MLP-Giant,23,19,64.43,64.09,1240313466,0.00011247469609591975,0.23670629340739532,0.0009731603339958753,False,False
MLP-Giant,23,20,73.84,73.23,1654104884,0.00035862984138064,0.20345598432672102,0.0008424386137732208,False,False
MLP-Giant,23,21,64.41,63.91,158582150,0.00014312321982275176,0.2037929252926133,0.005335243450862807,False,False
MLP-Giant,23,22,74.51,74.37,1436195960,0.00034207327940030284,0.46619974779249734,1.997644572926973e-06,False,False
MLP-Giant,23,23,82.29,81.65,1679688346,0.009597360738378857,0.3715535194675411,2.5441781363476954e-05,False,False
MLP-Giant,23,24,73.5,73.45,1518294408,0.0003266722671899059,0.31851265834982284,9.42564183740093e-05,False,False
MLP-Giant,23,25,78.34,79.36,387529481,0.0014902739585338067,0.0,0.003618178687653782,False,False
MLP-Giant,23,26,63.71,63.74,2024879398,0.00012084538252131154,0.11828881556954518,2.5292734899717098e-06,False,False
MLP-Giant,23,27,80.6,79.77,911079293,0.08805279656588678,0.181868937312312,4.342793187648483e-05,False,False
MLP-Giant,23,28,79.86,79.74,180463152,0.041966618989326264,0.1718627060636204,0.002262197073650875,False,False
MLP-Giant,23,29,67.57,66.7,1520136197,0.09165198539504042,0.4952948925576568,0.0031749330675783804,False,False
MLP-Giant,23,30,81.32,81.25,771767457,0.01659972488945473,0.12166271325266698,6.618706958783966e-05,False,False
MLP-Giant,23,31,75.03,74.9,1918200752,0.0003358222179715369,0.22343127346488517,0.0002639353628659769,False,False
MLP-Giant,23,32,73.02,73.18,1160423278,0.043759787834336,0.11062308909304226,0.00508753549737885,False,False
MLP-Giant,23,33,70.83,70.75,2137115331,0.00024449135577524905,0.13557917268317224,0.0010764533943641264,False,False
MLP-Giant,23,34,82.16,82.27,1769886966,0.0016656514361031718,0.0,9.305352965210325e-05,False,False
MLP-Giant,23,35,76.57,76.01,77973211,0.0006113554042568782,0.13905016101593817,1.8606393478005676e-06,False,False
MLP-Giant,23,36,77.61,77.56,969309952,0.011333913639524533,0.10137124592278468,0.0032899852236270284,False,False
MLP-Giant,23,37,71.63,71.92,1628318329,0.00025870962746402576,0.1283872852145821,0.0006840026089202393,False,False
MLP-Giant,23,38,81.8,81.3,1676037482,0.053301195797097516,0.11326571962780743,1.183064364485255e-06,False,False
MLP-Giant,23,39,81.73,81.98,2146387433,0.003530407374775187,0.26396267052281397,0.0005911678121135291,False,False
MLP-Giant,23,40,81.75,81.19,272835770,0.002352799669765898,0.1297836370747363,0.0004947214927570598,False,False
MLP-Giant,23,41,81.81,81.61,1971266939,0.0900526840665235,0.1308162174271391,0.0003752849333560786,False,False
MLP-Giant,23,42,82.53,81.62,1223039609,0.001820966186429542,0.0,3.2711843742921856e-05,False,False
MLP-Giant,23,43,73.41,73.03,2059891237,0.00017867507230052382,0.0,0.00012659731968523404,False,False
MLP-Giant,23,44,64.74,63.92,1367016822,0.00011341377836661708,0.23771189429193995,8.982872522998386e-05,False,False
MLP-Giant,23,45,76.77,77.05,634825218,0.03961359955593464,0.0,1.159670465160217e-05,False,False
MLP-Giant,23,46,82.13,82.85,985834421,0.02674449371076784,0.15471008504481454,3.4671120409861756e-05,False,False
MLP-Giant,23,47,78.98,78.17,454018689,0.0026787398211546944,0.14840799269990018,0.004286048765944851,False,False
MLP-Giant,23,48,73.5,73.79,497680048,0.00020741486955111804,0.0,1.5133744193821796e-06,False,False
MLP-Giant,23,49,72.04,71.83,1000344964,0.000279156321268419,0.15675377160428053,1.4899410939858574e-06,False,False
MLP-Giant,23,50,72.87,72.69,257808268,0.00018002822277657856,0.0,0.0006080184139672019,False,False
MLP-Giant,23,51,69.05,68.82,1704787815,0.00019160817288662425,0.3046284025792613,0.0014580045350895366,False,False
MLP-Giant,23,52,75.59,76.15,89481583,0.0005119436222999587,0.18202096513936938,2.4923333234522558e-05,False,False
MLP-Giant,23,53,27.0,28.42,1241131841,0.08849579826804399,0.0,0.0015078215843493713,False,False
MLP-Giant,23,54,67.61,67.02,2045425389,0.00013513038032420915,0.4344439859965354,0.0011863210270949259,False,False
MLP-Giant,23,55,74.94,74.62,608790995,0.0017473633136050382,0.46776620819047776,0.006546035997428857,False,False
MLP-Giant,23,56,83.28,83.32,877385422,0.0025187986765243964,0.0,1.692441640137887e-06,False,False
MLP-Giant,23,57,78.73,79.24,583624151,0.04313172272973722,0.13844638636446105,7.266442476296171e-06,False,False
MLP-Giant,23,58,78.58,78.85,181127854,0.0009902422885027253,0.19670346692974783,0.00032605168411148675,False,False
MLP-Giant,23,59,81.96,81.67,541485146,0.003097399626306096,0.1612382546625756,0.0005330303741418181,False,False
MLP-Giant,23,60,83.39,83.37,1609009652,0.07446886693461903,0.2127003928278559,5.27558982893949e-05,False,True
MLP-Giant,23,61,82.32,82.45,1726386324,0.03288446970793082,0.4256314915176482,5.219123272436784e-05,False,False
MLP-Giant,23,62,80.02,80.54,1372824080,0.01113105031271342,0.28354096380986793,0.0016245081082247382,False,False
MLP-Giant,23,63,80.83,81.56,1005506149,0.01572384103192448,0.37392773539225177,1.3999896996407648e-05,False,False
MLP-Giant,23,64,83.49,83.28,1758623560,0.020257378065055832,0.46434177612967487,0.00010506888888536174,False,False
MLP-Giant,23,65,76.48,76.38,1911294211,0.026309505233574754,0.2213709797253159,0.003738374824052056,False,False
MLP-Giant,23,66,83.77,83.35,2017224541,0.003927071831899514,0.4525403660491249,7.314532808351701e-06,True,False
MLP-Giant,23,67,81.7,81.45,1287892490,0.002020396411182669,0.16179713308369467,2.1914771940981785e-06,False,False
MLP-Giant,23,68,83.42,82.33,887390069,0.003991953185913664,0.3228157274177376,2.7389689932293054e-06,False,False
MLP-Giant,23,69,76.63,76.45,1812810385,0.0006009253455563515,0.3499374612215384,3.11615929360075e-06,False,False
MLP-Giant,23,70,73.22,72.71,1970672430,0.07799928366521153,0.2723702224458557,0.002288856107763707,False,False
MLP-Giant,23,71,70.81,71.34,89831346,0.0002745028802666032,0.2270780473098103,5.805428316131126e-05,False,False
MLP-Giant,23,72,64.45,64.37,392028187,0.00019550480687498015,0.1195879617981227,0.0077819137845269275,False,False
MLP-Giant,23,73,80.42,79.9,1203479119,0.0015618754348403084,0.11964299266241246,0.00016834762402702006,False,False
MLP-Giant,23,74,82.4,81.88,309270269,0.017059759133358134,0.34303348643824577,0.00011729281749455053,False,False
MLP-Giant,23,75,82.64,82.28,1600503833,0.002239590543177167,0.0,3.210778098704607e-06,False,False
MLP-Giant,23,76,69.82,69.07,155232443,0.0001528575866453689,0.0,0.004472305015403097,False,False
MLP-Giant,23,77,81.94,81.97,1482509291,0.007997700958025442,0.12843155100045633,9.160222443691546e-06,False,False
MLP-Giant,23,78,81.77,81.8,1184034626,0.00382129907875385,0.32020152934038526,0.00014964423342762715,False,False
MLP-Giant,23,79,80.21,79.52,205528294,0.0028698258144036703,0.11036527717317626,0.004283242429038801,False,False
MLP-Giant,23,80,68.04,67.99,1289960560,0.00017427624172302756,0.1925079604668566,1.0964427194111543e-06,False,False
MLP-Giant,23,81,77.07,77.3,1785096967,0.0006447737767336742,0.0,3.069975775271098e-06,False,False
MLP-Giant,23,82,74.24,74.76,2145642050,0.0004359827950673304,0.0,0.0034262948382361444,False,False
MLP-Giant,23,83,62.02,61.87,286450077,0.052041286754005885,0.23510666742378916,0.008789717636180019,False,False
MLP-Giant,23,84,82.46,82.94,1833865825,0.004836356254963459,0.1685315732305762,0.0003766775732085038,False,False
MLP-Giant,23,85,68.49,68.84,1819974358,0.00043111921665626253,0.1250746721176411,0.006666523579238666,False,False
MLP-Giant,23,86,68.89,69.23,808079595,0.0007084900074035597,0.24333635184223917,0.009930806492182486,False,False
MLP-Giant,23,87,75.43,75.3,1996903357,0.00047402449041464767,0.0,0.00014009561089935508,False,False
MLP-Giant,23,88,76.89,76.88,1532457193,0.039675609403307346,0.0,2.3823872387623416e-05,False,False
MLP-Giant,23,89,73.17,73.91,1133259528,0.000386241716959118,0.13645386605252788,0.0015447188513913633,False,False
MLP-Giant,23,90,68.04,67.84,1598603858,0.00015907500632119168,0.3156170816858669,0.0002158658938024805,False,False
MLP-Giant,23,91,75.35,73.77,1435497304,0.0003691410470841957,0.18314648336776546,1.3373343710792657e-06,False,False
MLP-Giant,23,92,74.58,74.42,1230653477,0.00024067326639744705,0.0,8.17255567269221e-05,False,False
MLP-Giant,23,93,70.78,69.82,1818664320,0.00021310678071498568,0.16655611178607363,2.4531846571836653e-06,False,False
MLP-Giant,23,94,73.95,73.51,1083178362,0.0006204372978890673,0.10989774628106284,0.004516367638875547,False,False
MLP-Giant,23,95,77.56,77.87,1838107253,0.0008180058412144797,0.10629353720956455,3.1827573884479474e-05,False,False
MLP-Giant,23,96,75.58,74.96,247296590,0.0004376351460320443,0.21260513850260296,0.00011564595184227425,False,False
MLP-Giant,23,97,83.13,82.57,129979538,0.01941634075628326,0.18012761218357576,0.00016203213594761414,False,False
MLP-Giant,23,98,80.51,80.28,57518256,0.02710202665935617,0.25245663348361586,1.8272898979531413e-06,False,False
MLP-Giant,23,99,73.79,73.81,1151982883,0.0003070709723053903,0.17262450129501933,0.00017573879620267632,False,False
MLP-Giant,24,0,82.66,83.18,1620954820,0.007204822624539006,0.0,5.297222012749933e-06,False,False
MLP-Giant,24,1,81.0,81.8,1652135455,0.006087097470232618,0.1433037181037607,2.718133951946745e-05,False,False
MLP-Giant,24,2,63.95,63.62,29895284,0.01865161813204904,0.0,0.0027070473473155216,False,False
MLP-Giant,24,3,78.09,78.49,1288226367,0.0009108849176562453,0.2842368258502281,3.616222798263457e-05,False,False
MLP-Giant,24,4,78.17,78.22,1762937671,0.06574364596387998,0.35645382262042297,1.552388388644157e-05,False,False
MLP-Giant,24,5,66.65,65.88,1412705472,0.05792872755084874,0.17165111555318227,0.007899465097181159,False,False
MLP-Giant,24,6,78.43,78.32,813682282,0.006328731752599532,0.35136170541851536,0.0033994891973917166,False,False
MLP-Giant,24,7,83.11,83.05,1173382907,0.004663190545830673,0.12023167010354734,0.00025074702191381625,False,False
MLP-Giant,24,8,82.56,81.95,1824434601,0.015512271888025614,0.1597187907807928,4.002871812093349e-05,False,False
MLP-Giant,24,9,72.17,71.39,271420725,0.0002655941707108943,0.2120158222009272,1.2043564489832337e-05,False,False
MLP-Giant,24,10,80.79,81.41,1669530291,0.0017740386813194066,0.4164890414067992,2.7337281165264413e-06,False,False
MLP-Giant,24,11,80.24,80.83,722237518,0.0012473556140341314,0.0,7.762883831401572e-05,False,False
MLP-Giant,24,12,75.08,74.73,1445435007,0.0007999107521124681,0.10843796710199292,0.005520863510923994,False,False
MLP-Giant,24,13,82.78,83.43,1731908035,0.005905401157541466,0.39852620051567256,9.036332331153221e-05,False,False
MLP-Giant,24,14,69.8,69.6,356899512,0.00019644178701538702,0.28646089885843073,1.3892760722204069e-06,False,False
MLP-Giant,24,15,74.65,74.26,1873920594,0.00036665232022338505,0.2389960006284335,3.102597328166423e-05,False,False
MLP-Giant,24,16,69.66,69.26,1566602448,0.00017698706782990492,0.32667849030279095,4.9671738691647055e-05,False,False
MLP-Giant,24,17,78.82,78.8,863698762,0.0009189660202117117,0.10212369158679238,0.0002194250884896898,False,False
MLP-Giant,24,18,83.63,84.49,814157321,0.004767116728956296,0.0,0.00016893281627227498,False,True
MLP-Giant,24,19,80.06,79.95,1111898482,0.0013332130856014408,0.3525530286574061,2.2143914182362294e-06,False,False
MLP-Giant,24,20,49.91,49.2,473115946,0.09423653125672671,0.0,2.382281213792874e-06,False,False
MLP-Giant,24,21,64.5,64.22,973440053,0.00013240834761585625,0.13499170411079087,1.8969356169275e-06,False,False
MLP-Giant,24,22,74.59,74.11,1718229591,0.00038760628727771694,0.21039979296322045,0.00043792966213757815,False,False
MLP-Giant,24,23,78.94,78.21,1322788365,0.024469167302465546,0.39514219764986486,0.0015469809203368342,False,False
MLP-Giant,24,24,73.09,73.41,574761941,0.0003231879347620466,0.48371812169652706,2.159213764108642e-06,False,False
MLP-Giant,24,25,76.89,77.24,100052665,0.0008704593475152756,0.414308560583183,4.764589159399046e-05,False,False
MLP-Giant,24,26,80.69,80.76,795875083,0.0015305435518481326,0.0,1.6280685674632022e-06,False,False
MLP-Giant,24,27,82.6,82.52,682589744,0.005713427438423085,0.2140554473999755,2.719656940123255e-06,False,False
MLP-Giant,24,28,80.63,81.09,1603041503,0.05643834484394045,0.45865429781565104,8.34070884687124e-05,False,False
MLP-Giant,24,29,81.73,82.37,1904055823,0.006477845278307282,0.17462741273319526,0.0010864788250441236,False,False
MLP-Giant,24,30,70.99,71.05,642666082,0.0001184895996965405,0.0,0.00029057498564347443,False,False
MLP-Giant,24,31,81.86,81.79,1020165283,0.0069633756775626535,0.10399647022451328,1.4928612856939967e-05,False,False
MLP-Giant,24,32,80.39,80.36,530591532,0.012466287642876757,0.13382968884279944,1.8009269403642156e-05,False,False
MLP-Giant,24,33,74.51,74.07,729473855,0.0003196022324258172,0.0,0.0035801656051842883,False,False
MLP-Giant,24,34,68.68,69.24,127062634,0.00016881485999260327,0.22461880160245204,3.2920014157119335e-05,False,False
MLP-Giant,24,35,82.27,82.48,831580876,0.007497400449650002,0.20994991378805342,8.139098042497612e-06,False,False
MLP-Giant,24,36,80.4,80.42,1835630792,0.041202011270430716,0.11143663178230552,0.00010996249610082295,False,False
MLP-Giant,24,37,80.43,80.31,1255445204,0.0016458945093673122,0.31855680476461745,1.3085929894987825e-06,False,False
MLP-Giant,24,38,81.84,82.19,1445963984,0.002705462674824809,0.0,0.0009861349632008314,False,False
MLP-Giant,24,39,80.31,80.95,761080038,0.02678013425685381,0.1435583870869462,0.0008904660916673096,False,False
MLP-Giant,24,40,82.91,83.37,885189877,0.004817209292304527,0.0,2.511703286544241e-06,False,False
MLP-Giant,24,41,77.57,77.4,612374093,0.0013065989103793164,0.0,0.004914881508849714,False,False
MLP-Giant,24,42,68.49,67.96,303217901,0.00018521270237816792,0.4020441542453402,0.002451860210834336,False,False
MLP-Giant,24,43,71.25,70.52,498960091,0.012567730322002743,0.36371898259935015,0.0061919322996806855,False,False
MLP-Giant,24,44,75.6,75.02,1756777501,0.041918359461705045,0.0,3.405194522272209e-05,False,False
MLP-Giant,24,45,80.72,81.19,523856540,0.05464336462362674,0.21385000896649176,2.727892946785398e-06,False,False
MLP-Giant,24,46,81.17,81.19,1869869285,0.036652199775555463,0.10054979239275795,5.8984381788215344e-05,False,False
MLP-Giant,24,47,81.72,82.51,1743243013,0.022135894995615604,0.13606844539270774,1.6690814740452582e-06,False,False
MLP-Giant,24,48,82.76,82.82,2129414188,0.004954570424229104,0.2976500860021863,2.5173315189716552e-05,False,False
MLP-Giant,24,49,76.6,76.19,2124457174,0.0007153842020837506,0.34425946104916116,0.0005033827928424555,False,False
MLP-Giant,24,50,70.49,70.36,606232495,0.0005492002328393098,0.24601352445650534,0.006796333563851115,False,False
MLP-Giant,24,51,80.46,80.89,211054948,0.03553083756909891,0.21130923405872556,0.0014230657925039902,False,False
MLP-Giant,24,52,75.66,76.54,242611594,0.0006226728620320232,0.32245683487055854,9.548914991141143e-05,False,False
MLP-Giant,24,53,83.26,83.92,1425472938,0.0050295445266320465,0.0,0.0011086825584360532,False,False
MLP-Giant,24,54,78.24,77.37,140139713,0.0008664631309409777,0.15017958406016657,1.6738022060446136e-06,False,False
MLP-Giant,24,55,70.59,69.99,1990190224,0.00025333433211805395,0.2204267227670064,0.000972833673551499,False,False
MLP-Giant,24,56,71.28,69.84,254608657,0.00022747858102570545,0.34799660090858175,2.7841518126699964e-05,False,False
MLP-Giant,24,57,69.97,69.51,322963454,0.00018667821635734016,0.39355191462475975,0.00047902423077760345,False,False
MLP-Giant,24,58,57.01,56.15,1709225980,0.08918456549423841,0.0,0.0006232406701467651,False,False
MLP-Giant,24,59,79.21,78.7,1002900716,0.016834825193767573,0.24119520754216373,1.5720745344169013e-06,False,False
MLP-Giant,24,60,81.45,81.66,2083546641,0.001821588646216001,0.10886670596174526,1.3323714882643404e-05,False,False
MLP-Giant,24,61,79.99,80.07,1362764311,0.02146776642582381,0.0,2.131725070732495e-05,False,False
MLP-Giant,24,62,81.71,81.7,1524447631,0.012662214993350759,0.2866207173154437,0.00027222568257111315,False,False
MLP-Giant,24,63,67.26,66.62,397409178,0.00017314127787598205,0.4514605276989894,0.0029706698182380914,False,False
MLP-Giant,24,64,74.34,73.94,1119351683,0.0003664295468874035,0.17622212556887976,0.0002840667225446295,False,False
MLP-Giant,24,65,69.97,69.34,284729216,0.0001734543334808287,0.38410249691628034,0.00019308200113926885,False,False
MLP-Giant,24,66,83.53,83.84,1168619973,0.0031352719464910733,0.0,6.046776964319511e-06,False,False
MLP-Giant,24,67,75.07,74.21,719408382,0.00036403871053361866,0.13734363253482024,7.562016802936132e-05,False,False
MLP-Giant,24,68,68.21,68.16,963195946,0.00016305278876681657,0.25219991723107343,2.3511468142631366e-05,False,False
MLP-Giant,24,69,67.29,67.01,1498117920,0.00015290812032786661,0.18909757109155087,7.016831448465258e-06,False,False
MLP-Giant,24,70,79.21,79.55,1140380781,0.0011229769127121202,0.0,6.902286145407572e-06,False,False
MLP-Giant,24,71,77.34,77.29,923794483,0.0007235024287550959,0.0,1.000134651722311e-06,False,False
MLP-Giant,24,72,77.02,77.18,626013326,0.0007230544252592149,0.0,0.00022553496556378797,False,False
MLP-Giant,24,73,80.43,80.28,913803050,0.0016073501837893366,0.0,4.029429259618524e-06,False,False
MLP-Giant,24,74,83.51,83.85,1613134736,0.002417984257794796,0.0,0.00010619885872773576,False,False
MLP-Giant,24,75,82.74,83.34,434707203,0.030087123434669363,0.15459941662231644,7.976915433908184e-05,False,False
MLP-Giant,24,76,82.54,82.2,379684005,0.008426281851672367,0.24937576659002159,1.1137477600288084e-05,False,False
MLP-Giant,24,77,80.57,80.92,2077973266,0.0015520497406637565,0.2030781837301022,3.1521921440954127e-06,False,False
MLP-Giant,24,78,82.8,82.82,546514722,0.004910073746220075,0.4792353625007687,0.0005424974787843275,False,False
MLP-Giant,24,79,77.57,77.92,450734430,0.0012593144590995757,0.4543263029421907,0.004361572268592873,False,False
MLP-Giant,24,80,82.08,82.08,1312651063,0.04672332203384392,0.21132160726097166,0.00013374105772258904,False,False
MLP-Giant,24,81,78.16,78.55,770316242,0.014088615201956797,0.23798331962148955,1.9756993675269758e-05,False,False
MLP-Giant,24,82,68.27,67.63,1047910163,0.00019234060390145685,0.28145116175752605,0.0023129362014581004,False,False
MLP-Giant,24,83,81.34,81.81,1823756869,0.001846262057924403,0.2970142883594324,4.638723125091264e-05,False,False
MLP-Giant,24,84,80.69,81.08,1413337662,0.001572276947073494,0.12804130258482063,9.202446378934856e-06,False,False
MLP-Giant,24,85,71.27,70.69,2057807997,0.00010988094795074105,0.0,0.0006526126073352176,False,False
MLP-Giant,24,86,77.73,77.88,179641866,0.012731825685189765,0.0,0.0014511398030734462,False,False
MLP-Giant,24,87,77.65,77.64,1755729784,0.0008224350213049431,0.33731852829888614,2.166338799469365e-06,False,False
MLP-Giant,24,88,78.75,79.16,2119315275,0.010339092314237661,0.14423338674835598,9.60588783258741e-06,False,False
MLP-Giant,24,89,80.05,80.27,676291859,0.08307607765128881,0.11025051241879746,1.548790042970496e-05,False,False
MLP-Giant,24,90,74.48,73.51,768077369,0.0009239706180179699,0.3103569971914333,0.0061674678523800765,False,False
MLP-Giant,24,91,79.2,79.42,414046689,0.007435628852795736,0.2301162411375548,0.0017809639566148902,False,False
MLP-Giant,24,92,72.83,72.54,1620989797,0.0002925291573579444,0.26823524719269437,9.524343881239744e-05,False,False
MLP-Giant,24,93,78.15,77.84,875694409,0.011444079769627984,0.0,1.707850900527398e-06,False,False
MLP-Giant,24,94,82.28,82.88,1913500072,0.0157358224758242,0.13077440874648974,0.0004313989074197639,False,False
MLP-Giant,24,95,82.78,82.32,363233307,0.03387172396177679,0.13701515321826313,4.440021083229972e-05,False,False
MLP-Giant,24,96,81.21,81.75,367379194,0.011595229191756845,0.16117889360694032,2.7159306933437466e-05,False,False
MLP-Giant,24,97,79.34,79.54,939687196,0.0013055742490473187,0.0,3.175777366135267e-06,False,False
MLP-Giant,24,98,80.17,80.75,424184292,0.012071894437482347,0.21482301922057154,2.7408975758621572e-05,False,False
MLP-Giant,24,99,83.73,83.52,117907770,0.01890055575288371,0.337549980992255,0.00033230829826676585,True,False
MLP-Giant,25,0,76.55,76.39,873520047,0.000478323068795714,0.0,2.899938734592467e-06,False,False
MLP-Giant,25,1,75.45,74.75,1395227202,0.0003582936213205521,0.0,5.589544332054228e-06,False,False
MLP-Giant,25,2,83.08,82.17,1314901516,0.0059975001940861606,0.19538843436755374,1.26103844374715e-06,False,False
MLP-Giant,25,3,82.41,82.28,2014854766,0.003547450992203347,0.13303439438092587,0.00031789716357783366,False,False
MLP-Giant,25,4,81.56,81.21,685907353,0.07606674458845734,0.14018696676214942,0.0011807644539711369,False,False
MLP-Giant,25,5,75.46,75.35,378140537,0.0004283619218188133,0.3744192231863526,0.00018166796109589123,False,False
MLP-Giant,25,6,80.4,79.93,233554855,0.00349840287804742,0.0,0.002039716327517902,False,False
MLP-Giant,25,7,72.66,72.55,803162363,0.00029711383990706095,0.12747643713568113,2.0686020826411105e-06,False,False
MLP-Giant,25,8,78.66,77.66,1386609395,0.0008918967687223835,0.13166802255335847,1.6881431641387674e-06,False,False
MLP-Giant,25,9,83.08,83.05,1739858007,0.0037696977304544667,0.1135693650279773,0.0004013842179892026,False,False
MLP-Giant,25,10,73.77,73.97,642654615,0.00025956656623049226,0.0,0.0009142122661663358,False,False
MLP-Giant,25,11,83.26,83.22,2037876955,0.0028649216252954134,0.31356822719942845,1.4722608784994424e-06,False,False
MLP-Giant,25,12,75.05,74.51,2060181238,0.0005169118740451031,0.2081334173787628,5.254321735740812e-06,False,False
MLP-Giant,25,13,79.78,80.19,130442309,0.0013689665072025871,0.18553590074577503,0.0004263145031124044,False,False
MLP-Giant,25,14,79.19,78.9,1753756099,0.0012808384283129947,0.1008394036589787,7.711500834506042e-05,False,False
MLP-Giant,25,15,80.4,80.21,1934759705,0.002396816100443595,0.15104331546537417,0.0018180961100999402,False,False
MLP-Giant,25,16,80.61,79.76,204695830,0.03467707862006756,0.2931878860174369,0.0013679923433484963,False,False
MLP-Giant,25,17,84.18,83.24,305651722,0.004238328993347611,0.3023330737499589,9.00780251955714e-06,True,False
MLP-Giant,25,18,74.38,73.54,785352728,0.00019914735545168027,0.0,0.0010964575153822776,False,False
MLP-Giant,25,19,55.49,55.5,390033800,0.08428310832511443,0.0,0.00012567199562027996,False,False
MLP-Giant,25,20,71.24,69.66,774934520,0.0002459419046976745,0.13592085975342663,6.01008547505136e-05,False,False
MLP-Giant,25,21,80.6,79.77,261628070,0.004903703821762217,0.0,3.365613400818887e-05,False,False
MLP-Giant,25,22,56.63,56.52,800481315,0.07923062029124935,0.0,0.00015088308618794696,False,False
MLP-Giant,25,23,74.08,73.6,512198920,0.00021340306630679445,0.0,1.546894926704072e-05,False,False
MLP-Giant,25,24,66.71,65.85,458200952,0.06013167784485119,0.0,8.929745719459571e-05,False,False
MLP-Giant,25,25,81.69,81.39,1964601692,0.026283941440127974,0.31856988786706,7.66427350862333e-06,False,False
MLP-Giant,25,26,84.1,83.9,1101175239,0.0037981323272305387,0.0,2.3945669669711853e-06,False,False
MLP-Giant,25,27,82.08,81.22,1721915125,0.09356087433796806,0.18869946446662714,3.911798772190758e-05,False,False
MLP-Giant,25,28,71.21,70.93,1766181311,0.024522643647774088,0.16779045224423944,0.008287414339380947,False,False
MLP-Giant,25,29,82.9,82.71,505025869,0.00569157531758158,0.0,0.0004935066270253573,False,False
MLP-Giant,25,30,81.75,80.87,769988457,0.024179242543171577,0.21885036326769475,1.4739709669019464e-06,False,False
MLP-Giant,25,31,79.18,78.88,34092905,0.07480533637301696,0.16180608819781098,1.5865677154038623e-05,False,False
MLP-Giant,25,32,79.45,79.16,328301650,0.01551422698661569,0.1504902357166914,1.1417669934600397e-06,False,False
MLP-Giant,25,33,65.93,65.05,859409676,0.00013833193710924735,0.2076301638668309,0.001549782020072507,False,False
MLP-Giant,25,34,83.35,83.24,1323517753,0.002238785646132561,0.0,2.1221455390776485e-06,False,False
MLP-Giant,25,35,79.62,79.39,1457822269,0.023768226964239136,0.28291769142868933,6.856207343526735e-06,False,False
MLP-Giant,25,36,83.95,83.97,220873084,0.003177254952392755,0.0,6.516476593610805e-06,False,False
MLP-Giant,25,37,82.39,82.99,21080933,0.002416520794292838,0.17270154451498101,1.438235634995696e-05,False,False
MLP-Giant,25,38,73.29,73.08,1855235628,0.0002562937928096155,0.3109449177283331,7.5396304121286105e-06,False,False
MLP-Giant,25,39,81.07,80.17,1801888297,0.014390622012461054,0.4050682861259634,1.3510577001425935e-05,False,False
MLP-Giant,25,40,82.73,82.15,1984906008,0.00591098126027829,0.2316267655201881,0.00025422168298626065,False,False
MLP-Giant,25,41,81.75,81.77,1453454226,0.018907464899032434,0.22022603627489465,2.680847169623386e-05,False,False
MLP-Giant,25,42,79.22,78.42,854618718,0.0007910487399368554,0.0,0.0005420108248530425,False,False
MLP-Giant,25,43,78.79,77.91,1168036100,0.0011708512037699105,0.0,0.0036554319213352965,False,False
MLP-Giant,25,44,75.7,75.72,985437188,0.0005534979326155806,0.17965455480639347,1.3592999476848297e-06,False,False
MLP-Giant,25,45,78.07,78.12,1043893441,0.013387638058363674,0.0,0.0012064224312940215,False,False
MLP-Giant,25,46,73.34,72.73,983559838,0.00014258652651136732,0.0,1.0018373946588519e-06,False,False
MLP-Giant,25,47,75.59,74.87,1475380030,0.0005106080807606137,0.20140431259259933,3.347651066904534e-05,False,False
MLP-Giant,25,48,83.25,82.9,251460930,0.002035254457693993,0.0,0.00015197204264287486,False,False
MLP-Giant,25,49,82.63,81.7,1190469945,0.004081868703313692,0.0,7.645896660633318e-06,False,False
MLP-Giant,25,50,79.99,79.35,1742038146,0.09181827406837559,0.39338684406804264,5.1536020816147845e-06,False,False
MLP-Giant,25,51,81.24,80.88,802253493,0.00981343342624283,0.4782137022490396,3.498721402872174e-05,False,False
MLP-Giant,25,52,74.76,73.94,262755605,0.00028265563346987555,0.0,1.4009640063358174e-05,False,False
MLP-Giant,25,53,66.15,64.99,431203518,0.0002202457697250827,0.2657966263959557,0.0085623222224993,False,False
MLP-Giant,25,54,79.09,79.22,1847726621,0.0013046599856923295,0.2133114703437222,0.0005054606711548457,False,False
MLP-Giant,25,55,81.24,80.75,472382315,0.008920986889375758,0.27477573258423,7.048942133524754e-05,False,False
MLP-Giant,25,56,83.06,83.37,2093981559,0.016137373725629144,0.3762035252194532,0.00017003337357391737,False,False
MLP-Giant,25,57,82.65,81.81,4073130,0.002200770694154064,0.11589684964372088,9.664589213594343e-05,False,False
MLP-Giant,25,58,82.17,81.82,2012970207,0.005094429482513433,0.1987860367411484,0.0010078311048747673,False,False
MLP-Giant,25,59,82.22,81.25,854123985,0.013049956014213313,0.12180602885574444,0.0004922318448332217,False,False
MLP-Giant,25,60,72.6,71.16,1913167281,0.0002396091541416505,0.41069784774640555,5.382026909824236e-06,False,False
MLP-Giant,25,61,72.79,72.62,258540603,0.00015832152653779202,0.0,0.00015572322652134245,False,False
MLP-Giant,25,62,79.77,79.62,883133942,0.001201722203275249,0.11455024806528356,5.314914632054883e-06,False,False
MLP-Giant,25,63,74.16,72.95,311017486,0.0002973978354517606,0.2101291438039346,5.183977725489518e-05,False,False
MLP-Giant,25,64,79.2,79.0,708085621,0.001471554002142095,0.1486588662297074,0.002340529767674131,False,False
MLP-Giant,25,65,65.15,64.82,836733198,0.00013343436683298902,0.33528373864120753,0.004599411603487768,False,False
MLP-Giant,25,66,83.08,82.17,1853800457,0.004694356744554598,0.3675773339965336,9.737964531328791e-06,False,False
MLP-Giant,25,67,68.84,68.61,1663574826,0.00018191738405840026,0.1828153650251883,0.000390331488887247,False,False
MLP-Giant,25,68,70.97,69.97,1338796297,0.00023491526343652656,0.10988637914276911,0.00011747337529904129,False,False
MLP-Giant,25,69,74.14,73.16,799536427,0.0002939905933726323,0.425097322090045,7.645677020671262e-06,False,False
MLP-Giant,25,70,77.61,77.56,315145156,0.0013098900125364274,0.0,0.0009960478937877317,False,False
MLP-Giant,25,71,81.54,80.93,1674820870,0.0017096144809331892,0.11835825521471412,1.9865278029679334e-05,False,False
MLP-Giant,25,72,80.9,80.47,2029561596,0.008812706544245603,0.0,0.00035652344447306006,False,False
MLP-Giant,25,73,57.62,57.77,409851873,0.0857494567607148,0.0,1.8766236498247573e-06,False,False
MLP-Giant,25,74,71.36,70.78,606317191,0.005595733358720826,0.0,0.00669114796541198,False,False
MLP-Giant,25,75,82.82,82.27,1281595606,0.009745067458759128,0.0,0.0006827071787085171,False,False
MLP-Giant,25,76,81.65,81.01,483668869,0.00883403856205559,0.0,3.879661274484621e-05,False,False
MLP-Giant,25,77,83.51,83.03,860163713,0.0034020798540711572,0.21425637521926336,2.6163684882037666e-05,False,False
MLP-Giant,25,78,77.68,77.27,1371932406,0.009292366129692782,0.0,0.0016198847102725238,False,False
MLP-Giant,25,79,77.19,76.95,169786842,0.0004293038237164746,0.0,0.00028171284122127,False,False
MLP-Giant,25,80,83.12,82.1,1177828276,0.011464300424740972,0.19933592000946748,0.000748950763638303,False,False
MLP-Giant,25,81,81.2,81.86,971535906,0.0031452102553795494,0.1522778860913791,0.0007557577731474048,False,False
MLP-Giant,25,82,76.1,75.54,792541673,0.00046278081173421157,0.3734350712163632,1.9238981594103935e-06,False,False
MLP-Giant,25,83,83.51,82.93,894537710,0.0030938548245557852,0.3675350314601894,2.8984879330982614e-06,False,False
MLP-Giant,25,84,80.43,80.66,403377643,0.02258078681516884,0.4891290211695676,4.104197043849155e-06,False,False
MLP-Giant,25,85,78.69,78.54,1110363406,0.012728936558186178,0.0,3.476186731206494e-06,False,False
MLP-Giant,25,86,64.82,64.32,2029361226,0.00016318238597920812,0.1443445388275824,0.005992512970911912,False,False
MLP-Giant,25,87,80.27,80.01,211374071,0.014179316849921434,0.2027049944750556,1.469317021759436e-06,False,False
MLP-Giant,25,88,71.03,70.11,1410854959,0.00021117623322543973,0.18769437327273947,0.00013592129131043774,False,False
MLP-Giant,25,89,81.17,80.52,225316552,0.010552042571621501,0.0,0.000575567207355533,False,False
MLP-Giant,25,90,81.99,80.9,866964598,0.05291674139498243,0.40522264736227465,1.0885849583214352e-05,False,False
MLP-Giant,25,91,75.9,74.59,745400255,0.0009250093389781097,0.2916494173350554,0.004952099950306668,False,False
MLP-Giant,25,92,84.15,84.11,2067422985,0.0038603229263911806,0.0,7.455252538766613e-06,False,True
MLP-Giant,25,93,73.53,73.24,646740585,0.0003459838880449018,0.18925289333842074,6.964255476661002e-06,False,False
MLP-Giant,25,94,73.32,72.83,504141334,0.00035026077586018976,0.17168504917770508,0.0020453416726719385,False,False
MLP-Giant,25,95,76.61,75.78,1643142848,0.004971857208202525,0.1496076887753383,0.00476389664653667,False,False
MLP-Giant,25,96,73.14,72.48,1812136358,0.00491269939844608,0.18435178997807358,0.0079241320677217,False,False
MLP-Giant,25,97,78.4,78.0,1248221257,0.0011545703610591732,0.34133701530100813,0.0009876518656087528,False,False
MLP-Giant,25,98,81.27,81.32,1455374348,0.013097078461029777,0.3495657295382167,1.12208312408164e-06,False,False
MLP-Giant,25,99,82.07,81.57,1067305365,0.07757656812581835,0.15212684012988117,0.00010954325863191297,False,False
MLP-Giant,26,0,74.26,73.11,1813631982,0.0003948244068883209,0.13835004799359304,2.273214886675228e-05,False,False
MLP-Giant,26,1,74.01,73.63,897007066,0.043968826177707844,0.0,0.00012028477147322034,False,False
MLP-Giant,26,2,83.2,82.11,81282614,0.01838798758478889,0.20523387670044718,6.498737673679152e-05,False,False
MLP-Giant,26,3,76.2,75.13,1712678194,0.0005740664472135104,0.3117155476461266,1.3531475445194443e-05,False,False
MLP-Giant,26,4,78.61,78.07,2142227438,0.0009916483193384673,0.2483098997237521,4.403680254796569e-06,False,False
MLP-Giant,26,5,70.53,69.33,826091654,0.0001213371114089,0.0,0.0011188787013708423,False,False
MLP-Giant,26,6,74.05,73.39,1583269347,0.0002856755691430712,0.0,3.932085490255665e-05,False,False
MLP-Giant,26,7,76.84,76.12,1045272835,0.01335133336847157,0.23537518639094487,0.003241883745887154,False,False
MLP-Giant,26,8,80.41,79.33,1247904646,0.025810963727620314,0.15214429900348517,7.830575136166324e-06,False,False
MLP-Giant,26,9,80.27,79.42,122549633,0.0024723460370151824,0.14522909243456758,0.002253397657177012,False,False
MLP-Giant,26,10,79.73,78.84,1731606624,0.044485204297580835,0.24921667579581913,1.19039100067472e-06,False,False
MLP-Giant,26,11,81.16,81.32,1836193053,0.04815241366938086,0.23428204604614764,2.887151117022599e-05,False,False
MLP-Giant,26,12,75.63,74.83,565605140,0.00039688117227665304,0.0,0.0003565052827246464,False,False
MLP-Giant,26,13,82.71,82.16,1493635447,0.0026916551232845096,0.10803003571030921,1.0179912430831792e-06,False,False
MLP-Giant,26,14,73.95,73.84,1924335713,0.0003341236937320558,0.34350514396769505,6.196681565255732e-05,False,False
MLP-Giant,26,15,81.51,81.6,1114169059,0.0073734010594292895,0.4341610237814443,0.00020174824440364337,False,False
MLP-Giant,26,16,79.12,78.89,1545474097,0.0011076735633989102,0.19268906256042198,0.00011474946861754609,False,False
MLP-Giant,26,17,75.39,75.01,646049853,0.0005410573561124041,0.28888835603261565,3.600483377975677e-06,False,False
MLP-Giant,26,18,81.27,81.17,1460710305,0.009372748161470474,0.10152968413562631,3.571873128512998e-05,False,False
MLP-Giant,26,19,76.44,75.66,1182263346,0.000649129244544723,0.10724879252425769,0.00046191551386521196,False,False
MLP-Giant,26,20,75.65,75.73,567819016,0.006475309650967682,0.0,0.0017397505107770266,False,False
MLP-Giant,26,21,62.8,61.66,1528278404,0.032121695112219295,0.45152492339586253,0.008170763246619864,False,False
MLP-Giant,26,22,73.39,72.18,1399450077,0.00025136915708672344,0.2575019960563572,2.97093266004499e-05,False,False
MLP-Giant,26,23,78.44,77.84,825445838,0.0007236330386848582,0.0,0.0007235107304760756,False,False
MLP-Giant,26,24,73.14,72.27,775587206,0.00043749831567355536,0.31747426928652295,0.0022697258075789154,False,False
MLP-Giant,26,25,69.25,68.47,554985908,0.006064125748835966,0.0,0.007424074703047767,False,False
MLP-Giant,26,26,83.26,83.06,1737457436,0.008183930703330901,0.0,0.000414023714373808,False,False
MLP-Giant,26,27,76.36,75.9,123310655,0.0006428961044406796,0.19224645773535412,0.0021625570952550992,False,False
MLP-Giant,26,28,67.21,66.53,472304558,0.0001295031607570616,0.47786652549142944,1.207818107538552e-05,False,False
MLP-Giant,26,29,72.01,71.22,1436779859,0.054155831196468836,0.0,4.620545161420131e-06,False,False
MLP-Giant,26,30,74.17,74.01,690071239,0.0003524188752841411,0.3576248355865097,0.0001622175843868178,False,False
MLP-Giant,26,31,73.3,72.12,1934718705,0.00024668582395816777,0.0,0.0007474720166596339,False,False
MLP-Giant,26,32,71.3,70.71,122180050,0.00012088474742182273,0.0,1.5438015795556158e-05,False,False
MLP-Giant,26,33,76.53,76.55,130338167,0.0006810698264650218,0.2002844669379282,9.336268776523577e-06,False,False
MLP-Giant,26,34,81.67,81.28,448297535,0.00581436022073244,0.0,2.853556153928393e-05,False,False
MLP-Giant,26,35,81.77,81.56,1794475894,0.005907730749356953,0.0,3.272509310317884e-06,False,False
MLP-Giant,26,36,81.1,80.65,1981131779,0.01328473453756389,0.17461923233253418,0.0003451812640538603,False,False
MLP-Giant,26,37,64.61,63.75,1279094350,0.00012355592697919842,0.1525780457958665,7.693656866750194e-06,False,False
MLP-Giant,26,38,79.48,78.71,1866843961,0.001104552530202265,0.23152696050713475,8.505405230511939e-05,False,False
MLP-Giant,26,39,72.08,72.53,634469650,0.056223005045961144,0.0,2.61893462783666e-06,False,False
MLP-Giant,26,40,80.39,79.53,1239527599,0.02295764334213321,0.43019643166495347,1.1411406645506166e-06,False,False
MLP-Giant,26,41,79.86,79.24,1650135711,0.0011222985686755596,0.11843796236651309,4.6941802911442814e-05,False,False
MLP-Giant,26,42,83.11,82.91,649069758,0.004768560091974908,0.16916415195639992,3.717778292682637e-05,False,False
MLP-Giant,26,43,80.53,80.04,2039375809,0.0017326100758494395,0.17419772874891587,1.325343274399025e-05,False,False
MLP-Giant,26,44,74.99,74.13,1754221781,0.0003756004326510128,0.39740600409565857,0.00019829645612658186,False,False
MLP-Giant,26,45,79.76,79.42,1163783340,0.09216781555676208,0.3513500116217745,0.0005588256895576121,False,False
MLP-Giant,26,46,80.85,80.53,651574094,0.02678187822620412,0.1726363208133978,3.260823108169164e-06,False,False
MLP-Giant,26,47,76.51,75.28,670236846,0.0007859810839718818,0.0,0.0030511834836783125,False,False
MLP-Giant,26,48,82.57,82.38,455577254,0.003017429112525298,0.2335426587798787,2.3843849746214197e-06,False,False
MLP-Giant,26,49,71.81,71.88,342485189,0.0446698921663082,0.0,2.4373201043186214e-05,False,False
MLP-Giant,26,50,81.84,81.51,985493315,0.00562880845050724,0.13586755616130056,3.039641218904075e-05,False,False
MLP-Giant,26,51,66.58,65.76,375663540,0.00014665501632331833,0.22697223849123865,4.666318082840522e-06,False,False
MLP-Giant,26,52,70.17,68.99,1398006418,0.00023316044227858132,0.3695563152107359,0.0027319703950070967,False,False
MLP-Giant,26,53,82.09,81.1,1017607467,0.00804898781941828,0.4922931027710971,7.765810730911744e-05,False,False
MLP-Giant,26,54,82.28,81.58,947225865,0.0020115968495657403,0.0,0.0002939627580546613,False,False
MLP-Giant,26,55,79.83,78.76,497461947,0.0009104350880573424,0.0,0.00045726920122783865,False,False
MLP-Giant,26,56,78.58,78.12,1719595365,0.006588157416515128,0.0,1.5261793662905668e-05,False,False
MLP-Giant,26,57,82.05,82.11,1269621351,0.007256420126353995,0.22370620022642332,5.011303829030615e-06,False,False
MLP-Giant,26,58,71.79,70.26,391571696,0.00013666095134525147,0.0,2.547091108228834e-06,False,False
MLP-Giant,26,59,76.93,75.84,43499439,0.0008409564316703785,0.0,0.0038710542713346467,False,False
MLP-Giant,26,60,83.43,82.95,1542702173,0.0038275886752004756,0.11344776705081404,6.951573492201262e-05,False,False
MLP-Giant,26,61,64.79,63.03,1730522476,0.00011507330747738206,0.17982700182504435,4.138710272165383e-05,False,False
MLP-Giant,26,62,66.38,65.01,1845003062,0.00016153894309401184,0.11413762490573935,0.00010541548596972161,False,False
MLP-Giant,26,63,78.8,77.73,1469400058,0.0012917579007483237,0.0,0.001692748481828371,False,False
MLP-Giant,26,64,72.75,72.3,1293790109,0.0002618783142599425,0.4530236184497615,6.534899002527057e-05,False,False
MLP-Giant,26,65,77.82,77.98,510228255,0.001207040233529319,0.15356686262369154,0.002085053583425235,False,False
MLP-Giant,26,66,81.63,80.66,1641845194,0.03710366406920236,0.14828916966222297,1.9031963722192602e-05,False,False
MLP-Giant,26,67,79.21,78.16,1543538683,0.014993236797739496,0.29980087573137,7.286148903308299e-06,False,False
MLP-Giant,26,68,75.74,75.06,216372259,0.0005277378662583628,0.0,0.0032551610704284815,False,False
MLP-Giant,26,69,83.55,82.67,1891358879,0.0027160536953609762,0.0,0.00031584703652686743,False,False
MLP-Giant,26,70,77.71,77.1,917659508,0.0010514804470612943,0.0,0.002069067763526442,False,False
MLP-Giant,26,71,74.98,74.27,932507604,0.0004688444036359124,0.2603798144344144,0.00015953115666711488,False,False
MLP-Giant,26,72,83.51,82.34,584493471,0.006058776101627547,0.10932218142753325,7.595945163794962e-05,False,False
MLP-Giant,26,73,82.89,82.66,1226282431,0.003350378736169244,0.3737783443639468,2.29935683404867e-06,False,False
MLP-Giant,26,74,78.77,78.38,1632040678,0.00192282183767001,0.0,0.0043379668622167,False,False
MLP-Giant,26,75,80.27,79.86,1376567753,0.02213465834525263,0.0,6.250084449408996e-05,False,False
MLP-Giant,26,76,83.19,82.91,288247749,0.00529066518008799,0.4623883879052292,0.00020261379821345522,False,False
MLP-Giant,26,77,71.12,70.19,113546363,0.0003293385806616142,0.26985824608621206,0.004109452655503118,False,False
MLP-Giant,26,78,78.55,77.25,834517191,0.0008380603417783101,0.0,2.59384528931385e-06,False,False
MLP-Giant,26,79,82.47,81.96,793581355,0.011354436117006544,0.1598910875758754,0.0002515900552663157,False,False
MLP-Giant,26,80,82.68,82.3,268983457,0.006971849565142817,0.0,1.61996785110262e-06,False,False
MLP-Giant,26,81,79.42,79.25,368288963,0.002210704054881839,0.29277037840999925,0.0015231383226567369,False,False
MLP-Giant,26,82,74.06,73.13,13652809,0.09590818578775362,0.2791205351568269,0.001783112474005142,False,False
MLP-Giant,26,83,79.11,78.09,1428848008,0.08317141696318586,0.10113015393939866,4.1405617077680425e-05,False,False
MLP-Giant,26,84,82.98,82.76,866792171,0.026290262014596295,0.2827959521760464,0.00014217693480322519,False,False
MLP-Giant,26,85,83.69,83.16,106678610,0.01814470621392251,0.0,0.0001784334319618829,True,True
MLP-Giant,26,86,77.24,76.34,178089570,0.009650806516913631,0.0,1.6933309453349832e-05,False,False
MLP-Giant,26,87,82.11,81.66,982071237,0.002048798266753824,0.2766461276446287,2.280872412065003e-05,False,False
MLP-Giant,26,88,81.25,81.79,1893841644,0.006106609856661258,0.0,7.318773588932501e-05,False,False
MLP-Giant,26,89,72.27,71.2,888573351,0.00014435572183381555,0.0,0.0003400028970690679,False,False
MLP-Giant,26,90,75.91,75.05,164174506,0.0005802091574459295,0.18825946312494046,0.00030160073318153714,False,False
MLP-Giant,26,91,81.78,81.3,2078647875,0.002604070997429387,0.23773954872515454,0.00012022001329968645,False,False
MLP-Giant,26,92,82.34,81.84,572687503,0.06070155599803495,0.14453079162680904,0.00019826979855409698,False,False
MLP-Giant,26,93,81.1,80.34,1279616144,0.02584165715281676,0.19513846192936896,2.828377326417628e-05,False,False
MLP-Giant,26,94,71.43,71.31,532319553,0.05115904862053174,0.0,3.559535246696646e-05,False,False
MLP-Giant,26,95,79.17,79.45,67668195,0.04233746454857094,0.21816887492865372,0.001883586429031594,False,False
MLP-Giant,26,96,80.63,79.75,118366986,0.001354786710635579,0.1193648228848223,1.8801181182673796e-06,False,False
MLP-Giant,26,97,79.93,79.2,1319059487,0.006558285134009028,0.0,3.264729026350643e-05,False,False
MLP-Giant,26,98,81.89,80.9,1975656398,0.001800064163324508,0.17076048473825695,1.1395759415417688e-05,False,False
MLP-Giant,26,99,83.1,82.43,1153891252,0.002302210887273173,0.0,6.247837967939209e-06,False,False
MLP-Giant,27,0,73.45,73.24,87017882,0.0007938627385777055,0.10834951325146201,0.005061139341502143,False,False
MLP-Giant,27,1,63.19,63.36,1441448445,0.0001157196249495161,0.10688148280705714,0.007943101912666192,False,False
MLP-Giant,27,2,80.12,79.57,1674588343,0.05026777459550046,0.20517798999085313,0.0006788478172288055,False,False
MLP-Giant,27,3,82.0,82.13,1443300677,0.0029141627184451923,0.40603517522522153,1.1922978121996655e-06,False,False
MLP-Giant,27,4,82.55,82.11,1168005325,0.005422581591182879,0.29924838485571575,3.779711981255874e-05,False,False
MLP-Giant,27,5,79.61,79.28,482768211,0.002939624048509457,0.0,1.1595388525663838e-06,False,False
MLP-Giant,27,6,82.21,81.09,329462596,0.02895481941599383,0.4239693981332322,5.220936177364964e-06,False,False
MLP-Giant,27,7,81.68,80.81,709857484,0.001852240968108599,0.1398029097632351,4.005021337504109e-06,False,False
MLP-Giant,27,8,74.25,74.03,1160462527,0.00045790452479196756,0.0,2.6979099582763355e-05,False,False
MLP-Giant,27,9,78.96,79.34,1170165607,0.002254522410211413,0.2585983759249127,0.001340687185599019,False,False
MLP-Giant,27,10,80.31,78.93,1336201123,0.01454757409537127,0.0,2.824702750662848e-06,False,False
MLP-Giant,27,11,75.7,75.13,1514400997,0.0005484276961673021,0.19582119999494735,3.2632363816690155e-06,False,False
MLP-Giant,27,12,79.34,78.83,2145061178,0.002332350741671512,0.0,6.287422681371564e-06,False,False
MLP-Giant,27,13,64.88,64.55,994500564,0.0001204087530062915,0.2933442587108482,0.002409225324283361,False,False
MLP-Giant,27,14,79.79,79.21,1306447491,0.0076740403177532526,0.2611328710227429,1.8327487951616266e-05,False,False
MLP-Giant,27,15,82.9,82.63,2052518969,0.0027177792135921765,0.0,8.742515020489011e-06,False,False
MLP-Giant,27,16,75.77,75.55,1861925919,0.06713239784365427,0.4697820275081932,0.0008241887677666966,False,False
MLP-Giant,27,17,72.87,73.24,431767036,0.0003428266632082546,0.10816554717591072,1.1298831497717295e-06,False,False
MLP-Giant,27,18,80.08,80.29,104891469,0.0022150264705687365,0.16796524493234188,0.00040109209954176185,False,False
MLP-Giant,27,19,81.26,81.43,669750354,0.009592215627917733,0.0,1.903204000134892e-06,False,False
MLP-Giant,27,20,75.99,75.58,2033240000,0.000579358613189029,0.18115130577823613,1.0174322379859681e-05,False,False
MLP-Giant,27,21,50.15,50.45,364817927,0.093975866714865,0.0,0.000607527504978131,False,False
MLP-Giant,27,22,76.34,76.28,1318696653,0.079205293905765,0.47678391938434217,0.0005660581445055861,False,False
MLP-Giant,27,23,60.25,60.76,1275019722,0.007568615088344194,0.0,0.008905559676874689,False,False
MLP-Giant,27,24,71.71,72.72,1807427222,0.002992907740682698,0.2016737957531863,0.008448703821073125,False,False
MLP-Giant,27,25,83.08,82.42,1296083445,0.003322129042580966,0.11865489654408831,1.2102994399604482e-05,False,False
MLP-Giant,27,26,80.86,80.28,1591391425,0.022331152459421074,0.0,8.68843047500614e-05,False,False
MLP-Giant,27,27,63.95,64.44,1192353337,0.00016458612248749789,0.17037401590156548,0.006980604783124998,False,False
MLP-Giant,27,28,71.9,71.59,1394724105,0.013370855303893276,0.0,0.0024179363100043727,False,False
MLP-Giant,27,29,82.26,81.76,1359451774,0.019918825200928792,0.19049179558116341,0.0001051816452267623,False,False
MLP-Giant,27,30,81.93,81.5,1807464631,0.009625487155103063,0.32992001794628034,8.940283291719196e-05,False,False
MLP-Giant,27,31,69.93,69.7,1824429762,0.00023264715486437417,0.19718546986032057,3.449756131864074e-06,False,False
MLP-Giant,27,32,80.73,80.3,2077289185,0.001469371186966935,0.15146766895048772,2.2213176577514508e-05,False,False
MLP-Giant,27,33,83.5,82.89,275070902,0.05765879164096867,0.1712627895022143,0.00047447837977427346,True,False
MLP-Giant,27,34,80.71,80.25,578386885,0.006560738810526757,0.20924325042569372,3.099959010353672e-06,False,False
MLP-Giant,27,35,73.16,73.48,1734242155,0.0003824841256665462,0.22923498021132166,0.00022339336638833353,False,False
MLP-Giant,27,36,81.04,80.56,1617536676,0.0036183832193923734,0.13309196149881009,0.0008428582465025725,False,False
MLP-Giant,27,37,79.46,78.54,1032306077,0.0011188503469465895,0.1742271949906375,7.60361288668377e-05,False,False
MLP-Giant,27,38,81.43,80.57,1265949601,0.011112406345825207,0.1876229502868441,0.0001479286597586763,False,False
MLP-Giant,27,39,81.87,80.73,685796016,0.011343213130463027,0.0,0.0001738882507136374,False,False
MLP-Giant,27,40,81.28,81.13,1814480147,0.005397124738497044,0.3794434594807889,0.000337725391607136,False,False
MLP-Giant,27,41,82.44,82.22,301540951,0.0039175395456854875,0.47917152485212466,1.3927318956745432e-05,False,False
MLP-Giant,27,42,81.21,80.56,747188586,0.025358509750494168,0.36090060818446645,3.0007530365669076e-05,False,False
MLP-Giant,27,43,79.78,79.14,553310977,0.0022167746281223136,0.2466746661020333,0.0004075833837974763,False,False
MLP-Giant,27,44,83.34,82.95,1310960134,0.05619004879402453,0.4066394214059607,0.00018667458542874707,False,True
MLP-Giant,27,45,80.79,80.7,1562666656,0.022374485025969337,0.0,6.162239407467923e-05,False,False
MLP-Giant,27,46,82.38,81.84,1111389478,0.0024691871217959165,0.2931698728111362,1.9962541411239152e-06,False,False
MLP-Giant,27,47,80.73,80.1,1475615187,0.006802815740177424,0.13340196602095586,3.3765132778123016e-05,False,False
MLP-Giant,27,48,74.04,74.47,14024955,0.0004149874463706473,0.3112887332306286,0.00031005049458709104,False,False
MLP-Giant,27,49,75.2,75.19,1130566841,0.04731146551935181,0.18884885837573512,0.00360150614869449,False,False
MLP-Giant,27,50,60.72,60.78,777404417,0.06931138451529463,0.33406157880584375,0.00983150949057985,False,False
MLP-Giant,27,51,81.58,80.61,359986982,0.007224876957525977,0.2032989084341761,9.234258413385032e-06,False,False
MLP-Giant,27,52,81.76,81.62,1104015617,0.002523013150356072,0.0,0.000836433589095943,False,False
MLP-Giant,27,53,77.41,77.02,1672035584,0.0007306159829483699,0.0,4.893571974438274e-05,False,False
MLP-Giant,27,54,63.69,64.64,1980744126,0.00020551545451804324,0.20190234223383485,0.009392756060012017,False,False
MLP-Giant,27,55,74.46,73.78,1798930533,0.0003615887558967779,0.3869569469229246,1.4870918319609392e-06,False,False
MLP-Giant,27,56,82.41,81.96,114004836,0.01998838319065913,0.24508155587863828,0.00020386957172050007,False,False
MLP-Giant,27,57,82.63,82.0,1829013085,0.005114390414642968,0.43529693799005603,0.00012077056450333798,False,False
MLP-Giant,27,58,70.86,71.53,844773149,0.00033408782202498216,0.2776183720936139,0.0036455091801524454,False,False
MLP-Giant,27,59,70.8,70.03,1096585036,0.00012261993891940726,0.0,6.432354342015939e-05,False,False
MLP-Giant,27,60,69.51,70.24,1502660822,0.0006214065280835576,0.22936706639017498,0.009192065096547826,False,False
MLP-Giant,27,61,79.87,78.98,920997618,0.0013362059109153876,0.39086929497586154,7.91912815849071e-05,False,False
MLP-Giant,27,62,69.84,70.21,84744950,0.00016961468848023632,0.0,0.00485139073090413,False,False
MLP-Giant,27,63,74.38,74.09,1093633776,0.054310389065695824,0.28732647917525517,0.0028118704152328812,False,False
MLP-Giant,27,64,81.06,80.48,44369857,0.04407793156869979,0.22260584963821736,2.29157116113149e-05,False,False
MLP-Giant,27,65,80.17,79.72,859642778,0.033590559024701615,0.10349688608120576,0.0019812977251339285,False,False
MLP-Giant,27,66,77.31,77.09,1985496368,0.020367601788431607,0.47960492850525455,0.0016285730717679502,False,False
MLP-Giant,27,67,78.37,77.49,1078762064,0.061241882482740526,0.1527135996788192,7.072295468063535e-06,False,False
MLP-Giant,27,68,79.95,79.77,1556714871,0.06540470036225603,0.2664502905266594,1.4047803932932271e-06,False,False
MLP-Giant,27,69,81.53,81.01,1775629031,0.00549696609974499,0.0,1.5150980887153069e-05,False,False
MLP-Giant,27,70,78.1,78.05,1417119465,0.013817923251760655,0.0,0.0011619419072447879,False,False
MLP-Giant,27,71,73.17,73.3,811497278,0.0011973558639258638,0.30454269915619864,0.007195923803585578,False,False
MLP-Giant,27,72,80.15,79.34,444629779,0.0032432040109843176,0.2635693895524823,0.0018734732747769497,False,False
MLP-Giant,27,73,76.74,76.75,1658077103,0.0007686992714861546,0.3474831713443174,1.2095117611177016e-06,False,False
MLP-Giant,27,74,80.3,79.61,1229265398,0.012618398663665955,0.1736002286487699,1.1905501741956585e-05,False,False
MLP-Giant,27,75,82.37,81.52,1450957045,0.031383592655282774,0.26721140605190946,7.409647209328141e-05,False,False
MLP-Giant,27,76,82.15,80.83,518395922,0.02329302378470428,0.4004773559208288,7.575122777795261e-06,False,False
MLP-Giant,27,77,78.85,78.17,2008243376,0.05350600159974718,0.1507986564661182,5.609782324824782e-06,False,False
MLP-Giant,27,78,71.07,71.62,1833641867,0.0006052688181628164,0.10891519542952027,0.006593871941262578,False,False
MLP-Giant,27,79,78.79,78.46,878480335,0.0036883255112663484,0.2207036256063162,0.003274674932383875,False,False
MLP-Giant,27,80,59.48,58.65,2085710822,0.07465015782724878,0.0,7.390816300335272e-05,False,False
MLP-Giant,27,81,78.07,76.77,1707641347,0.0007655814274141772,0.15061170371843083,6.075661306211622e-05,False,False
MLP-Giant,27,82,82.23,81.8,160042376,0.002823002283630612,0.15867274439725765,0.0002782048360262477,False,False
MLP-Giant,27,83,81.46,81.53,806358480,0.002051573416650718,0.45277241662774004,1.9610605530496295e-06,False,False
MLP-Giant,27,84,65.33,65.66,2029278797,0.00013851861401139256,0.1320289987178479,3.0526706725802645e-06,False,False
MLP-Giant,27,85,83.39,82.22,791725961,0.0029803651719730673,0.0,3.623273413836643e-05,False,False
MLP-Giant,27,86,67.8,67.72,2136256883,0.00014770798934832864,0.31430499189722394,6.547461831025826e-05,False,False
MLP-Giant,27,87,82.82,82.32,272833762,0.01263565806373697,0.0,0.00018071160540644946,False,False
MLP-Giant,27,88,51.4,51.49,86021485,0.021086007098217622,0.0,0.008688628910162782,False,False
MLP-Giant,27,89,65.9,66.4,1545456196,0.00029942775660948075,0.17146700443275262,0.006272195053602295,False,False
MLP-Giant,27,90,73.23,74.27,551884543,0.0011167970440138211,0.16740890152790053,0.006766443989567955,False,False
MLP-Giant,27,91,76.44,76.43,1788828618,0.0074245343577457445,0.0,0.0024865695494455907,False,False
MLP-Giant,27,92,74.07,73.74,76400090,0.0003341697246183088,0.0,4.209462037896033e-05,False,False
MLP-Giant,27,93,72.73,72.24,508308827,0.00032357084105157964,0.24474501886334907,1.1854510126189919e-06,False,False
MLP-Giant,27,94,77.05,76.4,1019774715,0.0005636285537702332,0.0,0.00016144379899020583,False,False
MLP-Giant,27,95,70.44,70.99,1205833549,0.00013032710123296945,0.0,0.00023935303342215617,False,False
MLP-Giant,27,96,80.53,80.17,660076291,0.00845935943027714,0.18806697930847083,1.6888156834136982e-06,False,False
MLP-Giant,27,97,75.85,75.59,2080328236,0.0006805540232782626,0.10180170480875024,1.2394840822011422e-06,False,False
MLP-Giant,27,98,79.14,78.78,1056154854,0.023308357595204488,0.11863257986339733,6.363071208435683e-06,False,False
MLP-Giant,27,99,71.31,71.18,1504261016,0.00013101147823704396,0.0,9.419795386538307e-06,False,False
MLP-Giant,28,0,74.72,74.64,762951801,0.00034004068392271187,0.0,0.0008624491968790367,False,False
MLP-Giant,28,1,81.9,81.6,156797791,0.047366897232038796,0.3948091310515301,2.2584017040975525e-06,False,False
MLP-Giant,28,2,76.57,76.41,1543501574,0.0008208178297780852,0.16867140108662462,0.00024286956982923612,False,False
MLP-Giant,28,3,80.64,80.63,1572864499,0.016594226599168888,0.23983551255126023,3.0135894990340935e-05,False,False
MLP-Giant,28,4,72.32,72.38,1622471847,0.01154960733809055,0.14103483045593943,0.0075359244388548,False,False
MLP-Giant,28,5,71.71,71.18,1277813742,0.0002731728276435206,0.12617357965235637,0.0006095749897475852,False,False
MLP-Giant,28,6,81.7,81.23,543389313,0.010541586981033916,0.0,0.0001631180129491764,False,False
MLP-Giant,28,7,69.43,69.9,141538241,0.00020355935175320444,0.29193489118324856,0.0020328664757349713,False,False
MLP-Giant,28,8,78.12,77.67,803465631,0.011765129577369318,0.0,8.477698247132533e-06,False,False
MLP-Giant,28,9,65.07,65.84,819319597,0.00014528320036899514,0.15627568394821165,0.0008620964488872252,False,False
MLP-Giant,28,10,81.54,80.97,941017333,0.056214522959376866,0.18043676528609498,0.0004025816549271897,False,False
MLP-Giant,28,11,83.14,82.25,575121383,0.0027241241262843234,0.27600894891699546,1.1919221929701028e-06,False,False
MLP-Giant,28,12,74.56,74.5,1986664431,0.00028590521237163415,0.0,6.2395026738246924e-06,False,False
MLP-Giant,28,13,58.51,58.46,1697159685,0.09293550071695253,0.0,3.766852530740949e-06,False,False
MLP-Giant,28,14,81.19,81.61,1257379805,0.002201611706042021,0.14439194245234888,0.00025754055960068535,False,False
MLP-Giant,28,15,82.31,82.21,581053295,0.0060657162564675,0.3766764578050508,2.5222756665422527e-06,False,False
MLP-Giant,28,16,73.73,73.78,149218262,0.0003159267393391113,0.30594762577579726,0.00039856796847870165,False,False
MLP-Giant,28,17,79.11,79.85,847859098,0.06340044181675107,0.18947477450400324,1.4938645303106316e-05,False,False
MLP-Giant,28,18,58.99,59.13,2120137990,0.02400967830131756,0.0,0.0039601660557946165,False,False
MLP-Giant,28,19,60.41,61.12,1269177890,0.05330815527733232,0.0,0.00038143943940778676,False,False
MLP-Giant,28,20,64.14,64.09,318303282,0.050175614484828185,0.21532763499751292,0.007888370865504203,False,False
MLP-Giant,28,21,82.15,81.81,97652395,0.0041048398226296665,0.0,1.608178117963646e-06,False,False
MLP-Giant,28,22,76.4,76.0,1141637412,0.008516810252870093,0.0,0.002175799303872298,False,False
MLP-Giant,28,23,79.13,79.64,395777970,0.006883234480351644,0.0,1.6256011885375274e-05,False,False
MLP-Giant,28,24,67.05,67.25,587474910,0.00016114634765330803,0.18940133621175947,1.704743829632784e-06,False,False
MLP-Giant,28,25,82.44,82.11,1895021974,0.026502158508511734,0.36365876737282193,5.4458414767504114e-05,False,False
MLP-Giant,28,26,70.74,70.87,531068287,0.00033152639475272813,0.1613119763065075,0.003516224714342734,False,False
MLP-Giant,28,27,81.24,81.02,534692504,0.0033126842207469418,0.11266314508185059,0.0012853732282335378,False,False
MLP-Giant,28,28,81.64,81.2,1763015640,0.0019837762270533436,0.17986598654369543,3.028699178184825e-06,False,False
MLP-Giant,28,29,74.75,74.94,35432822,0.0005092592416944436,0.17372081498355704,9.250811610152064e-06,False,False
MLP-Giant,28,30,80.62,80.16,1138112675,0.0017288950583876266,0.28919015040661034,0.00030516279007909345,False,False
MLP-Giant,28,31,83.68,83.15,1195056762,0.003525098923708318,0.0,3.127588358124152e-06,False,False
MLP-Giant,28,32,74.67,74.47,557359405,0.002571969208047591,0.10151127247950682,0.006464684303061502,False,False
MLP-Giant,28,33,82.0,81.41,553048796,0.0015420759792054645,0.0,0.00011592997475716608,False,False
MLP-Giant,28,34,79.52,79.73,744049445,0.0012251613990674616,0.13711575421203184,2.7677053317586257e-06,False,False
MLP-Giant,28,35,68.88,69.08,754458228,0.00016035116789565458,0.4915911700120834,1.937310306170891e-05,False,False
MLP-Giant,28,36,79.4,79.23,1134365462,0.027251854083466077,0.0,1.82814876050057e-05,False,False
MLP-Giant,28,37,80.94,80.12,120914360,0.0016980984230922933,0.0,9.890124203417349e-05,False,False
MLP-Giant,28,38,81.84,80.94,1792272203,0.0095999560399138,0.0,2.429190366931606e-05,False,False
MLP-Giant,28,39,84.37,84.07,509724609,0.005735288800661632,0.0,6.394382248513974e-05,True,True
MLP-Giant,28,40,70.95,70.68,1074591817,0.00023078724794664887,0.26235398227315454,3.193101875623467e-05,False,False
MLP-Giant,28,41,81.6,81.35,96873772,0.004473940866312882,0.17421700760692338,0.0008681900045682045,False,False
MLP-Giant,28,42,66.8,66.95,353099036,0.0001614632853959053,0.12935953539204695,3.394271369464797e-05,False,False
MLP-Giant,28,43,81.75,82.12,1843477251,0.08041875205392764,0.2597993426128111,2.985241802180583e-05,False,False
MLP-Giant,28,44,83.21,82.8,147853818,0.0354950691632498,0.34145877256228224,0.00022962874098100196,False,False
MLP-Giant,28,45,81.48,81.48,1315957470,0.003424024452850455,0.21197318993251532,0.00044810048997192354,False,False
MLP-Giant,28,46,77.29,77.11,1799113218,0.0007300554126049267,0.19611817625658368,2.4477612730088503e-06,False,False
MLP-Giant,28,47,81.49,81.43,1383094432,0.010204322013094382,0.0,6.668289734834461e-06,False,False
MLP-Giant,28,48,63.51,63.25,880293790,0.06538202751782922,0.0,1.9333422131521257e-06,False,False
MLP-Giant,28,49,83.28,83.25,1035847662,0.0037570397272529126,0.49913851685966826,1.2053579099006817e-05,False,False
MLP-Giant,28,50,82.15,81.57,1283829992,0.01902163824501354,0.21728787449256082,0.00037781511169288106,False,False
MLP-Giant,28,51,72.13,71.96,1540894717,0.03717980539252249,0.0,0.00019049274167289804,False,False
MLP-Giant,28,52,80.3,79.97,140963854,0.041715536683290075,0.29989250277402807,0.0009495238252368217,False,False
MLP-Giant,28,53,77.95,78.06,497013329,0.000878443921194286,0.23103495376789981,2.8455402024503285e-05,False,False
MLP-Giant,28,54,76.92,77.1,2076184002,0.0427791029625069,0.4995831038325785,3.2681116688181352e-06,False,False
MLP-Giant,28,55,64.58,64.88,679089988,0.000117518675200501,0.13704127666199345,1.3605987495421017e-05,False,False
MLP-Giant,28,56,72.85,73.15,306503948,0.00025318870828604635,0.0,0.0036238750467001207,False,False
MLP-Giant,28,57,80.79,80.26,1236797879,0.012862116095562823,0.18991114373412726,0.001052079315300434,False,False
MLP-Giant,28,58,70.73,71.05,1329276285,0.00020178623196633646,0.3502680523446522,1.24856769031421e-06,False,False
MLP-Giant,28,59,82.64,82.65,232184377,0.0023768838427041515,0.10797433591210102,9.761017539154974e-06,False,False
MLP-Giant,28,60,81.38,81.4,1221130116,0.002732738134944226,0.3042272728163913,0.00013899449267588788,False,False
MLP-Giant,28,61,72.27,71.96,1882069488,0.00012579577541168904,0.0,5.29057992492602e-06,False,False
MLP-Giant,28,62,77.08,77.54,1706181531,0.09958917315230771,0.13388623811030864,3.4389802730213693e-06,False,False
MLP-Giant,28,63,80.95,80.85,181411159,0.015604558138121992,0.24600051777876053,0.00010731173134699339,False,False
MLP-Giant,28,64,79.64,79.95,820477279,0.005536847935678542,0.36151795676960774,0.0017532806510882429,False,False
MLP-Giant,28,65,73.89,74.11,1639128075,0.0005932945325288037,0.1301026961584151,0.0037424109513801407,False,False
MLP-Giant,28,66,80.35,80.15,1662889201,0.02960745298783818,0.15182601009989535,0.0008489891106553233,False,False
MLP-Giant,28,67,78.83,78.84,1281958050,0.0008474395098640994,0.0,0.00011588282579117929,False,False
MLP-Giant,28,68,75.34,75.04,1956385554,0.0004476631548501866,0.1579589844538784,0.00023764699659114708,False,False
MLP-Giant,28,69,69.78,70.04,514992720,0.003868788465401479,0.0,0.00790367319074644,False,False
MLP-Giant,28,70,81.26,80.06,2092416928,0.03166357061519433,0.4047877362315343,0.0005205134917207868,False,False
MLP-Giant,28,71,67.23,67.16,1760798161,0.00014547205978479322,0.27277738945049157,3.521536580335344e-05,False,False
MLP-Giant,28,72,78.41,78.23,1638460268,0.0011984502692102788,0.18240676475688303,0.0012640275127362615,False,False
MLP-Giant,28,73,82.39,81.66,550526358,0.003842453053270114,0.0,6.403353788348759e-06,False,False
MLP-Giant,28,74,64.32,64.04,404666864,0.00012622398066536439,0.19727794694064402,1.069985695598071e-06,False,False
MLP-Giant,28,75,73.04,73.06,384272970,0.0002938802323079231,0.243977118963644,0.00015155474974865217,False,False
MLP-Giant,28,76,81.65,81.63,1584822874,0.050281677124847,0.275088290467455,1.7265535232065762e-05,False,False
MLP-Giant,28,77,74.96,74.61,1638163527,0.0002680418111356994,0.0,6.104871452728988e-05,False,False
MLP-Giant,28,78,74.1,73.83,2144025239,0.00037562606288967486,0.2891251425214229,0.00021292109279235835,False,False
MLP-Giant,28,79,75.61,75.75,525662951,0.0004968801936739991,0.0,4.054161469509695e-06,False,False
MLP-Giant,28,80,73.27,73.49,1037790660,0.009601022010023769,0.1002110670188307,0.005368832308078575,False,False
MLP-Giant,28,81,43.32,42.97,130937991,0.08619532248391432,0.0,0.0019753547492837734,False,False
MLP-Giant,28,82,76.8,76.38,1814617802,0.0007373958228763257,0.13440662262099826,8.923066297001395e-05,False,False
MLP-Giant,28,83,81.26,80.88,1103711395,0.008142534408146246,0.1237166088159821,1.8682937147524572e-05,False,False
MLP-Giant,28,84,82.63,81.93,147877441,0.0025183096946102745,0.13634420569510314,8.596703819241657e-06,False,False
MLP-Giant,28,85,81.33,80.1,2086139459,0.0016422681241562349,0.36364844006640396,2.625049687544259e-06,False,False
MLP-Giant,28,86,71.05,70.02,389002324,0.00024676513774354067,0.15170437900955283,4.525045195538912e-05,False,False
MLP-Giant,28,87,79.29,79.5,767234262,0.05414436106223536,0.14599900492944912,4.603387385596923e-05,False,False
MLP-Giant,28,88,67.16,66.68,795587907,0.00015960979920744353,0.10193952948227439,1.5451725897118593e-05,False,False
MLP-Giant,28,89,79.04,79.71,808047907,0.0032697428519968363,0.0,0.0005811509824566672,False,False
MLP-Giant,28,90,63.95,64.0,1653973356,0.00010093675599537857,0.16748630750418378,1.7937035720595042e-05,False,False
MLP-Giant,28,91,82.91,82.96,2027204262,0.0519439310013047,0.2774776788246384,6.478332322272099e-05,False,False
MLP-Giant,28,92,81.07,81.22,1619780532,0.021859532961481614,0.15500324205355595,1.837936251116917e-06,False,False
MLP-Giant,28,93,81.1,81.01,1846029678,0.008982766002149733,0.0,0.0003226070285417513,False,False
MLP-Giant,28,94,82.09,80.92,10866998,0.002862761122951512,0.15473690061546494,8.119804922949592e-06,False,False
MLP-Giant,28,95,69.87,70.31,1332423927,0.00016738443940649982,0.45217701133841226,0.0004693698097458568,False,False
MLP-Giant,28,96,83.28,83.26,177702138,0.003784893542272253,0.20338636638475657,1.0349811623073047e-05,False,False
MLP-Giant,28,97,77.29,76.82,1150819858,0.0006830772853868137,0.2364792044266601,2.3881711510284586e-05,False,False
MLP-Giant,28,98,73.69,73.68,1463403920,0.0002472420225785262,0.0,3.294976123933671e-05,False,False
MLP-Giant,28,99,82.59,81.8,353916369,0.004551652827035751,0.3708848924735783,0.00036329831824161033,False,False
MLP-Giant,29,0,72.51,72.48,876424370,0.08079088548648097,0.4075397920245015,0.002086710968698923,False,False
MLP-Giant,29,1,75.02,75.06,415631561,0.0005672277724824207,0.12682360236242038,0.0014691384409761682,False,False
MLP-Giant,29,2,66.58,66.88,206741717,0.00025117461225035903,0.0,0.008917596576841717,False,False
MLP-Giant,29,3,69.77,69.26,1056805943,0.0001111933762875799,0.0,0.001854739289029907,False,False
MLP-Giant,29,4,78.75,78.9,1416484531,0.0008905256766642047,0.0,6.321844514224318e-05,False,False
MLP-Giant,29,5,80.8,80.95,1894158578,0.016708967350207923,0.10948108184035417,4.113402397321386e-05,False,False
MLP-Giant,29,6,81.67,81.93,3130368,0.02509971443666707,0.1849664588160547,0.0003080469812788667,False,False
MLP-Giant,29,7,81.46,80.91,972473681,0.014871329064423582,0.14665169023557428,0.0010394047063176986,False,False
MLP-Giant,29,8,76.09,75.87,1831430674,0.0005861281216532423,0.39165328108870584,0.00022213195271556527,False,False
MLP-Giant,29,9,71.81,71.89,1806552428,0.00014861179287698075,0.0,1.818952838307755e-05,False,False
MLP-Giant,29,10,81.67,81.58,752066620,0.013854645770561879,0.46263992133670107,0.0002969171145304463,False,False
MLP-Giant,29,11,64.94,63.99,34109392,0.02465505335411123,0.18166326678629197,0.008724943468438556,False,False
MLP-Giant,29,12,75.04,74.49,1858495180,0.0004825516897029542,0.12885329674262958,7.4476737695467935e-06,False,False
MLP-Giant,29,13,82.49,82.48,1384100089,0.04156655079467476,0.2329876157300195,0.0003906637517559654,False,False
MLP-Giant,29,14,66.14,66.01,1401500907,0.00015482543636611597,0.1508089447879649,0.0009321082768316812,False,False
MLP-Giant,29,15,73.89,72.95,1768802100,0.00035595461293231814,0.0,0.0003533906471533719,False,False
MLP-Giant,29,16,74.3,74.15,1376501556,0.00040476656867624794,0.3900684074033067,9.274026527216365e-06,False,False
MLP-Giant,29,17,72.59,71.21,2134800770,0.00032829914922030364,0.12209867241919481,1.5601437569788348e-05,False,False
MLP-Giant,29,18,77.51,77.61,990142957,0.0010996604679398654,0.3055145431456126,0.0028082223761172215,False,False
MLP-Giant,29,19,71.0,70.36,800787906,0.05392661006379138,0.0,1.4413325472966032e-05,False,False
MLP-Giant,29,20,72.63,71.59,15991446,0.0002492849492033573,0.44185728411793584,1.9997810794779594e-05,False,False
MLP-Giant,29,21,76.16,75.76,1971855088,0.003562773401067687,0.15953256833732132,0.005522567648900157,False,False
MLP-Giant,29,22,71.91,71.6,1133108058,0.034952275181625345,0.18348270280512724,0.0044821904248538,False,False
MLP-Giant,29,23,80.46,79.9,772363516,0.0014945176879453482,0.16038465891184647,1.4169837643312935e-05,False,False
MLP-Giant,29,24,81.21,81.08,874162272,0.033021944253888436,0.12744229854579497,1.083106232644571e-05,False,False
MLP-Giant,29,25,82.25,81.96,1070805122,0.0031422384205502234,0.18512860982419035,6.217186280440241e-05,False,False
MLP-Giant,29,26,70.97,70.52,1028981815,0.0002238147732515297,0.4284461758205763,0.001049713344261875,False,False
MLP-Giant,29,27,63.38,63.56,351312220,0.0581773140998723,0.0,7.13195316179708e-05,False,False
MLP-Giant,29,28,70.8,70.34,950193077,0.0001332160068670907,0.0,2.412818083761928e-06,False,False
MLP-Giant,29,29,77.69,77.06,477180654,0.02357958296895943,0.0,1.511941576998078e-05,False,False
MLP-Giant,29,30,70.25,69.53,851280017,0.00017144335418322926,0.43914562342423075,4.001978563398162e-06,False,False
MLP-Giant,29,31,79.16,78.94,1663876940,0.04701230478539889,0.14090553746993303,1.1903746764185038e-05,False,False
MLP-Giant,29,32,83.17,83.24,104767175,0.005509104616682269,0.3504078018648786,0.00017031669441099754,False,True
MLP-Giant,29,33,80.29,80.36,896620234,0.06810864774357019,0.16015735543104268,1.7955378441571164e-06,False,False
MLP-Giant,29,34,76.04,75.76,1491537354,0.0005270693011355528,0.10300990578596708,1.9737543320601546e-06,False,False
MLP-Giant,29,35,79.99,79.6,496752918,0.0015231521944633042,0.25629446343001894,0.0002169394000196421,False,False
MLP-Giant,29,36,80.3,79.99,646562746,0.0020303800403603392,0.14651388516448902,0.0004124277537337615,False,False
MLP-Giant,29,37,83.2,82.51,897226902,0.0269354142127383,0.3528387684985535,4.453650494040691e-05,True,False
MLP-Giant,29,38,64.69,63.74,1197131401,0.00010363878566089822,0.10336048274899429,0.000344199800478377,False,False
MLP-Giant,29,39,80.17,80.66,82403122,0.014531131352804004,0.0,1.0722393236467703e-06,False,False
MLP-Giant,29,40,71.32,69.75,254687891,0.0002486179531708905,0.33210708659143146,0.002113848577803448,False,False
MLP-Giant,29,41,54.72,53.91,210874720,0.09777021307077649,0.0,0.002587293655290575,False,False
MLP-Giant,29,42,81.5,81.29,585620892,0.005761970518600821,0.10732162146457723,0.0013013692731352134,False,False
MLP-Giant,29,43,81.65,81.56,797135603,0.005953085323554862,0.0,6.646988853531194e-05,False,False
MLP-Giant,29,44,74.34,73.81,1943916260,0.0005196320251808065,0.0,0.00517627768052372,False,False
MLP-Giant,29,45,68.31,68.17,505148045,0.00020724765128294568,0.28640123855733896,0.0030959539723845646,False,False
MLP-Giant,29,46,64.77,63.97,1491310465,0.0001210618948028432,0.3131724716933587,0.0054688045832897705,False,False
MLP-Giant,29,47,81.85,82.18,1923614728,0.0031389655933468487,0.11742914575953818,0.00017417871007742873,False,False
MLP-Giant,29,48,69.68,68.77,890699447,0.00014270338421581443,0.0,0.004192013705270424,False,False
MLP-Giant,29,49,79.87,80.63,1887555891,0.04902466935423851,0.15160613194243705,1.5552177546111323e-06,False,False
MLP-Giant,29,50,78.26,78.07,886658413,0.0010242416431088816,0.0,0.0004533623143579614,False,False
MLP-Giant,29,51,75.26,74.26,1419865769,0.000329704406005224,0.0,0.0012646595791755712,False,False
MLP-Giant,29,52,74.29,73.47,760974769,0.0002311420988365383,0.0,0.0005571139609269299,False,False
MLP-Giant,29,53,73.56,72.41,420718514,0.00025128060136678427,0.3977250188817871,0.0003415714828931964,False,False
MLP-Giant,29,54,76.19,75.22,1447084751,0.0004939785517286956,0.11943335266434457,2.5262170169852276e-06,False,False
MLP-Giant,29,55,82.56,81.81,1864353843,0.002288103191203595,0.1936687329432395,6.304513539133608e-06,False,False
MLP-Giant,29,56,73.14,71.99,42150351,0.00035602058524780223,0.36479797378691536,0.0033468158823235397,False,False
MLP-Giant,29,57,70.2,70.15,102364855,0.00010241393224231673,0.0,4.002172548776923e-06,False,False
MLP-Giant,29,58,64.2,63.05,1368534304,0.04212415386067494,0.0,0.0005180093606933199,False,False
MLP-Giant,29,59,76.11,75.57,1065010225,0.017677002373760967,0.14227473094977772,0.004206491179510882,False,False
MLP-Giant,29,60,79.33,79.38,388586079,0.0017553604642788368,0.35646406759923377,0.0004298501149412473,False,False
MLP-Giant,29,61,80.29,80.37,1328193864,0.03096741402160907,0.1179353952685148,6.058643700195448e-06,False,False
MLP-Giant,29,62,63.72,63.63,2111391186,0.00010339743534154329,0.16073913820533528,0.0003636492543059564,False,False
MLP-Giant,29,63,82.21,81.93,354699510,0.0052210204154427954,0.41534163759530207,3.2930624479769184e-05,False,False
MLP-Giant,29,64,80.5,81.36,573051061,0.0028974596772166784,0.0,6.776992594863292e-06,False,False
MLP-Giant,29,65,74.69,73.58,163888671,0.00026861556993161415,0.0,2.4092397453693993e-06,False,False
MLP-Giant,29,66,80.24,80.06,104613082,0.005593909187234011,0.0,0.00013493913460079954,False,False
MLP-Giant,29,67,74.03,73.36,1733952498,0.0003520154488492097,0.20732426685023944,6.3878491862469e-05,False,False
MLP-Giant,29,68,73.35,72.75,26679362,0.0002079754228141634,0.0,1.398920388672628e-06,False,False
MLP-Giant,29,69,77.32,77.22,941259839,0.0009261156835582493,0.35739203552604315,0.0018247177487635104,False,False
MLP-Giant,29,70,79.85,79.6,330856353,0.010591774126705613,0.0,5.387580680515451e-05,False,False
MLP-Giant,29,71,81.16,80.76,1508898924,0.006116512329610613,0.33253428975617977,2.5187557996417394e-05,False,False
MLP-Giant,29,72,68.83,68.69,413567840,0.00028948224786877306,0.3824242749128603,0.005372503401499784,False,False
MLP-Giant,29,73,80.52,80.4,1731154703,0.007792832623999425,0.0,0.0007919679942888565,False,False
MLP-Giant,29,74,80.28,79.58,711031441,0.04966652612792121,0.15236007239494634,1.742023628824669e-06,False,False
MLP-Giant,29,75,69.18,68.2,727499022,0.00014027289210836452,0.0,0.004136910618677387,False,False
MLP-Giant,29,76,67.59,66.79,103831332,0.00036895802245671657,0.20295063085443435,0.006706663904731177,False,False
MLP-Giant,29,77,78.21,78.49,656696412,0.042790395373280214,0.16426195233230126,0.0030595920032870606,False,False
MLP-Giant,29,78,68.33,67.63,630497287,0.0004498110858488295,0.11553005856152038,0.007843740416289166,False,False
MLP-Giant,29,79,80.89,81.46,1744478534,0.08258199614941446,0.38491224960732906,0.0001781489954072457,False,False
MLP-Giant,29,80,72.2,70.94,1724908217,0.00028025903051782984,0.12314345599182079,0.0007342109976883511,False,False
MLP-Giant,29,81,73.66,73.11,13555406,0.0002735534473041774,0.0,1.0622091505934164e-06,False,False
MLP-Giant,29,82,63.81,63.58,1327645180,0.00012523505044770397,0.22879874728088628,0.008101558380159479,False,False
MLP-Giant,29,83,78.14,78.57,1067699608,0.021984713245905542,0.0,3.1150102521119614e-06,False,False
MLP-Giant,29,84,78.01,77.97,2029690652,0.0007152027394121131,0.0,8.78629128518947e-05,False,False
MLP-Giant,29,85,81.78,81.25,1930416776,0.0023298826516716777,0.38845236041225184,5.131498102452518e-05,False,False
MLP-Giant,29,86,81.02,81.04,1989366596,0.004434130488420656,0.3875835903596677,0.0009297665664675502,False,False
MLP-Giant,29,87,53.35,53.14,251243605,0.03245368099357828,0.0,0.006708938066861439,False,False
MLP-Giant,29,88,79.56,79.51,509597383,0.001293795669600688,0.25037871492125,0.00015179114302634963,False,False
MLP-Giant,29,89,75.3,75.6,1120565581,0.00048167850214563717,0.2611319255852592,4.3716905763370854e-05,False,False
MLP-Giant,29,90,60.51,60.77,633845673,0.09303808649240239,0.2676367064709289,0.00855807289862255,False,False
MLP-Giant,29,91,78.6,79.04,931528724,0.012539605744404686,0.23994174925545064,8.271670865764656e-06,False,False
MLP-Giant,29,92,82.53,82.34,1830437020,0.07286062985649042,0.24920603275538833,0.0006815128674570988,False,False
MLP-Giant,29,93,44.4,45.04,767124348,0.095850387908358,0.0,0.007159824925092198,False,False
MLP-Giant,29,94,72.85,72.26,775450251,0.00043099893291113017,0.1520825093879449,0.0033956464147531615,False,False
MLP-Giant,29,95,82.05,81.49,488272054,0.004050417807932384,0.275592910331792,0.00014021331571299086,False,False
MLP-Giant,29,96,78.73,79.69,835022392,0.0010642587869277894,0.34561588890056116,1.8576017733556976e-05,False,False
MLP-Giant,29,97,77.55,77.46,638467913,0.0009359984513963798,0.30955456544516685,5.157835964458592e-05,False,False
MLP-Giant,29,98,64.34,63.71,1238795468,0.00010906556430770525,0.20785399747407368,0.0008631780739021762,False,False
MLP-Giant,29,99,77.5,77.36,1874333373,0.000579784169858537,0.0,6.51778667329249e-05,False,False
