architecture,run,trial,val_acc,test_acc,train_seed,lr,weight_decay,warmup_ratio,num_epochs,selected_by_val,selected_by_test
albert-base,0,0,83.88814913448735,84.68708388814913,1985864529,3.661417771182446e-05,0.0085558390986944,0.1946457706121799,10,,
albert-base,0,1,85.35286284953395,83.3555259653795,1089353779,3.277572267918019e-05,3.575090271175584e-05,0.0804570864803921,5,,
albert-base,0,2,72.43675099866844,78.02929427430094,1779201265,6.196644913252153e-06,6.162510743591572e-05,0.1651079477825794,7,,
albert-base,0,3,84.55392809587217,82.9560585885486,1756711423,1.775658099707529e-05,0.0026890685997155,0.0820782039150012,5,,
albert-base,0,4,82.68974700399467,81.491344873502,1450124181,1.1004319714318949e-05,0.0026501346678926,0.0803501240038188,2,,
albert-base,0,5,83.62183754993342,83.48868175765645,1637894785,1.538137282860539e-05,0.0046310906238824,0.0970004701644716,8,,
albert-base,0,6,78.96138482023969,78.42876165113182,1768243321,6.503073987738448e-06,2.7133548645867123e-05,0.1731399038672122,10,,
albert-base,0,7,79.49400798934754,81.89081225033289,1081120877,1.0930649118433862e-05,0.0003712955171481,0.0377360730820691,4,,
albert-base,0,8,83.88814913448735,84.02130492676432,634038228,2.419233256717856e-05,0.0251908307492731,0.1331664700587883,4,,
albert-base,0,9,81.62450066577897,80.55925432756325,296711550,9.999516864022472e-05,0.065255292436588,0.1625679322522681,4,,
albert-base,0,10,81.62450066577897,82.68974700399467,676099575,3.520766032740046e-05,0.0001743376251146,0.009072518879683,2,,
albert-base,0,11,83.22237017310253,82.15712383488682,1654030111,1.243112279075639e-05,4.609245088997075e-05,0.0716995500751005,2,,
albert-base,0,12,81.62450066577897,83.75499334221038,1103841254,6.708475099954624e-06,0.000557168649422,0.0298768900011592,7,,
albert-base,0,13,82.29027962716378,83.08921438082557,1137171688,8.78373088419472e-06,0.0225683426857409,0.0882297286578691,5,,
albert-base,0,14,84.95339547270306,84.28761651131825,1054987559,2.446894740513084e-05,0.0006380613427587,0.0176846625531744,5,,
albert-base,0,15,82.68974700399467,82.15712383488682,1042612050,2.008360067300191e-05,3.002922786729076e-05,0.0615157177482123,2,,
albert-base,0,16,84.55392809587217,82.82290279627163,1643571997,1.6626368298384543e-05,0.0004770117291566,0.0686011458600995,8,,
albert-base,0,17,69.6404793608522,69.2410119840213,38619040,9.134265486626944e-05,5.9541596741718856e-05,0.1145857632484443,5,,
albert-base,0,18,80.69241011984022,82.15712383488682,53996680,5.190475542564355e-06,1.1564820038388746e-05,0.1686048197139336,9,,
albert-base,0,19,82.9560585885486,82.15712383488682,2012392417,3.037899657599953e-05,0.0031559310013419,0.033693367047933,2,,
albert-base,0,20,82.55659121171772,82.55659121171772,1786527377,3.9002949079216296e-05,0.0001209391251801,0.0237593013280828,8,,
albert-base,0,21,83.88814913448735,82.15712383488682,1062510600,2.0689511041839053e-05,5.817012422661626e-05,0.0818570786815834,8,,
albert-base,0,22,84.15446071904128,82.9560585885486,1911894031,5.0935617566020816e-05,0.0837387152852969,0.0973730432985125,6,,
albert-base,0,23,84.02130492676432,84.02130492676432,101968765,3.0184581282203043e-05,0.0003479189024103,0.0194293051737495,8,,
albert-base,0,24,81.62450066577897,82.82290279627163,751596601,1.0961390879817057e-05,5.444970429178071e-05,0.0231701951708503,5,,
albert-base,0,25,80.95872170439414,81.89081225033289,1437622331,1.2931372009996754e-05,0.0681931843428485,0.038675497427715,3,,
albert-base,0,26,83.22237017310253,80.42609853528629,1681108504,6.097789641700611e-05,0.0168556842970416,0.1251458295551892,9,,
albert-base,0,27,83.75499334221038,84.4207723035952,149185564,1.5296908616472237e-05,9.05557884144726e-05,0.1016324442656999,5,,
albert-base,0,28,77.3635153129161,78.29560585885486,1310572277,9.80784664436019e-06,4.931355159794972e-05,0.0870858104960771,9,,
albert-base,0,29,83.75499334221038,84.28761651131825,585798903,3.712183858687836e-05,0.0002795328596596,0.1449549699554424,9,,
albert-base,1,0,79.86577181208054,82.5503355704698,1171862973,9.993436743686996e-05,0.0260801741714698,0.1678238701056591,6,,
albert-base,1,1,82.95302013422818,84.02684563758389,194479767,2.81994697912948e-05,0.002036013760586,0.1277261753677103,7,,
albert-base,1,2,81.87919463087249,83.6241610738255,1312415627,1.476144876896388e-05,0.0478071458885324,0.1768102563873963,6,,
albert-base,1,3,82.01342281879195,83.48993288590604,196866659,5.135351134781045e-05,4.464306704924236e-05,0.1095033136517633,3,,
albert-base,1,4,81.74496644295301,81.0738255033557,2007442594,9.868174602915713e-06,6.109644617956081e-05,0.0409838216147307,4,,
albert-base,1,5,83.48993288590604,84.02684563758389,791928547,2.732110100555901e-05,6.897056283929778e-05,0.0012934244343915,9,,
albert-base,1,6,81.87919463087249,84.42953020134229,1607102172,8.572912588171752e-05,0.0257441372508366,0.1242035615123776,6,,
albert-base,1,7,80.53691275167785,80.93959731543625,1250909874,9.113534515539905e-06,2.038616201575661e-05,0.1862508582763577,7,,
albert-base,1,8,82.95302013422818,83.35570469798658,1004524917,4.5020328731160544e-05,0.0014979227128144,0.0743955795401023,9,,
albert-base,1,9,67.38255033557047,66.97986577181209,1958978003,7.293342000314876e-05,0.0001117140054153,0.136933838397704,4,,
albert-base,1,10,64.42953020134229,68.99328859060402,873967337,9.292132202193826e-05,0.0064852681080503,0.1971367667830142,4,,
albert-base,1,11,82.41610738255034,83.35570469798658,1509143044,1.821396614386733e-05,0.000175862909322,0.1999959125369815,10,,
albert-base,1,12,83.35570469798658,83.22147651006712,303951790,2.6134545070855324e-05,0.0003687897760917,0.1868569596565071,7,,
albert-base,1,13,82.5503355704698,83.48993288590604,87715156,1.959774929709973e-05,0.0069181833365225,0.154341166084493,6,,
albert-base,1,14,80.0,80.80536912751678,1547518052,1.061275241526363e-05,0.0066141449422074,0.1879361353730512,2,,
albert-base,1,15,84.96644295302013,83.75838926174497,508232282,1.9389592429671665e-05,0.0020933668522395,0.1046953076082002,6,,
albert-base,1,16,82.5503355704698,83.08724832214764,2009932843,5.381335386912404e-06,0.0001459786985084,0.1586392393075293,10,,
albert-base,1,17,82.95302013422818,84.56375838926175,2047889375,1.1625571921630165e-05,0.0002042182494758,0.1023255041086448,4,,
albert-base,1,18,83.6241610738255,83.22147651006712,2098699876,2.051631540081562e-05,0.0093713928972366,0.0718771143814375,2,,
albert-base,1,19,82.95302013422818,84.29530201342281,790678406,1.5431227517852226e-05,1.4448551930254466e-05,0.1527845222361452,4,,
albert-base,1,20,82.81879194630872,82.95302013422818,1285024150,3.1490192426972426e-05,0.0771987463549219,0.1920804297911322,6,,
albert-base,1,21,83.22147651006712,83.6241610738255,1102338641,1.5258068493226206e-05,0.0129766876578422,0.0516838671789473,2,,
albert-base,1,22,83.75838926174497,83.22147651006712,272764870,2.4979366405824077e-05,0.0067903877338939,0.1738164639101943,8,,
albert-base,1,23,80.40268456375838,82.5503355704698,957744680,6.170437645933327e-06,0.0011197411628262,0.0111599912598904,9,,
albert-base,1,24,82.14765100671141,83.08724832214764,2019876163,1.24960754507303e-05,0.0002763682304675,0.0089424273118069,9,,
albert-base,1,25,79.86577181208054,82.5503355704698,845673413,6.66285104255832e-06,6.709648323604062e-05,0.161421722834874,3,,
albert-base,1,26,82.41610738255034,83.89261744966443,1972444429,1.0841362234475122e-05,1.6874386542805866e-05,0.0478696475543501,4,,
albert-base,1,27,81.20805369127517,80.0,1533778134,8.414799543854905e-05,0.0146134519347357,0.1413742993516968,8,,
albert-base,1,28,83.22147651006712,85.1006711409396,1674512057,4.318918796088061e-05,0.0131448448970582,0.0514432966853029,5,,
albert-base,1,29,80.13422818791946,83.48993288590604,197783904,6.968083169320955e-05,0.0084667654396238,0.1420361113864374,5,,
albert-base,2,0,84.38320209973753,82.83093053735256,1907008828,2.208896883540934e-05,0.0004118751060514,0.1040894473536422,4,,
albert-base,2,1,83.2020997375328,83.87942332896462,1916575647,1.4610901069891205e-05,1.3422986604110373e-05,0.009828474643002,7,,
albert-base,2,2,80.97112860892389,83.6173001310616,548406823,5.079210664790086e-06,0.0605704926455694,0.0184674465195754,7,,
albert-base,2,3,73.49081364829397,74.83617300131061,625334991,6.7442218841839865e-06,0.0003775181681566,0.171206729742311,4,,
albert-base,2,4,85.03937007874016,83.4862385321101,532319773,3.112730213322717e-05,0.0646421026114938,0.0411260944558149,5,,
albert-base,2,5,82.28346456692914,82.17562254259502,124154758,6.924763583968044e-05,0.0602186818003888,0.1812933678371008,2,,
albert-base,2,6,78.21522309711285,82.56880733944953,71138915,5.303994641808502e-05,0.0882757708036715,0.0083836822968779,7,,
albert-base,2,7,80.83989501312335,82.83093053735256,1201743127,5.019648664200667e-05,7.832118605094529e-05,0.0445491406225164,6,,
albert-base,2,8,83.98950131233596,84.53473132372216,1534919874,4.201331009470282e-05,0.0942672774616086,0.0433458792583383,5,,
albert-base,2,9,78.34645669291339,77.98165137614679,412364559,9.68975684620562e-05,0.005988079681029,0.0700295491047211,7,,
albert-base,2,10,81.88976377952756,84.79685452162516,1495701312,3.880831065047563e-05,0.0719191420801424,0.0257558181275465,9,,
albert-base,2,11,80.5774278215223,82.69986893840105,2027460692,8.674387371173623e-05,0.0068449587140431,0.0470182869552757,5,,
albert-base,2,12,85.43307086614173,83.4862385321101,1447661615,3.644466715568783e-05,0.0154177451945952,0.0257534721701642,2,,
albert-base,2,13,81.88976377952756,84.27260812581913,1971133613,2.23884941572332e-05,0.0028478677034824,0.0278751690478495,10,,
albert-base,2,14,83.85826771653544,83.09305373525557,150255119,1.979431381801789e-05,0.0023254712342866,0.1662618252136542,9,,
albert-base,2,15,83.2020997375328,82.30668414154653,1980139774,1.4546613939216593e-05,0.0383674676006431,0.1094965690015905,6,,
albert-base,2,16,67.19160104986877,70.38007863695937,121466688,7.067891459294918e-05,5.5338990510002575e-05,0.0105220643772959,10,,
albert-base,2,17,79.65879265091864,81.913499344692,811977262,6.190893486366256e-06,0.0006276933381105,0.1598029184052986,10,,
albert-base,2,18,69.55380577427822,66.05504587155963,942165276,9.026981051442328e-05,1.4282421200678195e-05,0.013913663408594,2,,
albert-base,2,19,85.56430446194226,84.40366972477064,1809671530,2.24630456651201e-05,0.0003225821505936,0.1516138749003693,4,,
albert-base,2,20,83.33333333333333,82.83093053735256,1585825800,1.692080241654246e-05,0.0001927852458501,0.0325610710696711,5,,
albert-base,2,21,76.77165354330708,77.32634338138925,567403200,5.129544887545394e-06,0.0280273910347349,0.1407352487463461,3,,
albert-base,2,22,83.46456692913385,83.7483617300131,1682435089,1.330452604072326e-05,0.0728659756060293,0.0956717821875793,9,,
albert-base,2,23,81.36482939632546,82.96199213630406,1521680450,8.782311088861122e-05,0.0280608128265923,0.1172114724872745,7,,
albert-base,2,24,83.46456692913385,84.79685452162516,1787094062,4.043531450538045e-05,0.0014503053664122,0.1156470434617069,7,,
albert-base,2,25,74.01574803149606,75.88466579292268,1415034714,6.849209620127696e-06,0.0001639902158868,0.1440172200192092,2,,
albert-base,2,26,84.64566929133858,86.50065530799476,50373720,1.8256315207101274e-05,0.0540220312942244,0.0760588708142596,7,,
albert-base,2,27,82.02099737532808,83.7483617300131,1278104309,3.743975936906256e-05,0.001831246502473,0.0459252931843327,10,,
albert-base,2,28,79.5275590551181,79.55439056356488,70539363,8.326922275363313e-05,0.0020035749926796,0.0725415527976106,5,,
albert-base,2,29,72.04724409448819,73.13237221494103,1260197120,5.716460704983725e-06,0.0003214063933292,0.1763474648856994,2,,
albert-base,3,0,84.02130492676432,85.35286284953395,2097701383,3.741935472494615e-05,1.3774682698394452e-05,0.0537782871539655,9,,
albert-base,3,1,80.82556591211717,80.15978695073235,1149260309,7.44657740964975e-06,0.0017307598487285,0.1444535402881625,5,,
albert-base,3,2,79.2276964047936,80.15978695073235,854294243,9.003315499023264e-06,0.0001022591235787,0.0318577117354018,10,,
albert-base,3,3,82.42343541944075,83.62183754993342,1604854673,1.3575781437583356e-05,0.0779694294028644,0.0532064397006262,6,,
albert-base,3,4,82.29027962716378,83.62183754993342,651635500,6.617080570654719e-06,0.0025068658581176,0.1310643295243905,10,,
albert-base,3,5,82.55659121171772,84.68708388814913,811772544,1.645045082478831e-05,0.0023520640927236,0.1518558111383343,5,,
albert-base,3,6,80.29294274300932,82.15712383488682,953055940,7.09936949957633e-05,0.0001754753571322,0.0512572567143419,2,,
albert-base,3,7,82.02396804260985,82.9560585885486,58212300,9.739809771075324e-06,0.0010344558678713,0.0075120638872651,10,,
albert-base,3,8,84.4207723035952,83.62183754993342,1243129917,5.7677044030234255e-05,3.7311968395813614e-05,0.0962061875956034,8,,
albert-base,3,9,82.9560585885486,84.02130492676432,392559416,1.8267326517986493e-05,1.0335892505609176e-05,0.0059927136428019,2,,
albert-base,3,10,78.42876165113182,79.6271637816245,1935054461,6.362168595260802e-06,0.0002405983606441,0.0155220274044,2,,
albert-base,3,11,82.02396804260985,82.82290279627163,7612101,5.480040038190256e-05,0.0002617961488402,0.0917182081670296,3,,
albert-base,3,12,74.83355525965379,77.23035952063915,163389210,8.493765818694343e-06,0.002649541506429,0.1942643756319134,6,,
albert-base,3,13,83.08921438082557,84.55392809587217,1522120914,5.788342588069609e-05,7.325435252080672e-05,0.1497362217811802,9,,
albert-base,3,14,76.56458055925432,77.62982689747004,1151048585,6.791939696328184e-06,3.5762734865763e-05,0.0056757924873381,4,,
albert-base,3,15,83.62183754993342,84.02130492676432,1042087954,2.878217066465551e-05,1.4800846216383043e-05,0.1534493329892237,5,,
albert-base,3,16,84.95339547270306,84.15446071904128,1263559587,1.3383724861959798e-05,0.0049003478841698,0.0077039177091031,9,,
albert-base,3,17,83.22237017310253,85.219707057257,388848362,4.393251084958543e-05,0.0022854334105609,0.053266822957675,7,,
albert-base,3,18,83.88814913448735,82.02396804260985,2026386962,7.741128890797394e-05,0.0119547717557431,0.1755749917722164,6,,
albert-base,3,19,83.62183754993342,83.08921438082557,1434065557,1.819874607399296e-05,0.0075890567166426,0.0387421133415458,7,,
albert-base,3,20,84.55392809587217,83.48868175765645,942500459,6.371406655047128e-05,4.424140542713618e-05,0.1452615863756707,2,,
albert-base,3,21,82.42343541944075,80.42609853528629,1125701269,8.760850235712123e-05,0.0338059670414408,0.0812402232410092,4,,
albert-base,3,22,81.62450066577897,84.15446071904128,1635137786,5.982392885782389e-06,0.0009813617840819,0.1116101741867011,6,,
albert-base,3,23,80.55925432756325,81.75765645805592,887332163,6.779715419367806e-05,0.0002095088438725,0.0153693632430357,3,,
albert-base,3,24,82.29027962716378,82.42343541944075,502989014,5.765403338855454e-05,0.0353611409768725,0.1834927534905497,3,,
albert-base,3,25,74.43408788282291,73.90146471371504,118347229,6.15149636654021e-06,0.0004420447105687,0.0015686018138862,6,,
albert-base,3,26,81.35818908122504,83.3555259653795,150358443,5.93378003332763e-06,0.0028955465008293,0.0182133047875804,9,,
albert-base,3,27,69.6404793608522,70.17310252996005,763310163,5.642902033288858e-06,0.0872048351307104,0.1962078569762939,8,,
albert-base,3,28,84.28761651131825,85.75233022636485,414259538,3.2510619503496454e-05,1.675179603547578e-05,0.0270173662084903,8,,
albert-base,3,29,86.15179760319575,84.8202396804261,174539041,3.119335998705636e-05,0.0151158322739766,0.0827910179733106,4,,
albert-base,4,0,69.89247311827957,68.05369127516778,1534686125,8.240527085762438e-05,9.22202254301489e-05,0.0186041079210146,2,,
albert-base,4,1,88.03763440860214,82.81879194630872,1243128576,2.8475617363514003e-05,0.0098994389493323,0.0591569625711838,7,,
albert-base,4,2,68.54838709677419,66.30872483221476,872262493,7.743308859629798e-05,0.0003960873424905,0.1695878506807111,2,,
albert-base,4,3,86.29032258064517,83.48993288590604,1548663550,1.189351115460816e-05,4.946233943665943e-05,0.0667004791256997,4,,
albert-base,4,4,86.4247311827957,83.35570469798658,2142564801,2.6990143357191018e-05,0.0070023740323398,0.0508850025748444,6,,
albert-base,4,5,87.09677419354838,83.89261744966443,171741104,4.656285825525834e-05,0.0008802528792782,0.0905726434305742,3,,
albert-base,4,6,82.66129032258064,80.67114093959732,406991712,1.254091461757337e-05,0.0209519655048366,0.1378860060813815,2,,
albert-base,4,7,85.75268817204301,83.22147651006712,1831647628,2.67541539661412e-05,0.0762440376930554,0.0835271722887817,3,,
albert-base,4,8,84.00537634408602,83.35570469798658,379991725,1.4021239530446816e-05,0.003522238871867,0.0911358304052302,3,,
albert-base,4,9,82.93010752688173,81.87919463087249,2069038611,6.578895750473038e-05,0.0064743895136211,0.0333720983573593,9,,
albert-base,4,10,83.73655913978494,80.93959731543625,1917688110,7.982976526903245e-05,0.0020173914231726,0.0363188779646566,8,,
albert-base,4,11,87.23118279569893,82.41610738255034,1407442917,2.8544762683007827e-05,0.0751973064538643,0.1179190524042824,7,,
albert-base,4,12,81.98924731182795,82.68456375838926,1650170697,6.367706728911339e-06,0.0135897464478412,0.1204294426425786,6,,
albert-base,4,13,78.09139784946237,77.4496644295302,800361238,7.581366358602569e-06,0.0001321495925063,0.0213807044449864,2,,
albert-base,4,14,83.1989247311828,81.20805369127517,806303616,7.337931318870515e-06,8.734892012856159e-05,0.1457880112230233,5,,
albert-base,4,15,82.39247311827957,81.47651006711409,1686129606,1.5570313343402073e-05,0.0007577202944275,0.0766391762467769,3,,
albert-base,4,16,82.93010752688173,82.68456375838926,1575946987,5.335955054190996e-06,0.0048004994832283,0.1712635136243492,10,,
albert-base,4,17,81.72043010752688,80.26845637583892,116346535,7.85765070580958e-05,4.519739385628011e-05,0.066739413163581,9,,
albert-base,4,18,82.79569892473118,80.26845637583892,98444259,6.648132383526153e-05,1.0181786231078756e-05,0.1687777614225682,9,,
albert-base,4,19,82.66129032258064,83.35570469798658,2060520605,1.008151390782071e-05,3.0908959612300974e-05,0.1207298934058581,10,,
albert-base,4,20,85.88709677419355,82.5503355704698,1348872933,3.963874985199388e-05,0.0004581336336397,0.0295185905925388,8,,
albert-base,4,21,83.60215053763442,82.14765100671141,1849323159,1.671634413768215e-05,0.0002534269838557,0.1640389913190058,2,,
albert-base,4,22,83.87096774193549,80.67114093959732,793292540,7.688150103505046e-05,0.0050448155476821,0.1183260326337563,5,,
albert-base,4,23,73.25268817204301,68.7248322147651,941010086,5.505617755035678e-06,0.0001150474127392,0.0991986670653819,6,,
albert-base,4,24,83.73655913978494,83.08724832214764,1126722089,5.1132698391086334e-05,1.917746001854838e-05,0.115401924812338,5,,
albert-base,4,25,86.02150537634408,84.56375838926175,1147627862,1.6773883777435762e-05,0.001087413611979,0.0493018240961324,10,,
albert-base,4,26,85.21505376344086,81.74496644295301,528116986,5.419580063954315e-05,0.0004934773856841,0.0016064371733937,4,,
albert-base,4,27,84.81182795698925,83.6241610738255,1882826293,1.400983403934542e-05,0.009568547411833,0.0443786991173066,8,,
albert-base,4,28,81.98924731182795,78.9261744966443,1604164130,1.1804791624621314e-05,0.0460486552071741,0.1509329723192695,2,,
albert-base,4,29,86.15591397849462,84.02684563758389,1057446802,3.0947085970600776e-05,0.0361199701052308,0.0555389063390922,10,,
albert-base,5,0,83.09114927344783,81.53034300791556,186102989,6.986294598153909e-05,6.428715501759983e-05,0.0147323020408045,3,,
albert-base,5,1,71.07001321003963,69.39313984168865,516589232,4.815972079689005e-05,1.0381960780573892e-05,0.1842165703319509,2,,
albert-base,5,2,82.56274768824306,83.37730870712402,683427903,7.692375720842298e-06,1.1271135229267055e-05,0.1424718890233484,7,,
albert-base,5,3,81.63804491413474,82.98153034300792,1484360911,4.315484434893666e-05,0.0972160645973769,0.0991394009667149,8,,
albert-base,5,4,82.29854689564068,82.58575197889182,1190257722,1.2687988120828892e-05,0.0076164906984004,0.0135123237376459,3,,
albert-base,5,5,79.92073976221928,82.18997361477572,500671882,5.073508540152497e-06,0.0007495803607377,0.032986601128755,4,,
albert-base,5,6,82.69484808454425,84.30079155672823,1036120115,2.2241898782264525e-05,0.0479836650604465,0.0018049555308075,5,,
albert-base,5,7,82.95904887714663,84.43271767810026,658472642,3.6569833447350606e-05,0.0002360503635153,0.0292816937860273,9,,
albert-base,5,8,83.35535006605019,84.03693931398416,921290433,4.753002030787763e-05,0.0504717877925309,0.1116417661265288,8,,
albert-base,5,9,83.22324966974901,81.6622691292876,711757548,7.139224273714122e-05,1.5971733143477534e-05,0.0833227020693436,9,,
albert-base,5,10,82.1664464993395,84.96042216358839,499034405,2.5126219107680448e-05,0.0608843872287781,0.0662150268061406,7,,
albert-base,5,11,83.35535006605019,82.18997361477572,193904134,4.6525013532213394e-05,3.498571970769096e-05,0.1733425138847188,5,,
albert-base,5,12,82.1664464993395,82.84960422163589,1500338690,6.567394143231429e-06,0.0145800564354526,0.1877263652320068,6,,
albert-base,5,13,83.61955085865257,83.50923482849605,1755801442,1.4422971112253752e-05,0.0004276222593536,0.1742282223124212,8,,
albert-base,5,14,84.67635402906208,83.24538258575198,1264631998,4.9994055672260174e-05,0.0003732868536634,0.1426139976498957,9,,
albert-base,5,15,81.37384412153236,81.6622691292876,678416709,5.964028608880939e-05,0.0125167868578049,0.0473408727329632,2,,
albert-base,5,16,83.22324966974901,83.7730870712401,118689087,3.9336852140310535e-05,5.0963030570366015e-05,0.1659811401675598,9,,
albert-base,5,17,83.48745046235139,83.64116094986808,654599217,1.8278325297077358e-05,3.404981849768366e-05,0.0150271683853834,3,,
albert-base,5,18,82.1664464993395,84.03693931398416,2118691933,1.4637369504166563e-05,0.0516146851436463,0.0529934767920473,3,,
albert-base,5,19,81.37384412153236,84.1688654353562,508154161,4.5792861854368896e-05,8.380508152870173e-05,0.1056743260421464,9,,
albert-base,5,20,83.88375165125495,84.03693931398416,250761932,9.105646172580878e-06,9.35140347577539e-05,0.0769555188213406,7,,
albert-base,5,21,82.29854689564068,80.87071240105541,901672972,7.533502203384805e-06,0.0723941432224095,0.0873420017065221,5,,
albert-base,5,22,81.90224570673712,83.50923482849605,1067778655,6.377170851668403e-06,8.66329196357695e-05,0.0489938473901129,7,,
albert-base,5,23,81.37384412153236,82.18997361477572,651680961,5.248456571165356e-06,0.053421197220775,0.0731283899482647,5,,
albert-base,5,24,83.09114927344783,86.2796833773087,1105400689,2.352929214699184e-05,8.751450189461028e-05,0.062941814782882,5,,
albert-base,5,25,83.22324966974901,83.64116094986808,225657215,1.0621281663595935e-05,0.001411694648504,0.1016877712151325,4,,
albert-base,5,26,83.22324966974901,84.5646437994723,1338455077,1.3697884659058534e-05,0.0001079087192651,0.0483131797837896,4,,
albert-base,5,27,82.29854689564068,82.32189973614776,462377040,1.5041282854528144e-05,0.0037218837891245,0.0440358274850509,2,,
albert-base,5,28,82.29854689564068,84.30079155672823,112748340,8.821440897524614e-06,1.3033131488491934e-05,0.0226171216014294,9,,
albert-base,5,29,82.43064729194188,85.09234828496042,1030349946,3.317968653585452e-05,0.0001589038938556,0.1609095772956142,6,,
albert-base,6,0,78.83310719131615,79.37584803256445,1572234356,5.949717766556808e-05,0.0040032347005003,0.0005200985317746,7,,
albert-base,6,1,83.58208955223881,84.93894165535957,1685086488,2.191731072093007e-05,5.700763560664627e-05,0.0892175584593667,9,,
albert-base,6,2,83.0393487109905,83.0393487109905,1488399961,9.2689341722321e-06,0.0261020379772823,0.1479327795007459,10,,
albert-base,6,3,84.26051560379919,85.07462686567165,1571174506,5.592723094853725e-05,7.372292877271054e-05,0.1386251473231057,3,,
albert-base,6,4,84.93894165535957,85.8887381275441,124153323,1.864985362519056e-05,0.0004863376087237,0.1385797516333095,8,,
albert-base,6,5,82.90366350067842,82.36092265943012,1308264641,9.404242118101752e-05,0.0002234660496443,0.0841900328476935,3,,
albert-base,6,6,81.54681139755766,82.08955223880596,1292219157,9.062866243653816e-05,0.0026256877776471,0.1407918734550053,9,,
albert-base,6,7,84.66757123473542,84.26051560379919,1487498943,2.287282830312045e-05,0.001628211280178,0.0368675044335559,9,,
albert-base,6,8,85.07462686567165,85.3459972862958,1762972080,7.142172798782962e-05,0.0455079430476568,0.0705166904003116,8,,
albert-base,6,9,85.61736770691995,83.44640434192674,980347616,2.411772794164253e-05,0.0007555502796354,0.1783820858464867,2,,
albert-base,6,10,83.85345997286296,84.93894165535957,566465362,1.3267427226614878e-05,0.0769441759490295,0.0539549494305866,3,,
albert-base,6,11,81.41112618724559,83.0393487109905,257819453,6.498043966249733e-06,1.944564335588058e-05,0.0642168505101169,4,,
albert-base,6,12,78.561736770692,78.96879240162822,1187581529,5.24293290726429e-06,3.282584413419124e-05,0.1021692671965879,6,,
albert-base,6,13,85.61736770691995,83.98914518317504,1985235882,2.1411191224151648e-05,2.249340063328617e-05,0.0968476971770419,9,,
albert-base,6,14,81.54681139755766,82.22523744911804,1294213158,1.1723193819798088e-05,0.051019689755599,0.0116437231236173,4,,
albert-base,6,15,69.60651289009498,72.3202170963365,320414710,7.785601867335484e-05,1.569177390901828e-05,0.0159970572821387,8,,
albert-base,6,16,83.31071913161465,83.98914518317504,1553972106,6.687813969812248e-06,0.0950435575832944,0.0847256885336359,10,,
albert-base,6,17,83.31071913161465,81.95386702849389,188082846,5.06705379790094e-05,0.0086475706164454,0.1337791327054062,10,,
albert-base,6,18,85.3459972862958,85.3459972862958,333935005,3.06570026855022e-05,1.3747135312034598e-05,0.1554217425890573,6,,
albert-base,6,19,66.48575305291723,65.26458616010855,1448596449,9.973957609235084e-05,0.0001089441106554,0.0070147372904476,10,,
albert-base,6,20,84.53188602442334,84.12483039348712,2027464404,2.4687089445441863e-05,4.021187362245125e-05,0.0489596962724555,4,,
albert-base,6,21,73.40569877883311,75.03392130257802,727564863,6.408171571435995e-06,0.0002764678806564,0.0064408217613465,2,,
albert-base,6,22,83.71777476255089,85.07462686567165,157662992,2.6848326262422784e-05,0.0198023233765461,0.1193985787430521,8,,
albert-base,6,23,82.22523744911804,83.17503392130257,924827202,5.816025839238151e-06,0.0002521037575508,0.1853542764916213,8,,
albert-base,6,24,86.29579375848033,85.61736770691995,1538983947,4.6421879791768194e-05,0.0003112200419614,0.1184437598532726,9,,
albert-base,6,25,81.27544097693351,82.08955223880596,661196500,7.342097351853651e-06,0.0377776446741544,0.0082252279657804,9,,
albert-base,6,26,82.08955223880596,82.76797829036634,1119072335,8.060437017816231e-05,0.0004957190055249,0.0722289677853572,9,,
albert-base,6,27,82.76797829036634,85.48168249660787,1925311432,5.337883939905009e-05,0.000164997016738,0.1780760642638194,2,,
albert-base,6,28,71.37042062415196,73.13432835820896,119764668,5.092765795553458e-06,0.0021240723175172,0.003553032639851,7,,
albert-base,6,29,84.12483039348712,84.8032564450475,155641932,1.4316756005321237e-05,2.0206339646669818e-05,0.154165051622229,8,,
albert-base,7,0,80.97112860892389,85.3211009174312,1635836983,4.984903717479728e-05,0.0015855427659968,0.0642119795676005,3,,
albert-base,7,1,79.39632545931758,84.92791612057667,1775185280,6.036103248661805e-05,4.138576480640337e-05,0.1623332406151273,6,,
albert-base,7,2,68.50393700787401,69.72477064220183,1056298747,6.896415320436865e-05,2.8619980219909125e-05,0.0296468049521782,4,,
albert-base,7,3,82.1522309711286,85.3211009174312,881344198,1.1497037352346634e-05,0.0011691861906582,0.0099845850478066,3,,
albert-base,7,4,80.18372703412074,81.38925294888598,214431324,6.453554022766874e-06,0.0001500345526661,0.0062892235616522,7,,
albert-base,7,5,81.36482939632546,84.27260812581913,157113342,8.327046505799623e-06,0.0004165963746062,0.1238742114114358,7,,
albert-base,7,6,82.80839895013123,85.05897771952817,1876737522,8.21740373860597e-05,0.0873247133654007,0.1876606412339166,5,,
albert-base,7,7,80.5774278215223,83.4862385321101,1954322100,7.659088152910394e-06,4.6680172714610965e-05,0.0600183005233422,4,,
albert-base,7,8,83.33333333333333,84.92791612057667,1290285718,2.4358856300383363e-05,8.96984612905984e-05,0.062227727869078,9,,
albert-base,7,9,82.02099737532808,84.53473132372216,42344650,1.518686812726155e-05,6.907356696756259e-05,0.0701353596788215,9,,
albert-base,7,10,81.75853018372703,84.01048492791612,59545134,6.484977750017844e-05,1.0154631583157989e-05,0.0710877465492385,3,,
albert-base,7,11,82.28346456692914,84.79685452162516,847543676,2.1483679645218875e-05,0.0073651477030421,0.12749792003249,7,,
albert-base,7,12,81.62729658792651,83.4862385321101,153192800,6.899411591164657e-05,0.0399824116536308,0.1331415737119119,6,,
albert-base,7,13,82.28346456692914,85.4521625163827,69667485,5.0447433946249614e-05,7.301287757656835e-05,0.0209695986734554,3,,
albert-base,7,14,80.70866141732283,82.30668414154653,1294699187,1.1751314098521211e-05,0.0135941464461891,0.0523891194248967,2,,
albert-base,7,15,81.49606299212599,82.17562254259502,2019486965,6.790457164024918e-06,0.0003701890714795,0.1098874548332351,10,,
albert-base,7,16,69.68503937007874,75.09829619921364,2010179148,6.675993132653458e-06,0.0046244317989946,0.0535656318790301,2,,
albert-base,7,17,81.88976377952756,84.53473132372216,1104508132,8.624619790175927e-06,0.0009230643240897,0.1434002246884956,10,,
albert-base,7,18,79.39632545931758,84.40366972477064,639236160,8.997977861162884e-05,0.0018181332629325,0.1259546660296724,7,,
albert-base,7,19,82.1522309711286,85.05897771952817,1189761160,2.226673418338054e-05,0.0099097201915351,0.0891128512469394,3,,
albert-base,7,20,84.25196850393701,86.10747051114024,305746299,3.732078008596858e-05,0.0008893716767752,0.1117555886235401,5,,
albert-base,7,21,83.07086614173228,85.05897771952817,1293819197,2.4811439626358077e-05,1.3020978469488078e-05,0.1860558713544104,8,,
albert-base,7,22,81.49606299212599,87.02490170380078,1001910482,5.025457140581524e-05,5.959845695292165e-05,0.1041949062750538,7,,
albert-base,7,23,83.85826771653544,87.68020969855833,1408642538,5.738832556279398e-05,0.0007306479515835,0.15723769614883,6,,
albert-base,7,24,81.75853018372703,85.5832241153342,2064759788,7.520366489230902e-05,2.0726257872123365e-05,0.0874774107374866,10,,
albert-base,7,25,78.08398950131233,79.81651376146789,1623928062,5.433023491272381e-06,0.009810669451556,0.1002031952195355,5,,
albert-base,7,26,84.7769028871391,87.2870249017038,1684302,3.096567183197616e-05,1.7391241875363325e-05,0.153380215817644,2,,
albert-base,7,27,82.54593175853019,84.27260812581913,340790666,9.517884230538382e-06,0.0010804718812464,0.0011143905294507,9,,
albert-base,7,28,81.49606299212599,86.10747051114024,903062161,7.775520893037959e-05,0.0405218272555851,0.1516237862628234,7,,
albert-base,7,29,82.02099737532808,84.40366972477064,1558330198,1.3711668584859554e-05,1.5683389650429688e-05,0.013802646192389,10,,
albert-base,8,0,82.00270635994588,81.62162162162163,2034527296,1.225272299650363e-05,0.0078042010416171,0.0009945462100296,3,,
albert-base,8,1,78.34912043301759,76.21621621621621,851464867,9.917933090800028e-05,0.0023947015899522,0.0441929593834619,8,,
albert-base,8,2,83.35588633288228,82.43243243243244,1456395070,5.095602181136699e-06,0.0475623941762212,0.0025005489759614,9,,
albert-base,8,3,82.67929634641408,82.43243243243244,216356452,8.439696714946291e-06,5.009300351457756e-05,0.145463468173744,4,,
albert-base,8,4,82.81461434370772,82.97297297297297,31686593,8.634553965021728e-06,0.075287785061064,0.0699220689129019,9,,
albert-base,8,5,83.22056833558864,81.89189189189189,413943785,5.320611666564494e-05,2.875644463297856e-05,0.0117202473156496,5,,
albert-base,8,6,84.84438430311232,82.43243243243244,358267429,1.3913591443953075e-05,3.825924142345623e-05,0.1377899987922687,5,,
albert-base,8,7,84.16779431664412,81.62162162162163,649020542,9.953365167678843e-06,0.0450811582572526,0.0596848052070832,10,,
albert-base,8,8,84.03247631935048,83.24324324324324,228558124,1.974797843728174e-05,0.0006470887537223,0.0189876379412803,2,,
albert-base,8,9,84.03247631935048,80.0,1977670239,9.319420146454945e-05,5.572135008488899e-05,0.1468523783026559,6,,
albert-base,8,10,85.11502029769959,84.45945945945945,676384756,1.6038514783766827e-05,0.0001619008720644,0.1594894623639659,6,,
albert-base,8,11,85.38565629228687,85.27027027027027,1466423001,2.8790375502839496e-05,0.0008692649625595,0.1494833440019378,10,,
albert-base,8,12,80.64952638700947,75.67567567567568,332023418,7.014978886560743e-06,0.0064374408895144,0.0866133441766505,5,,
albert-base,8,13,86.06224627875507,84.86486486486487,1958912730,3.700977351253268e-05,0.0786435269265346,0.1033006482191095,10,,
albert-base,8,14,85.11502029769959,83.91891891891892,76397349,4.606008161599065e-05,5.345302575853208e-05,0.1289236819391226,8,,
albert-base,8,15,83.49120433017592,83.10810810810811,1447751971,4.885793970719456e-05,0.0060927212017331,0.0365956273041075,8,,
albert-base,8,16,84.70906630581868,84.45945945945945,1018726723,1.7883640366086565e-05,0.0005675584855922,0.0789448352120732,7,,
albert-base,8,17,84.84438430311232,82.70270270270271,1364445028,1.444418095168944e-05,2.921683553033501e-05,0.1787718971328008,10,,
albert-base,8,18,84.97970230040596,82.02702702702703,2116061968,9.648118249629976e-05,0.0478368092245058,0.158462233407903,10,,
albert-base,8,19,83.7618403247632,84.86486486486487,216542471,1.6599421156445928e-05,0.0001276045962877,0.1192989924888109,10,,
albert-base,8,20,81.86738836265224,78.78378378378379,504137290,9.382447828783086e-05,1.2830798766730426e-05,0.0876139176165393,6,,
albert-base,8,21,82.94993234100136,82.97297297297297,1940702596,1.5132651644221151e-05,0.0002639568784414,0.0864038694641746,2,,
albert-base,8,22,82.67929634641408,83.51351351351352,545445833,6.952272634881447e-06,0.0001264329601972,0.0643675171544916,6,,
albert-base,8,23,84.16779431664412,84.05405405405405,799622380,6.132815236829442e-05,0.000997335433044,0.1630578698933218,6,,
albert-base,8,24,84.57374830852504,83.64864864864865,320433138,5.728838460422345e-05,2.8996974996321805e-05,0.112391743945649,8,,
albert-base,8,25,85.52097428958051,84.5945945945946,1239596144,3.337278970721825e-05,2.7631762845274867e-05,0.0448301134265931,7,,
albert-base,8,26,81.46143437077131,80.27027027027027,401065495,6.557265477814961e-06,0.0043064224030505,0.1404705305102724,3,,
albert-base,8,27,83.62652232746956,80.27027027027027,72561184,6.889357210735255e-05,0.0013131702467784,0.0381181144098962,8,,
albert-base,8,28,82.4086603518268,85.0,1916755462,1.99054054872235e-05,0.0018694645514511,0.0801625189086128,2,,
albert-base,8,29,82.13802435723952,82.83783783783784,1760065257,1.0072511021617754e-05,0.0001223206423462,0.0169170653187039,8,,
albert-base,9,0,84.73684210526316,84.47368421052632,463327136,5.975973940196688e-05,4.300859638994528e-05,0.118925974721783,8,,
albert-base,9,1,85.0,84.86842105263158,2126065488,3.234444831454709e-05,5.213777493947242e-05,0.1802056385408935,2,,
albert-base,9,2,83.94736842105263,84.73684210526316,366194435,1.697067579546533e-05,3.3625552066916864e-05,0.0786545227109278,3,,
albert-base,9,3,82.23684210526316,82.10526315789474,1063160004,1.1980137257681389e-05,0.0186985316774171,0.0525687957020667,8,,
albert-base,9,4,86.44736842105263,83.6842105263158,1444537147,4.837939549304679e-05,0.0063229868733703,0.1428762598345195,6,,
albert-base,9,5,86.05263157894737,84.60526315789474,1875627392,5.957029840909399e-05,0.0024181491631289,0.0381082593712161,3,,
albert-base,9,6,84.47368421052632,84.21052631578948,1094200364,2.0644080479500465e-05,0.0003473010379447,0.0839297231188334,6,,
albert-base,9,7,84.47368421052632,81.05263157894737,1039809766,1.2167341366103876e-05,0.0003745481874425,0.109042274773396,10,,
albert-base,9,8,84.07894736842105,82.23684210526316,1065317065,9.1618892675417e-06,0.0003220928026353,0.0914298414035562,7,,
albert-base,9,9,80.26315789473684,79.47368421052632,1566626134,5.848510956762043e-06,0.0009094165174713,0.1216153785554821,3,,
albert-base,9,10,78.6842105263158,76.05263157894737,1367303094,6.811641167055138e-06,0.0654616299988873,0.0420490781922392,2,,
albert-base,9,11,81.44736842105263,79.47368421052632,1102936565,7.584542651837755e-05,0.0040571358119035,0.1730992504180432,7,,
albert-base,9,12,84.07894736842105,84.21052631578948,1736047428,2.6496384844727983e-05,0.0006637984060607,0.1653282192284985,5,,
albert-base,9,13,67.5,66.3157894736842,80954809,7.705231949638481e-05,0.0032580427668985,0.0654680212436374,7,,
albert-base,9,14,85.0,83.8157894736842,796134029,1.9826304720292188e-05,0.0004684506007143,0.0324928706320439,3,,
albert-base,9,15,84.86842105263158,84.86842105263158,1482962642,3.1582228129143346e-05,0.0001590651788051,0.0247727582287128,4,,
albert-base,9,16,84.34210526315789,82.23684210526316,638107887,7.296519461129074e-05,0.0036839786058747,0.052200587554065,6,,
albert-base,9,17,81.71052631578948,80.65789473684211,1329676170,8.329171404949912e-05,6.367539452847733e-05,0.091695338348985,9,,
albert-base,9,18,85.52631578947368,84.21052631578948,651876472,3.160816839149461e-05,0.0090745432031627,0.1967350325223533,5,,
albert-base,9,19,85.13157894736842,84.86842105263158,1841373203,5.808466398382111e-05,0.0033031922303841,0.0930679088023879,4,,
albert-base,9,20,81.71052631578948,82.63157894736842,1186008814,7.462436689331157e-06,0.0001656951638394,0.0034529600946741,5,,
albert-base,9,21,83.02631578947368,85.52631578947368,1011612346,3.941894162995734e-05,1.412719761937236e-05,0.1131073392153872,9,,
albert-base,9,22,83.15789473684211,83.15789473684211,1310266652,1.6710999969276116e-05,0.0002261838561027,0.0325868945092918,10,,
albert-base,9,23,82.10526315789474,82.76315789473684,1163396117,9.327964600716418e-06,0.0016018765993827,0.1410682747530408,3,,
albert-base,9,24,83.94736842105263,83.55263157894737,517206087,2.4711165361679168e-05,0.0079854005686512,0.1137439071497751,4,,
albert-base,9,25,84.73684210526316,82.36842105263158,475093616,5.107260515478904e-05,0.037489429640495,0.110333761358521,4,,
albert-base,9,26,83.6842105263158,82.10526315789474,707231918,8.631844500692922e-05,0.0003665432926722,0.1348142253151411,2,,
albert-base,9,27,81.44736842105263,81.71052631578948,1575109633,7.405144040361977e-05,0.0026070592640325,0.0436579526872655,2,,
albert-base,9,28,82.76315789473684,85.0,1276391591,7.376417986525279e-05,8.335956789532639e-05,0.1786863540224696,6,,
albert-base,9,29,82.63157894736842,81.1842105263158,12905090,7.260705266903175e-05,0.0054796473395137,0.1166877759865105,5,,
albert-base,10,0,81.81818181818181,80.78947368421052,2143418745,8.961402930611244e-05,1.1180734702671922e-05,0.0847059702218538,8,,
albert-base,10,1,83.39920948616601,82.36842105263158,948001851,5.614207291111671e-05,0.0067869370833749,0.0280362287107018,7,,
albert-base,10,2,83.79446640316206,83.94736842105263,1823424945,2.341672485901479e-05,0.0082544473083236,0.0561813687281685,9,,
albert-base,10,3,81.29117259552042,81.97368421052632,1121953379,8.426915111567205e-05,0.0001765058911705,0.1882975709612729,7,,
albert-base,10,4,85.63899868247694,84.21052631578948,1351119877,3.541784242694658e-05,9.768412794971547e-05,0.1264286975631415,10,,
albert-base,10,5,81.29117259552042,83.28947368421052,2113449057,7.756809765267666e-05,8.601988076561984e-05,0.1317346130578558,10,,
albert-base,10,6,85.24374176548089,82.5,901805799,5.148696146076578e-05,0.0002685412043591,0.1407096638993533,6,,
albert-base,10,7,84.58498023715416,84.47368421052632,1623001202,3.54292488218036e-05,0.0001233294509988,0.0118658560326244,5,,
albert-base,10,8,85.24374176548089,83.42105263157895,162614208,2.678245167429298e-05,0.0036080183642736,0.0391702184526604,3,,
albert-base,10,9,83.53096179183136,84.47368421052632,647875180,1.4572561870405886e-05,1.7454800386186404e-05,0.0636681424495119,6,,
albert-base,10,10,74.83530961791831,76.3157894736842,1834892996,6.9315205651237375e-06,0.0014176851891168,0.1693129089838252,3,,
albert-base,10,11,84.7167325428195,84.60526315789474,1201356926,2.4187747626122137e-05,0.0492580798474198,0.1468645898534949,6,,
albert-base,10,12,80.89591567852437,83.55263157894737,177954816,2.5601495848297295e-05,0.0005478729905024,0.1672506934554316,6,,
albert-base,10,13,84.4532279314888,83.28947368421052,1020623525,4.307891317200056e-05,2.130106405442412e-05,0.1545860537325199,6,,
albert-base,10,14,82.87220026350461,84.07894736842105,1779560295,1.6635333258250554e-05,0.0782380447955688,0.1489234585388344,5,,
albert-base,10,15,80.10540184453228,79.07894736842105,2129040251,1.0983842807680304e-05,0.007676135449368,0.123653094261811,7,,
albert-base,10,16,82.6086956521739,84.34210526315789,264118498,8.693819931707748e-05,0.0006365476808367,0.0947120891346585,3,,
albert-base,10,17,84.7167325428195,82.63157894736842,92479744,2.654276338006293e-05,0.0001549892414868,0.0488429235739139,9,,
albert-base,10,18,76.6798418972332,77.89473684210526,303660267,4.299318145882321e-05,1.226998248477452e-05,0.0770927033313584,3,,
albert-base,10,19,85.24374176548089,83.8157894736842,825109401,2.6004976710347868e-05,0.0011009901166786,0.0179288097219156,9,,
albert-base,10,20,84.84848484848484,84.07894736842105,1966754031,3.128731480785644e-05,7.803981026671285e-05,0.1037788427930826,8,,
albert-base,10,21,74.04479578392622,75.0,1859431626,5.573104873693873e-06,3.609510136381141e-05,0.1837661125962773,9,,
albert-base,10,22,85.37549407114625,83.94736842105263,1553396124,5.664319800548443e-05,0.0069331015110173,0.1264698014634044,2,,
albert-base,10,23,82.6086956521739,84.60526315789474,424889917,1.5812083082738755e-05,1.6004569398326213e-05,0.0490300685226522,10,,
albert-base,10,24,69.03820816864295,68.8157894736842,1118112366,8.889128420421776e-05,9.731017846430044e-05,0.0030270870258986,3,,
albert-base,10,25,83.79446640316206,83.8157894736842,481189447,3.558859301387272e-05,0.0003050336396901,0.1712790120467169,3,,
albert-base,10,26,84.32147562582345,83.94736842105263,73891799,2.0121723372732e-05,0.0070613390021428,0.1873223227825995,3,,
albert-base,10,27,59.55204216073781,61.05263157894737,1948380953,8.786839929280263e-05,0.0029012687357933,0.0143084210217866,10,,
albert-base,10,28,78.91963109354414,80.0,784262977,8.852408796572093e-06,0.0486515452304356,0.0792775702517113,8,,
albert-base,10,29,84.18972332015811,82.63157894736842,985311532,1.0989102264701049e-05,5.009868603010337e-05,0.1113410888146871,4,,
albert-base,11,0,75.06738544474393,74.02422611036339,449487113,7.252163212999169e-06,5.7839769247514144e-05,0.0708556314091561,2,,
albert-base,11,1,82.21024258760107,81.56123822341857,948093405,9.928742513143896e-06,0.0088939632621664,0.0126689749304672,3,,
albert-base,11,2,82.88409703504043,82.50336473755047,351100151,9.876638907117944e-06,0.0006762771147547,0.1079558216139603,3,,
albert-base,11,3,82.74932614555256,83.98384925975773,1780240327,8.111547461272888e-06,0.0287802632004876,0.0665717663783967,10,,
albert-base,11,4,66.98113207547169,66.08344549125168,1675952287,9.526259857965809e-05,3.5028938539606964e-05,0.0658635644476908,4,,
albert-base,11,5,83.01886792452831,83.17631224764469,295875199,1.0958197564926506e-05,0.0001201466596917,0.1960039980772983,8,,
albert-base,11,6,80.59299191374663,80.48452220726783,1574177574,5.444575892542644e-06,1.3819384895826548e-05,0.0148264446262569,10,,
albert-base,11,7,84.50134770889488,83.58008075370121,1039877273,1.615720052868702e-05,0.0007745800974746,0.129029633272856,6,,
albert-base,11,8,83.82749326145553,81.83041722745625,1862082574,2.186499805869708e-05,0.0793757123311538,0.0612635271507232,6,,
albert-base,11,9,84.366576819407,86.00269179004037,380201491,2.612490539704049e-05,0.048827832962287,0.144710977561455,8,,
albert-base,11,10,83.9622641509434,84.25302826379543,791070818,4.108411144818697e-05,0.0019742804661214,0.1177115483341864,9,,
albert-base,11,11,83.69272237196766,83.84925975773889,2003078993,3.384279895937404e-05,0.0011847945511057,0.1866678522919435,7,,
albert-base,11,12,83.15363881401618,84.25302826379543,1643883860,3.327904572117962e-05,0.0008148618849922,0.0692413932293389,5,,
albert-base,11,13,85.04043126684635,84.52220726783311,2064684412,1.4958317153347346e-05,0.0001534828234459,0.0542298416771723,9,,
albert-base,11,14,82.74932614555256,82.90713324360699,1270909860,9.865916841521563e-06,0.0039958534702193,0.0349852504917041,3,,
albert-base,11,15,82.0754716981132,81.15746971736205,613609883,6.795905102524956e-06,0.0050273599682517,0.001656307167268,4,,
albert-base,11,16,80.45822102425876,80.08075370121131,1178684188,4.725559669407264e-05,0.006473738240991,0.0888357507553376,9,,
albert-base,11,17,81.53638814016172,80.48452220726783,641090296,8.56759072860128e-05,0.0020024407353139,0.1902746867967169,7,,
albert-base,11,18,84.23180592991913,84.79138627187079,1546859522,1.962084718562288e-05,0.0003583945425753,0.085182907605473,10,,
albert-base,11,19,83.42318059299191,84.25302826379543,66937032,4.602632538945534e-05,1.7360986335238595e-05,0.1692494984604277,5,,
albert-base,11,20,80.99730458221025,82.63795423956931,787776943,1.041418171471439e-05,0.0001171925651159,0.1577721634294949,4,,
albert-base,11,21,83.69272237196766,85.73351278600269,628961755,3.4202659440627445e-05,0.0009077805950822,0.1474160862974365,4,,
albert-base,11,22,85.57951482479784,85.32974427994617,431709102,2.3915091011265084e-05,0.0017517427762655,0.1203876638766571,9,,
albert-base,11,23,82.47978436657682,81.56123822341857,692531371,8.382064315337194e-06,0.0834374945875732,0.149410618058061,10,,
albert-base,11,24,82.61455525606469,82.23418573351279,1834164407,5.529491553671755e-05,0.0001781709835714,0.1283268367446035,4,,
albert-base,11,25,82.21024258760107,81.69582772543741,731733579,6.754705594598131e-05,0.0790342988693652,0.198065740715234,10,,
albert-base,11,26,81.80592991913747,82.90713324360699,2086135708,3.1958048384840786e-05,0.072335082022173,0.1062790348441054,2,,
albert-base,11,27,84.63611859838275,83.31090174966353,2139173122,2.563598503934984e-05,0.0003690004378066,0.0106422510434659,9,,
albert-base,11,28,85.57951482479784,83.84925975773889,1110664461,1.1941678665666462e-05,0.0018168537675053,0.1850088259032502,10,,
albert-base,11,29,83.28840970350404,83.44549125168237,1385588254,1.0019308850712564e-05,0.0067357797580068,0.1778010177973618,9,,
albert-base,12,0,80.9651474530831,79.49061662198392,356230901,5.950820675545514e-06,2.710727337159905e-05,0.1505431995815614,10,,
albert-base,12,1,84.04825737265415,85.12064343163539,445153575,1.1329459031983436e-05,1.8668427715236653e-05,0.0770869309447674,10,,
albert-base,12,2,83.78016085790885,84.58445040214477,1012178251,9.841941887645308e-06,0.0110142317178673,0.1665374133744661,6,,
albert-base,12,3,85.656836461126,84.04825737265415,1188836433,6.209651366313137e-05,2.0664141610872823e-05,0.0818225908691086,4,,
albert-base,12,4,72.78820375335121,72.11796246648794,832085245,1.1253673417313924e-05,0.0004985746243239,0.0130573660177742,2,,
albert-base,12,5,83.6461126005362,80.56300268096514,1420739608,6.848273453177444e-06,0.005843386809383,0.1387308784515279,5,,
albert-base,12,6,83.24396782841823,83.91420911528151,579758024,1.0999672352878592e-05,0.0005801027811145,0.1369650984768149,5,,
albert-base,12,7,66.62198391420911,66.89008042895442,1916983445,9.1563035077908e-05,4.117569030568306e-05,0.1244923241756159,3,,
albert-base,12,8,83.6461126005362,82.57372654155496,1665713907,1.0504570353264212e-05,1.2825144507597484e-05,0.0839702372603485,8,,
albert-base,12,9,85.656836461126,85.25469168900804,143944822,3.698132142651099e-05,1.0479049245307243e-05,0.0531552379836552,8,,
albert-base,12,10,78.9544235924933,76.40750670241287,2015468489,9.406370616927114e-06,0.0122101981401112,0.0742385889479111,7,,
albert-base,12,11,83.10991957104558,82.97587131367293,1028976097,1.1886310808317417e-05,2.9858267686085376e-05,0.0910960009017503,3,,
albert-base,12,12,85.3887399463807,84.31635388739946,1826542322,1.3479405449232316e-05,0.0362260586221743,0.1651831663436176,9,,
albert-base,12,13,74.2627345844504,75.7372654155496,1570171854,6.580765608881199e-06,0.0926784074920248,0.1263504432725932,7,,
albert-base,12,14,84.85254691689008,83.91420911528151,101570154,8.07467398123596e-05,7.948593540435121e-05,0.112642156082875,3,,
albert-base,12,15,85.25469168900804,85.12064343163539,564910890,1.6753112333158885e-05,3.529716143078426e-05,0.1029461821968128,5,,
albert-base,12,16,82.57372654155496,81.50134048257372,193714539,1.5353312357909066e-05,0.0110366854657964,0.1732224263929101,2,,
albert-base,12,17,82.57372654155496,83.91420911528151,1049652117,8.351697526616623e-06,5.919521778999918e-05,0.0784077353089702,6,,
albert-base,12,18,82.4396782841823,81.76943699731903,1001053014,7.250192472716656e-05,0.0057274466366749,0.1877291342059045,10,,
albert-base,12,19,82.70777479892762,84.04825737265415,839647450,5.644017731038075e-05,1.7681617471789e-05,0.0469217242911679,3,,
albert-base,12,20,85.12064343163539,84.71849865951742,1802800011,1.0446829955752498e-05,7.828158535943118e-05,0.1057554753580259,8,,
albert-base,12,21,83.24396782841823,83.51206434316354,912420970,1.6335943932440457e-05,0.0127907497794539,0.124408881248876,8,,
albert-base,12,22,83.78016085790885,83.78016085790885,1106881484,1.1914896995939683e-05,0.000870923194683,0.1580976354507974,8,,
albert-base,12,23,86.59517426273459,82.84182305630027,1157164101,6.918072876886128e-05,1.2161310804038194e-05,0.0226584057020268,3,,
albert-base,12,24,85.3887399463807,85.52278820375335,1184213138,2.01193867070163e-05,0.0063735123432128,0.0346937655356517,6,,
albert-base,12,25,75.46916890080429,74.39678284182305,1979161850,6.909860548812944e-05,0.0011266927586358,0.0736675421838543,3,,
albert-base,12,26,85.52278820375335,85.656836461126,1426477986,1.8013345014949473e-05,0.0004242723974248,0.0190059563483517,5,,
albert-base,12,27,87.26541554959786,84.58445040214477,200132422,2.697507484389148e-05,0.0001599850311399,0.1041192311499002,4,,
albert-base,12,28,78.82037533512064,77.4798927613941,921795061,8.123726857898423e-06,0.0001328220866864,0.1043185722649932,3,,
albert-base,12,29,84.71849865951742,83.24396782841823,1882518086,6.230217614342401e-05,0.0059503166392318,0.0484777614951625,3,,
albert-base,13,0,81.30193905817174,81.88105117565698,555234777,5.6652072682847616e-06,0.0042393777379525,0.1527879681006602,7,,
albert-base,13,1,80.88642659279779,83.81742738589212,2280983,4.752892513634527e-05,0.0023954997276273,0.0353523171430711,5,,
albert-base,13,2,82.54847645429363,85.20055325034578,737370334,4.208235316960116e-05,0.0013865636191431,0.0872181516278874,4,,
albert-base,13,3,81.99445983379502,82.57261410788382,1239472385,9.012519112073908e-05,1.010365820459072e-05,0.0579393912804801,8,,
albert-base,13,4,83.2409972299169,84.37067773167358,1426425666,6.68142383656448e-05,0.0030180770055329,0.0866157722521316,4,,
albert-base,13,5,81.4404432132964,84.92392807745505,1163695663,2.486448359334261e-05,1.3628263547322025e-05,0.0056320824937737,3,,
albert-base,13,6,82.68698060941828,84.50899031811895,1214593050,3.62904144487904e-05,0.0044384086270761,0.0345712623690128,5,,
albert-base,13,7,81.4404432132964,83.95573997233748,1574929203,3.3409696525822714e-05,0.0014167070212524,0.0753699008999366,9,,
albert-base,13,8,83.37950138504155,83.95573997233748,1074745276,2.4984089873151662e-05,0.0202483600916606,0.0281467051913782,8,,
albert-base,13,9,82.96398891966759,86.72199170124482,1060302495,2.496559958809956e-05,2.2421500017615784e-05,0.0275866504858216,7,,
albert-base,13,10,83.2409972299169,85.75380359612724,178857214,2.1649890226071085e-05,0.0001867027983321,0.1718955627896368,5,,
albert-base,13,11,80.88642659279779,83.40248962655602,539915451,5.651015981018461e-06,0.0037466177450185,0.0374230118860061,6,,
albert-base,13,12,82.68698060941828,83.67911479944675,345747173,7.4764626357672446e-06,7.134108043914965e-05,0.1344043755905511,9,,
albert-base,13,13,73.26869806094183,77.04011065006915,946396448,5.924844100832084e-06,0.0005210317785334,0.1062588486139441,10,,
albert-base,13,14,81.16343490304709,84.09405255878285,949274466,7.427671009987942e-06,0.001093357860221,0.1559690466008481,10,,
albert-base,13,15,82.96398891966759,86.72199170124482,1687571298,2.8672781511414864e-05,0.0028632990143387,0.0775060055621492,6,,
albert-base,13,16,81.57894736842105,84.37067773167358,897003444,3.673659493023795e-05,0.0628309528469423,0.0344580952249717,2,,
albert-base,13,17,80.19390581717451,83.81742738589212,2120545732,8.957542319816483e-05,2.0125730042703808e-05,0.0660994664909268,9,,
albert-base,13,18,84.21052631578948,86.44536652835409,1050648073,6.187820959282409e-05,0.026943111038962,0.103649447535997,5,,
albert-base,13,19,81.30193905817174,84.50899031811895,2029944455,1.0400229094805814e-05,0.0099437177442106,0.0915063405166096,10,,
albert-base,13,20,82.54847645429363,85.06224066390041,395002106,2.534305567480808e-05,0.0760516854972731,0.1332315587079169,3,,
albert-base,13,21,84.07202216066482,85.20055325034578,1888555580,4.097574389293901e-05,1.9426317631829974e-05,0.0856078138512767,2,,
albert-base,13,22,83.5180055401662,85.89211618257261,1830916620,3.737919344002264e-05,0.000131981403021,0.1685558064276209,10,,
albert-base,13,23,78.80886426592798,81.46611341632088,1548327205,4.205686209461442e-05,0.0347325093509328,0.0528315752133932,3,,
albert-base,13,24,69.94459833795014,68.32641770401106,5128216,6.22106093831843e-05,0.0553476468647365,0.0638416663180766,2,,
albert-base,13,25,72.85318559556787,74.55048409405256,1668207109,6.070975930297907e-06,0.0004309133863668,0.057049186675808,5,,
albert-base,13,26,82.68698060941828,85.89211618257261,1558821505,2.4788552009592323e-05,0.0005239415217569,0.0474898016936467,8,,
albert-base,13,27,80.60941828254848,79.52973720608576,1620371500,9.962014930817042e-06,2.9260033598407027e-05,0.0693044843188602,3,,
albert-base,13,28,82.27146814404432,85.47717842323651,1808615942,1.0663702020706731e-05,0.0016071469924476,0.1187211320031659,10,,
albert-base,13,29,81.30193905817174,85.06224066390041,998781985,3.332493376432536e-05,0.0011671466412295,0.0147617164916756,10,,
albert-base,14,0,84.91083676268862,83.95061728395062,667533151,3.556840362390084e-05,0.0369212717792938,0.0799323746925833,5,,
albert-base,14,1,84.2249657064472,84.0877914951989,622175440,1.4021937580332098e-05,0.001555750790484,0.1059060571045801,10,,
albert-base,14,2,84.2249657064472,84.36213991769547,1395028331,2.645024409751747e-05,0.0069483001183791,0.129439488134085,2,,
albert-base,14,3,84.36213991769547,83.2647462277092,1027093266,6.278995946428653e-06,0.000919989620705,0.1206292993448059,4,,
albert-base,14,4,75.58299039780522,79.14951989026063,1723569897,6.482683126039743e-06,0.0973988492352877,0.1995606975227978,2,,
albert-base,14,5,83.53909465020575,84.77366255144032,2097669986,6.663184207900081e-05,0.0002898860708512,0.0738382831845236,10,,
albert-base,14,6,85.45953360768175,82.1673525377229,1365041782,2.1263162399712597e-05,0.0002015555626979,0.1342998380294544,6,,
albert-base,14,7,84.77366255144032,84.91083676268862,1254925304,2.2952764296355337e-05,5.793991627630938e-05,0.1391552988183386,8,,
albert-base,14,8,84.91083676268862,84.36213991769547,67728914,1.6297694569207372e-05,0.0005214923309639,0.1692291798174708,7,,
albert-base,14,9,84.63648834019205,82.99039780521262,1950315442,7.078908016549775e-05,4.089225382990939e-05,0.1764220942541382,3,,
albert-base,14,10,85.18518518518519,84.0877914951989,643590128,5.398153286153e-05,0.0056567042588217,0.0023343177924825,2,,
albert-base,14,11,84.0877914951989,83.2647462277092,81406055,2.216928957501389e-05,0.0126710518680424,0.0050094514903303,9,,
albert-base,14,12,85.45953360768175,82.99039780521262,732570722,7.501656925680202e-05,0.0742482118052299,0.0619315896741252,2,,
albert-base,14,13,76.40603566529492,75.99451303155007,1582705866,8.655817290484956e-06,5.29335174901899e-05,0.1893041312916021,10,,
albert-base,14,14,83.81344307270233,83.40192043895748,30190729,1.1246425100704614e-05,0.0042481421054303,0.0071343778299268,10,,
albert-base,14,15,85.0480109739369,82.3045267489712,15346973,5.498633343833898e-05,0.0001801798262907,0.0611038506405456,9,,
albert-base,14,16,78.18930041152264,79.42386831275721,672452526,5.57325013814744e-06,0.00021582364773,0.1030003761873191,5,,
albert-base,14,17,85.32235939643347,82.71604938271605,1080296250,3.950002365037281e-05,0.00012438614246,0.0821183156593278,9,,
albert-base,14,18,74.48559670781893,76.26886145404664,824864603,6.363798739040466e-06,0.0700959529408857,0.0602109135144934,2,,
albert-base,14,19,86.96844993141289,83.2647462277092,1751664048,2.3119235184794816e-05,0.0221835382496282,0.1524850262104051,10,,
albert-base,14,20,69.82167352537724,70.64471879286694,1857341887,8.14731064044226e-05,0.0127827802514803,0.0776495120338862,4,,
albert-base,14,21,85.0480109739369,84.36213991769547,1061637274,2.266771127480372e-05,1.2739900223408169e-05,0.06625626122034,4,,
albert-base,14,22,83.2647462277092,84.0877914951989,1999371022,9.539826076085446e-05,0.0992946591006094,0.1986064351802026,9,,
albert-base,14,23,84.77366255144032,82.99039780521262,254294728,1.2908654452921873e-05,0.0675196006161088,0.0043333210025803,9,,
albert-base,14,24,83.53909465020575,83.67626886145405,1730928899,1.1038035078162356e-05,0.000141734406631,0.1631557624503251,4,,
albert-base,14,25,83.95061728395062,84.2249657064472,1706451225,1.902615361473744e-05,0.0320108628143935,0.0441726803572667,6,,
albert-base,14,26,83.67626886145405,82.03017832647463,490097798,3.865793687853376e-05,0.0012371241332904,0.1517685329576499,10,,
albert-base,14,27,84.0877914951989,84.49931412894375,2128063290,3.858856012997171e-05,0.0012273539924013,0.1113703052833776,2,,
albert-base,14,28,84.91083676268862,83.95061728395062,1716864398,2.989333919636902e-05,2.786667609488245e-05,0.0686637861391068,5,,
albert-base,14,29,84.36213991769547,85.0480109739369,476015172,1.5134989299081706e-05,1.1107384571610148e-05,0.0115420859242056,7,,
albert-base,15,0,83.48745046235139,82.29854689564068,673833986,8.654436122836721e-05,0.0001134957065696,0.1418052643798272,7,,
albert-base,15,1,85.20475561426684,84.5442536327609,795450793,3.1700387513923495e-05,9.742843201913028e-05,0.1182731247060509,4,,
albert-base,15,2,85.73315719947159,83.61955085865257,1259610759,2.9857648605483564e-05,8.663536688618673e-05,0.1926223610008658,4,,
albert-base,15,3,83.61955085865257,83.88375165125495,1252343547,1.3879240577238658e-05,0.0311427285515858,0.0247026533826233,4,,
albert-base,15,4,85.46895640686922,83.09114927344783,1200910578,2.362097887850527e-05,0.0209780084154082,0.1106961221533918,7,,
albert-base,15,5,83.61955085865257,80.9775429326288,51686155,6.45479398943664e-05,0.0249525326303876,0.069484379787029,10,,
albert-base,15,6,85.60105680317041,84.01585204755614,2116977548,2.597861942423993e-05,7.255986440783692e-05,0.1622020211443497,4,,
albert-base,15,7,85.86525759577279,82.29854689564068,1472529263,4.927071926810654e-05,0.0214152380620687,0.1480201266713153,5,,
albert-base,15,8,84.41215323645972,83.09114927344783,1654864905,4.789538918706601e-05,0.0093624371924873,0.0312034256563196,4,,
albert-base,15,9,84.5442536327609,82.95904887714663,1708546636,1.583440729391996e-05,0.0025150973748164,0.0028089871306342,3,,
albert-base,15,10,81.77014531043594,82.0343461030383,1250329550,9.237255147755126e-05,0.0126837733449891,0.1781071325017063,4,,
albert-base,15,11,84.5442536327609,80.71334214002643,375615249,5.332564957790108e-05,0.0751597359079421,0.0735019679100242,7,,
albert-base,15,12,67.23910171730515,66.31439894319684,313412165,8.320986094756759e-05,0.0010277521508878,0.1285417245309226,4,,
albert-base,15,13,80.84544253632761,78.99603698811096,1969147541,7.627892892047119e-06,0.0009137704379906,1.0291520112737374e-05,3,,
albert-base,15,14,84.41215323645972,83.61955085865257,937107480,1.8542216770000776e-05,0.0100095296035597,0.1115447836937872,3,,
albert-base,15,15,68.69220607661823,68.9564068692206,1168214584,5.8987019671087394e-05,9.654696611580688e-05,0.0495288366797315,7,,
albert-base,15,16,72.39101717305152,73.97622192866578,1687731558,6.126067646094624e-06,0.0062743150320265,0.1616257904143554,5,,
albert-base,15,17,78.5997357992074,77.2787318361955,2028026291,8.096110074893433e-05,0.0002204049803418,0.088652082503201,5,,
albert-base,15,18,85.07265521796566,83.35535006605019,967914158,3.771807799155795e-05,0.0001745727845797,0.0337138824961891,6,,
albert-base,15,19,82.29854689564068,79.52443857331572,1426398179,4.37654415565775e-05,0.0014116271863471,0.030127635303484,7,,
albert-base,15,20,80.58124174372523,78.5997357992074,2021865824,8.268562843009746e-06,0.0050916085560234,0.0507267956144601,4,,
albert-base,15,21,77.80713342140027,76.88243064729194,1163688950,6.301850100110799e-06,0.0004587311908795,0.1236928026644194,2,,
albert-base,15,22,83.22324966974901,82.29854689564068,675056612,9.103878595843925e-05,0.0010718456679996,0.0578566105244009,3,,
albert-base,15,23,84.14795244385733,80.44914134742405,107196492,4.901563166848108e-05,0.0337504690492124,0.0882343695467534,8,,
albert-base,15,24,86.52575957727873,83.88375165125495,207430345,1.895718254362736e-05,0.0041437798043404,0.0280597642746648,10,,
albert-base,15,25,85.20475561426684,82.56274768824306,844329077,5.770477977573366e-05,0.0008208789491894,0.1911979644929669,7,,
albert-base,15,26,82.69484808454425,81.77014531043594,367687375,8.610710531404613e-06,0.0002993441578288,0.1681512704682848,5,,
albert-base,15,27,86.12945838837517,82.95904887714663,2030994372,5.323022817403252e-05,0.0001676969259037,0.1363575486731392,10,,
albert-base,15,28,83.75165125495377,83.22324966974901,1122980899,1.1119693151956812e-05,4.1926703983843006e-05,0.1915838973737441,3,,
albert-base,15,29,84.41215323645972,82.0343461030383,2045372942,9.829861937245994e-06,0.0138958623726883,0.147284149195195,6,,
albert-base,16,0,76.85185185185185,76.61822985468956,505512853,8.304997591514129e-05,4.213440496673528e-05,0.0369893673583647,2,,
albert-base,16,1,83.06878306878306,82.1664464993395,1760793510,8.380726537766711e-05,0.0002246595642255,0.1715586454690298,4,,
albert-base,16,2,82.4074074074074,82.56274768824306,721400502,8.77927920190847e-05,7.394618356513275e-05,0.0791980843987865,9,,
albert-base,16,3,82.80423280423281,80.44914134742405,1135319291,1.083194381396636e-05,3.31966176716404e-05,0.0740668382073131,4,,
albert-base,16,4,83.33333333333333,81.50594451783356,1579505806,1.6097882271071076e-05,0.0002502823950117,0.0821907873065231,7,,
albert-base,16,5,82.53968253968254,82.82694848084545,42433426,6.987882499137349e-05,0.0029132027129009,0.1821614018465009,8,,
albert-base,16,6,78.04232804232804,77.01453104359314,1784861643,6.572244358032709e-06,0.040722065782067,0.1825695040655422,4,,
albert-base,16,7,83.33333333333333,81.77014531043594,65369279,3.8012227571101904e-05,0.0013657171932023,0.1165027441061459,7,,
albert-base,16,8,83.994708994709,82.0343461030383,1383282590,3.0132384120846244e-05,3.214474293990728e-05,0.114699013832875,6,,
albert-base,16,9,82.14285714285714,80.84544253632761,331051643,9.034814897517005e-05,0.0396276422218735,0.0938967196312176,10,,
albert-base,16,10,81.74603174603175,80.9775429326288,77870838,7.196676611585474e-05,5.44268126953192e-05,0.1866065842815122,8,,
albert-base,16,11,83.2010582010582,82.82694848084545,536247597,1.946438659178274e-05,0.0708918514693507,0.0053614160198264,6,,
albert-base,16,12,84.78835978835978,82.95904887714663,544382633,3.286850280967122e-05,0.0103928216720622,0.0292567860442221,2,,
albert-base,16,13,86.37566137566138,82.82694848084545,877010937,3.510034052320116e-05,2.669594135828488e-05,0.085990316970261,2,,
albert-base,16,14,69.57671957671958,69.0885072655218,77148581,6.528763382894275e-06,3.02477899529678e-05,0.1351439036167383,10,,
albert-base,16,15,83.73015873015873,79.6565389696169,618826762,1.4367807361267422e-05,1.4823605623757688e-05,0.117368766017548,9,,
albert-base,16,16,83.46560846560847,82.69484808454425,1600341812,8.179167873814582e-06,0.003228750519505,0.0151228595715117,6,,
albert-base,16,17,84.25925925925925,83.35535006605019,1771458445,4.570481951874187e-05,0.0004730891743796,0.189011317523383,7,,
albert-base,16,18,81.34920634920636,80.71334214002643,921004688,9.20268943144866e-05,0.0045150162510113,0.1825963590950827,7,,
albert-base,16,19,82.80423280423281,81.24174372523117,971447819,4.8585343888795725e-05,0.079652673104396,0.070415885468205,2,,
albert-base,16,20,84.12698412698413,83.22324966974901,495075171,5.156501250145653e-05,0.0279518806848022,0.0109866061077102,5,,
albert-base,16,21,78.43915343915344,77.93923381770145,1347735766,5.285180753062532e-05,0.0008612419640163,0.0006509974063302,9,,
albert-base,16,22,82.93650793650794,80.84544253632761,941958098,5.9475807029210016e-05,1.2164747488927928e-05,0.005554929050404,3,,
albert-base,16,23,82.67195767195767,82.0343461030383,733282541,9.924587671354344e-06,0.0001180626584799,0.1695964581393136,5,,
albert-base,16,24,84.65608465608466,83.88375165125495,591407253,3.926964715392113e-05,0.0005416727250827,0.0118052459022776,7,,
albert-base,16,25,82.53968253968254,82.69484808454425,369559001,6.160045162913595e-05,0.0019121883345369,0.1731263019572868,6,,
albert-base,16,26,82.67195767195767,83.48745046235139,1522283329,3.5535823924787945e-05,0.0019361262691755,0.0192960070680935,9,,
albert-base,16,27,80.95238095238095,83.22324966974901,1956195657,7.324809453259059e-05,0.0016052768441757,0.1463455065919599,4,,
albert-base,16,28,80.42328042328042,81.10964332892999,1273451975,9.402017111758615e-06,0.044084412510253,0.1227203479699979,2,,
albert-base,16,29,68.65079365079364,69.61690885072655,937504010,9.144234589618214e-05,0.0237910248766845,0.1471612179915668,4,,
albert-base,17,0,84.40366972477064,83.24607329842932,1661606104,2.887382517685453e-05,0.00104023167098,0.1756377275221139,10,,
albert-base,17,1,83.35517693315859,83.7696335078534,1673407088,3.186330879942845e-05,1.0310954887983085e-05,0.0019414719019793,10,,
albert-base,17,2,80.07863695937091,79.31937172774869,88122598,8.544622290316726e-05,6.903170160479073e-05,0.1529949432233132,3,,
albert-base,17,3,64.48230668414155,68.19371727748691,1561504421,5.332813826985929e-06,0.0006923348072307,0.1253958458176152,8,,
albert-base,17,4,83.7483617300131,82.32984293193718,1033672990,6.229498550811616e-05,1.7218799429256852e-05,0.1898523400904536,5,,
albert-base,17,5,83.22411533420707,83.1151832460733,1428345095,2.3177377563927543e-05,0.0005508535348221,0.1152747578657236,4,,
albert-base,17,6,83.35517693315859,82.06806282722513,378126449,1.4950840736583033e-05,0.0048654740538461,0.0065823661460983,2,,
albert-base,17,7,83.7483617300131,83.63874345549738,2051481356,1.8691683391976063e-05,0.0120969175535346,0.0775158940172225,2,,
albert-base,17,8,82.43774574049803,82.85340314136126,751852631,1.3337154083157762e-05,0.016613193847098,0.0688271433096991,3,,
albert-base,17,9,82.43774574049803,84.68586387434554,1015326895,2.269048787474965e-05,0.0010101385106021,0.0407041400902973,4,,
albert-base,17,10,84.14154652686763,84.55497382198953,1073838067,1.925191497035e-05,0.0716052032817621,0.0005235769945588,2,,
albert-base,17,11,84.14154652686763,83.7696335078534,269156555,5.330886652967898e-05,0.0397627917820675,0.1552541654821409,10,,
albert-base,17,12,82.69986893840105,84.29319371727749,686960331,8.249834201225518e-06,5.282744524548902e-05,0.1805015938826067,5,,
albert-base,17,13,81.65137614678899,83.50785340314137,1677242049,1.128844517370484e-05,0.0007986052097776,0.098598271389453,7,,
albert-base,17,14,82.30668414154653,83.1151832460733,1231014683,5.313646568598887e-06,0.0345926867554043,0.0288479554881893,10,,
albert-base,17,15,62.254259501965926,64.26701570680628,1676218740,8.159508214169378e-05,0.0002658005695678,0.0106615031747279,10,,
albert-base,17,16,84.40366972477064,85.20942408376963,1153887155,2.131932824938356e-05,0.0440089525201504,0.1152428781548678,4,,
albert-base,17,17,81.7824377457405,84.55497382198953,1467820463,2.0662476389843887e-05,2.2673834091900757e-05,0.1999617873648971,10,,
albert-base,17,18,82.17562254259502,83.50785340314137,83140187,4.412606545997639e-05,0.0136414393383261,0.1912917530115042,10,,
albert-base,17,19,73.13237221494103,75.6544502617801,1841249710,7.278448113641457e-06,0.0023894869234974,0.1714169681127519,6,,
albert-base,17,20,82.56880733944953,83.7696335078534,1152551242,1.105514571374314e-05,0.0002602332402788,0.1386196366376809,7,,
albert-base,17,21,67.49672346002622,70.0261780104712,1017648195,8.624396202921515e-05,0.0003299071349516,0.0542730976306835,4,,
albert-base,17,22,81.12712975098296,84.16230366492147,416037581,1.8595833224468477e-05,0.0001877853396098,0.0708898142480739,3,,
albert-base,17,23,80.47182175622542,82.06806282722513,1436982518,5.336220793896514e-05,0.0005570439769811,0.0190156352320617,7,,
albert-base,17,24,78.11271297509829,81.15183246073299,798952296,5.562405051750256e-06,8.291368290465256e-05,0.1084872001275796,2,,
albert-base,17,25,80.07863695937091,82.98429319371728,248083333,6.234387745451219e-05,5.361699134927022e-05,0.0614537022227445,2,,
albert-base,17,26,82.30668414154653,83.1151832460733,476216188,4.619711525795822e-05,1.8198452183517647e-05,0.0945614787472765,2,,
albert-base,17,27,77.71952817824378,78.92670157068063,663124445,6.675499350617184e-06,0.0004115386026425,0.0637185312211631,2,,
albert-base,17,28,67.49672346002622,70.0261780104712,8659049,9.913502072953108e-05,0.0197960555603603,0.0960760311421675,4,,
albert-base,17,29,81.38925294888598,84.94764397905759,1393871174,6.568584225951905e-06,0.0004935266179686,0.0837177060856862,9,,
albert-base,18,0,67.9144385026738,68.89185580774365,1716232228,9.118380066081664e-05,0.0023042732129209,0.0425383289818444,4,,
albert-base,18,1,80.4812834224599,81.70894526034714,1658410245,1.1720623123653196e-05,0.0005011212335419,0.0929435084951608,2,,
albert-base,18,2,82.75401069518716,83.71161548731642,1736244785,8.306565184234049e-06,0.0242536171422954,0.0719561413564658,7,,
albert-base,18,3,84.22459893048128,84.77970627503338,1325226293,3.306213613255302e-05,0.0099446431950022,0.0285306333431322,6,,
albert-base,18,4,84.75935828877006,84.11214953271028,2023019102,5.292652805306434e-05,0.0058704584722919,0.1292614017323484,5,,
albert-base,18,5,83.02139037433155,83.04405874499332,43559719,3.150572055454461e-05,0.018189230701147,0.0044393925599363,3,,
albert-base,18,6,83.15508021390374,85.18024032042723,1425633560,1.4374911215141158e-05,0.0004919290757966,0.035165736282937,6,,
albert-base,18,7,83.15508021390374,83.04405874499332,1955941050,7.155117867919495e-05,0.0003223474433939,0.1185950468319176,5,,
albert-base,18,8,82.88770053475936,85.18024032042723,221030696,4.361326292745303e-05,0.0018586446108463,0.0188633526233311,7,,
albert-base,18,9,82.88770053475936,82.51001335113484,1733754429,1.468364691286948e-05,0.0001099892065076,0.0090320512523285,9,,
albert-base,18,10,81.41711229946524,82.10947930574099,896833633,2.1799553014190846e-05,7.854087773711124e-05,0.0765813007633431,3,,
albert-base,18,11,79.01069518716578,77.16955941255007,1733541965,6.393358592242493e-06,0.0146315455629044,0.0521839746481763,8,,
albert-base,18,12,83.9572192513369,84.11214953271028,1000177343,1.3500925061967556e-05,0.000433318467398,0.0483187709105046,5,,
albert-base,18,13,84.62566844919786,83.31108144192257,1780387366,3.3067224437543414e-05,0.0457189517925906,0.1682164786072289,3,,
albert-base,18,14,82.88770053475936,84.64619492656875,1235015439,1.6869553771814484e-05,0.0014094421924349,0.071966596179637,9,,
albert-base,18,15,77.94117647058823,79.70627503337784,1119139915,9.415824259793244e-05,0.0025219940905219,0.0728495799432807,6,,
albert-base,18,16,83.55614973262033,84.2456608811749,1309719502,1.819445861719763e-05,2.2812908698781566e-05,0.1003971448250737,8,,
albert-base,18,17,81.41711229946524,83.04405874499332,23090479,6.397375695944167e-05,0.0047761792023712,0.1897660693141898,5,,
albert-base,18,18,79.81283422459893,83.84512683578104,160004821,8.980109300452489e-05,0.0003393759515318,0.067228291727639,6,,
albert-base,18,19,84.0909090909091,82.9105473965287,1223229516,3.508636086353007e-05,0.0136328599158527,0.1557656920777242,9,,
albert-base,18,20,83.02139037433155,83.84512683578104,393518461,1.481601436083557e-05,0.000933025084384,0.1845700631953697,7,,
albert-base,18,21,83.28877005347593,83.5781041388518,2022276847,1.4045118925292235e-05,0.0004165524394513,0.0997886095434934,8,,
albert-base,18,22,83.55614973262033,82.9105473965287,2146713719,4.230805777393925e-05,0.0001397497179164,0.1435563653156137,4,,
albert-base,18,23,84.62566844919786,84.51268357810414,15180728,4.686088664091143e-05,3.3257240690458805e-05,0.1206481711339054,4,,
albert-base,18,24,83.68983957219251,85.18024032042723,1873229988,2.982853692086745e-05,0.0777496229318027,0.1623437579461211,7,,
albert-base,18,25,85.29411764705883,84.64619492656875,573334062,3.345618488474819e-05,6.369929109222604e-05,0.1767645059012842,7,,
albert-base,18,26,84.0909090909091,85.44726301735648,2116459644,3.8644845286807913e-05,0.0002752394876944,0.1798457589655336,7,,
albert-base,18,27,81.95187165775401,84.64619492656875,11094652,2.29223018892043e-05,2.055994574069631e-05,0.0467225513123608,2,,
albert-base,18,28,82.88770053475936,83.17757009345794,510448444,4.5653508471117605e-05,0.0002884834962799,0.0443717022283054,5,,
albert-base,18,29,79.41176470588235,80.24032042723631,751441829,6.776319050784809e-06,0.0028131087352049,0.1675349518480022,5,,
albert-base,19,0,76.37362637362638,77.33516483516483,253671806,9.417354318241623e-06,1.1879003151926546e-05,0.1443981051431728,2,,
albert-base,19,1,77.47252747252747,80.9065934065934,747797763,5.818133627750812e-06,0.0020640053864912,0.1496898481874128,4,,
albert-base,19,2,83.1043956043956,85.43956043956044,1077545138,1.931144394795417e-05,0.0626638575265179,0.0962312389550096,9,,
albert-base,19,3,82.41758241758242,86.12637362637362,912076766,2.61460590966356e-05,0.0682961746396395,0.1066378330684839,3,,
albert-base,19,4,82.96703296703296,84.34065934065934,375646268,3.779958110154201e-05,3.605108065731295e-05,0.0341261739992446,10,,
albert-base,19,5,65.65934065934066,68.13186813186813,869954534,9.978290578713233e-05,0.0075339405734403,0.1821548383590758,2,,
albert-base,19,6,77.88461538461539,82.00549450549451,1080944283,7.83016380522861e-06,0.0668172761620468,0.0469437256573904,7,,
albert-base,19,7,82.14285714285714,84.34065934065934,1469093308,2.577728203734185e-05,1.4552975634657396e-05,0.1491344966366153,6,,
albert-base,19,8,80.76923076923077,82.41758241758242,1105855780,7.354143344944514e-05,7.122320529662062e-05,0.0107123100168666,8,,
albert-base,19,9,79.8076923076923,84.34065934065934,1119442960,8.379839090671017e-06,4.1941757170279184e-05,0.1786278844149773,7,,
albert-base,19,10,83.24175824175825,84.34065934065934,1399425390,1.6505348052013695e-05,0.0003919470095787,0.0116856962741673,9,,
albert-base,19,11,69.0934065934066,73.07692307692308,461876599,5.283654508563752e-06,1.3600362039387034e-05,0.186403765125128,10,,
albert-base,19,12,78.02197802197803,83.1043956043956,1507641742,5.471185480529708e-06,0.000145756014825,0.0818114324869549,6,,
albert-base,19,13,79.53296703296704,81.5934065934066,1664571790,7.029656724857127e-05,0.0001680392863112,0.0735954659312136,3,,
albert-base,19,14,81.86813186813187,86.26373626373626,2039999835,1.5883889997078263e-05,0.0217873144863192,0.072567226034001,10,,
albert-base,19,15,70.46703296703296,74.03846153846153,332475651,5.30155189557558e-06,0.0281122976644313,0.1972284043916159,9,,
albert-base,19,16,77.06043956043956,81.04395604395604,1785348390,7.475045457232397e-06,0.0102709581679153,0.0808236159916641,2,,
albert-base,19,17,82.55494505494505,86.12637362637362,1561870411,2.844716753411092e-05,0.0017581647475182,0.1222393714144297,10,,
albert-base,19,18,78.15934065934066,80.35714285714286,1114768157,1.1503011175715516e-05,0.0005088669526831,0.0501097006390163,2,,
albert-base,19,19,82.00549450549451,84.06593406593407,1830134605,7.663378457721977e-05,0.00312210838848,0.0800577070321053,2,,
albert-base,19,20,83.51648351648352,85.98901098901099,567748410,4.70490677062907e-05,7.207392144708809e-05,0.0571598840214112,6,,
albert-base,19,21,76.23626373626374,82.00549450549451,403489880,5.75617850791112e-06,1.406430787335974e-05,0.0150694231783784,9,,
albert-base,19,22,73.48901098901099,75.13736263736264,1369391491,5.551529766871582e-06,0.0830772636144708,0.1113390051447559,2,,
albert-base,19,23,82.96703296703296,83.65384615384616,1679637258,6.963696541896846e-05,3.684512951696655e-05,0.0474526913327764,5,,
albert-base,19,24,77.88461538461539,79.8076923076923,714478276,9.815477435075553e-06,1.6470115578596098e-05,0.0082933213225651,6,,
albert-base,19,25,78.15934065934066,80.76923076923077,718802739,9.880533071109822e-06,0.0005707282343334,0.0102307850549303,3,,
albert-base,19,26,81.04395604395604,82.82967032967034,1790402913,8.049688998543922e-05,1.0922987352097874e-05,0.0324185195684843,7,,
albert-base,19,27,82.55494505494505,85.02747252747253,1407094837,4.453227357894932e-05,0.0019312586064323,0.1138391825557276,6,,
albert-base,19,28,83.65384615384616,85.02747252747253,2037430386,5.130964804237383e-05,0.0016885208763756,0.0841846607000284,5,,
albert-base,19,29,81.18131868131869,83.92857142857143,539974555,4.411349301404179e-05,0.0006567993195519,0.0486896866898277,5,,
albert-base,20,0,84.02684563758389,83.37801608579089,1223753378,1.1589077804296851e-05,0.0030602765800683,0.0469470044295718,5,,
albert-base,20,1,84.69798657718121,84.45040214477211,733766511,1.5242549187363208e-05,7.772588050698941e-05,0.1203542529138582,8,,
albert-base,20,2,84.96644295302013,82.97587131367293,960527278,2.2296381784884988e-05,0.002010969473601,0.0191723698329827,7,,
albert-base,20,3,84.02684563758389,81.23324396782841,1876751675,7.627688887488953e-05,1.7761253797204188e-05,0.1665802701878818,3,,
albert-base,20,4,84.96644295302013,82.4396782841823,86134160,3.535437577964505e-05,0.0004634613667161,0.0993340997637812,4,,
albert-base,20,5,83.75838926174497,82.57372654155496,506719693,6.002763200663012e-05,0.0040106890898752,0.1188054836292075,8,,
albert-base,20,6,81.74496644295301,78.01608579088472,317057445,6.23434944605923e-06,0.0157038385015831,0.1257976478074073,7,,
albert-base,20,7,85.36912751677852,81.76943699731903,767579005,3.401712337943923e-05,0.0004158161093718,0.1286631187775583,9,,
albert-base,20,8,82.68456375838926,81.76943699731903,1092599804,2.6868716090181426e-05,0.0001262575321231,0.1004243965122436,4,,
albert-base,20,9,85.36912751677852,82.97587131367293,1464300758,4.311067802375542e-05,0.0002231004360837,0.1304144904650905,2,,
albert-base,20,10,85.77181208053692,82.84182305630027,1729595937,3.232247745217438e-05,0.0020712938620956,0.1948391306084507,8,,
albert-base,20,11,84.02684563758389,83.37801608579089,626288836,3.271837578637653e-05,3.588117172796088e-05,0.1688993598709822,9,,
albert-base,20,12,81.61073825503355,82.03753351206434,1118192123,7.57535622367149e-05,0.018737778242948,0.1724182047976773,10,,
albert-base,20,13,84.16107382550335,82.57372654155496,296961467,3.319977371196155e-05,0.0022730907823264,0.1538272939899729,2,,
albert-base,20,14,84.83221476510067,82.97587131367293,2124270744,5.266734162157795e-05,9.607796883488152e-05,0.0429328961890153,7,,
albert-base,20,15,84.16107382550335,83.24396782841823,1602501229,5.905929580364557e-05,1.362906359454321e-05,0.1931453190281852,5,,
albert-base,20,16,86.44295302013423,82.171581769437,1527642918,2.1436139902965697e-05,0.0051043665971863,0.0422892682402594,4,,
albert-base,20,17,83.48993288590604,78.28418230563003,463854513,5.582012942762361e-06,0.0053761300864846,0.0555071975417286,7,,
albert-base,20,18,83.75838926174497,80.29490616621985,869929286,1.0815358920027992e-05,1.2335849285714285e-05,0.1409795962200123,3,,
albert-base,20,19,80.13422818791946,77.88203753351206,32939202,1.3655190690233329e-05,0.0129074885882832,0.1709790378036726,4,,
albert-base,20,20,84.83221476510067,83.6461126005362,690486698,3.849236914398063e-05,0.0001279362708034,0.12085928079099,8,,
albert-base,20,21,82.41610738255034,80.16085790884719,450314395,8.978964065716167e-05,0.0052581140570841,0.1706078010504632,2,,
albert-base,20,22,75.83892617449665,75.20107238605898,346166293,7.324307777457733e-06,6.29970816824834e-05,0.1959340746497879,10,,
albert-base,20,23,83.48993288590604,83.10991957104558,514912863,3.351950941209691e-05,3.0713237660664446e-05,0.1547055113609827,2,,
albert-base,20,24,84.42953020134229,83.91420911528151,830988947,2.1222150035544685e-05,0.0002579258002381,0.1996322465513812,8,,
albert-base,20,25,85.23489932885906,84.04825737265415,1524645093,1.6525601388833333e-05,3.841078431285906e-05,0.0594084150230172,7,,
albert-base,20,26,85.23489932885906,82.70777479892762,253558295,5.297478455437175e-05,0.0477245861132674,0.1204356278887774,2,,
albert-base,20,27,85.23489932885906,83.51206434316354,1938172706,3.482720728499845e-05,0.0001007757665327,0.0582619899105958,8,,
albert-base,20,28,85.90604026845638,83.24396782841823,1863820241,6.073462699244377e-05,0.0206556150395485,0.0603825322372488,10,,
albert-base,20,29,85.90604026845638,83.37801608579089,1449563558,1.934841242869817e-05,0.0004660693640398,0.1321465448905872,7,,
albert-base,21,0,84.4532279314888,86.03425559947298,1271169629,2.3712983455771283e-05,0.0001832805977252,0.1668709019631327,9,,
albert-base,21,1,82.87220026350461,84.9802371541502,11511780,8.304981710341238e-05,0.0430927312208976,0.1375535852335461,7,,
albert-base,21,2,69.1699604743083,71.27799736495389,216103987,7.989529183593994e-05,1.4534115445286214e-05,0.0252935959491829,3,,
albert-base,21,3,83.6627140974967,86.03425559947298,823968114,4.093389215658047e-05,5.041787512613505e-05,0.1636870547261701,5,,
albert-base,21,4,81.55467720685112,81.42292490118577,514435693,7.007829254913236e-05,0.0807310254993031,0.0196564603611718,3,,
albert-base,21,5,84.05797101449275,86.56126482213439,446775582,2.135420682260133e-05,1.6430148621874305e-05,0.1041005778818647,5,,
albert-base,21,6,83.79446640316206,84.4532279314888,342669968,1.6978216033319613e-05,3.069791164699316e-05,0.0369209562743527,3,,
albert-base,21,7,83.53096179183136,84.18972332015811,17638007,1.170169492503547e-05,2.969112223360933e-05,0.144134928036741,3,,
albert-base,21,8,82.6086956521739,85.24374176548089,917873355,1.0077083203298875e-05,0.0052802729424627,0.0156040851699228,5,,
albert-base,21,9,84.32147562582345,83.9262187088274,328848219,9.10393994321882e-05,0.0833173310325955,0.1722047842176076,2,,
albert-base,21,10,78.65612648221344,79.71014492753623,343816139,5.579926144357354e-06,0.0572025744311898,0.0737103399603256,6,,
albert-base,21,11,83.13570487483531,84.9802371541502,1811090729,1.1048280060495372e-05,0.0048315288866915,0.1090145025824205,4,,
albert-base,21,12,83.53096179183136,86.42951251646903,753165927,3.162260685373342e-05,0.0280091552405712,0.1125678097526536,3,,
albert-base,21,13,72.99077733860342,75.49407114624506,1394421201,5.745208024149794e-06,3.986146648322547e-05,0.1857136950408511,9,,
albert-base,21,14,81.29117259552042,85.5072463768116,780305954,6.44867518320948e-06,0.0521830636446512,0.0116913660403348,6,,
albert-base,21,15,84.7167325428195,83.39920948616601,912071527,3.0509953578300492e-05,0.0032677804596237,0.1764899024279244,9,,
albert-base,21,16,79.84189723320158,80.23715415019763,362470783,5.452741934606073e-06,0.0005863000340538,0.1691951422245022,7,,
albert-base,21,17,81.94993412384717,84.58498023715416,1766072723,7.664444642400836e-05,4.053142192406501e-05,0.1399923501233591,5,,
albert-base,21,18,82.87220026350461,84.58498023715416,649913969,5.373157803059488e-05,0.0583977227847877,0.1651898468677523,5,,
albert-base,21,19,79.31488801054019,82.87220026350461,1583681192,1.1750668050258588e-05,0.0045461574282146,0.0498998507578015,3,,
albert-base,21,20,83.79446640316206,85.63899868247694,1605217689,5.993490510633331e-05,0.0698603103658965,0.0642916281393333,10,,
albert-base,21,21,81.15942028985508,82.47694334650856,528538002,9.994963014572992e-05,0.0006187818714559,0.1523627543702294,10,,
albert-base,21,22,80.89591567852437,82.87220026350461,1998054007,1.1259618636789652e-05,1.1542370545064723e-05,0.0516332364778973,6,,
albert-base,21,23,67.45718050065877,68.1159420289855,1036859601,8.220626665920141e-05,0.0583931866161481,0.1959153968032883,4,,
albert-base,21,24,82.74044795783927,85.63899868247694,1460123286,4.663678447063632e-05,8.791964015156775e-05,0.0061291491907826,10,,
albert-base,21,25,83.6627140974967,86.16600790513834,1984244258,2.2567991492999003e-05,0.0004151887853316,0.0776308217752483,2,,
albert-base,21,26,83.6627140974967,84.7167325428195,302150870,5.039154626004697e-06,0.0003213088247449,0.1354185334158269,9,,
albert-base,21,27,85.5072463768116,85.7707509881423,1636001535,3.018712801109352e-05,0.0378772854908944,0.1400147714081442,5,,
albert-base,21,28,83.26745718050066,84.05797101449275,1418812103,1.2581287396548456e-05,1.0134232447774724e-05,0.1606389688467714,8,,
albert-base,21,29,83.9262187088274,86.69301712779973,191568553,2.8967030723251524e-05,0.0143373590866893,0.048776947473746,2,,
albert-base,22,0,82.79569892473118,83.60215053763442,788740214,1.535957267469857e-05,0.0212864606709339,0.0726285077421164,6,,
albert-base,22,1,84.40860215053763,85.08064516129032,1115140468,2.812584943510548e-05,0.0028132129062192,0.0408602559167727,8,,
albert-base,22,2,83.87096774193549,83.87096774193549,279241386,1.935888822135915e-05,0.0087784790576922,0.0347320500479946,9,,
albert-base,22,3,83.33333333333333,83.33333333333333,418552041,4.803690900779742e-05,3.882373428690875e-05,0.1969732665941391,10,,
albert-base,22,4,80.91397849462365,81.58602150537635,405341048,1.717583887858988e-05,0.0236284081269166,0.1301287376445873,4,,
albert-base,22,5,81.31720430107526,83.33333333333333,1970726181,6.513956389049813e-06,0.0521603917470604,0.16007773497098,8,,
albert-base,22,6,84.40860215053763,81.31720430107526,63768181,6.483929892368627e-05,0.007217361439514,0.1347383173854902,5,,
albert-base,22,7,68.68279569892474,65.3225806451613,1745193776,8.037022781880992e-05,0.0009149404584799,0.0197127604344021,7,,
albert-base,22,8,66.8010752688172,63.844086021505376,1295012188,9.067531707140492e-05,0.0188947011981928,0.1048653505308623,9,,
albert-base,22,9,83.73655913978494,85.08064516129032,1222653779,1.2165587025741786e-05,7.286852104167414e-05,0.0409797446508478,10,,
albert-base,22,10,76.74731182795699,80.10752688172043,34431287,6.627918974863632e-06,0.000365486199407,0.1789595888336292,9,,
albert-base,22,11,82.1236559139785,80.3763440860215,944003160,9.0365215231421e-05,0.0001385572531938,0.1612336754806302,10,,
albert-base,22,12,71.10215053763442,67.8763440860215,71185087,8.811750912848205e-05,0.0001005970559674,0.0366414022934503,6,,
albert-base,22,13,67.47311827956989,64.11290322580645,1068526973,8.277995056821237e-05,0.0638247823257403,0.0033768391118692,7,,
albert-base,22,14,80.77956989247312,81.85483870967742,1148983613,7.115160926490475e-06,0.0108986579621316,0.1860007938145723,4,,
albert-base,22,15,66.66666666666667,67.33870967741936,586052703,7.829394823559458e-05,0.0264243542811927,0.0825029270369265,6,,
albert-base,22,16,75.80645161290323,74.32795698924731,1707911489,6.082535491539771e-06,0.0009014183468505,0.0146188995981865,4,,
albert-base,22,17,83.1989247311828,84.00537634408602,1093727355,1.2749787229471096e-05,1.1251624874298751e-05,0.1603633032837512,8,,
albert-base,22,18,76.34408602150538,75.0,1077543374,7.112103912713129e-06,0.0003634727188779,0.0313145934352006,6,,
albert-base,22,19,82.79569892473118,86.02150537634408,924115114,1.5211742501086166e-05,0.0854249986939662,0.1387019353894675,8,,
albert-base,22,20,83.06451612903226,82.52688172043011,706106167,6.9174785520307706e-06,0.0004321416828424,0.1880464294921379,8,,
albert-base,22,21,83.46774193548387,84.2741935483871,2039148016,1.2710357271396656e-05,5.063686565265575e-05,0.039080811959967,7,,
albert-base,22,22,82.52688172043011,85.48387096774194,1682830488,1.6724784996731227e-05,0.0218681156075735,0.1030751958858758,8,,
albert-base,22,23,81.72043010752688,81.45161290322581,682021364,5.3062520261317176e-05,2.0249978522631814e-05,0.0247535153351949,5,,
albert-base,22,24,80.3763440860215,82.93010752688173,214139704,7.318930410747805e-06,3.289652765971328e-05,0.1232198211866149,7,,
albert-base,22,25,81.31720430107526,82.79569892473118,1074734913,3.209709457664263e-05,0.0029717181239715,0.0239902110170464,2,,
albert-base,22,26,84.13978494623656,82.25806451612904,1652520014,7.371172950685043e-05,0.0341985163825102,0.1866508668838124,6,,
albert-base,22,27,84.13978494623656,82.66129032258064,1406872696,4.748480912452096e-05,0.0195150584467837,0.0772490487597341,2,,
albert-base,22,28,80.64516129032258,80.91397849462365,1318024195,1.2067039470530095e-05,0.0003649360861916,0.1474836915908798,2,,
albert-base,22,29,83.06451612903226,83.87096774193549,664415491,1.4863387572834386e-05,8.607347501984663e-05,0.1618067069858549,9,,
albert-base,23,0,80.10610079575596,84.90066225165563,573968125,2.4608314730589466e-05,9.07216981991367e-05,0.1400455717194991,2,,
albert-base,23,1,80.10610079575596,84.50331125827815,1001228178,1.0841290823382884e-05,0.0007422975296797,0.0255658212441021,6,,
albert-base,23,2,78.38196286472149,81.72185430463576,834769924,6.43875986757568e-06,0.0021157029558982,0.1191722395241434,9,,
albert-base,23,3,81.6976127320955,85.96026490066225,523553615,1.4842539797107523e-05,1.366063531145109e-05,0.1563468895641274,3,,
albert-base,23,4,78.77984084880637,80.39735099337749,540959856,9.656099988528537e-06,0.0067081065709116,0.1361716049201578,4,,
albert-base,23,5,82.09549071618036,87.01986754966887,1963413113,2.2677110534063612e-05,0.0204105114998507,0.0784061160700147,8,,
albert-base,23,6,82.75862068965517,86.09271523178808,1267930831,3.47549718581094e-05,7.07320305725318e-05,0.125459562920212,3,,
albert-base,23,7,83.95225464190982,85.29801324503312,1266016170,2.4867778367284625e-05,7.204375869124819e-05,0.0067619023974827,6,,
albert-base,23,8,78.77984084880637,82.78145695364239,865893100,6.1681885725642215e-06,0.014249771585906,0.0001021850805683,5,,
albert-base,23,9,82.36074270557029,87.68211920529801,138817996,2.346768506316292e-05,0.0178384382777182,0.1727762786983491,7,,
albert-base,23,10,82.49336870026525,86.88741721854305,2060932654,1.6781790043391284e-05,1.4054331727134792e-05,0.0916155510843221,10,,
albert-base,23,11,81.29973474801061,86.2251655629139,1478902488,1.6891989678682733e-05,0.0001144665833154,0.1196396659314134,9,,
albert-base,23,12,82.09549071618036,85.16556291390728,1757367625,9.112106216996694e-06,0.0281325793894257,0.0870961590472554,5,,
albert-base,23,13,79.3103448275862,81.45695364238411,201134384,7.793956853297749e-06,0.0063975025659689,0.0010734034656944,6,,
albert-base,23,14,83.0238726790451,84.37086092715232,1474679001,5.2765545115392353e-05,0.0014568479967406,0.1589120320042506,2,,
albert-base,23,15,80.10610079575596,85.03311258278146,1766934040,1.2219852922996676e-05,0.0084958010990663,0.1165198195625812,7,,
albert-base,23,16,81.43236074270557,83.17880794701986,684586930,8.116310780856117e-05,1.0167208615650753e-05,0.1096866064933604,4,,
albert-base,23,17,81.43236074270557,85.96026490066225,907791771,3.900523790933963e-05,0.0001424462401924,0.167612904787032,7,,
albert-base,23,18,76.12732095490716,72.8476821192053,1793985483,5.858625575824408e-06,4.892352048056091e-05,0.0001689845401258,2,,
albert-base,23,19,78.51458885941645,81.72185430463576,326675857,6.940979957799074e-06,0.0006979363067891,0.150095656662848,5,,
albert-base,23,20,83.15649867374005,85.16556291390728,2101485117,6.42474655554794e-05,7.900944443973056e-05,0.0335415431487623,5,,
albert-base,23,21,81.03448275862068,82.64900662251655,284558353,7.328282441901782e-05,0.0370874586661101,0.1858762340054216,10,,
albert-base,23,22,81.83023872679045,85.56291390728477,1564521426,8.635802451457044e-05,0.0056288880515881,0.0875035546757945,4,,
albert-base,23,23,84.08488063660478,84.37086092715232,902638426,4.526248409689795e-05,0.0001053711417677,0.1962825000969316,6,,
albert-base,23,24,82.49336870026525,85.29801324503312,583102097,4.429677226425869e-05,0.0218882142568847,0.0080826147553216,3,,
albert-base,23,25,77.71883289124668,79.33774834437087,1818399616,5.064883278385242e-06,0.0152245207475041,0.0187204252309007,10,,
albert-base,23,26,81.16710875331565,82.78145695364239,1459148929,9.53009923625384e-06,0.001172048924028,0.0573281952358646,4,,
albert-base,23,27,80.50397877984085,82.11920529801324,2092011488,9.110220067311544e-05,1.577936592718617e-05,0.1217493271781606,7,,
albert-base,23,28,82.09549071618036,86.09271523178808,1026447811,2.0711653422113785e-05,0.0488792592015292,0.1746124656619709,9,,
albert-base,23,29,82.62599469496021,85.43046357615894,1776325787,2.108256019243326e-05,0.0001623768809297,0.0387969623499106,8,,
albert-base,24,0,81.28342245989305,81.41711229946524,2089815694,5.348159723475372e-05,0.0274444461959679,0.1826835834368976,3,,
albert-base,24,1,83.28877005347593,83.42245989304813,465655031,1.021561493423662e-05,1.9843213821903057e-05,0.1412064397915116,9,,
albert-base,24,2,83.68983957219251,83.82352941176471,519943432,3.1719644755482435e-05,0.0038003569265577,0.168715812741126,8,,
albert-base,24,3,80.61497326203208,81.14973262032086,2053368324,9.233840837561948e-05,0.0035467386686284,0.0452890018708942,6,,
albert-base,24,4,79.94652406417113,83.42245989304813,2137904909,2.3805572484852228e-05,0.001710723071879,0.0377610393686392,5,,
albert-base,24,5,74.33155080213903,73.2620320855615,1043355190,7.610181532107406e-05,0.0073175696703316,0.0981702225176129,4,,
albert-base,24,6,78.7433155080214,79.67914438502673,512114131,9.946109071773904e-05,0.023068009322051,0.1399493547723095,10,,
albert-base,24,7,79.94652406417113,81.95187165775401,1028690036,5.3087850104473e-05,0.01668459634225,0.091153242247549,10,,
albert-base,24,8,82.62032085561498,84.62566844919786,1233696780,1.0638418871299786e-05,0.0117062838527949,0.0571848064657428,10,,
albert-base,24,9,80.74866310160428,84.35828877005348,976238941,1.6081217007733405e-05,0.0026126272550922,0.0828279331637485,10,,
albert-base,24,10,84.35828877005348,83.42245989304813,256702782,6.804103066672103e-05,0.0428351550840429,0.1105046814379241,3,,
albert-base,24,11,77.00534759358288,79.41176470588235,1424032910,7.994929047975463e-06,9.904283349686032e-05,0.0773595950086062,9,,
albert-base,24,12,81.01604278074866,78.87700534759358,778426587,6.012439941526104e-05,0.0001775827393705,0.0955283465566215,5,,
albert-base,24,13,82.88770053475936,84.22459893048128,1189446116,2.0530236726705724e-05,0.0006627631476158,0.1274846564948842,7,,
albert-base,24,14,73.52941176470588,73.79679144385027,865747634,5.954719125376861e-06,5.428148196275192e-05,0.1687785844153635,7,,
albert-base,24,15,81.95187165775401,83.42245989304813,247196744,8.874864110023199e-06,7.312838792107992e-05,0.1865169722507388,4,,
albert-base,24,16,79.41176470588235,80.88235294117646,1375745097,5.988693258526402e-06,1.8128161198319185e-05,0.1188160118133281,7,,
albert-base,24,17,81.55080213903743,83.9572192513369,115775691,3.470649936503719e-05,6.860399361551184e-05,0.0426805636672688,3,,
albert-base,24,18,85.02673796791444,82.2192513368984,870789732,7.387341823513124e-05,0.0016564971030787,0.132434280076919,9,,
albert-base,24,19,83.02139037433155,84.49197860962566,661165105,3.843464157939689e-05,0.0309249316159721,0.1603894697229274,7,,
albert-base,24,20,82.75401069518716,84.0909090909091,1638162922,1.027479230091705e-05,0.0023047319172018,0.1087688067706295,7,,
albert-base,24,21,80.61497326203208,81.55080213903743,1721144589,8.427170888116592e-05,0.0003850705363731,0.1236024009777588,9,,
albert-base,24,22,79.27807486631016,79.27807486631016,471638434,9.527956776202368e-05,1.2668402214265216e-05,0.0451421834484926,3,,
albert-base,24,23,81.41711229946524,84.62566844919786,1925616605,4.001379170365726e-05,0.0496636633856156,0.0303558812177102,3,,
albert-base,24,24,80.61497326203208,81.55080213903743,636215930,5.205395411767789e-05,0.0618090837875301,0.1075738943537261,5,,
albert-base,24,25,80.3475935828877,81.95187165775401,1139319287,1.3009871502396652e-05,0.0141105695024314,0.1943640829350282,7,,
albert-base,24,26,78.87700534759358,80.21390374331551,116888947,6.693156554172135e-06,6.110655235206951e-05,0.0740476472627067,3,,
albert-base,24,27,82.75401069518716,83.02139037433155,1310585968,5.799540387610877e-05,0.0150406176576224,0.1264407551130614,8,,
albert-base,24,28,82.88770053475936,82.62032085561498,1817861199,7.101945543181916e-05,0.0505782494818906,0.1801542949556424,10,,
albert-base,24,29,83.02139037433155,84.62566844919786,1789443889,1.5631302379662233e-05,0.0011987271522066,0.1029276888681109,7,,
albert-base,25,0,81.94070080862534,85.06056527590847,1775336089,5.6932807382262375e-05,0.0935816000808095,0.037889117850257,4,,
albert-base,25,1,82.88409703504043,84.52220726783311,527564247,2.3568882754279764e-05,0.0004608157781824,0.0484948883382521,9,,
albert-base,25,2,82.74932614555256,83.31090174966353,650888706,6.21394375403715e-05,0.0037108148541572,0.056680716615765,8,,
albert-base,25,3,81.40161725067385,84.25302826379543,1745516315,5.716358505424941e-06,0.0415413389074148,0.0939416770981473,7,,
albert-base,25,4,82.74932614555256,83.98384925975773,1120675171,5.049864697559672e-05,0.0005939929539166,0.0268360960828833,10,,
albert-base,25,5,83.01886792452831,83.71467025572005,214921360,7.746611994009592e-06,6.85099290625874e-05,0.1752812634746811,3,,
albert-base,25,6,84.23180592991913,86.54104979811575,134511432,2.884878008929792e-05,0.0001392597018486,0.1518740098010654,5,,
albert-base,25,7,79.64959568733154,80.34993270524899,1723916813,8.280265510519394e-05,0.0015281198176596,0.1460401894023543,7,,
albert-base,25,8,78.84097035040432,75.10094212651413,1076244620,9.797272659102396e-06,1.0863298628973064e-05,0.1548902915027418,4,,
albert-base,25,9,79.64959568733154,82.36877523553163,1701722196,9.77480668864433e-06,0.0023467321976889,0.0328506285562759,2,,
albert-base,25,10,79.11051212938006,80.75370121130551,631155013,9.092142143467556e-05,0.0070013089315653,0.1236355578369885,9,,
albert-base,25,11,79.24528301886792,82.77254374158815,635011187,6.434684781910631e-06,0.0013762778185446,0.0403317496005667,6,,
albert-base,25,12,80.3234501347709,82.90713324360699,461262927,1.041590281888241e-05,0.024472098310374,0.18007681206588,3,,
albert-base,25,13,68.73315363881402,66.89098250336474,1748834399,6.929546977299971e-05,0.0002337228228084,0.1080324967902559,7,,
albert-base,25,14,82.47978436657682,84.65679676985195,947228959,5.216920479157575e-05,9.196957319008314e-05,0.0633740380158435,10,,
albert-base,25,15,84.366576819407,85.59892328398385,1193052119,4.059956514448688e-05,0.0208590496503751,0.1246158322806817,9,,
albert-base,25,16,83.01886792452831,85.32974427994617,1841189645,2.1812267623939537e-05,0.0086665607884596,0.1674589368930758,9,,
albert-base,25,17,83.15363881401618,85.73351278600269,1302847673,2.421584803617156e-05,0.0005638408711561,0.0069625231058074,10,,
albert-base,25,18,82.88409703504043,85.06056527590847,155569402,3.66969273285284e-05,0.0013884278221006,0.0817439958814179,4,,
albert-base,25,19,77.22371967654986,76.98519515477793,1437544765,1.1067902692233885e-05,0.0788428626901165,0.0459252239899539,2,,
albert-base,25,20,81.53638814016172,83.71467025572005,475150368,9.090552753215073e-06,0.0022188077381945,0.0758886761992611,4,,
albert-base,25,21,80.86253369272237,80.21534320323015,1561564803,8.885924661504192e-05,2.7125387778856337e-05,0.1669494694866671,5,,
albert-base,25,22,73.31536388140162,72.54374158815612,1323319083,5.260950265492149e-06,0.0001826296147765,0.1315172788399798,8,,
albert-base,25,23,79.78436657681941,80.48452220726783,875898797,5.9843206902419015e-06,0.0094825956753463,0.0155752188925788,6,,
albert-base,25,24,81.80592991913747,82.77254374158815,1766397395,7.926080618745087e-05,0.0002770961865947,0.1399392013095321,8,,
albert-base,25,25,81.26684636118598,80.48452220726783,1514881309,1.0156331255813243e-05,0.006946796764512,0.1388675869671568,9,,
albert-base,25,26,72.50673854447439,70.79407806191116,43581892,5.776397751183083e-06,0.0002770949422664,0.0825498051614558,10,,
albert-base,25,27,81.94070080862534,83.71467025572005,546021649,9.443201943240188e-06,0.0145159833665436,0.111278967480275,5,,
albert-base,25,28,85.71428571428571,83.71467025572005,500044592,5.447441584133249e-05,0.0001087297604413,0.1476070139043454,2,,
albert-base,25,29,81.40161725067385,83.58008075370121,1456222761,3.983212730674986e-05,0.0001066499607728,0.0263115778595039,10,,
albert-base,26,0,79.30555555555556,78.36338418862691,628381301,7.053361175928632e-05,4.13003258948539e-05,0.0795556638415901,9,,
albert-base,26,1,72.22222222222223,74.06380027739252,1409776677,6.323295235067724e-06,0.0003910872705738,0.1206432437971467,10,,
albert-base,26,2,83.75,84.74341192787794,921473957,4.0879823059987074e-05,3.371774743456899e-05,0.150877473799226,7,,
albert-base,26,3,85.55555555555556,81.83079056865465,997253628,5.454390779416473e-05,0.0366329252558754,0.0329340489473772,8,,
albert-base,26,4,80.97222222222223,84.32732316227462,177643553,9.990153321359576e-05,4.408559831579389e-05,0.0158272626142162,4,,
albert-base,26,5,83.61111111111111,83.35644937586684,2111651933,5.55671650481597e-05,0.016628962520256,0.1461427313243263,8,,
albert-base,26,6,82.36111111111111,83.35644937586684,1713724425,1.5613728623702495e-05,0.0005275557595617,0.1140631869018189,4,,
albert-base,26,7,84.16666666666667,83.77253814147018,1222153694,3.661080148870322e-05,0.0009886311661474,0.1083640253757461,7,,
albert-base,26,8,83.19444444444444,85.15950069348128,1366604892,6.724983872308919e-06,0.0003590275632306,0.1202755135347527,9,,
albert-base,26,9,84.30555555555556,83.21775312066575,1522436597,5.529254410810394e-05,0.0001757633297651,0.0181578526119769,9,,
albert-base,26,10,84.16666666666667,84.46601941747574,1945662993,1.7570317360097616e-05,2.6075200418876797e-05,0.039777921735089,4,,
albert-base,26,11,84.58333333333333,86.13037447988904,412156917,2.204914296882561e-05,0.0050840210121962,0.0203436514013492,2,,
albert-base,26,12,83.47222222222223,83.35644937586684,924025262,1.0009466282520304e-05,0.0009527129958109,0.0481310543130026,4,,
albert-base,26,13,79.16666666666667,77.53120665742026,357159786,5.790163185666951e-06,1.1263737879355663e-05,0.0845257901823433,6,,
albert-base,26,14,86.25,83.91123439667129,1359093049,1.541428425869946e-05,0.0012252722776633,0.1984994861078622,8,,
albert-base,26,15,84.72222222222223,83.49514563106796,129669386,7.594555539490978e-05,0.0037140147634341,0.1382623607676315,7,,
albert-base,26,16,84.16666666666667,85.57558945908461,995005124,2.9616368774826488e-05,0.0021365333869118,0.1185191276846769,4,,
albert-base,26,17,84.02777777777777,85.29819694868239,794630068,1.2405179420932888e-05,1.64083462207459e-05,0.1680277663749398,4,,
albert-base,26,18,85.55555555555556,82.24687933425797,973343388,5.783806206288312e-05,9.115249285725036e-05,0.1764549987116551,8,,
albert-base,26,19,85.27777777777777,83.63384188626907,2124355433,5.160650632434103e-05,3.542974945675355e-05,0.0821614866553645,5,,
albert-base,26,20,83.33333333333333,85.15950069348128,955012703,3.315136400473306e-05,0.0084360977345487,0.1085687304573182,3,,
albert-base,26,21,76.11111111111111,78.91816920943134,1114573061,5.817431816504957e-06,7.69138069193291e-05,0.1927642501875091,10,,
albert-base,26,22,76.52777777777777,78.50208044382802,1772984798,8.100771386164072e-06,0.0527062993345625,0.1025898793909372,5,,
albert-base,26,23,85.55555555555556,83.21775312066575,1155237714,3.1328076556401174e-05,0.0009669829572906,0.1495473207604349,4,,
albert-base,26,24,79.58333333333333,81.83079056865465,317499824,1.2156877436638677e-05,0.0007488605017015,0.1573612606800765,3,,
albert-base,26,25,80.0,83.77253814147018,190879387,6.892276713542245e-06,0.0672481354322779,0.0335721501315043,10,,
albert-base,26,26,81.25,83.49514563106796,1157160389,7.321272212353767e-06,8.16152060798175e-05,0.1985397165263854,4,,
albert-base,26,27,82.22222222222223,82.52427184466019,143338583,7.367204814959053e-06,6.0012277736693325e-05,0.0377164090905745,10,,
albert-base,26,28,86.52777777777777,85.15950069348128,59608193,2.703830128078956e-05,0.0025375065780683,0.0807118351133356,8,,
albert-base,26,29,82.08333333333333,82.38557558945908,625817971,7.211856817186344e-05,0.000298948484607,0.0783250524237172,4,,
albert-base,27,0,84.34065934065934,83.79120879120879,1017422178,8.247356417383384e-05,8.948009049417815e-05,0.0644135588280908,3,,
albert-base,27,1,67.99450549450549,68.95604395604396,795339944,7.684570871012813e-05,0.0032804928164937,0.0162738114510793,10,,
albert-base,27,2,83.24175824175825,85.57692307692308,748299642,1.3949163061803733e-05,3.5950921239231844e-05,0.0534305727985322,10,,
albert-base,27,3,81.86813186813187,83.24175824175825,2048089798,7.056249238442202e-06,0.0495024265435397,0.0546981678227132,5,,
albert-base,27,4,83.24175824175825,84.06593406593407,727955011,3.793409678399872e-05,0.0057269757944447,0.0056606494768661,4,,
albert-base,27,5,83.1043956043956,85.85164835164835,1345515348,9.71211398839721e-06,1.1856055106237078e-05,0.1115712449162537,7,,
albert-base,27,6,82.6923076923077,84.61538461538461,955051593,9.816810685349814e-06,1.3579055856491583e-05,0.0587279305763102,6,,
albert-base,27,7,80.35714285714286,82.55494505494505,512176024,8.350259092988069e-05,0.0142007683566954,0.0871013917029982,10,,
albert-base,27,8,82.82967032967034,83.51648351648352,36676556,8.834297144212031e-05,0.0003599290653215,0.0770606069287207,7,,
albert-base,27,9,83.65384615384616,85.57692307692308,907555266,5.347491651292232e-05,0.0003765773629769,0.0889218971506547,8,,
albert-base,27,10,81.73076923076923,82.41758241758242,1256226229,1.2286333696622784e-05,0.0031317121529814,0.1963949482505497,2,,
albert-base,27,11,84.34065934065934,84.2032967032967,528995903,5.9847094107075626e-05,0.0001878816510189,0.1370311873268318,10,,
albert-base,27,12,82.28021978021978,85.16483516483517,348744791,9.62565615270229e-06,0.0028470657603111,0.1750506122244296,9,,
albert-base,27,13,84.06593406593407,84.47802197802197,547368072,1.1845488182275945e-05,0.0098568307006993,0.1489858885034863,9,,
albert-base,27,14,83.1043956043956,83.65384615384616,423408182,8.529506640536108e-05,4.336464545621494e-05,0.1902759547359764,5,,
albert-base,27,15,84.61538461538461,86.12637362637362,370064578,1.539210436958476e-05,1.58823334237811e-05,0.0161339374750935,6,,
albert-base,27,16,82.96703296703296,84.61538461538461,378085057,6.643133077848863e-05,0.0127938741263686,0.0480606724373738,2,,
albert-base,27,17,84.89010989010988,85.98901098901099,455899735,1.967258132476132e-05,0.0001019423044057,0.0883574480901354,9,,
albert-base,27,18,82.82967032967034,83.92857142857143,1620208876,9.91192336206443e-06,4.694139389588301e-05,0.0985332508499117,6,,
albert-base,27,19,82.82967032967034,84.06593406593407,1299558589,2.5079074371525328e-05,0.0001106768134337,0.1155613648936501,3,,
albert-base,27,20,79.67032967032966,82.28021978021978,624575018,6.975795205851377e-06,0.0002394100838378,0.0139992820396638,5,,
albert-base,27,21,81.86813186813187,84.75274725274726,758486494,1.0140034507102777e-05,8.928435739261513e-05,0.1205141756887974,4,,
albert-base,27,22,67.99450549450549,68.95604395604396,994789857,8.30118882651629e-05,0.0421578617729185,0.0255930208261047,9,,
albert-base,27,23,73.07692307692308,75.27472527472527,1072632326,4.844371705509942e-05,1.3418521816852992e-05,0.0117717196808562,7,,
albert-base,27,24,84.89010989010988,86.4010989010989,251000747,4.68044162311246e-05,0.0076404188036179,0.0422965390589458,5,,
albert-base,27,25,86.26373626373626,84.06593406593407,1079982908,1.8399042816040197e-05,0.0348858622361488,0.1460778861214435,5,,
albert-base,27,26,83.1043956043956,84.47802197802197,605472246,7.335665978808436e-05,0.028900888308022,0.1617622527483962,10,,
albert-base,27,27,84.61538461538461,84.89010989010988,776555974,4.146147277731717e-05,6.417094498449672e-05,0.1900215671611933,5,,
albert-base,27,28,82.96703296703296,81.18131868131869,1143574539,1.3852948532216822e-05,4.679029196449008e-05,0.1910693433364784,5,,
albert-base,27,29,80.08241758241758,83.51648351648352,1926594166,8.097954250441068e-06,0.0009097475107061,0.0798755628116005,9,,
albert-base,28,0,80.8743169398907,83.21964529331514,435562979,6.146480478848136e-05,2.9510848931941407e-05,0.1331475603733784,5,,
albert-base,28,1,81.69398907103825,83.35607094133697,1460785713,9.672205985342478e-06,0.0031073380973002,0.0157064766845638,8,,
albert-base,28,2,82.78688524590164,84.17462482946794,1008105148,2.496843637969104e-05,0.0072325566188409,0.0403875866995341,7,,
albert-base,28,3,82.65027322404372,83.35607094133697,548257048,3.053658356864658e-05,1.929599532623265e-05,0.1871528795074173,2,,
albert-base,28,4,82.65027322404372,82.81036834924966,1241874862,5.2436109441684526e-05,0.0169066943330295,0.1996626158008508,9,,
albert-base,28,5,80.8743169398907,80.0818553888131,2033415613,1.0057673967384482e-05,0.0021805465607915,0.0519676557737544,3,,
albert-base,28,6,84.01639344262296,83.90177353342429,1778414028,4.491352732693484e-05,4.053254026466775e-05,0.124932308196651,5,,
albert-base,28,7,81.01092896174863,81.9918144611187,599780110,1.006988175712821e-05,0.0034291518916974,0.0543048778959083,7,,
albert-base,28,8,83.19672131147541,83.76534788540246,2079433176,4.90835717621352e-05,0.0080168932705022,0.1961395738126183,8,,
albert-base,28,9,83.33333333333333,84.17462482946794,871347460,2.0015141615190576e-05,1.737269223299478e-05,0.0715048988681654,4,,
albert-base,28,10,82.51366120218579,85.53888130968622,2061312267,4.605488832774513e-05,0.0018059441916052,0.1760461619272045,7,,
albert-base,28,11,83.19672131147541,83.76534788540246,845292555,2.039060489130122e-05,0.002033908025553,0.1206577108135282,3,,
albert-base,28,12,82.37704918032787,82.81036834924966,309394431,6.439176781652432e-05,0.0002186748886893,0.081742858132177,5,,
albert-base,28,13,79.78142076502732,78.44474761255115,718605395,9.06204573437298e-06,0.0001006073736799,0.0630064894644894,3,,
albert-base,28,14,83.87978142076503,83.08321964529331,1457382772,2.4881883824651836e-05,0.002020051295121,0.115513919315706,9,,
albert-base,28,15,85.10928961748634,85.67530695770805,988715863,3.044529666793321e-05,0.0009123683096389,0.0815233440315445,4,,
albert-base,28,16,82.78688524590164,85.53888130968622,580351227,5.128182097985095e-05,0.0127742022348469,0.1478401080636806,8,,
albert-base,28,17,82.92349726775956,86.22100954979535,1708529413,3.8199117683019686e-05,2.1114860338731736e-05,0.0709084480184696,8,,
albert-base,28,18,83.06010928961749,84.4474761255116,1621169560,9.320607431941454e-06,0.0001754973964613,0.0174123885596146,5,,
albert-base,28,19,84.01639344262296,84.03819918144612,181097173,3.121724556523274e-05,1.0761433357930305e-05,0.0257727816819604,9,,
albert-base,28,20,78.96174863387978,80.49113233287858,1154337439,9.77371482741399e-05,0.0001433498284245,0.1359745417414502,2,,
albert-base,28,21,82.78688524590164,82.81036834924966,753026569,7.320999528412953e-06,0.0008772114914753,0.0814843851514808,5,,
albert-base,28,22,79.50819672131148,77.89904502046384,552085960,8.453743416412465e-06,0.0203394748772621,0.1275204648559363,2,,
albert-base,28,23,81.9672131147541,79.94542974079127,124711327,7.89932503572398e-06,0.0013476968202709,0.1293545317917626,5,,
albert-base,28,24,77.18579234972678,76.94406548431105,1602402490,7.3061053426676436e-06,0.0175974570047916,0.1160881381553411,2,,
albert-base,28,25,80.73770491803279,81.58253751705321,1283118990,1.0598661157383024e-05,0.0713458391738984,0.1700962556257509,8,,
albert-base,28,26,81.28415300546447,84.31105047748977,431449652,7.717358332319353e-05,5.354180977730232e-05,0.0628138148630182,7,,
albert-base,28,27,84.42622950819673,84.72032742155525,90360803,1.771562022124418e-05,2.2809192327503154e-05,0.0800884802854747,3,,
albert-base,28,28,81.55737704918033,82.40109140518418,1050972731,5.52198796464279e-06,0.0111860235372191,0.0733101844270042,8,,
albert-base,28,29,83.46994535519126,85.53888130968622,1622484379,3.0039468337894177e-05,0.0038024429779528,0.0227962513248637,9,,
albert-base,29,0,81.37384412153236,84.14795244385733,802246837,2.716664171761573e-05,0.0022519935300115,0.0495668707639255,10,,
albert-base,29,1,78.86393659180978,78.86393659180978,888568947,9.62065458367449e-06,2.5979704712126717e-05,0.062385705988475,4,,
albert-base,29,2,82.29854689564068,81.10964332892999,409834095,5.2034864139109787e-05,0.013309588116556,0.0049278038679608,9,,
albert-base,29,3,83.88375165125495,80.9775429326288,298771694,1.1744374093806435e-05,0.0014435278080366,0.0984217790399981,5,,
albert-base,29,4,68.82430647291942,69.88110964332893,739349382,6.488250351654585e-05,0.000793908037882,0.043912906057191,5,,
albert-base,29,5,83.61955085865257,82.29854689564068,573552863,4.944992582100777e-05,0.023184509657699,0.1162246334654285,5,,
albert-base,29,6,84.01585204755614,80.44914134742405,1612523566,1.1616295212665474e-05,0.0001939894085838,0.0209553455353603,7,,
albert-base,29,7,81.63804491413474,80.05284015852048,216522674,8.239881092174581e-06,0.0023219104409895,0.1738993280245958,4,,
albert-base,29,8,84.94055482166446,83.35535006605019,592173205,8.265922483599072e-06,0.0113499572948512,0.0861246835921279,9,,
albert-base,29,9,83.35535006605019,81.50594451783356,1455374352,5.232556112788324e-05,5.233132904450574e-05,0.072217428144918,2,,
albert-base,29,10,84.94055482166446,82.43064729194188,703880283,3.5771896677566914e-05,0.0677813639897571,0.1123595566003839,6,,
albert-base,29,11,83.09114927344783,82.95904887714663,983997286,3.386110230251296e-05,0.000254778685142,0.1810902997653832,5,,
albert-base,29,12,73.31571994715983,72.5231175693527,502624979,8.284442475971167e-06,0.0071961880840003,0.0798042421554965,8,,
albert-base,29,13,82.95904887714663,82.56274768824306,506388906,2.2780108950033164e-05,0.006001613847071,0.1349638921058674,6,,
albert-base,29,14,82.82694848084545,82.82694848084545,2103766661,1.2934752108775712e-05,0.0005765698078887,0.1966953531588988,4,,
albert-base,29,15,75.56142668428005,77.14663143989432,173621314,5.692062906866149e-06,0.0266233546720197,0.185205442487009,3,,
albert-base,29,16,75.42932628797887,76.61822985468956,1050457427,5.22373468494217e-06,0.0521433712445844,0.1808640684397281,3,,
albert-base,29,17,84.14795244385733,81.90224570673712,647054131,6.176916798463802e-05,0.0045288257425613,0.1455638117333357,5,,
albert-base,29,18,84.94055482166446,82.56274768824306,1485696148,4.7191571278081016e-05,0.0012790656598803,0.0619042425769183,7,,
albert-base,29,19,80.58124174372523,79.52443857331572,1621502852,7.610507705543531e-06,2.063885576865356e-05,0.1374124376524878,7,,
albert-base,29,20,82.56274768824306,81.90224570673712,433924695,7.212167812508351e-06,3.187274004083862e-05,0.1280216280330851,10,,
albert-base,29,21,66.05019815059445,67.10700132100396,1012752104,9.08615711272974e-05,0.0009337609770566,0.0187496153593348,7,,
albert-base,29,22,83.88375165125495,82.56274768824306,311199818,5.438883269343246e-05,0.0005512614045734,0.0445630070706394,2,,
albert-base,29,23,76.08982826948481,75.82562747688243,1863774701,5.641156439653095e-06,0.0037382794496575,0.0853883929190206,4,,
albert-base,29,24,80.58124174372523,80.71334214002643,2025358824,7.38536241058212e-06,0.0607063818395086,0.0957020700179735,5,,
albert-base,29,25,85.07265521796566,82.56274768824306,2034697625,2.11642510853306e-05,0.0001520051435162,0.1049422592180719,6,,
albert-base,29,26,82.95904887714663,80.84544253632761,1441892479,8.057857583372067e-06,0.003420035164316,0.079387501452062,9,,
albert-base,29,27,85.07265521796566,81.90224570673712,1455292428,2.167764026271584e-05,0.0005931472314289,0.0210500108659361,10,,
albert-base,29,28,85.20475561426684,83.35535006605019,917797950,2.4483146821412225e-05,0.0140531370482695,0.0564104008767744,7,,
albert-base,29,29,78.33553500660501,78.86393659180978,1657025088,5.4783366145124335e-06,0.0235700028054209,0.1439703865903859,4,,
electra-small,0,0,84.43271767810026,81.79419525065963,474407877,4.043924638098455e-05,0.0010759513707588,0.1030862588261242,3,False,False
electra-small,0,1,81.6622691292876,78.89182058047493,1564262011,7.570181688856302e-06,0.0001007715588278,0.157651939863584,6,False,False
electra-small,0,2,82.18997361477572,80.21108179419525,1206141200,2.81209827529339e-05,1.2159011673449725e-05,0.1078497170092672,2,False,False
electra-small,0,3,84.5646437994723,81.00263852242745,304396576,6.465766860644118e-05,0.0030675163768916,0.0584913874507607,9,True,False
electra-small,0,4,84.5646437994723,81.00263852242745,677806880,5.848855668555807e-05,0.0053344462215491,0.058631679217119,3,False,False
electra-small,0,5,82.98153034300792,81.79419525065963,1292490986,1.0707568821398494e-05,5.161078205131452e-05,0.1959285724942233,6,False,False
electra-small,0,6,81.79419525065963,79.94722955145119,1058173360,3.452498434779424e-05,0.0004021286903572,0.0823873845086391,10,False,False
electra-small,0,7,84.03693931398416,81.6622691292876,779074935,4.509674263609778e-05,0.0019816698577167,0.181643627537077,9,False,False
electra-small,0,8,82.98153034300792,80.87071240105541,1577053085,1.2321895771133956e-05,0.0039164758468229,0.004807675398499,10,False,False
electra-small,0,9,77.57255936675462,76.12137203166228,1856538881,7.330143047099762e-06,0.0017080757970194,0.0066760663549349,5,False,False
electra-small,0,10,83.24538258575198,81.2664907651715,1598084612,5.031119497331651e-05,0.0054496945293668,0.1833886774706035,10,False,False
electra-small,0,11,82.98153034300792,81.79419525065963,23611784,9.592338447799071e-05,0.0077671866820711,0.1322575133681029,5,False,False
electra-small,0,12,75.19788918205805,70.84432717678101,601396242,1.6720165739248903e-05,1.8479798263562945e-05,0.0616394381240126,2,False,False
electra-small,0,13,83.50923482849605,82.71767810026385,1774250621,1.3429912657950544e-05,2.082911268530996e-05,0.0761380381198419,9,False,True
electra-small,0,14,70.58047493403694,65.96306068601584,1046566726,6.373822906927723e-06,0.0060706618948515,0.0645389109955214,3,False,False
electra-small,0,15,83.24538258575198,81.6622691292876,29342345,7.638071338841713e-05,5.317663062020297e-05,0.0009734634350168,5,False,False
electra-small,0,16,84.30079155672823,80.60686015831135,1939457862,2.8611665701193945e-05,0.0006766482978661,0.0674182121076662,7,False,False
electra-small,0,17,82.98153034300792,81.6622691292876,157879465,5.639193810547896e-05,0.0001248929589537,0.0897800910514335,3,False,False
electra-small,0,18,82.71767810026385,79.81530343007915,1759141918,2.4664037276628337e-05,0.0001087068053114,0.0030830683685882,7,False,False
electra-small,0,19,81.79419525065963,80.73878627968338,2101357358,3.161974522843881e-05,8.670423044920543e-05,0.0638221628309828,6,False,False
electra-small,0,20,82.71767810026385,79.94722955145119,900095753,2.6107837424635647e-05,1.6678533203726453e-05,0.0380708992500785,3,False,False
electra-small,0,21,81.92612137203166,82.58575197889182,342908512,1.157188704696496e-05,6.305803151979284e-05,0.1576782542007041,10,False,False
electra-small,0,22,83.37730870712402,82.58575197889182,722475266,1.643235210107243e-05,0.0004252960953147,0.1798903719187908,7,False,False
electra-small,0,23,79.94722955145119,77.57255936675462,1694131966,5.150851761941261e-06,0.0002421000429215,0.1798623640958216,7,False,False
electra-small,0,24,73.48284960422164,68.86543535620052,801274442,5.713482639136287e-06,0.0001696901434936,0.1562820988418234,5,False,False
electra-small,0,25,81.53034300791556,78.36411609498681,1722301576,6.464045722482439e-06,1.6917997829388216e-05,0.1107437736135869,10,False,False
electra-small,0,26,81.53034300791556,80.73878627968338,1155355475,1.43925486260704e-05,1.4845098350234718e-05,0.0280222531987252,6,False,False
electra-small,0,27,83.11345646437995,81.39841688654353,1940891229,1.0167805323016263e-05,0.0019810028554391,0.1229025214517071,9,False,False
electra-small,0,28,71.76781002638522,66.75461741424802,2094838574,6.7527421722984095e-06,0.0002601314590787,0.0984159019692213,3,False,False
electra-small,0,29,69.65699208443272,65.30343007915567,422973699,8.372868886888161e-06,0.0044656866822853,0.0644162428693077,2,False,False
electra-small,1,0,79.6271637816245,82.02396804260985,312481922,5.554006908419024e-06,2.218638564854968e-05,0.1397683586327232,10,False,False
electra-small,1,1,82.9560585885486,81.35818908122504,1586254762,7.57312205705096e-05,0.0444576707944539,0.0725829407717252,10,False,False
electra-small,1,2,80.82556591211717,82.9560585885486,1142837364,5.870529925250326e-05,0.0393301030233657,0.0392142299346272,6,False,False
electra-small,1,3,81.89081225033289,79.36085219707057,100108391,9.306324204432488e-06,3.74724438618179e-05,0.1104238728946131,6,False,False
electra-small,1,4,82.9560585885486,82.02396804260985,1305473931,7.845803569324607e-05,6.953722085854357e-05,0.1399464413126464,6,False,False
electra-small,1,5,73.76830892143808,72.56990679094541,1848232638,1.3892296300017694e-05,0.0143747178436478,0.040820114691479,2,False,False
electra-small,1,6,84.4207723035952,81.22503328894807,681878104,2.9487103487642115e-05,0.0030289514441949,0.1833583654778868,6,True,False
electra-small,1,7,82.55659121171772,79.76031957390147,374115035,1.869403477088331e-05,3.0129662742531e-05,0.002499836909511,4,False,False
electra-small,1,8,81.35818908122504,82.82290279627163,525964100,2.3538441257401305e-05,0.0370274181360208,0.1253582961491329,7,False,False
electra-small,1,9,82.82290279627163,82.55659121171772,795709333,2.7220226734497348e-05,2.50730885947302e-05,0.1816587177380661,10,False,False
electra-small,1,10,77.23035952063915,76.43142476697736,1649098637,7.4209223344944575e-06,0.0028747181943137,0.0103089976097236,5,False,False
electra-small,1,11,82.68974700399467,82.02396804260985,2043507357,2.037102465792909e-05,5.83060374300327e-05,0.1017226003128003,9,False,False
electra-small,1,12,81.62450066577897,81.75765645805592,551985419,1.6246624703387276e-05,0.0351674828255627,0.16231309560717,5,False,False
electra-small,1,13,81.35818908122504,82.15712383488682,415211024,1.4944039064146326e-05,0.0010281934820875,0.1871882889694095,7,False,False
electra-small,1,14,82.68974700399467,79.76031957390147,1024568617,1.3985531300866975e-05,0.0019780841912873,0.0522212825639126,10,False,False
electra-small,1,15,82.29027962716378,82.29027962716378,886844751,1.8004833636836508e-05,0.0022644844174447,0.129993275326253,8,False,False
electra-small,1,16,68.30892143808255,66.71105193075898,1494215534,6.018555735731062e-06,0.0102946847125618,0.0492792709809956,2,False,False
electra-small,1,17,82.42343541944075,81.22503328894807,621448830,7.754113168162945e-06,0.0310318939206245,0.0956234435033274,9,False,False
electra-small,1,18,70.43941411451398,69.90679094540613,934118005,6.198808377599209e-06,0.0531275837353187,0.1825336583074033,3,False,False
electra-small,1,19,82.02396804260985,80.42609853528629,1285034528,1.1556919785312016e-05,1.5611301782186575e-05,0.0152599947449711,6,False,False
electra-small,1,20,83.22237017310253,82.02396804260985,2031225365,2.4177106822351155e-05,0.0002378559939094,0.078803609421498,4,False,False
electra-small,1,21,82.29027962716378,82.15712383488682,848293717,1.1957830781197308e-05,0.0009375037300219,0.1588197316227879,8,False,False
electra-small,1,22,77.09720372836219,75.76564580559254,1141980685,2.134168621897756e-05,0.0032440344644792,0.0335695737082567,2,False,False
electra-small,1,23,81.491344873502,83.22237017310253,1827459026,3.72805827539916e-05,1.5165254905413015e-05,0.0288011242926881,10,False,True
electra-small,1,24,81.0918774966711,81.75765645805592,2094215124,1.5252487765088594e-05,0.0370238249334081,0.0206644918581953,5,False,False
electra-small,1,25,83.3555259653795,81.62450066577897,377098529,2.2684758481867467e-05,0.0024165411034818,0.1350410266646723,9,False,False
electra-small,1,26,81.62450066577897,81.35818908122504,400679838,6.58380342915113e-06,0.057286273506652,0.0227791000605045,10,False,False
electra-small,1,27,81.35818908122504,81.35818908122504,1141417596,7.768729121685307e-05,0.0003421181964562,0.0567974298284011,2,False,False
electra-small,1,28,81.62450066577897,80.55925432756325,1730549029,1.6635410425341346e-05,0.0060863166205967,0.046932716892487,5,False,False
electra-small,1,29,80.82556591211717,80.95872170439414,910360990,1.9959773227379924e-05,2.4889918930234262e-05,0.03265450570712,4,False,False
electra-small,2,0,81.6711590296496,82.50336473755047,2114970664,1.707853653584458e-05,0.0012129521838982,0.1934390993568563,7,False,False
electra-small,2,1,84.09703504043127,81.69582772543741,1998453416,7.370870746404016e-06,7.388837159197946e-05,0.1046671107931924,10,False,False
electra-small,2,2,80.18867924528301,82.09959623149395,528446539,9.273035051468614e-05,0.0010697621211221,0.0224377626159183,7,False,False
electra-small,2,3,84.63611859838275,83.58008075370121,2004246280,6.46602609836702e-05,5.794410734990053e-05,0.1012405797901161,6,False,False
electra-small,2,4,83.01886792452831,80.75370121130551,108968041,5.1699260520481294e-05,0.0027416824452038,0.0799462067857814,7,False,False
electra-small,2,5,72.50673854447439,72.1399730820996,503487589,5.949359205939179e-06,0.0002045072457974,0.1556897202004669,4,False,False
electra-small,2,6,83.01886792452831,80.48452220726783,730674123,1.43407175983156e-05,0.0007149580586208,0.0412976235551821,10,False,False
electra-small,2,7,84.77088948787062,82.63795423956931,1095504172,7.101434497760664e-05,0.0303985943930867,0.142049512448306,7,False,False
electra-small,2,8,84.23180592991913,83.17631224764469,959829337,1.7456266757246457e-05,0.0490943205687813,0.1510431524584872,5,False,False
electra-small,2,9,82.47978436657682,81.0228802153432,1776912351,8.07194990133062e-06,1.077906449748902e-05,0.1604748713029986,6,False,False
electra-small,2,10,85.57951482479784,81.15746971736205,36450478,8.436255704774298e-05,0.0007540909788133,0.0588672880170727,8,False,False
electra-small,2,11,82.61455525606469,83.31090174966353,1472547538,7.45769505457548e-05,0.0194815756046011,0.0335544255235322,2,False,False
electra-small,2,12,84.09703504043127,82.50336473755047,1996248360,5.508076400322242e-05,3.4976621389378224e-05,0.0697117911741722,7,False,False
electra-small,2,13,83.82749326145553,81.9650067294751,495916767,4.6352929068871335e-05,0.0007688719481314,0.1969933872009539,7,False,False
electra-small,2,14,83.15363881401618,81.56123822341857,72337373,1.8778685562101166e-05,0.0131420582115359,0.0614339048210325,10,False,False
electra-small,2,15,83.01886792452831,82.50336473755047,182249507,9.655334360048702e-05,1.417205470951011e-05,0.0870969474005207,10,False,False
electra-small,2,16,77.76280323450135,80.08075370121131,1021360262,6.82168467477337e-06,3.3212912939429844e-05,0.1564641729821629,5,False,False
electra-small,2,17,82.61455525606469,83.04172274562585,2022464752,2.23487133818338e-05,0.0115261839679965,0.1439455328842571,8,False,False
electra-small,2,18,81.53638814016172,82.36877523553163,1536604438,3.1633095717620096e-05,0.0017247414276965,0.1843910549939058,2,False,False
electra-small,2,19,86.11859838274933,81.15746971736205,1806274385,9.124512457392625e-05,0.0042236344322598,0.1287091785608177,5,True,False
electra-small,2,20,81.40161725067385,82.63795423956931,397721962,1.333103026604661e-05,0.0379275213493713,0.042376958080701,4,False,False
electra-small,2,21,82.47978436657682,84.11843876177659,220100872,3.7309763913171806e-05,0.0016745981765699,0.1346297493872757,6,False,True
electra-small,2,22,84.50134770889488,81.56123822341857,292095391,3.2408760321502296e-05,0.0047910388460208,0.0998500575209935,10,False,False
electra-small,2,23,80.3234501347709,81.15746971736205,2104499450,8.752984701874482e-06,0.0490379333447865,0.1630203851357771,5,False,False
electra-small,2,24,82.88409703504043,83.71467025572005,1036978954,3.6696577514727225e-05,7.232737391454398e-05,0.1013082163928713,6,False,False
electra-small,2,25,82.74932614555256,82.63795423956931,1324135033,3.1988239873025095e-05,1.0970513141200904e-05,0.087345977974175,9,False,False
electra-small,2,26,83.55795148247978,83.44549125168237,80336971,1.754959778873686e-05,1.90222592144785e-05,0.0216349565462167,7,False,False
electra-small,2,27,84.77088948787062,83.58008075370121,328460172,9.502424437523666e-05,0.0502269735274066,0.1303145233563139,10,False,False
electra-small,2,28,83.9622641509434,81.0228802153432,724319076,3.446083237750468e-05,0.0220365823628698,0.1648875754292785,9,False,False
electra-small,2,29,78.4366576819407,79.67698519515478,1939483137,7.810067861267529e-06,0.0117142190829984,0.0644866900462507,7,False,False
electra-small,3,0,83.44640434192674,80.46132971506105,442284078,2.8926527367128507e-05,5.435712069286456e-05,0.0015804159991761,3,False,False
electra-small,3,1,77.74762550881954,78.01899592944369,1718738407,6.215833915466349e-06,3.416081230418915e-05,0.1292938144787112,7,False,False
electra-small,3,2,83.44640434192674,83.0393487109905,352675175,3.4236599172125864e-05,2.528921308939569e-05,0.0860953792578129,5,False,False
electra-small,3,3,83.0393487109905,83.31071913161465,1870376055,8.04153585680903e-05,0.0305337612708459,0.1093508827433654,5,False,False
electra-small,3,4,82.08955223880596,82.22523744911804,518473012,1.3291738775972178e-05,2.3993387610618e-05,0.0940469121280891,5,False,False
electra-small,3,5,84.26051560379919,83.17503392130257,462290512,8.411871272098023e-05,0.0009833788857246,0.1641546603824375,5,False,False
electra-small,3,6,83.17503392130257,83.98914518317504,1161722552,5.3964902491362045e-05,0.0003671132471794,0.0765198921269963,4,False,True
electra-small,3,7,83.44640434192674,82.22523744911804,1842538284,1.0869102166944594e-05,0.0007736077969697,0.0006859762716362,8,False,False
electra-small,3,8,84.39620081411127,83.58208955223881,1778862816,5.648997590576985e-05,1.8278643966462725e-05,0.0705292993436729,7,False,False
electra-small,3,9,83.17503392130257,81.27544097693351,2124789123,5.1153360026003086e-05,1.769622401571308e-05,0.0637713479176506,3,False,False
electra-small,3,10,83.58208955223881,82.63229308005427,915766241,1.4547484108799148e-05,0.033113399982648,0.191035507735013,9,False,False
electra-small,3,11,83.17503392130257,83.17503392130257,591216599,9.303380432553948e-05,0.0168420619253523,0.1108027766158962,7,False,False
electra-small,3,12,70.82767978290366,71.77747625508819,1240343968,1.7906315112430782e-05,0.0814051479665532,0.0713106654232771,2,False,False
electra-small,3,13,74.35549525101764,73.94843962008142,1910470341,1.4958552981549252e-05,2.131294295402962e-05,0.1293253510242048,2,False,False
electra-small,3,14,77.88331071913161,78.83310719131615,1689986930,5.90979653844782e-06,0.0005019807114126,0.1660186601536199,5,False,False
electra-small,3,15,83.98914518317504,81.95386702849389,526421730,5.8451976688749984e-05,0.0118612463566877,0.1210798673782202,9,False,False
electra-small,3,16,83.85345997286296,81.13975576662143,279598560,7.94902001218176e-05,0.0652715584119941,0.1431703388663529,2,False,False
electra-small,3,17,83.17503392130257,83.71777476255089,754658908,5.082762673149956e-05,0.0037626549222856,0.1599801729686203,6,False,False
electra-small,3,18,82.22523744911804,81.41112618724559,934095316,3.381320745350087e-05,0.0157074729856304,0.0596824438887789,4,False,False
electra-small,3,19,83.17503392130257,81.13975576662143,379497018,6.670930908764373e-05,0.000488830740595,0.1733429771404306,10,False,False
electra-small,3,20,81.95386702849389,81.13975576662143,2123411935,5.606537694450108e-05,5.815604706583959e-05,0.199511715334496,2,False,False
electra-small,3,21,83.71777476255089,83.17503392130257,366201699,9.629405040838394e-05,0.0001533943164117,0.1392935998950217,8,False,False
electra-small,3,22,83.98914518317504,82.49660786974219,508301962,5.020780892285428e-05,0.0061670154903787,0.095053334844805,4,False,False
electra-small,3,23,84.53188602442334,82.90366350067842,1139558848,6.590913771710575e-05,0.0023368206064494,0.1016351611768849,6,True,False
electra-small,3,24,81.54681139755766,81.27544097693351,734071835,7.834849674250475e-06,1.2966622712910858e-05,0.1915003262199919,8,False,False
electra-small,3,25,81.54681139755766,80.1899592944369,733214870,1.0006794294823152e-05,5.276915011212457e-05,0.0903624554963036,5,False,False
electra-small,3,26,83.98914518317504,82.63229308005427,1339625679,9.703391539368944e-05,4.118718676747206e-05,0.0005473633232158,8,False,False
electra-small,3,27,83.71777476255089,81.81818181818181,1678334520,9.409886173510346e-05,0.0003691458445148,0.1138002429791016,5,False,False
electra-small,3,28,83.17503392130257,83.58208955223881,1093573339,7.933293366085004e-05,0.0005562688055506,0.1977699448363434,8,False,False
electra-small,3,29,67.43554952510176,68.11397557666214,952610127,5.520644662174619e-06,1.2426064728327354e-05,0.0399255058671834,2,False,False
electra-small,4,0,78.38926174496645,81.47651006711409,2057941875,5.7480915980772e-06,0.0001397048871588,0.1707055954185324,8,False,False
electra-small,4,1,80.53691275167785,81.0738255033557,2114613413,2.574365017677488e-05,0.0024972495783169,0.1431473467308108,4,False,False
electra-small,4,2,80.80536912751678,82.01342281879195,1242492517,4.4911567442458606e-05,0.052731473840132,0.0120176239376928,3,False,False
electra-small,4,3,82.41610738255034,82.95302013422818,1663955415,6.926785904065493e-05,0.0008778491156555,0.0902081530249825,8,False,False
electra-small,4,4,80.53691275167785,82.95302013422818,949825579,7.375292088545949e-05,0.0030673824531946,0.1585496006412924,8,False,False
electra-small,4,5,83.48993288590604,82.81879194630872,91421913,2.745637386613013e-05,0.0002204103803192,0.1911233119017297,9,True,False
electra-small,4,6,72.3489932885906,72.88590604026845,1178994500,6.132879710685021e-06,0.0003565370429181,0.177005763554635,4,False,False
electra-small,4,7,81.20805369127517,84.56375838926175,284703098,4.041861722386623e-05,0.0004352187117112,0.1134414544629161,7,False,True
electra-small,4,8,82.01342281879195,83.22147651006712,940235433,7.291208690216368e-05,0.000744576333762,0.0841412119605901,10,False,False
electra-small,4,9,81.61073825503355,83.75838926174497,1280819206,7.841091964117592e-05,1.7019270675330407e-05,0.1475139294126195,2,False,False
electra-small,4,10,80.80536912751678,81.34228187919463,1692108392,7.828872765463025e-06,0.0133457077075977,0.0933899052286792,10,False,False
electra-small,4,11,83.08724832214764,83.22147651006712,1315725317,4.1450268853690366e-05,0.0212176725858809,0.064916937526547,6,False,False
electra-small,4,12,78.9261744966443,80.80536912751678,1100487186,5.549478413287561e-06,0.0396361940847353,0.0291005657584478,8,False,False
electra-small,4,13,79.73154362416108,80.13422818791946,971061443,5.90923410756711e-06,7.1056947625322e-05,0.1577705919508736,8,False,False
electra-small,4,14,80.93959731543625,84.29530201342281,1403591420,3.062112277915612e-05,0.0008459615412156,0.1014712906376447,5,False,False
electra-small,4,15,77.31543624161074,78.52348993288591,1502612530,6.3056495030941874e-06,0.0002464558593247,0.0822524903489715,6,False,False
electra-small,4,16,81.61073825503355,82.01342281879195,1275800491,2.5824403926646368e-05,2.3061548109947927e-05,0.1635726865183871,4,False,False
electra-small,4,17,71.00671140939598,69.79865771812081,127659548,1.0718669930280148e-05,0.0133832455817876,0.1614519889119249,2,False,False
electra-small,4,18,78.12080536912751,78.12080536912751,945327950,7.280049073314059e-06,0.000105728220138,0.0583613993977601,6,False,False
electra-small,4,19,82.41610738255034,84.16107382550335,1019843226,4.742232857682761e-05,0.0002223540809009,0.0949164205336557,6,False,False
electra-small,4,20,78.25503355704699,81.61073825503355,1991203491,1.1473604754491573e-05,0.0400712508497912,0.1653890389987079,5,False,False
electra-small,4,21,81.0738255033557,82.81879194630872,1531566018,4.7543033468096406e-05,2.223903986026491e-05,0.0018558209578904,9,False,False
electra-small,4,22,81.0738255033557,83.35570469798658,752938698,5.528519040034004e-05,0.0002669819666389,0.1133919364989123,10,False,False
electra-small,4,23,80.67114093959732,82.41610738255034,991707090,2.4373243053016663e-05,1.3943449835405404e-05,0.165419821871725,6,False,False
electra-small,4,24,79.32885906040268,80.80536912751678,1725580249,1.4781144391085722e-05,0.0117623439792632,0.1206197269733259,8,False,False
electra-small,4,25,81.47651006711409,83.08724832214764,1944012806,2.254549198458725e-05,6.826582296007121e-05,0.0809239633185346,8,False,False
electra-small,4,26,82.41610738255034,84.56375838926175,1877555876,5.366393872505099e-05,0.001217724908569,0.1257345663943612,3,False,False
electra-small,4,27,81.74496644295301,83.48993288590604,1905856904,3.521278880971072e-05,0.0010423764876994,0.136477456453757,6,False,False
electra-small,4,28,79.86577181208054,83.22147651006712,32564650,7.520108681214204e-06,0.0029773901041873,0.0938344038545559,9,False,False
electra-small,4,29,71.00671140939598,69.53020134228188,1233913346,5.679325262738169e-06,1.0009173384524098e-05,0.0443272701807719,3,False,False
electra-small,5,0,79.86842105263158,81.84210526315789,1468991196,8.345969777675792e-06,0.0085224346538131,0.1179299467119409,8,False,False
electra-small,5,1,81.3157894736842,81.71052631578948,1552138146,8.898224064903823e-06,3.8910034858935297e-05,0.0497011985872208,7,False,False
electra-small,5,2,77.10526315789474,77.23684210526316,880386688,5.585796656379709e-06,1.8738846637126297e-05,0.1905505089787501,6,False,False
electra-small,5,3,83.15789473684211,81.57894736842105,1831400611,4.939757032452599e-05,0.0003866157846532,0.0998170718731179,3,True,False
electra-small,5,4,82.10526315789474,82.5,1506387260,4.016917925166573e-05,0.0058975392852629,0.0256652292053404,7,False,False
electra-small,5,5,81.57894736842105,81.84210526315789,877339506,4.617624329752364e-05,0.0972563959145247,0.0224487425671841,7,False,False
electra-small,5,6,81.44736842105263,82.76315789473684,92089913,6.6500432867959e-05,8.359905877234571e-05,0.176222786892499,7,False,False
electra-small,5,7,80.26315789473684,81.44736842105263,1479273777,2.0657527136461698e-05,4.618512429907816e-05,0.1459775463389278,6,False,False
electra-small,5,8,79.73684210526316,79.07894736842105,515044568,9.210311768159534e-06,0.0302805598569165,0.1337456928850844,5,False,False
electra-small,5,9,81.84210526315789,82.5,1360074248,6.618862759258291e-05,1.1269209746791184e-05,0.1396965290365573,10,False,False
electra-small,5,10,66.71052631578948,70.52631578947368,507067000,5.403338907978837e-06,4.606765449433741e-05,0.0257089799363531,2,False,False
electra-small,5,11,81.1842105263158,80.78947368421052,2104506603,3.532275285156229e-05,0.0801999630901055,0.0790892669982095,6,False,False
electra-small,5,12,80.92105263157895,84.21052631578948,2145644073,2.350361850406619e-05,0.0721157045934044,0.186653094696256,10,False,False
electra-small,5,13,81.44736842105263,83.02631578947368,1681533885,8.642005868328775e-05,0.0830586659172057,0.0329617240839471,7,False,False
electra-small,5,14,80.78947368421052,82.36842105263158,23429491,1.5786071842624617e-05,0.003279675878781,0.1699824804702445,6,False,False
electra-small,5,15,82.23684210526316,81.97368421052632,1681066279,9.006357480303238e-05,0.0002290801831729,0.017726920547533,10,False,False
electra-small,5,16,80.92105263157895,83.02631578947368,195681097,3.2321020947555706e-05,0.0090653536998932,0.0563620900935389,7,False,False
electra-small,5,17,80.52631578947368,81.57894736842105,1564892860,9.091989237276778e-05,9.528887974967904e-05,0.0172539482483305,7,False,False
electra-small,5,18,80.39473684210526,82.63157894736842,1606243812,1.7176978809358536e-05,0.0001571610827715,0.1401842666573898,10,False,False
electra-small,5,19,79.60526315789474,81.1842105263158,1534071486,1.1377627696239442e-05,2.4235965020130657e-05,0.0660071462566142,5,False,False
electra-small,5,20,81.44736842105263,83.55263157894737,1057552473,5.650641904346731e-05,0.0178205517420421,0.0806797529174735,6,False,False
electra-small,5,21,77.23684210526316,78.6842105263158,1642788803,9.67608171579548e-06,0.0251629663278016,0.1030483356108434,4,False,False
electra-small,5,22,76.57894736842105,79.21052631578948,531423197,2.2752034022979192e-05,0.0056198929839768,0.1953583604803669,2,False,False
electra-small,5,23,81.05263157894737,81.57894736842105,233693871,3.771981381690746e-05,1.0038839159861278e-05,0.1123112078099211,2,False,False
electra-small,5,24,81.57894736842105,81.97368421052632,18855225,1.939405030676504e-05,0.0217352109304638,0.0317421063601244,8,False,False
electra-small,5,25,80.13157894736842,83.94736842105263,588405256,2.731163061203141e-05,1.303277901863316e-05,0.069346697901935,8,False,False
electra-small,5,26,79.47368421052632,81.3157894736842,1815230005,2.358858502779692e-05,6.745976830514973e-05,0.0887842850363003,9,False,False
electra-small,5,27,80.52631578947368,81.1842105263158,825139947,2.384587132731477e-05,0.0054271393712933,0.0767501099636408,8,False,False
electra-small,5,28,82.5,84.60526315789474,1329884007,7.705529502115166e-05,1.7321526118665038e-05,0.0622862614144924,4,False,True
electra-small,5,29,73.28947368421052,74.86842105263158,1036457402,7.502950543875103e-06,0.0194552730435771,0.0784218187657972,3,False,False
electra-small,6,0,81.2987012987013,81.06355382619974,1990266898,2.6954708330984355e-05,0.0243191909568288,0.1031209074985165,4,False,False
electra-small,6,1,78.44155844155844,77.30220492866407,1785419391,9.302092603581106e-06,0.0610458208123902,0.0819582647310346,3,False,False
electra-small,6,2,82.46753246753246,81.97146562905317,882499802,3.249154528137519e-05,0.0905804035544739,0.0952365410160663,7,False,False
electra-small,6,3,81.68831168831169,83.13878080415046,1106896223,2.3083713622171463e-05,0.01467014551266,0.1644355479114239,10,False,False
electra-small,6,4,80.3896103896104,81.32295719844358,1963989686,4.017529209955851e-05,0.0013423916245098,0.0682896066443933,9,False,False
electra-small,6,5,66.62337662337663,67.05577172503243,1533972035,5.864659459413849e-06,0.0185637341608854,0.1043479778127716,2,False,False
electra-small,6,6,82.98701298701299,84.30609597924773,1010394167,4.031265242918148e-05,6.150982855429311e-05,0.0806804923883826,8,False,True
electra-small,6,7,80.9090909090909,80.67444876783398,904826310,1.7949915302491413e-05,0.0071000606123976,0.0756735890993309,10,False,False
electra-small,6,8,80.64935064935065,80.28534370946822,1604754048,1.873262670960831e-05,0.0058264494477218,0.1415050384936552,8,False,False
electra-small,6,9,81.68831168831169,84.17639429312581,1169106406,3.407487744408088e-05,0.0374226614609246,0.0499424363540894,9,False,False
electra-small,6,10,66.62337662337663,67.05577172503243,1729127290,5.015118503259399e-06,4.341659400308157e-05,0.0012916785450533,2,False,False
electra-small,6,11,81.68831168831169,82.1011673151751,1091933218,5.571690582212256e-05,0.0033461844618686,0.0442605171805505,5,False,False
electra-small,6,12,66.62337662337663,67.05577172503243,1738603867,5.485433527864534e-06,0.0111936597461765,0.1103583360307787,2,False,False
electra-small,6,13,80.51948051948052,82.61997405966278,1501961236,9.557937031639376e-06,0.0126814907872347,0.1049334225816727,7,False,False
electra-small,6,14,83.63636363636364,83.78728923476005,217048531,5.690366482314768e-05,0.0005151124409446,0.0163586345263692,5,False,False
electra-small,6,15,81.2987012987013,80.93385214007782,983383766,6.396425900793763e-06,3.103638732778608e-05,0.0148330510914775,6,False,False
electra-small,6,16,83.76623376623377,81.97146562905317,938625788,3.2661420697860986e-05,0.0026469221481648,0.0056400910315168,8,True,False
electra-small,6,17,80.64935064935065,82.1011673151751,1228554697,2.552248020156783e-05,2.487638750142433e-05,0.0619422871832543,8,False,False
electra-small,6,18,78.7012987012987,79.37743190661479,1422497550,5.153867936805544e-06,0.0014195542843295,0.0696666746131131,8,False,False
electra-small,6,19,83.11688311688312,81.32295719844358,1021404233,6.604033400647432e-05,0.0328406256816957,0.0761601074662233,9,False,False
electra-small,6,20,81.94805194805195,82.49027237354086,650128602,9.276729466496254e-05,0.0001471101442231,0.0969920248953017,9,False,False
electra-small,6,21,81.68831168831169,82.23086900129702,607581786,5.309921157284906e-05,0.006248606715754,0.1492120969981465,2,False,False
electra-small,6,22,81.68831168831169,82.49027237354086,1130605081,1.943116477402801e-05,0.056678578770289,0.0682249224356122,4,False,False
electra-small,6,23,68.44155844155844,69.00129701686122,833449261,8.505054856617186e-06,6.234838241818416e-05,0.1544347354246679,2,False,False
electra-small,6,24,81.81818181818181,83.52788586251621,366878649,8.765592403794122e-05,0.0014627611383487,0.1010963547396773,5,False,False
electra-small,6,25,81.68831168831169,82.49027237354086,660632919,2.335779689444135e-05,0.000739020308734,0.0197795678869349,5,False,False
electra-small,6,26,82.20779220779221,83.13878080415046,1637470404,1.105726991350986e-05,1.339477059936515e-05,0.1699526849899838,9,False,False
electra-small,6,27,81.55844155844156,82.1011673151751,1531758422,1.6605523488633383e-05,0.0010453440155002,0.0451470925825503,6,False,False
electra-small,6,28,70.25974025974025,70.03891050583658,85466369,1.1191946354986812e-05,1.936669930252388e-05,0.1591054554095592,2,False,False
electra-small,6,29,80.77922077922078,82.49027237354086,1808742624,6.7727724270787866e-06,0.0507015875938482,0.1493830459353619,10,False,False
electra-small,7,0,82.82694848084545,83.22324966974901,1014683896,4.021019329527171e-05,0.0021061207941447,0.1215372408786703,6,False,False
electra-small,7,1,80.18494055482167,81.37384412153236,2119553612,1.247693583016091e-05,0.0071959612817739,0.1022026804052211,4,False,False
electra-small,7,2,74.76882430647292,73.8441215323646,463904259,7.62155877590023e-06,0.0003350688394351,0.135423588355172,4,False,False
electra-small,7,3,67.89960369881109,67.89960369881109,1951234184,5.960398159369052e-06,0.0032777111161302,0.1817408782636724,3,False,False
electra-small,7,4,70.01321003963012,70.14531043593131,906002319,6.480390709314222e-06,0.0054161192107344,0.1690185900731766,4,False,False
electra-small,7,5,82.56274768824306,82.95904887714663,942717260,1.8922802368164487e-05,0.0002643456444205,0.1831938789234706,8,False,False
electra-small,7,6,82.56274768824306,82.95904887714663,1502731514,7.146899336768864e-05,0.0061185920071857,0.1237418753146424,6,False,False
electra-small,7,7,82.69484808454425,84.14795244385733,1745290768,8.389772292163819e-05,0.0006057605802332,0.191348085547353,6,False,False
electra-small,7,8,82.56274768824306,81.50594451783356,1263420512,1.0403226775678168e-05,0.0002030896857918,0.0061340273953653,8,False,False
electra-small,7,9,82.0343461030383,83.88375165125495,455868071,5.860475842812801e-05,0.0006013979730621,0.0632889497288815,8,False,False
electra-small,7,10,81.37384412153236,83.22324966974901,154633909,4.827322977141736e-05,0.0230164316293376,0.1769093537312517,10,False,False
electra-small,7,11,81.24174372523117,83.61955085865257,853686662,2.5749734817896845e-05,0.0056174618576544,0.0336348828589342,5,False,False
electra-small,7,12,81.63804491413474,83.22324966974901,435701926,4.531401276019346e-05,2.446786042206352e-05,0.1009068229236984,4,False,False
electra-small,7,13,81.37384412153236,82.82694848084545,1248240439,5.296966625073573e-05,0.0002400777137812,0.0770262120704166,6,False,False
electra-small,7,14,82.43064729194188,83.09114927344783,1140194897,6.302182851442343e-05,6.255865430938173e-05,0.0518280043357641,8,False,False
electra-small,7,15,81.37384412153236,82.1664464993395,2133738354,7.50923118120813e-05,0.0161904922550872,0.0246046400116881,6,False,False
electra-small,7,16,80.18494055482167,80.84544253632761,1509967031,1.1210414812029372e-05,0.0002472971232582,0.1688984927938898,6,False,False
electra-small,7,17,77.4108322324967,79.12813738441216,1394268061,1.0380616502763123e-05,1.1542096622358276e-05,0.1744329730279053,4,False,False
electra-small,7,18,81.90224570673712,83.88375165125495,2059213505,3.24614907011193e-05,0.0004411957229099,0.1949834448340882,9,False,False
electra-small,7,19,80.84544253632761,83.35535006605019,912221738,3.651514467114585e-05,0.0384722898562286,0.1316231060487158,4,False,False
electra-small,7,20,80.31704095112285,82.82694848084545,1199672750,3.1305508812875194e-05,0.0814243091588212,0.1542961480220421,9,False,False
electra-small,7,21,67.23910171730515,67.23910171730515,1882766605,8.895488078947137e-06,0.0231197727858704,0.1126778588604629,2,False,False
electra-small,7,22,82.29854689564068,83.09114927344783,1186306627,3.32199086158135e-05,8.43783470295301e-05,0.1177911849289365,9,False,False
electra-small,7,23,82.69484808454425,82.43064729194188,1720391525,5.753314283127469e-05,0.0003725063552878,0.1264638857888912,9,False,False
electra-small,7,24,83.09114927344783,82.0343461030383,592458650,3.594890289900623e-05,0.0040269511234711,0.0351355609782022,8,True,False
electra-small,7,25,78.86393659180978,81.63804491413474,109133868,2.846060685285584e-05,0.0062837397521084,0.1920093282507012,2,False,False
electra-small,7,26,80.9775429326288,83.75165125495377,1931138100,5.665043844688201e-05,3.365110882042951e-05,0.0202057700510119,6,False,False
electra-small,7,27,80.9775429326288,83.22324966974901,1206306175,1.4757161061541577e-05,5.420522146800203e-05,0.0065997376047082,8,False,False
electra-small,7,28,78.86393659180978,80.58124174372523,1227374053,3.1091456444441025e-05,0.000862207921948,0.114579934145176,4,False,False
electra-small,7,29,82.82694848084545,84.5442536327609,136679193,2.707989942497209e-05,0.0050939425208918,0.16988974734402,7,False,True
electra-small,8,0,79.73333333333333,77.89613848202397,2067023015,6.206647564268869e-06,0.0003406350519286,0.1428606464796633,6,False,False
electra-small,8,1,83.73333333333333,80.69241011984022,1857294145,1.0579564587676217e-05,7.530692829105047e-05,0.0489985173628328,9,False,False
electra-small,8,2,84.93333333333334,83.3555259653795,1858944346,9.134823333367007e-05,0.0309431729454079,0.0897275368188427,5,False,False
electra-small,8,3,82.4,81.89081225033289,2117938607,1.930935627422073e-05,6.235234207563263e-05,0.0977348041709321,6,False,False
electra-small,8,4,83.2,83.22237017310253,750998737,2.436047042168873e-05,0.0463392520862037,0.0211810585977011,8,False,False
electra-small,8,5,85.46666666666667,83.62183754993342,1053499166,2.85497574048266e-05,0.0332928751610596,0.0760459048640938,7,True,False
electra-small,8,6,84.66666666666667,82.29027962716378,2146583505,2.042664935848249e-05,7.837125474180012e-05,0.0530158809109896,6,False,False
electra-small,8,7,80.0,77.89613848202397,1921409571,7.003192012116411e-06,0.0322309537915886,0.0890134543811109,5,False,False
electra-small,8,8,82.8,78.82822902796272,1541390029,8.395470314276243e-05,0.0003987771711766,0.1221749578461195,8,False,False
electra-small,8,9,84.13333333333334,81.89081225033289,1834561612,1.10804230101212e-05,5.449111443018606e-05,0.1767197733655822,10,False,False
electra-small,8,10,83.06666666666666,83.08921438082557,1482553016,3.247913794113006e-05,0.0007570452796934,0.0627165595620896,5,False,False
electra-small,8,11,84.26666666666667,83.3555259653795,1872078761,3.913476728872133e-05,0.0097618786425237,0.186721413416091,8,False,False
electra-small,8,12,84.4,83.08921438082557,1464287398,7.634057960604406e-05,9.144907415666068e-05,0.0919083719886919,7,False,False
electra-small,8,13,83.86666666666666,81.35818908122504,1162169544,2.7289763087197508e-05,1.3447987929447447e-05,0.1267531309947699,9,False,False
electra-small,8,14,82.53333333333333,82.15712383488682,548067510,3.2835418907426935e-05,0.0455752039043601,0.1650044328339339,5,False,False
electra-small,8,15,84.8,82.02396804260985,822902025,3.979625276287923e-05,6.875438049703165e-05,0.1949131426740177,10,False,False
electra-small,8,16,80.4,78.29560585885486,2031605882,9.966445104381364e-06,0.0638738998706766,0.1046746410253288,4,False,False
electra-small,8,17,82.93333333333334,81.62450066577897,977675919,1.4449651667440356e-05,0.000839352668098,0.1457516290651239,9,False,False
electra-small,8,18,84.4,81.35818908122504,1059878871,4.865942892391578e-05,0.0135354212932746,0.1320308237140061,7,False,False
electra-small,8,19,83.73333333333333,82.02396804260985,144184589,5.932042820821071e-05,0.0045377955151242,0.0548357157592221,10,False,False
electra-small,8,20,84.8,83.08921438082557,484085446,3.613028283266054e-05,2.434034030783159e-05,0.0808633536113707,9,False,False
electra-small,8,21,72.8,68.44207723035952,890576128,1.1838653324093571e-05,0.0494429879762238,0.0546446069887357,2,False,False
electra-small,8,22,80.53333333333333,76.96404793608522,773993513,2.1316789155000066e-05,0.0003765948672145,0.0393273741065083,2,False,False
electra-small,8,23,83.46666666666667,80.02663115845539,1356551463,4.9181083881732095e-05,0.0867658278318794,0.1305491771536755,10,False,False
electra-small,8,24,83.73333333333333,81.75765645805592,600926735,2.9758334554027506e-05,0.0158861741969484,0.1253874976836273,7,False,False
electra-small,8,25,82.53333333333333,83.75499334221038,1264001436,6.900095741255685e-05,5.452425321475331e-05,0.043202217049018,6,False,False
electra-small,8,26,84.53333333333333,81.62450066577897,724263038,3.073593168551563e-05,0.0025142163571205,0.1132057408772656,6,False,False
electra-small,8,27,84.93333333333334,83.88814913448735,195679083,9.398864860698225e-05,0.0013775179439775,0.0834699006917199,9,False,True
electra-small,8,28,83.46666666666667,81.75765645805592,939519641,9.781429857830493e-05,0.0015550647576102,0.1094451951664774,10,False,False
electra-small,8,29,84.0,82.29027962716378,1701119634,2.835313230890079e-05,0.0060280330611873,0.1132169249626112,8,False,False
electra-small,9,0,70.14531043593131,70.71240105540898,629099876,6.102689628989872e-06,2.645365484367781e-05,0.0714293595048601,3,False,False
electra-small,9,1,80.44914134742405,82.18997361477572,82073813,8.553087227462211e-06,1.2953403495336762e-05,0.0534869625602944,6,False,False
electra-small,9,2,71.20211360634082,71.50395778364116,462704381,7.090661455666898e-06,1.3668556446063616e-05,0.1962418465669408,3,False,False
electra-small,9,3,82.43064729194188,82.58575197889182,65592754,8.093759995358653e-06,0.0316660452724587,0.1542939327619558,10,False,False
electra-small,9,4,83.75165125495377,82.84960422163589,1130376173,4.103772005958997e-05,0.000324305189566,0.1468056608094826,4,False,False
electra-small,9,5,82.56274768824306,82.45382585751979,664336480,1.6302193332556027e-05,0.0057146654994181,0.1794216145226227,7,False,False
electra-small,9,6,79.7886393659181,80.60686015831135,1109311522,8.542286454760317e-06,1.0714758360528454e-05,0.0197558521716036,5,False,False
electra-small,9,7,81.50594451783356,81.92612137203166,622798136,1.55003221347669e-05,1.8327480997904527e-05,0.1293240256906312,10,False,False
electra-small,9,8,82.69484808454425,82.84960422163589,1591632200,5.979101536744116e-05,0.0028338410018113,0.0876301196759415,3,False,False
electra-small,9,9,82.56274768824306,82.32189973614776,785789941,9.53402612232224e-05,0.032565297024766,0.1454797492977475,7,False,False
electra-small,9,10,82.29854689564068,81.00263852242745,1801309791,1.5544154252019322e-05,0.0737291715012416,0.1901931821309254,9,False,False
electra-small,9,11,82.43064729194188,81.00263852242745,1431115159,7.379508950310248e-06,1.2444784021127068e-05,0.0715083362033337,9,False,False
electra-small,9,12,82.1664464993395,84.69656992084433,1275957367,3.73686804868561e-05,0.0010791670694061,0.0155019341961839,10,False,True
electra-small,9,13,81.37384412153236,82.32189973614776,459279017,3.1893959582992995e-05,0.0039149243952175,0.0889896717234542,9,False,False
electra-small,9,14,81.10964332892999,82.18997361477572,1169517515,7.3013853799574705e-06,0.0006644585631883,0.0041076295802903,9,False,False
electra-small,9,15,81.63804491413474,81.53034300791556,1408959754,2.7829995309775137e-05,0.045653818982376,0.1116927470126619,2,False,False
electra-small,9,16,80.05284015852048,81.53034300791556,785659762,9.414777425656208e-06,0.0002818728801924,0.0695807223494477,6,False,False
electra-small,9,17,81.63804491413474,82.05804749340369,511577366,3.672069777097345e-05,0.0015173010414784,0.0873117289903611,2,False,False
electra-small,9,18,83.61955085865257,81.6622691292876,691478649,1.2061406620970944e-05,0.0001644345455278,0.1560270680573993,6,False,False
electra-small,9,19,81.50594451783356,81.6622691292876,473218495,1.928021700113728e-05,0.0129664573467962,0.1933601213809994,4,False,False
electra-small,9,20,83.09114927344783,82.05804749340369,1546025165,1.5050195556090876e-05,0.0329381132123014,0.1089495293225529,10,False,False
electra-small,9,21,83.22324966974901,82.98153034300792,1738414084,2.2100417605691284e-05,1.7800940430226845e-05,0.0413553652323899,8,False,False
electra-small,9,22,81.90224570673712,81.92612137203166,1262001912,3.208579521754725e-05,0.0004792814747777,0.1643031300942238,8,False,False
electra-small,9,23,72.91941875825627,72.82321899736148,1992937061,1.1365704958939652e-05,0.0001897049560236,0.0615706818946018,2,False,False
electra-small,9,24,78.73183619550859,80.34300791556728,447908117,1.0256266414538084e-05,0.0001224398532957,0.1406772671275641,5,False,False
electra-small,9,25,83.48745046235139,81.79419525065963,1478762460,2.9112890273647e-05,0.0124913086211948,0.0755848550632799,3,False,False
electra-small,9,26,81.63804491413474,82.45382585751979,1352575483,3.803298164453871e-05,0.0001963052029913,0.0540596560569349,3,False,False
electra-small,9,27,79.6565389696169,79.81530343007915,66627854,5.404625985024886e-06,0.0002888889363045,0.1611642596062825,7,False,False
electra-small,9,28,84.01585204755614,82.45382585751979,2011088187,2.911118524522585e-05,0.0216715575758272,0.1624937613629776,7,True,False
electra-small,9,29,82.29854689564068,81.6622691292876,1026696068,2.0756775491954377e-05,0.0002186567428554,0.0830200918994978,4,False,False
electra-small,10,0,80.77956989247312,82.81879194630872,982281764,1.7611956554530085e-05,0.0039697431400523,0.1759060542269641,8,False,False
electra-small,10,1,81.72043010752688,84.02684563758389,2027619761,1.5017006450873012e-05,0.0006400577910346,0.0054586418131451,7,False,False
electra-small,10,2,81.04838709677419,83.6241610738255,961418850,5.315475158418348e-05,0.0858313550710081,0.0286646493676259,6,False,False
electra-small,10,3,75.26881720430107,76.24161073825503,1738221675,6.354939457186553e-06,0.0006395053557578,0.1621998495154535,5,False,False
electra-small,10,4,80.24193548387096,84.29530201342281,1478179779,7.178154312778635e-05,0.0008193781404912,0.0472081217332324,9,False,True
electra-small,10,5,69.08602150537635,70.06711409395973,1477893667,6.166545767841501e-06,1.031544591112039e-05,0.0981553208005645,3,False,False
electra-small,10,6,81.45161290322581,82.81879194630872,722132716,3.533093125671621e-05,5.320590566669793e-05,0.1214456425920005,6,False,False
electra-small,10,7,82.79569892473118,84.02684563758389,91930660,5.309812356593664e-05,0.0685845819922315,0.1182574623517963,9,False,False
electra-small,10,8,81.72043010752688,82.01342281879195,1966172022,2.141812318974875e-05,0.023218382288254,0.1655488420262677,3,False,False
electra-small,10,9,81.18279569892474,82.5503355704698,229128536,8.418447383497554e-06,0.0046327809126435,0.1095339510497236,8,False,False
electra-small,10,10,81.98924731182795,81.34228187919463,1460854441,3.456225946304564e-05,0.0002247636136067,0.0746910632544185,3,False,False
electra-small,10,11,80.3763440860215,82.68456375838926,872737533,3.875654570372153e-05,2.0795009463251936e-05,0.1407186106433034,10,False,False
electra-small,10,12,79.70430107526882,80.40268456375838,1531946702,1.5304001373582564e-05,1.8331959410213504e-05,0.0973823844141579,4,False,False
electra-small,10,13,79.70430107526882,79.59731543624162,873464986,8.39251524914491e-06,0.0077300041676614,0.1809659793815139,5,False,False
electra-small,10,14,75.80645161290323,77.31543624161074,2017831954,8.831345377260881e-06,0.0715232962463216,0.1180677518864026,3,False,False
electra-small,10,15,67.74193548387096,66.97986577181209,637773969,5.014632757001923e-06,0.0028892314396945,0.0354168564863614,3,False,False
electra-small,10,16,67.74193548387096,66.97986577181209,331662251,5.570826060968695e-06,2.22860281984712e-05,0.0268103943274957,2,False,False
electra-small,10,17,77.41935483870968,77.58389261744966,1027045702,7.8605127997098e-06,6.018836696019273e-05,0.1972385384300603,4,False,False
electra-small,10,18,81.98924731182795,83.48993288590604,1693179694,7.43848973139459e-05,2.6981461921400552e-05,0.0742552998512966,5,False,False
electra-small,10,19,78.89784946236558,80.80536912751678,128508141,5.6150128391281215e-06,8.396630979433124e-05,0.1532238156305851,10,False,False
electra-small,10,20,70.83333333333333,73.15436241610739,1320081393,7.258310311713605e-06,0.0001289620573883,0.0271644182149388,3,False,False
electra-small,10,21,80.77956989247312,80.53691275167785,1910626992,9.520992481984424e-06,0.0009439336246734,0.0003869490335292,5,False,False
electra-small,10,22,83.06451612903226,82.14765100671141,81597584,3.2499409652964594e-05,0.0003163550659958,0.1674984146133767,6,True,False
electra-small,10,23,81.45161290322581,81.61073825503355,1969233941,1.5040018366826304e-05,0.003643667671889,0.0551307414859597,10,False,False
electra-small,10,24,82.1236559139785,81.34228187919463,1276871507,6.688917901227894e-06,0.0003240264252797,0.0377250181928227,7,False,False
electra-small,10,25,79.83870967741936,80.13422818791946,384768588,6.819822896713607e-06,0.0003474025621397,0.1534731187993785,8,False,False
electra-small,10,26,79.97311827956989,83.6241610738255,1195572425,6.815025842426102e-05,0.0021717218819329,0.1008591283029513,7,False,False
electra-small,10,27,81.31720430107526,81.47651006711409,624815149,3.720754122688335e-05,0.0017170761261114,0.1943634144434364,7,False,False
electra-small,10,28,81.18279569892474,81.87919463087249,2036951005,5.020395125727292e-06,0.005280239331084,0.0390926326132322,10,False,False
electra-small,10,29,79.16666666666667,82.14765100671141,784768024,2.904464924752929e-05,0.0161603238068219,0.0688858101254475,9,False,False
electra-small,11,0,82.4074074074074,79.6565389696169,1388761655,1.831532584700932e-05,0.0285923067440497,0.0293998315872791,7,False,False
electra-small,11,1,84.25925925925925,81.90224570673712,840758136,7.363731235208907e-05,0.0086566276304954,0.1243911442696655,7,True,False
electra-small,11,2,83.06878306878306,80.58124174372523,1210409526,6.109512142197577e-05,0.0046035883590252,0.0723881086232192,10,False,False
electra-small,11,3,82.67195767195767,81.50594451783356,1863495931,5.901171879119796e-05,0.0006366323490714,0.008774043421949,10,False,False
electra-small,11,4,79.1005291005291,76.88243064729194,1368634669,5.195423252132381e-06,4.9596775280010496e-05,0.1401716600418803,7,False,False
electra-small,11,5,82.80423280423281,82.43064729194188,1730014074,1.9108125125569866e-05,0.0003912126432173,0.0648730579148646,8,False,False
electra-small,11,6,83.46560846560847,82.56274768824306,68645452,4.981324835813465e-05,7.198962263782866e-05,0.0830104027929986,3,False,False
electra-small,11,7,83.2010582010582,81.50594451783356,1315888918,3.567979436181035e-05,4.455872085835917e-05,0.0664020625497844,5,False,False
electra-small,11,8,68.3862433862434,67.10700132100396,658290152,6.371288326545225e-06,0.0002830623701045,0.1220071426393128,2,False,False
electra-small,11,9,82.67195767195767,80.44914134742405,197776013,2.4298707069161108e-05,1.0928567303962468e-05,0.1681958673472688,10,False,False
electra-small,11,10,83.5978835978836,81.24174372523117,1594635389,6.420376668299501e-05,5.121517277128253e-05,0.1473492763948579,5,False,False
electra-small,11,11,78.04232804232804,76.221928665786,1489844203,1.1142442841406002e-05,4.9189264544467366e-05,0.0275814052032593,3,False,False
electra-small,11,12,83.33333333333333,81.24174372523117,565717091,1.675089341577076e-05,0.0062705920847703,0.1976633490960699,8,False,False
electra-small,11,13,75.7936507936508,73.8441215323646,2057418058,5.78499691907808e-06,0.0003204031279168,0.1849840393422084,6,False,False
electra-small,11,14,81.08465608465609,80.18494055482167,213138461,8.431504345160474e-06,0.0087980964419828,0.0391624899732536,7,False,False
electra-small,11,15,80.42328042328042,80.9775429326288,583736113,8.816066626467047e-06,3.5495965306230706e-05,0.1124249354851712,6,False,False
electra-small,11,16,70.37037037037037,68.56010568031704,2128422917,8.951961910404622e-06,0.0003547600385158,0.1221893236607453,2,False,False
electra-small,11,17,81.34920634920636,82.43064729194188,1891101824,4.7502410518415336e-05,0.0020118160045183,0.1213469391921902,4,False,False
electra-small,11,18,82.14285714285714,82.43064729194188,1916693300,6.074857811956738e-05,1.5994770133102753e-05,0.0475660902632484,5,False,False
electra-small,11,19,74.86772486772487,71.86261558784676,407027490,6.72110874543974e-06,0.0026026706673484,0.0781029825209404,3,False,False
electra-small,11,20,82.4074074074074,82.82694848084545,1609500038,4.265022219126297e-05,0.0002379531961685,0.0818960738006505,6,False,True
electra-small,11,21,81.08465608465609,79.39233817701454,1810784309,2.060950457464525e-05,1.0243792634498211e-05,0.0748218199415351,2,False,False
electra-small,11,22,80.29100529100529,78.5997357992074,1493803885,9.578247350679866e-06,0.003223906466877,0.015530292627696,4,False,False
electra-small,11,23,81.21693121693121,80.71334214002643,1760585843,1.4801953069614277e-05,0.0006504555248178,0.1977071798932363,6,False,False
electra-small,11,24,80.95238095238095,80.18494055482167,750677747,4.582587469707442e-05,4.960386377971144e-05,0.0372430308681083,2,False,False
electra-small,11,25,79.36507936507937,78.07133421400265,910775452,2.476528679210433e-05,0.0032319863537076,0.0558115376737281,2,False,False
electra-small,11,26,81.08465608465609,82.29854689564068,1117299990,4.730387638745336e-05,0.0014335819288706,0.0291416029205897,7,False,False
electra-small,11,27,83.33333333333333,82.43064729194188,205925666,5.811167361478964e-05,0.0123988921949276,0.0036069641040562,6,False,False
electra-small,11,28,82.01058201058201,82.0343461030383,839545078,3.9645222637812656e-05,5.4647363760094495e-05,0.1986054084662059,6,False,False
electra-small,11,29,79.76190476190476,79.7886393659181,219455482,1.4023598340008244e-05,0.0009194043124937,0.1121528813185423,3,False,False
electra-small,12,0,83.85345997286296,83.46883468834689,984705182,9.245260556801006e-05,0.0002217643598906,0.0025837980760525,2,False,False
electra-small,12,1,84.39620081411127,82.79132791327913,1571883588,2.9020032833446302e-05,4.208033184612134e-05,0.0629294775415171,8,False,False
electra-small,12,2,82.08955223880596,82.52032520325203,1869081621,4.3600898172214e-05,0.0001432590967679,0.0501044226571053,10,False,False
electra-small,12,3,84.26051560379919,82.65582655826559,930697649,1.1812897880002382e-05,0.000502404421173,0.0584702580693528,10,False,False
electra-small,12,4,72.86295793758481,72.76422764227642,506880825,1.2164909424672562e-05,1.1787149639216295e-05,0.0280866654770844,2,False,False
electra-small,12,5,81.81818181818181,84.01084010840108,298935636,9.519805028932136e-05,0.0001062468382131,0.1582231469527589,10,False,False
electra-small,12,6,83.44640434192674,84.55284552845528,1832817738,8.25141355780497e-05,1.859971413861125e-05,0.1153260200247755,8,False,False
electra-small,12,7,82.49660786974219,83.19783197831978,195763342,5.61842132194476e-05,0.0001698781378506,0.1377465244914628,2,False,False
electra-small,12,8,83.98914518317504,83.46883468834689,426222546,6.102406943407024e-05,0.0052815306278486,0.0167668007994919,7,False,False
electra-small,12,9,84.12483039348712,84.41734417344173,2013884221,4.61091167027886e-05,1.7759050314680316e-05,0.0286768077516515,10,False,False
electra-small,12,10,83.85345997286296,85.36585365853658,203707638,7.841011755282297e-05,0.0206896480981221,0.1124509240651952,8,False,True
electra-small,12,11,84.66757123473542,83.60433604336043,115441352,6.350848431453589e-05,0.0243530563910733,0.0892046617784493,3,True,False
electra-small,12,12,83.44640434192674,85.09485094850949,1641346526,5.049720032555632e-05,0.0026184695017272,0.0239533447692875,2,False,False
electra-small,12,13,82.90366350067842,82.92682926829268,1204929827,8.040697902817392e-05,0.0616836808796935,0.0090448888769095,7,False,False
electra-small,12,14,72.86295793758481,73.71273712737127,1673186919,7.04725614174271e-06,0.096690387772213,0.1463951354384403,4,False,False
electra-small,12,15,83.71777476255089,83.60433604336043,745907506,3.2685870490777865e-05,0.0015260361643742,0.1332756196859288,6,False,False
electra-small,12,16,81.95386702849389,83.60433604336043,2060924434,3.920965534163735e-05,0.0091822085399877,0.1441093055729147,10,False,False
electra-small,12,17,79.6472184531886,79.40379403794039,65900214,6.654352936817756e-06,0.0014275062581782,0.0532567270670979,6,False,False
electra-small,12,18,81.81818181818181,81.30081300813008,2070789085,4.882453709515101e-05,4.725696891764761e-05,0.0750571646312142,2,False,False
electra-small,12,19,84.26051560379919,83.46883468834689,1104252364,3.661618747620685e-05,0.003466981614999,0.0725391964066008,10,False,False
electra-small,12,20,84.12483039348712,85.23035230352303,458495897,6.850592399847587e-05,0.088057383595166,0.1556905905853499,9,False,False
electra-small,12,21,84.39620081411127,84.14634146341463,1757989111,4.0085915106038174e-05,0.0001952833323046,0.1932251294731097,8,False,False
electra-small,12,22,84.12483039348712,83.33333333333333,235123004,3.152114779411855e-05,1.887681101470789e-05,0.0082197137320176,10,False,False
electra-small,12,23,81.68249660786974,82.11382113821138,1551170179,2.173395603695881e-05,0.009147849993594,0.032864095928945,3,False,False
electra-small,12,24,83.71777476255089,84.41734417344173,1921998656,3.526265481603893e-05,8.764255297842661e-05,0.0979663371262311,10,False,False
electra-small,12,25,83.58208955223881,84.68834688346884,322119303,5.359190167642703e-05,0.0001060894969132,0.1467048995362971,7,False,False
electra-small,12,26,83.17503392130257,83.73983739837398,2003057203,6.083839102518916e-05,0.0060248068092296,0.037732138383592,3,False,False
electra-small,12,27,84.53188602442334,82.65582655826559,1283704265,2.0454164851617204e-05,0.003993288965611,0.1329981660780712,6,False,False
electra-small,12,28,74.89823609226595,77.37127371273712,1536432049,1.4863954453627735e-05,1.8146012717456444e-05,0.1702226037658639,2,False,False
electra-small,12,29,83.44640434192674,81.57181571815718,362553736,1.6435742074070735e-05,0.0380881714572585,0.1782403045548877,10,False,False
electra-small,13,0,81.45161290322581,82.68456375838926,1168151923,1.835848537784989e-05,1.9441852504321424e-05,0.1426009796112153,8,False,False
electra-small,13,1,82.39247311827957,85.36912751677852,2045662307,5.664022873128133e-05,0.026367491244604,0.0949956831675458,7,False,False
electra-small,13,2,82.1236559139785,85.50335570469798,1055366859,9.338463760482105e-05,8.90724683889559e-05,0.1428570913634422,5,False,False
electra-small,13,3,82.39247311827957,85.63758389261746,177578488,5.8349282719896e-05,5.403585723341467e-05,0.095507797623366,7,False,False
electra-small,13,4,82.1236559139785,82.28187919463087,205869840,5.674148260562344e-05,0.0963475244990204,0.148316185527635,2,False,False
electra-small,13,5,81.45161290322581,83.35570469798658,1236449008,7.227399706749786e-05,0.0222706551661359,0.0994930050634792,8,False,False
electra-small,13,6,81.98924731182795,82.81879194630872,1793873723,2.0977498478410007e-05,1.211379422884252e-05,0.1048353354933006,6,False,False
electra-small,13,7,67.74193548387096,67.78523489932886,216596556,6.868372335031544e-06,0.0006859549372767,0.1110655186609666,2,False,False
electra-small,13,8,81.98924731182795,84.42953020134229,164067407,3.2162293287249435e-05,0.0036217864417148,0.1367193326951976,10,False,False
electra-small,13,9,82.93010752688173,85.50335570469798,773534593,7.504011640655722e-05,1.1802082575143277e-05,0.0190547719261049,10,False,False
electra-small,13,10,67.8763440860215,68.05369127516778,352148414,1.010602932403509e-05,0.0016212764956207,0.0983881708906205,2,False,False
electra-small,13,11,79.03225806451613,77.58389261744966,350318546,2.282931478783877e-05,0.0104435396719187,0.0465175528267076,2,False,False
electra-small,13,12,78.62903225806451,77.4496644295302,983965425,6.294689311290752e-06,0.0053873183777205,0.1401902429477405,5,False,False
electra-small,13,13,82.52688172043011,86.71140939597315,1235712111,3.61755167590766e-05,0.0041260886774287,0.0181800573443879,7,False,True
electra-small,13,14,81.98924731182795,84.42953020134229,1958913013,3.4582350069243134e-05,0.0005563278024151,0.0962912862267074,5,False,False
electra-small,13,15,82.39247311827957,83.89261744966443,480183602,9.529175896442804e-05,1.8685556642366964e-05,0.1827751327655121,8,False,False
electra-small,13,16,81.85483870967742,84.56375838926175,470178470,4.065075853345436e-05,0.0150502916105744,0.0055153630570351,7,False,False
electra-small,13,17,81.04838709677419,81.87919463087249,280751043,9.53195143841748e-06,0.0019739585359849,0.1376446593709823,9,False,False
electra-small,13,18,81.85483870967742,85.23489932885906,1253531182,7.180642568235548e-05,0.0072776609429986,0.0663508116494086,7,False,False
electra-small,13,19,81.31720430107526,81.74496644295301,886815250,1.7369625895183923e-05,0.0199361042855372,0.0373442497889479,5,False,False
electra-small,13,20,81.31720430107526,82.68456375838926,1798176360,7.265797986677693e-06,0.0142229431509647,0.1170611259650956,9,False,False
electra-small,13,21,81.04838709677419,84.69798657718121,567828334,6.381949442321382e-05,0.0424218441005855,0.0263044257927789,10,False,False
electra-small,13,22,81.31720430107526,82.95302013422818,8713743,9.870192793230504e-05,0.000204638098432,0.1758609920566861,6,False,False
electra-small,13,23,83.33333333333333,82.68456375838926,2065619515,4.091498789453441e-05,9.886588375266322e-05,0.0268907778673224,2,True,False
electra-small,13,24,81.98924731182795,84.69798657718121,742683446,4.049361353326525e-05,3.224818335920758e-05,0.1037688264141559,10,False,False
electra-small,13,25,80.51075268817205,82.28187919463087,2080851012,7.78833096719036e-06,6.664956891471642e-05,0.0635294182498251,6,False,False
electra-small,13,26,80.77956989247312,81.47651006711409,1709629590,1.1346464244491626e-05,7.464419214494795e-05,0.0403369195824406,8,False,False
electra-small,13,27,78.36021505376344,76.3758389261745,1922755375,9.144941126383724e-06,0.0251380289208766,0.0478272860134368,3,False,False
electra-small,13,28,81.31720430107526,84.16107382550335,1195146446,1.888844300467236e-05,0.0041088642614142,0.1462389690194772,9,False,False
electra-small,13,29,81.72043010752688,83.89261744966443,902013660,5.3695606759970575e-05,8.543030414702306e-05,0.1639491246217396,10,False,False
electra-small,14,0,81.87919463087249,82.57372654155496,1243997513,2.589883175812329e-05,0.0194831201248923,0.0782919773891593,5,False,False
electra-small,14,1,80.40268456375838,83.24396782841823,1820929797,3.529145679287432e-05,0.0442091295633175,0.193768039206367,2,False,False
electra-small,14,2,80.0,81.63538873994638,1897658007,1.1430117178676204e-05,6.722054470000149e-05,0.1915675358701647,5,False,False
electra-small,14,3,78.52348993288591,80.42895442359249,1203003678,1.7221707107947665e-05,2.8552186168751497e-05,0.0386147277463439,3,False,False
electra-small,14,4,81.0738255033557,83.24396782841823,2132504730,8.1823692172829e-05,1.1013809359191766e-05,0.163310107627556,6,False,False
electra-small,14,5,81.0738255033557,84.1823056300268,1641831693,1.9393160437911168e-05,0.0001358675858771,0.1255579213178098,10,False,False
electra-small,14,6,81.61073825503355,82.57372654155496,1451200728,3.663901412280881e-05,4.561686388799026e-05,0.1584581868998327,5,False,False
electra-small,14,7,76.24161073825503,77.4798927613941,1190308606,7.84854738921849e-06,0.0001837653390541,0.1221176738327569,4,False,False
electra-small,14,8,80.40268456375838,81.09919571045576,77883331,2.067668494860363e-05,0.011477771420288,0.1685827481769241,4,False,False
electra-small,14,9,77.18120805369128,79.08847184986595,1198249485,1.2267328684085348e-05,0.0014379565768454,0.0360861786523148,3,False,False
electra-small,14,10,82.81879194630872,84.31635388739946,1674019203,4.979655676566237e-05,0.0002800944899222,0.0303598578788866,3,True,False
electra-small,14,11,79.32885906040268,80.29490616621985,1768654368,1.3798913674061492e-05,0.0049843841028677,0.0943353040596464,4,False,False
electra-small,14,12,75.57046979865771,77.34584450402144,316246967,1.7292433222011822e-05,0.0102492631156893,0.0352820635046937,2,False,False
electra-small,14,13,80.40268456375838,81.63538873994638,744573945,1.867471161400845e-05,0.0765022532597024,0.0647448171161912,3,False,False
electra-small,14,14,82.41610738255034,84.71849865951742,645630185,3.625232192231788e-05,0.0021241827222413,0.1541141555204809,4,False,True
electra-small,14,15,81.47651006711409,82.84182305630027,1561143396,1.6875790839083124e-05,0.042351289395085,0.0960805756979214,4,False,False
electra-small,14,16,81.0738255033557,83.37801608579089,461134892,1.5872192723596898e-05,1.1991809112610478e-05,0.1210558079754364,7,False,False
electra-small,14,17,68.59060402684564,69.70509383378015,1445063064,6.035049843686904e-06,0.0062068457801737,0.1419960825735918,3,False,False
electra-small,14,18,81.34228187919463,82.171581769437,92235694,5.077040597665494e-05,0.0001385373030769,0.0821240028306637,3,False,False
electra-small,14,19,81.61073825503355,83.91420911528151,95876278,3.874495453451878e-05,9.502118868794892e-05,0.0374372129017586,4,False,False
electra-small,14,20,79.86577181208054,83.51206434316354,831116683,1.7269155497793038e-05,0.0166310570682138,0.1637145796084461,10,False,False
electra-small,14,21,72.61744966442953,74.2627345844504,1193082397,1.0650728069722634e-05,0.0015235216742624,0.0336230765101117,3,False,False
electra-small,14,22,81.61073825503355,83.6461126005362,1183676047,2.902943610660676e-05,0.0758179713173924,0.1378395084873369,5,False,False
electra-small,14,23,80.40268456375838,81.50134048257372,2043605475,1.4852807979944645e-05,0.0184584065373323,0.031082863808211,9,False,False
electra-small,14,24,80.80536912751678,81.90348525469169,891622622,5.9132293803153365e-05,0.0016099024812636,0.1320337113461902,3,False,False
electra-small,14,25,78.79194630872483,80.29490616621985,1593422426,5.227868513215435e-06,0.000237321479831,0.0361310772411641,8,False,False
electra-small,14,26,82.68456375838926,83.78016085790885,159817470,3.909265835336536e-05,0.0015785518606263,0.1493982265420776,4,False,False
electra-small,14,27,81.74496644295301,84.04825737265415,1050780998,3.6115088248213406e-05,0.0001362337147006,0.1046868725583451,8,False,False
electra-small,14,28,65.36912751677852,68.23056300268097,1674666080,5.916174442539814e-06,0.0234022241054592,0.0945924154631422,2,False,False
electra-small,14,29,81.87919463087249,83.37801608579089,1927954911,5.053808686146392e-05,0.0038388213178168,0.0887524360445823,8,False,False
electra-small,15,0,81.84210526315789,81.05263157894737,1691142217,8.233611033595018e-06,0.0095015784949581,0.1561410998367169,9,False,False
electra-small,15,1,82.36842105263158,78.55263157894737,2105516938,9.119381844716428e-05,0.0005481585029235,0.125842638695263,3,False,False
electra-small,15,2,65.78947368421052,68.02631578947368,1080233052,7.726556894464515e-06,1.611430360289993e-05,0.1625982279629047,2,False,False
electra-small,15,3,78.55263157894737,78.8157894736842,730221963,4.099911549998304e-05,0.0262389269640504,0.1797986476678499,2,False,False
electra-small,15,4,82.76315789473684,81.71052631578948,1939954222,7.266232934456237e-05,0.002666284734847,0.146851650595413,8,False,False
electra-small,15,5,77.10526315789474,78.8157894736842,539267655,6.085752171917333e-06,0.00735941243153,0.0352726932810984,6,False,False
electra-small,15,6,81.1842105263158,79.60526315789474,357985111,2.8379772722746728e-05,0.0193989967963552,0.1983623338552597,3,False,False
electra-small,15,7,78.55263157894737,80.39473684210526,722054905,8.561144184899305e-06,0.0510109874305193,0.1449408355941827,5,False,False
electra-small,15,8,81.1842105263158,79.86842105263158,193809394,1.7608474201790907e-05,1.1053234352841612e-05,0.1688891368967594,4,False,False
electra-small,15,9,83.42105263157895,81.97368421052632,1601694417,2.294261790584245e-05,0.0100979056911857,0.0078871226294149,8,False,False
electra-small,15,10,81.71052631578948,80.52631578947368,209900742,7.372271396723491e-05,0.0041253353634794,0.1576372293717067,5,False,False
electra-small,15,11,84.34210526315789,82.5,458328200,7.561757559075185e-05,0.0001267096353597,0.0098203707931551,3,True,True
electra-small,15,12,82.36842105263158,81.97368421052632,1428636154,1.4244683376809924e-05,0.0003043476783139,0.1479618675638667,7,False,False
electra-small,15,13,73.02631578947368,75.52631578947368,881096247,6.624720571610799e-06,0.0314803353398063,0.0337627869534578,5,False,False
electra-small,15,14,83.15789473684211,82.36842105263158,539567736,9.380627630827196e-05,0.00863265220957,0.0532445643883466,7,False,False
electra-small,15,15,82.23684210526316,81.44736842105263,2097242537,1.6970859731139407e-05,0.0301258803854372,0.1597398355788153,8,False,False
electra-small,15,16,67.63157894736842,71.57894736842105,1105161538,1.0925319415255516e-05,5.7691255076314814e-05,0.1133131451181871,3,False,False
electra-small,15,17,84.34210526315789,80.52631578947368,1569817460,1.8855661926412192e-05,0.0067193241599568,0.0619452650367716,10,False,False
electra-small,15,18,80.52631578947368,80.65789473684211,1315508860,1.4533885964113052e-05,0.0013719814591646,0.001877239060664,4,False,False
electra-small,15,19,83.94736842105263,81.84210526315789,1204913742,7.914515899299149e-05,0.0340410284643112,0.0138699420957906,3,False,False
electra-small,15,20,83.28947368421052,81.05263157894737,1742651948,2.594500766849321e-05,0.0072308457653366,0.0916083782432366,8,False,False
electra-small,15,21,73.94736842105263,76.71052631578948,1182976722,5.048050189543021e-06,0.0031800080753939,0.0157408287617218,6,False,False
electra-small,15,22,81.71052631578948,81.1842105263158,931922092,1.787497447274068e-05,0.0065927398957529,0.0307216195213642,3,False,False
electra-small,15,23,80.26315789473684,80.65789473684211,385309188,2.3546719948893028e-05,0.0053455223783759,0.0722535579201215,4,False,False
electra-small,15,24,83.55263157894737,82.10526315789474,1880388341,2.2356940554981868e-05,0.0077983464273349,0.1924032487613337,9,False,False
electra-small,15,25,78.42105263157895,79.60526315789474,241788147,6.2483333530344464e-06,2.1333474489533345e-05,0.1090090167198893,6,False,False
electra-small,15,26,82.89473684210526,81.84210526315789,1872447894,2.118992479291751e-05,0.0018932633205269,0.0492499670170417,4,False,False
electra-small,15,27,83.15789473684211,81.05263157894737,1251495217,1.170215916194227e-05,0.0002857162497377,0.187198484008885,9,False,False
electra-small,15,28,75.78947368421052,77.63157894736842,1057611670,5.7668547614231145e-06,0.000531434401374,0.0432973646879307,5,False,False
electra-small,15,29,77.63157894736842,78.6842105263158,910016404,1.46302741107985e-05,1.801924016582861e-05,0.1109269005736384,3,False,False
electra-small,16,0,82.20779220779221,80.93385214007782,2092596744,6.722458131364444e-05,1.983938803759917e-05,0.1792822140617327,5,False,False
electra-small,16,1,80.12987012987013,80.8041504539559,716000357,2.657120533880249e-05,0.0040752844492521,0.0309000389967647,10,False,False
electra-small,16,2,81.81818181818181,80.93385214007782,1823676824,4.10407492306654e-05,0.0016593223660392,0.19694952173641,10,False,False
electra-small,16,3,79.74025974025975,79.37743190661479,2116712060,7.501893298842966e-05,0.0052257143383124,0.1229675500585353,2,False,False
electra-small,16,4,80.77922077922078,81.4526588845655,1316197393,8.209342938232478e-05,1.007144067361533e-05,0.1308330892755599,7,False,False
electra-small,16,5,81.16883116883118,79.89623865110246,1343351153,2.555879818615573e-05,0.0142890192288657,0.1169624974393079,9,False,False
electra-small,16,6,69.74025974025975,71.85473411154345,1487575495,7.683854742070402e-06,0.0030647313034335,0.0668250020587521,3,False,False
electra-small,16,7,80.51948051948052,80.41504539559014,405544089,8.109392631932718e-05,7.821899702488701e-05,0.0166532076879174,4,False,False
electra-small,16,8,81.55844155844156,81.32295719844358,791267520,6.0872463517803833e-05,0.0749003709603013,0.1230576955636382,4,False,False
electra-small,16,9,81.16883116883118,81.32295719844358,1016951245,9.728782721541535e-05,0.007207034013829,0.0537274390348425,7,False,False
electra-small,16,10,81.94805194805195,81.32295719844358,1336460309,9.896091197481946e-05,0.0062958627899811,0.02987512343802,4,False,False
electra-small,16,11,81.81818181818181,81.71206225680933,2086529022,4.549081165931666e-05,2.638545593968737e-05,0.1145756483389999,6,False,False
electra-small,16,12,81.16883116883118,81.58236057068741,2137865083,5.743405499566444e-05,0.0001391219224902,0.0239590229266705,5,False,False
electra-small,16,13,82.85714285714286,79.76653696498055,2029090658,5.154735088185048e-05,3.217840748723857e-05,0.0138890868556251,10,True,False
electra-small,16,14,80.25974025974025,80.28534370946822,2076733977,7.727429485759507e-05,0.0105947437124383,0.1160991620508356,3,False,False
electra-small,16,15,82.07792207792208,80.67444876783398,1164063693,6.826385940670047e-05,3.569119608300277e-05,0.0759278629352847,5,False,False
electra-small,16,16,80.77922077922078,80.67444876783398,121708462,2.1339980547236573e-05,0.0956362527772286,0.0615255470461984,10,False,False
electra-small,16,17,81.2987012987013,81.32295719844358,1709408083,3.3819738816875e-05,0.0351953104958302,0.1108447813910861,10,False,False
electra-small,16,18,77.53246753246754,80.02594033722438,183654153,7.652947588164323e-06,0.0011258393141249,0.1534584192560564,6,False,False
electra-small,16,19,80.12987012987013,81.71206225680933,333191694,1.8746198153421697e-05,0.0002231365097323,2.125582929943804e-05,10,False,False
electra-small,16,20,80.51948051948052,81.84176394293125,657830026,8.123822910977343e-05,0.0918426306371289,0.0568482021554025,8,False,True
electra-small,16,21,80.0,80.02594033722438,1642179329,9.88907850996979e-06,0.0003373513100592,0.1884875049898028,10,False,False
electra-small,16,22,79.87012987012987,78.85862516212711,1636735691,1.7696940475359118e-05,0.089756817156575,0.1072699759067354,5,False,False
electra-small,16,23,80.9090909090909,80.41504539559014,1136716647,2.4318150614508224e-05,0.0030418057135047,0.1792012357039352,9,False,False
electra-small,16,24,79.48051948051948,80.67444876783398,1896874753,5.400093926146432e-05,0.0524453014808973,0.0338263161320471,6,False,False
electra-small,16,25,80.77922077922078,80.28534370946822,337336754,2.3971479030447167e-05,1.9808448073119905e-05,0.0640417551352432,4,False,False
electra-small,16,26,80.0,80.67444876783398,2110902934,1.976843707105648e-05,0.0001320310419,0.0555466159479652,7,False,False
electra-small,16,27,80.25974025974025,80.67444876783398,692564693,1.3526662857846092e-05,0.0093287011114249,0.1049597527837202,9,False,False
electra-small,16,28,79.48051948051948,78.98832684824903,1525454031,5.25028171960214e-06,0.0001984017176515,0.0915774183918083,9,False,False
electra-small,16,29,80.64935064935065,80.41504539559014,1676948833,3.519642717172662e-05,0.000281295641727,0.1381324424943253,6,False,False
electra-small,17,0,81.83023872679045,84.50331125827815,674398795,1.330295787209939e-05,6.046716548486556e-05,0.0097406250703531,4,False,False
electra-small,17,1,81.29973474801061,84.63576158940397,781460631,5.428253864164375e-06,0.0082732483548103,0.13403771289719,10,False,False
electra-small,17,2,82.09549071618036,84.90066225165563,408851983,6.743465293459702e-05,3.4389947950076466e-05,0.0641613692276265,2,False,False
electra-small,17,3,81.43236074270557,84.76821192052981,976675671,6.894862980998371e-05,4.17942304831573e-05,0.1381503523276356,6,False,False
electra-small,17,4,84.08488063660478,81.8543046357616,2032707901,7.351498051772848e-05,6.229772118755196e-05,0.0956772171153534,9,True,False
electra-small,17,5,82.09549071618036,85.29801324503312,1676020217,4.206078504931316e-05,9.168493880577986e-05,0.0776146853862073,3,False,False
electra-small,17,6,80.23872679045093,83.3112582781457,1838454874,2.9807693584616784e-05,9.039522780890351e-05,0.1443595563104918,2,False,False
electra-small,17,7,81.43236074270557,84.50331125827815,107801738,1.5953314635001153e-05,1.0663627112859532e-05,0.0862651293209287,6,False,False
electra-small,17,8,82.22811671087533,84.23841059602648,1546674399,2.784696433768089e-05,0.0007744332803818,0.1652964708684735,8,False,False
electra-small,17,9,80.37135278514589,82.64900662251655,1366211087,7.846381646680749e-06,0.0018941438833274,0.0641216048578275,9,False,False
electra-small,17,10,64.58885941644563,69.66887417218543,1998146880,8.30045136063697e-06,0.0073325228541469,0.1429240399433715,2,False,False
electra-small,17,11,82.49336870026525,84.23841059602648,1511142804,8.343571726826952e-05,1.4043495077191403e-05,0.1792828282888322,6,False,False
electra-small,17,12,80.76923076923077,83.17880794701986,1012799471,2.2438872683686485e-05,1.3866331488008528e-05,0.141980492189727,9,False,False
electra-small,17,13,81.16710875331565,84.37086092715232,319088156,6.539125938659504e-06,0.0002786843494282,0.0484328976145612,10,False,False
electra-small,17,14,81.56498673740053,83.84105960264901,1994528366,2.319997063648505e-05,0.0207091342191223,0.0964050680157711,10,False,False
electra-small,17,15,81.56498673740053,83.97350993377484,1378493273,1.4601589684450876e-05,0.0230134093377652,0.0754075497663489,4,False,False
electra-small,17,16,82.75862068965517,83.84105960264901,1443939431,2.1581160445284123e-05,9.738788438339474e-05,0.0902190412687084,8,False,False
electra-small,17,17,81.29973474801061,83.04635761589404,2063197167,6.328703053168422e-05,0.0232327370059058,0.0875362607755768,7,False,False
electra-small,17,18,81.56498673740053,84.23841059602648,2042012730,6.81254809690496e-05,0.0064616822103263,0.0445944929326502,9,False,False
electra-small,17,19,75.59681697612731,79.86754966887418,333451785,2.306328078179644e-05,0.0065969777877621,0.0473733854087405,2,False,False
electra-small,17,20,82.09549071618036,83.97350993377484,1492053481,7.183657743126373e-05,2.5849428092951875e-05,0.1835829919846725,3,False,False
electra-small,17,21,81.29973474801061,85.43046357615894,709214113,3.359785831879384e-05,1.792180250219174e-05,0.1279255108237714,4,False,True
electra-small,17,22,80.50397877984085,85.16556291390728,893560100,2.7561542635131903e-05,0.0002161128418358,0.0442392127143984,3,False,False
electra-small,17,23,82.49336870026525,83.84105960264901,1253955519,6.124390369395186e-05,0.0671485491157986,0.0828634698431974,8,False,False
electra-small,17,24,81.16710875331565,83.04635761589404,1146961667,1.4666072447960154e-05,0.0046293947595597,0.0474162503809214,6,False,False
electra-small,17,25,82.49336870026525,84.23841059602648,1760788907,1.5617983918716457e-05,0.0142837664386907,0.1964474447497611,6,False,False
electra-small,17,26,83.0238726790451,84.63576158940397,1209899714,9.949137953939408e-05,0.0001115328168217,0.1866758041051374,6,False,False
electra-small,17,27,82.09549071618036,84.50331125827815,885716564,1.921838184315168e-05,0.0020179176254299,0.1587113966383347,5,False,False
electra-small,17,28,81.43236074270557,84.23841059602648,41690717,5.8042835145006696e-05,0.0262227687763008,0.1118492112446485,9,False,False
electra-small,17,29,81.29973474801061,83.04635761589404,857408146,8.804178957190572e-05,3.5901281805115336e-05,0.0998332402770032,10,False,False
electra-small,18,0,81.84245660881174,80.53333333333333,1688861687,1.0799651253346332e-05,1.7110069347396207e-05,0.1026227248220133,5,False,False
electra-small,18,1,67.1562082777036,68.93333333333334,747544976,5.521845625718957e-06,0.0023746566351197,0.116566240530585,2,False,False
electra-small,18,2,83.84512683578104,81.86666666666666,1710445825,9.296571482271398e-06,0.0061196802493964,0.1859527636943371,9,False,False
electra-small,18,3,73.16421895861149,73.6,1811309751,1.7174284561560342e-05,1.1236003390297815e-05,0.0344559628265158,2,False,False
electra-small,18,4,81.44192256341789,81.6,199179491,5.385022700805988e-05,0.0262422235320835,0.1469091612535652,7,False,False
electra-small,18,5,82.24299065420561,80.13333333333334,1491542640,7.431410808473808e-06,0.0001446610398461,0.1721138693954079,6,False,False
electra-small,18,6,83.84512683578104,82.93333333333334,2094539772,3.893106145168976e-05,0.0002099769124736,0.1253649633239571,3,False,False
electra-small,18,7,72.22963951935914,72.66666666666667,1696524330,7.436178128634698e-06,2.340686448933792e-05,0.122723081170991,3,False,False
electra-small,18,8,82.37650200267022,82.26666666666667,917645049,2.594426755091168e-05,0.0005126003059728,0.1963318704564575,8,False,False
electra-small,18,9,73.69826435246996,73.46666666666667,1311063957,9.029803662278822e-06,0.0003000463658588,0.0893929780266133,3,False,False
electra-small,18,10,82.9105473965287,81.06666666666666,407380332,1.5125064011304283e-05,1.8987519209186925e-05,0.0514788514267733,9,False,False
electra-small,18,11,77.4365821094793,77.2,1124306729,8.07947584348132e-06,0.0004249657309874,0.0095221953026504,4,False,False
electra-small,18,12,79.17222963951936,77.2,337270823,2.054977717592743e-05,0.0904871239895437,0.0171619627498201,2,False,False
electra-small,18,13,83.84512683578104,81.86666666666666,5803797,1.8679953101851567e-05,0.0017342897105516,0.1644075724220822,7,False,False
electra-small,18,14,80.90787716955941,80.26666666666667,24757700,7.41464645093362e-06,2.339532389921414e-05,0.1402855184523994,6,False,False
electra-small,18,15,67.1562082777036,68.93333333333334,368729590,5.043898865770352e-06,0.0094734148981228,0.1079839785047047,2,False,False
electra-small,18,16,85.04672897196262,81.86666666666666,1233788125,9.099021103016488e-05,0.090307459303495,0.0114229048469267,4,False,False
electra-small,18,17,83.31108144192257,82.53333333333333,1297427018,2.4169890876762143e-05,1.4163825436984804e-05,0.140677109740673,7,False,False
electra-small,18,18,83.17757009345794,80.53333333333333,611222104,2.7659425409696457e-05,0.0046728469094037,0.1360219193892473,3,False,False
electra-small,18,19,83.97863818424567,81.73333333333333,1636944809,6.927283051310306e-05,0.0741593747916313,0.1604733596635887,8,False,False
electra-small,18,20,83.44459279038718,82.8,1774389683,3.10832785366362e-05,0.0002303673274567,0.1677576453717059,9,False,False
electra-small,18,21,83.5781041388518,82.8,131416834,2.4335046492308298e-05,0.0002439837325309,0.0438277398741849,10,False,False
electra-small,18,22,84.51268357810414,81.46666666666667,116333778,5.270954773363218e-05,0.0001794694957254,0.058684354017624,4,False,False
electra-small,18,23,78.50467289719626,78.0,1402131856,1.8160612397197567e-05,1.504112456900492e-05,0.1823765508389596,2,False,False
electra-small,18,24,80.77436582109479,82.4,476727135,5.115252609648487e-05,0.0039962242584967,0.079722909317835,2,False,False
electra-small,18,25,69.69292389853138,71.2,845621148,1.0203952721880685e-05,0.0019428439146566,0.1277445011561066,2,False,False
electra-small,18,26,85.31375166889185,83.06666666666666,991303522,4.204247637065362e-05,0.0001783889770594,0.1929381644516653,6,True,True
electra-small,18,27,83.5781041388518,81.46666666666667,383987410,1.178498853431166e-05,0.0003189337339826,0.0529463854868824,9,False,False
electra-small,18,28,82.37650200267022,82.66666666666667,165791870,4.824215265260961e-05,0.0025438605038487,0.1136116254520681,6,False,False
electra-small,18,29,80.50734312416556,80.8,1326291390,1.2552725453392558e-05,5.495755036268143e-05,0.1686003127655906,4,False,False
electra-small,19,0,81.03448275862068,83.97350993377484,1355796791,9.82376468277206e-05,0.000313425455457,0.1640473753987307,10,False,False
electra-small,19,1,80.50397877984085,82.11920529801324,948214655,3.842037585931189e-05,3.62644962721227e-05,0.1629998625923865,3,False,False
electra-small,19,2,81.16710875331565,81.8543046357616,123268572,1.424309422771155e-05,0.0718528153318123,0.0974015404486567,9,False,False
electra-small,19,3,81.43236074270557,82.64900662251655,1389722818,2.764842687749037e-05,0.0001505150503887,0.0402128268784396,4,False,False
electra-small,19,4,83.42175066312997,83.44370860927152,851156784,3.0414327336783087e-05,0.000129080083698,0.1130912597608282,10,False,False
electra-small,19,5,81.16710875331565,83.44370860927152,712942931,3.2065250852924776e-05,1.3820084218759757e-05,0.121045641796585,8,False,False
electra-small,19,6,72.28116710875332,70.19867549668874,1930502512,7.728682155583786e-06,5.89471469909488e-05,0.0491712310803489,3,False,False
electra-small,19,7,80.76923076923077,83.44370860927152,1411437603,2.7789937799696387e-05,0.0001663741984911,0.0200957742438396,5,False,False
electra-small,19,8,82.89124668435014,83.84105960264901,1896417970,2.2744640694390568e-05,6.14646768066689e-05,0.1257156279370961,5,False,False
electra-small,19,9,80.90185676392574,81.05960264900662,1710504440,6.983360742535686e-06,2.932044485826928e-05,0.0350657180606985,8,False,False
electra-small,19,10,79.84084880636605,80.52980132450331,1509131856,1.6331764177680746e-05,1.3963046956676562e-05,0.0795331402060186,5,False,False
electra-small,19,11,79.973474801061,80.26490066225166,1461467010,6.268587704667973e-06,0.0010195890797292,0.1308387948861255,9,False,False
electra-small,19,12,79.57559681697613,81.19205298013244,905548628,9.826248298032558e-06,0.0001298561687911,0.1976952875662594,7,False,False
electra-small,19,13,80.63660477453581,81.8543046357616,862805177,7.391214985579704e-05,3.575669254777016e-05,0.0618748643332703,2,False,False
electra-small,19,14,80.50397877984085,81.19205298013244,63028162,1.0360688664405813e-05,0.0001855629395386,0.0224888965887348,7,False,False
electra-small,19,15,82.09549071618036,83.04635761589404,957653634,1.8020952780530664e-05,0.0030542611145499,0.0413764707436799,7,False,False
electra-small,19,16,77.9840848806366,78.94039735099338,485476775,7.103795869903631e-06,0.0062203716238338,0.1976047246854502,6,False,False
electra-small,19,17,81.16710875331565,83.17880794701986,977768206,3.5197175017440626e-05,0.0155753632623424,0.1576290699163906,6,False,False
electra-small,19,18,80.63660477453581,82.3841059602649,556933257,2.2277706436678923e-05,1.3965472788202296e-05,0.0283821064871564,8,False,False
electra-small,19,19,80.63660477453581,82.91390728476821,2015638527,4.823303090785063e-05,0.0033230014052669,0.1495568932019123,3,False,False
electra-small,19,20,81.43236074270557,83.17880794701986,1796817951,3.696298727748334e-05,0.0003804529848782,0.0968232605004118,5,False,False
electra-small,19,21,83.0238726790451,82.3841059602649,1748850675,7.356441640255647e-05,0.0001334416269324,0.0202364003634087,3,False,False
electra-small,19,22,80.76923076923077,81.72185430463576,1210553558,2.817290409900676e-05,0.0014826134897785,0.0929227733777279,6,False,False
electra-small,19,23,80.50397877984085,80.66225165562913,1456864425,1.814101993409126e-05,1.1408126296141276e-05,0.0379541197233964,4,False,False
electra-small,19,24,79.973474801061,82.11920529801324,940981075,1.364539399676648e-05,2.994192687647409e-05,0.0845711007223431,6,False,False
electra-small,19,25,80.76923076923077,81.05960264900662,786805206,1.0681021464633197e-05,0.001384660363211,0.0035204986317069,5,False,False
electra-small,19,26,80.63660477453581,81.8543046357616,1631604734,1.706118735885661e-05,6.548683277910612e-05,0.0799694530026438,6,False,False
electra-small,19,27,80.63660477453581,81.05960264900662,1990405624,1.60627256334238e-05,0.05940073208049,0.1862549347016184,7,False,False
electra-small,19,28,81.43236074270557,81.19205298013244,1444809097,2.0073602593389303e-05,0.087102604376272,0.1195867252499538,4,False,False
electra-small,19,29,83.55437665782493,85.29801324503312,1157075889,4.8838193291709694e-05,2.692388821681419e-05,0.0709537242794638,9,True,True
electra-small,20,0,81.97596795727637,83.6,1386338322,9.437095474132824e-05,0.0015299743866503,0.133966899425642,7,True,False
electra-small,20,1,80.77436582109479,82.93333333333334,299252643,3.978231634624683e-05,2.345359144418771e-05,0.1463967195901002,2,False,False
electra-small,20,2,81.44192256341789,82.66666666666667,339179982,4.496815195830511e-05,0.0747692498865193,0.0001330084393057,4,False,False
electra-small,20,3,80.64085447263017,83.2,1355564290,2.5036560035863247e-05,0.00092272363302,0.1556162092989234,7,False,False
electra-small,20,4,79.97329773030708,80.66666666666667,1662446546,5.801240686234772e-06,0.0008174646672776,0.0151946655397964,9,False,False
electra-small,20,5,67.1562082777036,67.33333333333333,378915384,8.789483868715776e-06,0.0003064710310572,0.1946340608312119,2,False,False
electra-small,20,6,81.44192256341789,82.4,502655569,2.314657525115004e-05,9.629540739252576e-05,0.0125736807374053,7,False,False
electra-small,20,7,80.77436582109479,82.66666666666667,1910066321,1.5430886182408372e-05,0.0292715884310922,0.0386500120968009,8,False,False
electra-small,20,8,80.90787716955941,83.73333333333333,919160010,2.432912471051945e-05,0.0001172534410626,0.1092266416480078,6,False,False
electra-small,20,9,81.57543391188251,82.0,846336476,1.6879794033193006e-05,0.0562803005332219,0.1257354201264854,4,False,False
electra-small,20,10,81.04138851802404,82.93333333333334,2109892817,4.27672674087406e-05,1.444976487386865e-05,0.1589433059843408,9,False,False
electra-small,20,11,81.17489986648866,81.06666666666666,1696917757,1.6145942767851293e-05,0.0262625743687697,0.0111021029392243,5,False,False
electra-small,20,12,81.04138851802404,82.53333333333333,540630631,3.6816856154237526e-05,0.0225750495036689,0.0687958508101539,3,False,False
electra-small,20,13,80.24032042723631,80.66666666666667,1678594589,8.007848627948891e-06,3.329613451293294e-05,0.1581803931694375,6,False,False
electra-small,20,14,81.17489986648866,81.46666666666667,1276507553,7.358658424856639e-06,1.6511889646118914e-05,0.1805447250498895,7,False,False
electra-small,20,15,80.10680907877169,80.8,1632898284,2.0111866325085163e-05,1.6175607814063874e-05,0.1296244342636123,3,False,False
electra-small,20,16,81.04138851802404,82.93333333333334,114622354,4.449488118623926e-05,0.0002870874537277,0.1357908477513818,8,False,False
electra-small,20,17,65.15353805073431,66.53333333333333,397613693,6.011395310405728e-06,0.0782172756390601,0.0689493858288536,2,False,False
electra-small,20,18,78.23765020026703,80.26666666666667,466984042,2.233537460469484e-05,0.0005827173704281,0.060042694314335,10,False,False
electra-small,20,19,81.30841121495327,84.0,1376331796,2.497818421004952e-05,0.0645247727365018,0.1444462207432212,6,False,True
electra-small,20,20,81.57543391188251,81.46666666666667,1776779938,1.3974059871828234e-05,0.0008882760707039,0.1941576603601249,6,False,False
electra-small,20,21,81.57543391188251,80.8,842589409,5.539342048697886e-06,0.0072043037928185,0.1799086045566868,9,False,False
electra-small,20,22,67.95727636849132,69.33333333333333,1214304080,1.5756102996928677e-05,0.0040481495557028,0.0806617319890354,2,False,False
electra-small,20,23,68.22429906542057,68.53333333333333,2052401886,5.455843453008283e-06,0.000250593577482,0.0683529440238313,3,False,False
electra-small,20,24,80.77436582109479,83.46666666666667,1203003951,4.461044143069176e-05,0.0006604945587515,0.1438267187689626,6,False,False
electra-small,20,25,80.50734312416556,81.33333333333333,95414033,8.92775401698561e-06,0.0002654677915285,0.1982218890176181,10,False,False
electra-small,20,26,81.70894526034714,81.2,351737229,1.34169308267757e-05,0.0015072455386261,0.1824218685766983,9,False,False
electra-small,20,27,80.90787716955941,81.86666666666666,1712499966,5.23003819272628e-05,0.0006749733671969,0.0916804853755452,2,False,False
electra-small,20,28,65.42056074766356,66.66666666666667,1310080177,5.616829845878766e-06,0.0031215110525513,0.1974325851892308,3,False,False
electra-small,20,29,79.4392523364486,76.93333333333334,743236801,6.937146255770481e-06,0.0002767522878444,0.0906936306002287,5,False,False
electra-small,21,0,81.27490039840637,83.93094289508632,132365594,6.345151723711e-06,7.189461057458941e-05,0.0643072137955481,8,False,False
electra-small,21,1,84.4621513944223,85.1261620185923,1553292130,6.735999744570401e-05,0.0808540476866703,0.0779711949838641,9,False,False
electra-small,21,2,83.66533864541833,84.86055776892431,418163331,1.983774106938199e-05,0.0001153149823562,0.1294353331520731,7,False,False
electra-small,21,3,83.00132802124834,84.19654714475432,1772703282,3.177108293172269e-05,0.0018728858593075,0.0477873361223848,6,False,False
electra-small,21,4,81.40770252324037,83.53253652058433,1866464029,1.2718396788129188e-05,0.0004862481132164,0.0790077306566463,6,False,False
electra-small,21,5,82.47011952191235,83.93094289508632,390202909,3.854131908920101e-05,0.0008455753863194,0.0453182291932318,3,False,False
electra-small,21,6,79.4156706507304,82.73572377158034,250082184,8.509961509832937e-06,0.0924320326670739,0.1801630090839512,5,False,False
electra-small,21,7,76.62682602921647,77.02523240371846,1470515581,1.6858525441890654e-05,0.0017510285919653,0.1121589508834156,2,False,False
electra-small,21,8,78.08764940239044,82.86852589641434,1086963637,1.3776590222440036e-05,8.465169602438173e-05,0.0861150570066963,3,False,False
electra-small,21,9,81.80610889774236,82.60292164674635,150952689,2.764480279939526e-05,0.006542701460955,0.1388217718146059,2,False,False
electra-small,21,10,83.39973439575033,85.65737051792829,1188306203,3.927450978657247e-05,0.0291193396925023,0.0277018563603257,9,False,False
electra-small,21,11,76.49402390438247,76.36122177954847,1554359298,5.291996137375695e-06,0.0561127944093163,0.1605228178756219,6,False,False
electra-small,21,12,85.65737051792829,86.05577689243027,1022029492,4.4785920778250384e-05,0.0034819269114102,0.1239206570884088,7,True,False
electra-small,21,13,83.26693227091633,84.4621513944223,106917527,4.725319814438919e-05,0.0054098661043472,0.0516629810951698,3,False,False
electra-small,21,14,82.60292164674635,83.66533864541833,144134645,2.210166908948078e-05,0.0477369400207448,0.0751332197865323,4,False,False
electra-small,21,15,83.39973439575033,83.53253652058433,2088523746,1.5844061291019697e-05,0.0037242743852875,0.0037581987922673,9,False,False
electra-small,21,16,81.40770252324037,83.53253652058433,1004283398,4.0331012110460005e-05,0.0300589640803255,0.1550828123880047,2,False,False
electra-small,21,17,82.07171314741036,83.66533864541833,525502566,6.505118371992189e-06,0.0011336309524725,0.0579367582389034,10,False,False
electra-small,21,18,83.79814077025232,85.52456839309428,2140817277,8.883854602438836e-05,1.1389623548851403e-05,0.1253502752506609,8,False,False
electra-small,21,19,83.13413014608234,84.06374501992032,1688083992,7.974653922938974e-05,0.0200479957443248,0.1977752445684879,9,False,False
electra-small,21,20,71.18193891102257,70.3851261620186,1310469333,5.539423697008272e-06,0.0223494228679042,0.1054182018457472,3,False,False
electra-small,21,21,84.06374501992032,85.1261620185923,1279925847,3.26123846728418e-05,0.0201111721443957,0.1414317314443329,9,False,False
electra-small,21,22,83.13413014608234,83.53253652058433,782079189,8.78870714275834e-06,0.0004630090250552,0.0758212089418431,10,False,False
electra-small,21,23,81.80610889774236,84.32934926958832,653500283,8.195500287012204e-05,0.0014887690298202,0.1962531820578496,5,False,False
electra-small,21,24,84.06374501992032,84.19654714475432,1668170071,2.135341572724164e-05,2.542359021853614e-05,0.0415001116843398,8,False,False
electra-small,21,25,83.53253652058433,86.18857901726427,674439141,4.9230476096356384e-05,0.0161180768318057,0.1525677045248435,3,False,True
electra-small,21,26,82.60292164674635,86.05577689243027,749299419,7.336551146732101e-05,0.0007173077014145,0.0445173989627688,2,False,False
electra-small,21,27,82.20451527224435,83.66533864541833,1649015483,9.37999408945978e-06,0.0030306112055904,0.1751094565882594,7,False,False
electra-small,21,28,71.97875166002656,71.18193891102257,8100837,6.3251985556308845e-06,0.0128435630931814,0.0452314224787803,4,False,False
electra-small,21,29,83.13413014608234,85.3917662682603,2096756481,9.86817773629573e-06,3.5739908595088406e-05,0.1198506161334731,10,False,False
electra-small,22,0,79.49400798934754,81.38297872340425,150195117,1.6187941301670473e-05,0.0022179751259416,0.1345803824295443,4,False,False
electra-small,22,1,79.76031957390147,81.64893617021276,120846358,1.974681393497828e-05,0.077573199032857,0.1364177007648273,8,False,False
electra-small,22,2,80.55925432756325,82.7127659574468,123374090,8.992745200967511e-05,0.000176857648993,0.0606623780015523,9,False,False
electra-small,22,3,78.56191744340879,80.31914893617021,1088019730,2.3377671432572183e-05,0.0006265943990423,0.0098410832492833,3,False,False
electra-small,22,4,80.15978695073235,81.38297872340425,2065588418,2.9487548026899903e-05,2.6444229450438165e-05,0.1211572801638285,9,False,False
electra-small,22,5,78.69507323568575,80.58510638297872,2139661922,8.190208460627833e-06,0.0788108099533763,0.0040646003114023,8,False,False
electra-small,22,6,80.15978695073235,81.91489361702128,2122424469,1.2509496005841922e-05,0.0042164051451761,0.1302321107265849,9,False,False
electra-small,22,7,78.42876165113182,82.31382978723404,562682982,3.572282280064505e-05,0.0001115539277261,0.0036561172309054,3,False,False
electra-small,22,8,80.55925432756325,81.78191489361703,1501876894,2.6439125259381208e-05,0.0322434132955747,0.0544939876059981,8,False,False
electra-small,22,9,80.95872170439414,80.31914893617021,2031495704,2.0747181811128577e-05,0.000132431710351,0.1149296152823411,7,False,False
electra-small,22,10,79.36085219707057,83.11170212765957,966244148,2.558247244198971e-05,4.163989412786328e-05,0.1712389475179335,6,False,False
electra-small,22,11,77.762982689747,81.91489361702128,1051821623,1.3184948344066844e-05,0.0083181343246073,0.1535566904195034,7,False,False
electra-small,22,12,79.2276964047936,80.85106382978724,1313346672,4.771065489040839e-05,0.0219267534979681,0.1153212797045788,3,False,False
electra-small,22,13,81.22503328894807,80.31914893617021,247513626,2.0925970946360165e-05,0.0045020464614039,0.1875445759558088,8,False,False
electra-small,22,14,79.89347536617844,83.37765957446808,1187223369,7.74164544958407e-05,0.0023889006690928,0.1383371902703085,6,False,True
electra-small,22,15,78.96138482023969,81.91489361702128,894189459,2.1062826793081525e-05,0.0003114378600322,0.0538296604975191,9,False,False
electra-small,22,16,79.36085219707057,81.25,231157538,1.984252542411379e-05,5.414879035023461e-05,0.045230455103384,9,False,False
electra-small,22,17,78.56191744340879,79.92021276595744,1949478070,9.377603302209426e-06,0.0345135714912665,0.1465039494078871,4,False,False
electra-small,22,18,79.49400798934754,81.51595744680851,1725961443,1.8550018848155066e-05,3.9943236374204674e-05,0.1859115764991223,9,False,False
electra-small,22,19,80.55925432756325,80.31914893617021,121780502,1.9121260653533983e-05,0.0011487280623691,0.0818465971440129,9,False,False
electra-small,22,20,79.89347536617844,82.04787234042553,116732913,7.996922623380966e-05,0.0269133977544448,0.0129321259824057,10,False,False
electra-small,22,21,72.17043941411451,70.47872340425532,1359525381,8.242449859174816e-06,0.0018907355089758,0.1499765712674924,3,False,False
electra-small,22,22,80.02663115845539,81.51595744680851,410555394,3.496686007839769e-05,4.66910782824703e-05,0.0646219257490608,7,False,False
electra-small,22,23,78.56191744340879,81.64893617021276,806165477,2.472184644458656e-05,3.570197172531442e-05,0.066617366667428,3,False,False
electra-small,22,24,80.69241011984022,81.78191489361703,995371471,5.941476506742657e-05,2.6538632084831645e-05,0.1280447069982827,4,False,False
electra-small,22,25,76.83089214380826,77.79255319148936,829114129,6.328409773792032e-06,0.039747544272424,0.0562870493044427,5,False,False
electra-small,22,26,79.89347536617844,81.51595744680851,1196021167,2.32947624733608e-05,0.0033291639358097,0.1016131981727651,7,False,False
electra-small,22,27,79.09454061251664,81.78191489361703,1360494326,8.905484099826322e-06,0.028655009083074,0.1632758830416996,10,False,False
electra-small,22,28,78.69507323568575,80.85106382978724,1581036848,8.66149338162742e-06,0.0018798809797095,0.1699861324596125,6,False,False
electra-small,22,29,81.75765645805592,82.44680851063829,1199305753,6.105512103131884e-05,0.0359053292671275,0.0253935645613143,8,True,False
electra-small,23,0,82.88409703504043,84.50134770889488,1247864200,3.021726076254444e-05,0.0358308812030293,0.0664274234107228,4,True,False
electra-small,23,1,82.88409703504043,83.55795148247978,687985653,5.296532164065251e-05,0.0002724445438597,0.174155298403177,5,False,False
electra-small,23,2,64.95956873315365,67.52021563342318,994295819,6.945593244901321e-06,0.0004074532116614,0.0015362643147588,2,False,False
electra-small,23,3,81.94070080862534,82.47978436657682,1294654684,3.033047060721998e-05,6.657970977161389e-05,0.1092627362917484,8,False,False
electra-small,23,4,78.16711590296497,79.91913746630728,715970532,5.092327868578891e-06,0.0464869859781401,0.0033867684352512,10,False,False
electra-small,23,5,82.21024258760107,83.01886792452831,281523385,8.238170628373946e-05,0.0029206540760034,0.0112256140714251,6,False,False
electra-small,23,6,80.99730458221025,80.18867924528301,133746931,3.919191719232662e-05,0.0003249001628401,0.1891016959272714,5,False,False
electra-small,23,7,82.21024258760107,82.74932614555256,206168402,2.468083901219222e-05,0.0750031428909667,0.1480023196827138,10,False,False
electra-small,23,8,64.82479784366576,67.25067385444744,1313068905,5.511725531693092e-06,5.432489601270813e-05,0.0609621193177112,2,False,False
electra-small,23,9,82.21024258760107,82.0754716981132,2055097694,1.5720682536234503e-05,0.0035874345340928,0.1951593631768159,8,False,False
electra-small,23,10,80.45822102425876,81.80592991913747,1644452857,3.6830386446234006e-05,0.0001805078540565,0.0184978160051577,3,False,False
electra-small,23,11,82.0754716981132,83.01886792452831,1179094923,3.3707623850101936e-05,2.968045639487404e-05,0.1699711053787238,8,False,False
electra-small,23,12,80.99730458221025,83.01886792452831,929135997,1.3430402162864222e-05,0.0353265530886118,0.1379193553601951,10,False,False
electra-small,23,13,82.21024258760107,84.09703504043127,1942279424,2.903347515281248e-05,0.0549492343442287,0.1119878659335747,10,False,False
electra-small,23,14,78.03234501347708,79.91913746630728,512258951,1.7351332393057804e-05,0.0062756084091402,0.0125224217287263,3,False,False
electra-small,23,15,73.98921832884098,75.06738544474393,905337513,7.467973747256707e-06,0.0006098367058124,0.0350144888541676,4,False,False
electra-small,23,16,80.45822102425876,83.55795148247978,1804457640,1.61678624283291e-05,0.0012604072128397,0.0746905326346449,8,False,False
electra-small,23,17,82.47978436657682,82.47978436657682,1425616200,3.5390516460800035e-05,0.0012563691805076,0.0831679520920203,7,False,False
electra-small,23,18,82.21024258760107,83.82749326145553,1649986013,9.566531432083406e-05,0.0544787437589207,0.139660978098677,10,False,False
electra-small,23,19,82.21024258760107,83.9622641509434,1408459200,8.470498018334482e-05,0.0001746563283387,0.0163252114207524,10,False,False
electra-small,23,20,78.30188679245283,79.38005390835579,2145550500,1.877393762888052e-05,8.559857060037034e-05,0.1016657466175024,3,False,False
electra-small,23,21,78.70619946091644,78.4366576819407,919004837,1.2057298212125682e-05,0.0259460259100847,0.1172979089050494,4,False,False
electra-small,23,22,82.74932614555256,84.90566037735849,1260582833,9.721073353144896e-05,0.0001991038818123,0.1938923367855479,5,False,True
electra-small,23,23,80.86253369272237,82.47978436657682,1750350987,1.838300962519145e-05,0.0067763024995387,0.0884665025497602,4,False,False
electra-small,23,24,73.31536388140162,76.54986522911051,1475422126,5.86107032771313e-06,1.6295586201201318e-05,0.196908831351983,6,False,False
electra-small,23,25,79.64959568733154,81.6711590296496,1079595761,3.815683705230727e-05,0.0444756606812066,0.1899135076145549,4,False,False
electra-small,23,26,79.24528301886792,81.26684636118598,1297643815,1.097426385150104e-05,0.0011681293401995,0.0444815874372684,9,False,False
electra-small,23,27,80.18867924528301,81.40161725067385,1556167344,1.0535570300678818e-05,0.0140660862089161,0.1850719393426051,7,False,False
electra-small,23,28,81.6711590296496,82.0754716981132,1687795081,5.9569323902204034e-05,0.0005836152491138,0.1037554975193508,10,False,False
electra-small,23,29,78.16711590296497,79.91913746630728,488976794,7.171525060879167e-06,3.673172964563068e-05,0.092559946170193,6,False,False
electra-small,24,0,80.0,82.4,608382715,5.332385669078785e-05,0.0295066069512262,0.1201489480220354,9,False,False
electra-small,24,1,79.06666666666666,78.93333333333334,392228173,2.255558501323256e-05,0.0093347884541312,0.079102360045539,3,False,False
electra-small,24,2,81.2,81.46666666666667,1268339767,7.585409324773845e-05,0.0036644370213971,0.1463728167436374,7,False,False
electra-small,24,3,74.13333333333334,73.2,1079429264,6.876816214242624e-06,4.1011829011936055e-05,0.0972032033704698,3,False,False
electra-small,24,4,81.2,80.53333333333333,995958199,7.987466848115554e-05,0.0938798797057025,0.1177632342143876,2,False,False
electra-small,24,5,80.0,81.86666666666666,1980937694,3.285077397488151e-05,2.337331335771476e-05,0.1114572264544018,10,False,False
electra-small,24,6,79.73333333333333,81.86666666666666,1634545956,4.405286553727789e-05,0.0278556332118967,0.094920250628858,8,False,False
electra-small,24,7,78.8,79.73333333333333,1780046511,7.4759384544413455e-06,0.0154970396008361,0.0292226195797857,6,False,False
electra-small,24,8,80.4,81.2,1572777829,2.496972526210437e-05,0.0006784289050713,0.04116577265119,9,False,False
electra-small,24,9,80.26666666666667,82.0,1545359885,8.861094664226247e-05,0.0007658551854243,0.1914267847131776,10,False,False
electra-small,24,10,80.93333333333334,83.33333333333333,992434664,4.07605420206774e-05,0.0524463800788327,0.1120914739094932,6,False,False
electra-small,24,11,78.93333333333334,79.06666666666666,980504496,1.569495193990604e-05,0.0925324670886492,0.1055314698342633,3,False,False
electra-small,24,12,79.86666666666666,82.4,2002695419,1.208743307115368e-05,0.0187715116930235,0.0411844234302064,9,False,False
electra-small,24,13,79.2,80.26666666666667,87821363,2.0964660287261e-05,0.0007831140492328,0.1580981534856912,2,False,False
electra-small,24,14,82.8,80.53333333333333,1003993515,6.034753292177928e-05,0.0006560686472474,0.1526470329488167,4,True,False
electra-small,24,15,69.33333333333333,66.93333333333334,16575764,5.39233418856604e-06,0.0038361864612628,0.0325617552001065,3,False,False
electra-small,24,16,78.93333333333334,82.4,567481681,1.4274622329277872e-05,0.0198462436739861,0.1854756483201644,5,False,False
electra-small,24,17,80.93333333333334,83.86666666666666,1018760285,2.462570013322382e-05,0.0040049955102096,0.0092551235928753,6,False,True
electra-small,24,18,76.26666666666667,75.33333333333333,1728938874,5.49106311128796e-06,6.19961041054711e-05,0.1700222841030306,5,False,False
electra-small,24,19,79.6,82.13333333333334,2034181455,1.848195349273724e-05,0.0012061344702599,0.0486272501183135,4,False,False
electra-small,24,20,80.4,81.2,1942251036,5.959210498292635e-06,0.0800399761551979,0.0097605006160857,10,False,False
electra-small,24,21,80.53333333333333,81.2,779499145,9.866071014760003e-05,0.0195881498373853,0.0519811517775896,9,False,False
electra-small,24,22,80.13333333333334,82.26666666666667,1161549806,1.1812810972923582e-05,2.607656550076736e-05,0.0352789736856507,10,False,False
electra-small,24,23,80.4,81.33333333333333,1055952161,1.708974322066229e-05,0.000619023568604,0.1257302105635059,9,False,False
electra-small,24,24,80.66666666666667,82.4,1548030441,4.8641889067911154e-05,0.0919193691071607,0.0988080786045741,8,False,False
electra-small,24,25,80.53333333333333,78.93333333333334,1692729816,6.5358871893703545e-06,0.0020191248961332,0.1111750244397596,6,False,False
electra-small,24,26,79.2,79.2,1093143721,5.6089419986316976e-06,0.0034762820712762,0.1271674023137929,8,False,False
electra-small,24,27,82.13333333333334,80.8,2066076211,2.3464425600343827e-05,0.0026092448376288,0.0750068376686272,6,False,False
electra-small,24,28,81.86666666666666,81.46666666666667,1387473864,1.1043380651086524e-05,0.001554503843167,0.1289516401479701,8,False,False
electra-small,24,29,81.33333333333333,83.46666666666667,745984599,5.412445634541772e-05,2.131448680357976e-05,0.0033325289153953,7,False,False
electra-small,25,0,81.39841688654353,81.79419525065963,618552822,5.655795998131152e-06,0.0121091132231592,0.0697291923617422,9,False,False
electra-small,25,1,82.98153034300792,81.79419525065963,664346874,1.518857239122226e-05,0.0007065700992824,0.1796204342827009,9,False,False
electra-small,25,2,84.1688654353562,82.05804749340369,801837910,1.3992446348445162e-05,0.0004982497936491,0.0265876429259571,9,False,False
electra-small,25,3,82.84960422163589,80.87071240105541,137389422,2.5818209201543847e-05,0.0003125595744081,0.0642879473149907,6,False,False
electra-small,25,4,75.32981530343008,73.61477572559367,1505693766,1.4150974359496356e-05,0.0352644163150747,0.0288124721777248,3,False,False
electra-small,25,5,81.6622691292876,80.47493403693932,988514636,6.432939893216998e-06,0.0006853666499477,0.1049307494338682,10,False,False
electra-small,25,6,84.82849604221636,84.1688654353562,1031241462,5.223723631196676e-05,0.0003753554458595,0.0180133799605015,6,False,True
electra-small,25,7,81.13456464379948,80.87071240105541,1005748781,1.271575006535562e-05,0.0002395193721045,0.1064524671093355,4,False,False
electra-small,25,8,84.30079155672823,83.64116094986808,132734286,6.633820554460254e-05,0.007185434518225,0.0021726759121321,5,False,False
electra-small,25,9,81.53034300791556,81.6622691292876,82658682,2.735925012675512e-05,1.0796485167021272e-05,0.0885349686131781,5,False,False
electra-small,25,10,80.73878627968338,81.00263852242745,1219396820,2.2978021914132576e-05,0.0013635772037836,0.169827451381045,3,False,False
electra-small,25,11,73.7467018469657,73.7467018469657,866617031,1.5901366914055805e-05,0.0031609362121265,0.1726407414308701,2,False,False
electra-small,25,12,83.64116094986808,81.92612137203166,1387657083,1.7717459676412375e-05,0.0006481880746988,0.1574621024645301,10,False,False
electra-small,25,13,83.50923482849605,82.98153034300792,1793663546,6.356312542893012e-05,0.0333535318277041,0.1703278662373782,9,False,False
electra-small,25,14,82.98153034300792,81.6622691292876,500685486,2.2215582791320733e-05,0.0004237690997717,0.1396796558723134,4,False,False
electra-small,25,15,84.69656992084433,82.45382585751979,80457732,4.6813784400835966e-05,0.0012552848455438,0.1518389307849072,3,False,False
electra-small,25,16,84.30079155672823,79.15567282321899,756596150,7.476372871095404e-05,0.0008537346826168,0.0268308652820701,2,False,False
electra-small,25,17,67.15039577836411,68.3377308707124,1334034190,6.30091115122761e-06,0.0001305853259031,0.023773735877046,3,False,False
electra-small,25,18,83.24538258575198,78.89182058047493,86349634,2.120370866573457e-05,0.0033378303802229,0.0934080504980058,3,False,False
electra-small,25,19,64.64379947229551,67.01846965699208,399096660,5.380236505566972e-06,0.0019713899434585,0.0174771063228933,3,False,False
electra-small,25,20,87.0712401055409,82.45382585751979,1549487656,5.472094537953572e-05,4.552033408667517e-05,0.0970777015963534,5,True,False
electra-small,25,21,84.96042216358839,82.18997361477572,405914466,9.59354507344477e-05,3.007227576863604e-05,0.1518118758984729,3,False,False
electra-small,25,22,83.11345646437995,82.32189973614776,757709171,2.0065471041612466e-05,9.045738270107624e-05,0.0602260725127463,10,False,False
electra-small,25,23,83.7730870712401,81.6622691292876,1921759146,3.756625450773731e-05,0.0487942882925828,0.0235373876324563,6,False,False
electra-small,25,24,83.7730870712401,82.45382585751979,2083739196,1.126190543868868e-05,0.0501983371191567,0.1230327542658346,10,False,False
electra-small,25,25,81.00263852242745,81.13456464379948,33841589,1.1928000989294562e-05,0.0001523558178294,0.0347559832919675,6,False,False
electra-small,25,26,82.71767810026385,81.2664907651715,624991713,2.8362009858578872e-05,0.0019661553033779,0.0421699113099809,4,False,False
electra-small,25,27,82.45382585751979,82.32189973614776,66199094,6.048815502146972e-05,0.069458990727144,0.1359869023145257,2,False,False
electra-small,25,28,83.37730870712402,80.73878627968338,484128334,1.5308051314228182e-05,1.3210591880204235e-05,0.1913121960582555,9,False,False
electra-small,25,29,83.50923482849605,81.79419525065963,176966890,1.6129990044410333e-05,0.0008967184407249,0.1852950314507969,8,False,False
electra-small,26,0,78.78378378378379,78.27260458839406,206782944,1.4678483611683496e-05,0.0001482116632903,0.1891591415840214,3,False,False
electra-small,26,1,80.67567567567568,80.83670715249663,654106041,8.46506504958802e-06,0.0007318371861548,0.098979185329474,8,False,False
electra-small,26,2,82.16216216216216,80.97165991902834,1611733192,3.492906127623922e-05,0.0265417275794296,0.085417267120997,2,False,False
electra-small,26,3,71.21621621621621,66.26180836707152,1435281854,8.34229084767162e-06,1.2570801674113168e-05,0.04246492080695,3,False,False
electra-small,26,4,81.75675675675676,80.97165991902834,1849860850,5.961663427824308e-06,0.0002492571142447,0.1736461600526126,9,False,False
electra-small,26,5,68.51351351351352,63.29284750337382,1458785723,5.104389617278928e-06,2.286430523980072e-05,0.0699991988730048,2,False,False
electra-small,26,6,79.45945945945945,79.08232118758434,1793641627,9.01188094800282e-06,0.0007588768339903,0.154002678000952,6,False,False
electra-small,26,7,77.56756756756756,74.7638326585695,474416265,1.3525187184363748e-05,0.076633308063573,0.1506730721354131,3,False,False
electra-small,26,8,82.70270270270271,83.26585695006747,1971254438,6.131247580883526e-05,0.0190094613749739,0.0065020871662508,3,False,False
electra-small,26,9,81.08108108108108,82.45614035087719,1194912550,1.8676316319329324e-05,3.0074355010745224e-05,0.172785739144956,6,False,False
electra-small,26,10,81.21621621621621,80.83670715249663,214698233,9.330485803763173e-06,0.0046776530686991,0.1228077387296328,6,False,False
electra-small,26,11,80.27027027027027,80.02699055330635,1708647181,8.980842161033535e-06,0.0034796097122282,0.0013908481457493,7,False,False
electra-small,26,12,79.32432432432432,77.19298245614036,1534094344,1.9323893031626225e-05,0.0004019450805691,0.0554023004733669,2,False,False
electra-small,26,13,82.16216216216216,81.91632928475033,1713180966,4.765156201777911e-05,5.446745439175226e-05,0.0739598327660563,7,False,False
electra-small,26,14,68.51351351351352,63.29284750337382,108582134,5.895416130744606e-06,0.0188060671579454,0.1580363752141252,2,False,False
electra-small,26,15,80.67567567567568,83.40080971659918,1016113910,2.8051464414822835e-05,3.0443945795057723e-05,0.177203697065321,10,False,False
electra-small,26,16,81.48648648648648,80.43184885290148,134512447,1.512723429175274e-05,7.958951414136175e-05,0.1180695050886258,5,False,False
electra-small,26,17,80.8108108108108,79.48717948717949,127488124,7.071939154224752e-06,0.0650834844036187,0.1381132401857995,7,False,False
electra-small,26,18,74.72972972972973,69.63562753036437,2007082413,1.723311842475351e-05,5.581103598525126e-05,0.1091747760617387,2,False,False
electra-small,26,19,82.16216216216216,81.10661268556005,1178930313,1.4372355310980254e-05,0.078101576660054,0.148969636870527,7,False,False
electra-small,26,20,83.24324324324324,82.45614035087719,1591305708,9.515091965905916e-05,0.000363871113219,0.1896277413081416,7,True,False
electra-small,26,21,69.86486486486487,65.72199730094466,446274317,5.155569748723179e-06,8.963112907010454e-05,0.1795517359816226,5,False,False
electra-small,26,22,82.83783783783784,82.45614035087719,1409236563,3.564237202773341e-05,0.0027307032970739,0.0703784644047124,3,False,False
electra-small,26,23,82.16216216216216,81.5114709851552,262090889,4.3441136505727e-05,0.0707011483468014,0.1454114177299082,3,False,False
electra-small,26,24,81.89189189189189,83.67071524966262,475123261,6.238938392290444e-05,0.001607313310455,0.1574317146759908,3,False,True
electra-small,26,25,82.97297297297297,82.05128205128206,2129303213,5.069758429397156e-05,0.0029296014561425,0.1999669245395247,9,False,False
electra-small,26,26,81.75675675675676,80.02699055330635,952823336,7.537161427762381e-06,0.0010479090276051,0.1952275090938971,7,False,False
electra-small,26,27,80.13513513513513,81.10661268556005,617368436,2.1234442988253983e-05,0.0011439295475016,0.0403620746250168,9,False,False
electra-small,26,28,77.70270270270271,76.24831309041835,1639811835,2.0194065806779788e-05,0.0003399993419167,0.1735296906280383,2,False,False
electra-small,26,29,81.75675675675676,82.86099865047234,1396956503,7.2791420886098e-05,0.0020453586898579,0.0200106888366728,2,False,False
electra-small,27,0,80.66666666666667,82.29027962716378,191612973,1.6361541226797494e-05,0.0136027213525518,0.003451592789053,10,False,False
electra-small,27,1,80.93333333333334,79.89347536617844,139413086,3.306057685100036e-05,0.0144404058171741,0.0774107202174433,2,False,False
electra-small,27,2,76.53333333333333,76.69773635153129,583376640,9.430447511502228e-06,0.0243259246521252,0.0808081642554237,5,False,False
electra-small,27,3,64.93333333333334,67.37683089214381,1374672582,8.632574160632412e-06,7.569787827233331e-05,0.1044997459689899,2,False,False
electra-small,27,4,79.86666666666666,82.15712383488682,864015821,1.1100984730888642e-05,0.0335222412187245,0.1177365123577544,10,False,False
electra-small,27,5,79.46666666666667,80.55925432756325,981055376,1.4094417756545612e-05,1.1040672444792502e-05,0.0127526715488045,6,False,False
electra-small,27,6,79.86666666666666,79.2276964047936,1872293915,1.492296406895424e-05,1.3705231896387504e-05,0.0169834578128057,8,False,False
electra-small,27,7,75.86666666666666,77.62982689747004,2133526088,1.524205353159932e-05,0.0018144246550253,0.1115683497240343,3,False,False
electra-small,27,8,80.93333333333334,80.82556591211717,1215034617,1.5564194636804777e-05,0.0003268894150556,0.105822790977142,4,False,False
electra-small,27,9,80.0,80.55925432756325,1087821561,5.731228768414018e-05,5.891001218156289e-05,0.0295247035798789,4,False,False
electra-small,27,10,82.0,81.89081225033289,443491491,7.740321824695435e-05,0.0003319734298298,0.1163994157456568,10,False,False
electra-small,27,11,81.73333333333333,82.02396804260985,750970758,4.863345481206042e-05,0.0490215012255823,0.0545637416291696,6,False,False
electra-small,27,12,82.26666666666667,82.68974700399467,785896528,7.874611746985823e-05,0.0059109319843513,0.0034101883706426,2,False,True
electra-small,27,13,81.06666666666666,81.35818908122504,1026849712,1.030124718963218e-05,3.5092027682291615e-05,0.0423361466552307,10,False,False
electra-small,27,14,82.26666666666667,81.75765645805592,1961470493,4.583277501891165e-05,0.0017575545588235,0.0154166703267097,3,False,False
electra-small,27,15,80.0,77.23035952063915,63725183,5.794147126943169e-06,1.829841530330541e-05,0.199976969830875,7,False,False
electra-small,27,16,78.53333333333333,78.42876165113182,432400270,1.131363502285259e-05,0.0005584702907402,0.0374124062345441,4,False,False
electra-small,27,17,78.66666666666667,78.16245006657789,1833604689,2.7238356522596143e-05,0.0003002218056778,0.0349203225754164,2,False,False
electra-small,27,18,80.53333333333333,80.15978695073235,2004106964,5.943268602009109e-06,3.9953760793432446e-05,0.1796966340161984,9,False,False
electra-small,27,19,66.13333333333334,69.37416777629826,1353748477,8.042969187986365e-06,5.917641793774455e-05,0.1476676184576742,2,False,False
electra-small,27,20,73.06666666666666,75.36617842876166,1738771035,5.416990647616984e-06,0.000160080993697,0.1398011324172154,6,False,False
electra-small,27,21,81.73333333333333,82.02396804260985,501109561,3.591314207154953e-05,0.0055329380669699,0.1878389212816249,6,False,False
electra-small,27,22,82.8,80.55925432756325,697673903,4.232643280064119e-05,3.046986482849693e-05,0.1329441862659845,10,True,False
electra-small,27,23,81.33333333333333,82.29027962716378,1803299630,1.919490817749719e-05,0.0745712963874803,0.1404592004937852,6,False,False
electra-small,27,24,81.86666666666666,82.29027962716378,1342921443,6.043789655102232e-05,0.0178989242713543,0.1118258583358604,5,False,False
electra-small,27,25,78.93333333333334,80.69241011984022,1373801370,5.54968251908109e-06,4.551118553634509e-05,0.1801866335764657,10,False,False
electra-small,27,26,78.13333333333334,81.0918774966711,1931756568,8.119763633576918e-06,0.0004913358184717,0.0375006325470341,8,False,False
electra-small,27,27,79.86666666666666,80.42609853528629,546656419,1.3804071235154008e-05,2.406155491851959e-05,0.05449992583659,5,False,False
electra-small,27,28,82.0,82.29027962716378,2063167599,5.345514006211408e-05,0.0020696357054148,0.1753608181437619,6,False,False
electra-small,27,29,82.4,82.02396804260985,520343151,5.246548266185134e-05,0.0056020695093602,0.0751464436837643,8,False,False
electra-small,28,0,85.00651890482399,80.70404172099087,224900699,4.651331344732852e-05,0.0009684746387056,0.1493795322038578,3,False,False
electra-small,28,1,84.09387222946545,81.35593220338983,639444756,9.843367127195308e-06,0.0006179757373558,0.158195642795796,10,False,False
electra-small,28,2,83.83311603650587,79.92177314211213,200092174,6.442629814756323e-05,0.000110751580759,0.0420568486666876,3,False,False
electra-small,28,3,85.13689700130378,82.39895697522816,982482892,4.869004924297374e-05,0.0008707142629815,0.0148902786072309,10,False,False
electra-small,28,4,80.96479791395046,80.3129074315515,78989753,1.3538109980746173e-05,0.003169681353745,0.1397789509003082,9,False,False
electra-small,28,5,85.91916558018254,80.1825293350717,794166133,5.654316164810596e-05,2.634199834821496e-05,0.1931723694112732,6,False,False
electra-small,28,6,68.57887874837027,67.27509778357236,1325379554,7.928133484733457e-06,0.0462819277143858,0.049531365907676,2,False,False
electra-small,28,7,83.70273794002608,81.7470664928292,85229497,1.4579973169772042e-05,0.0097235821401335,0.1607654459801661,9,False,False
electra-small,28,8,83.57235984354628,82.13820078226858,1443408470,2.382940121977712e-05,0.0125415715059301,0.0032017027361223,9,False,False
electra-small,28,9,80.70404172099087,77.70534550195568,1748733465,1.2860368409496547e-05,0.0007307353180684,0.1564009164048567,3,False,False
electra-small,28,10,83.70273794002608,79.92177314211213,2012059292,7.403670874683085e-06,0.0004565755412782,0.1373280738301452,8,False,False
electra-small,28,11,83.96349413298566,80.96479791395046,1588008269,2.401964908819172e-05,2.9883530353717376e-05,0.0240068022194534,9,False,False
electra-small,28,12,82.79009126466754,80.83441981747066,158235799,5.121006027090361e-06,0.0142478390356418,0.1310305760301458,10,False,False
electra-small,28,13,82.00782268578878,79.26988265971316,326876604,5.324176542175912e-06,2.0038709492123784e-05,0.0739232652839771,9,False,False
electra-small,28,14,85.26727509778357,80.57366362451108,260199196,5.500065639994938e-05,0.0002256880641771,0.0554730928481856,9,False,False
electra-small,28,15,83.70273794002608,79.53063885267275,337594554,6.160876406541312e-06,0.0001848035938927,0.1912255195344605,10,False,False
electra-small,28,16,68.57887874837027,67.27509778357236,1574682291,6.92411803744872e-06,3.489782172369236e-05,0.1372514226396927,2,False,False
electra-small,28,17,84.61538461538461,81.09517601043025,155203083,2.750091984879204e-05,0.0111689297513995,0.0404030187241044,3,False,False
electra-small,28,18,83.96349413298566,80.83441981747066,745407045,4.646180844818375e-05,0.0004873499016565,0.1250948437859422,6,False,False
electra-small,28,19,84.7457627118644,81.61668839634942,669773128,1.4715355820357074e-05,0.0377539116355596,0.0322050437530385,8,False,False
electra-small,28,20,82.26857887874837,79.79139504563233,892181819,7.264316395391214e-06,0.0363957137240031,0.0077243656362683,8,False,False
electra-small,28,21,78.35723598435463,76.01043024771839,589672469,1.623629492871889e-05,0.0032063725544912,0.1616720847196359,2,False,False
electra-small,28,22,77.44458930899609,76.27118644067797,982157762,2.211237039131264e-05,0.0014829724656674,0.1397975814950046,2,False,False
electra-small,28,23,83.3116036505867,80.05215123859192,691675842,1.6403830994353338e-05,0.0211241218456889,0.103494414944986,5,False,False
electra-small,28,24,80.96479791395046,79.79139504563233,1667598041,1.962149286479216e-05,0.0006761208652669,0.0526134697836946,9,False,False
electra-small,28,25,81.61668839634942,79.66101694915254,552161102,6.670288779121105e-06,0.0005354674085812,0.1026262495679769,8,False,False
electra-small,28,26,83.18122555410692,82.13820078226858,880760966,9.002486639738189e-05,0.0538635719465823,0.0153413231088235,8,False,False
electra-small,28,27,86.17992177314211,82.13820078226858,1609817408,6.656768383484143e-05,0.0070287735440082,0.1330251592839199,7,True,False
electra-small,28,28,83.57235984354628,83.18122555410692,672309848,2.7927131714137307e-05,0.0042888903962772,0.0628919405870909,7,False,True
electra-small,28,29,68.57887874837027,67.27509778357236,892047361,5.726356178564504e-06,0.0081192253252584,0.1597845472517001,2,False,False
electra-small,29,0,81.01430429128739,81.2987012987013,532388144,2.294072963858896e-05,0.000517479839045,0.1223066648480575,10,False,False
electra-small,29,1,82.3146944083225,81.68831168831169,1614217232,6.325856648866094e-05,0.0149422055465776,0.1602485719222133,6,False,False
electra-small,29,2,83.87516254876464,82.46753246753246,209306416,2.120571613379571e-05,8.204460917255798e-05,0.1454908322064783,9,False,False
electra-small,29,3,83.09492847854357,82.33766233766234,997905108,5.794140649215226e-05,0.0027536865164653,0.1677190852277616,4,False,False
electra-small,29,4,80.36410923276983,81.68831168831169,1344541041,2.31916129036882e-05,3.477532915023372e-05,0.1639921582819231,2,False,False
electra-small,29,5,82.3146944083225,81.2987012987013,1741552437,1.142158330548623e-05,0.0002909751125666,0.02310277912208,9,False,False
electra-small,29,6,83.87516254876464,82.20779220779221,1830313156,4.925891589344747e-05,0.0008030282419737,0.1301340793583288,2,False,False
electra-small,29,7,69.83094928478543,69.0909090909091,922612645,5.17313528592786e-06,2.866214839838325e-05,0.1611968614848614,3,False,False
electra-small,29,8,83.6150845253576,83.37662337662337,1732267915,6.704689076336911e-05,0.0002345324483928,0.0201351841358687,2,False,False
electra-small,29,9,83.22496749024707,81.55844155844156,916068395,9.13077919801813e-05,1.812589538966108e-05,0.1387148804641592,7,False,False
electra-small,29,10,82.05461638491548,83.37662337662337,741224689,1.651703529904422e-05,0.0002251931948206,0.1713299558823655,7,False,False
electra-small,29,11,83.74512353706112,82.07792207792208,1596907415,7.067165360243948e-05,0.0099793289348347,0.1825243265915569,3,False,False
electra-small,29,12,85.30559167750324,83.50649350649351,1294510049,5.7065241621348434e-05,0.0018185059490249,0.1166952854685294,3,True,False
electra-small,29,13,81.66449934980494,82.85714285714286,1837259473,5.063601881607185e-05,0.0281057816381738,0.0637777596468532,8,False,False
electra-small,29,14,76.72301690507152,75.97402597402598,240198941,1.2243645707613908e-05,4.527895292349904e-05,0.0848242790238382,3,False,False
electra-small,29,15,70.48114434330299,69.48051948051948,1448059344,5.103033495997834e-06,0.002283788428221,0.1411113021065145,3,False,False
electra-small,29,16,81.40442132639792,83.76623376623377,389446387,1.5818544319624977e-05,1.1601037803227857e-05,0.1163082804533906,5,False,False
electra-small,29,17,83.35500650195058,82.46753246753246,50341934,1.670641909996992e-05,3.097453175241823e-05,0.1790927053413244,7,False,False
electra-small,29,18,81.79453836150846,83.37662337662337,772492975,4.413197858095517e-05,0.0133400989481167,0.0327940417988452,3,False,False
electra-small,29,19,81.01430429128739,81.81818181818181,1588924863,7.73190615499961e-06,8.787544036644213e-05,0.1438856953466169,7,False,False
electra-small,29,20,83.4850455136541,82.98701298701299,675881243,3.277790763708483e-05,0.0003123119720973,0.1605997159922162,5,False,False
electra-small,29,21,81.66449934980494,82.72727272727273,1232276527,2.1524912022205915e-05,5.5358947328065406e-05,0.1315012742491426,7,False,False
electra-small,29,22,82.57477243172951,80.77922077922078,1053071019,7.725936544996006e-06,0.0005476013893335,0.0473048005955802,6,False,False
electra-small,29,23,81.66449934980494,84.8051948051948,2096550104,2.7187413222819693e-05,0.001138998886292,0.1790759621911814,7,False,True
electra-small,29,24,73.60208062418725,73.37662337662337,1993675588,7.999608660266159e-06,0.0226940633584496,0.0011258031354673,3,False,False
electra-small,29,25,81.66449934980494,82.59740259740259,1931203331,2.9326624888948383e-05,0.0506238666288812,0.0457738310367806,6,False,False
electra-small,29,26,81.79453836150846,81.2987012987013,1821085628,1.168377532292885e-05,0.0099513246245424,0.1396388810712178,8,False,False
electra-small,29,27,80.23407022106632,80.0,1465197766,2.098607139968189e-05,0.0128238256556381,0.0364478686836378,2,False,False
electra-small,29,28,83.4850455136541,82.98701298701299,305700466,1.4292739203920502e-05,0.0627967932671498,0.1894620676084804,7,False,False
electra-small,29,29,82.3146944083225,81.81818181818181,1126543453,4.30049265962837e-05,3.81089518402557e-05,0.1550409393865435,2,False,False
mobilebert,0,0,82.41610738255034,80.80536912751678,552186821,5.340806506890254e-05,0.0002288436377897,0.0507560123553533,3,,
mobilebert,0,1,80.67114093959732,80.26845637583892,1924720822,1.516106459090348e-05,0.0001292778338517,0.1687208699374602,5,,
mobilebert,0,2,82.81879194630872,83.22147651006712,1564567391,3.7854431229709975e-05,0.0008592191847467,0.1983127685912705,4,,
mobilebert,0,3,68.18791946308725,69.53020134228188,1118555018,6.112760209507775e-06,0.0005787313656559,0.074289118123262,2,,
mobilebert,0,4,77.04697986577182,74.22818791946308,1097816645,5.535948208580436e-06,0.0010873073173511,0.1957217624644036,6,,
mobilebert,0,5,80.93959731543625,79.73154362416108,913692574,2.5390625189910044e-05,0.0986056436990733,0.0450031293735704,3,,
mobilebert,0,6,74.8993288590604,76.64429530201342,1228862378,1.1276193460447166e-05,0.0002692200277581,0.0692318578575708,3,,
mobilebert,0,7,81.20805369127517,79.06040268456375,1210580961,1.478792679157445e-05,0.0004910508616327,0.0071982294264656,5,,
mobilebert,0,8,74.63087248322148,76.10738255033557,1541783379,1.3588593436610532e-05,0.0002413795963333,0.0879126140575595,4,,
mobilebert,0,9,71.54362416107382,71.00671140939598,1971088681,1.5540985447580376e-05,0.0023113838564851,0.0721408838643907,7,,
mobilebert,0,10,81.87919463087249,83.48993288590604,505976714,1.67529662659511e-05,0.0019037985916527,0.1115602240259425,7,,
mobilebert,0,11,68.32214765100672,70.60402684563758,1966814729,9.222992862427164e-06,0.0001205349351329,0.1932824113955883,3,,
mobilebert,0,12,79.73154362416108,79.06040268456375,1507647921,6.956416138791797e-06,0.0565124302001832,0.0123859219797186,7,,
mobilebert,0,13,83.35570469798658,82.28187919463087,10478728,3.908114469195428e-05,0.0003025360930932,0.0530284300149232,3,,
mobilebert,0,14,77.31543624161074,75.57046979865771,1697334549,7.266185896862302e-06,0.0419469960089966,0.109960654926715,4,,
mobilebert,0,15,84.42953020134229,84.56375838926175,1748444886,3.842716746612664e-05,3.7168557083801887e-05,0.1597598245207319,6,,
mobilebert,0,16,83.48993288590604,83.6241610738255,1596380205,8.6826853948116e-05,0.0051520182765743,0.1055550911950883,9,,
mobilebert,0,17,83.89261744966443,83.35570469798658,46947348,5.643753301596636e-05,0.0341938788587168,0.0651874710292044,6,,
mobilebert,0,18,32.88590604026846,31.409395973154364,2039747471,7.914460843492073e-06,0.0011576511895694,0.0626845938594566,7,,
mobilebert,0,19,80.53691275167785,78.79194630872483,1624135151,3.480802059894945e-05,0.0007532752700642,0.1376755079912191,2,,
mobilebert,0,20,82.5503355704698,82.5503355704698,621725553,3.1667999659780546e-05,0.0401622218748567,0.0592797687513293,5,,
mobilebert,0,21,67.24832214765101,69.39597315436242,1105385606,7.760002481173719e-06,0.0001868696274812,0.0252543758038573,4,,
mobilebert,0,22,82.81879194630872,83.22147651006712,772252291,9.29438238028162e-05,0.0510009400916307,0.1271146315181882,9,,
mobilebert,0,23,69.79865771812081,70.20134228187919,1684670758,7.310943239666393e-06,0.000786330843005,0.1849917268321803,10,,
mobilebert,0,24,71.94630872483222,71.40939597315436,1477247771,1.116727599751747e-05,0.0204714814209981,0.0614093874100002,8,,
mobilebert,0,25,83.22147651006712,84.29530201342281,1355693190,9.44096546611981e-05,0.0692963387470389,0.16670216526404,3,,
mobilebert,0,26,74.09395973154362,73.55704697986577,23443984,6.901185719778157e-06,9.309823673992823e-05,0.178879777255353,4,,
mobilebert,0,27,68.99328859060402,68.7248322147651,1640253533,7.615674412286402e-06,0.0076997501389955,0.1752898193481384,2,,
mobilebert,0,28,81.47651006711409,82.41610738255034,625335119,1.8263571577672448e-05,7.55513795679758e-05,0.1113717333584885,8,,
mobilebert,0,29,83.22147651006712,83.08724832214764,81552713,5.4111596890469726e-05,1.4188204190568276e-05,0.0821960860559481,6,,
mobilebert,1,0,58.40108401084011,59.26928281461434,1781183161,1.5833906276049133e-05,0.0058878862800733,0.1181074386531259,5,,
mobilebert,1,1,83.46883468834689,81.32611637347767,1872052822,5.66374460953993e-05,0.0002629982772147,0.1069824349206094,5,,
mobilebert,1,2,82.24932249322494,77.94316644113667,614327837,1.1666493576620296e-05,9.384711650988216e-05,0.0341865404785,6,,
mobilebert,1,3,56.233062330623305,55.0744248985115,683255881,5.704937418093052e-06,0.0480161189615385,0.0807509888043951,2,,
mobilebert,1,4,80.48780487804878,78.07848443843031,1917703489,1.0791807787673622e-05,0.0001533375928402,0.0951779958025476,8,,
mobilebert,1,5,79.81029810298104,76.99594046008119,314875778,7.613047091573869e-06,0.0137802268733378,0.0753610625352016,8,,
mobilebert,1,6,80.89430894308943,79.97293640054127,1119536705,4.5121368676978544e-05,0.0221698933427268,0.0172780176344615,3,,
mobilebert,1,7,82.65582655826559,81.59675236806495,2078293733,6.123262928565654e-05,0.000794307978405,0.084984299324305,8,,
mobilebert,1,8,81.97831978319783,81.19079837618403,1634824078,1.713368593212691e-05,1.9125431028614927e-05,0.1593720538776925,10,,
mobilebert,1,9,81.16531165311653,80.92016238159675,2015724664,8.356633750152789e-06,5.825770902314039e-05,0.1016601186513767,10,,
mobilebert,1,10,66.26016260162602,67.79431664411366,2137217952,9.363327154241418e-06,1.074589524412915e-05,0.1926681597443461,7,,
mobilebert,1,11,81.30081300813008,80.37889039242219,849363155,1.1934835068713465e-05,6.891900650077371e-05,0.149994385686963,9,,
mobilebert,1,12,58.40108401084011,58.18673883626522,602754999,3.2767224442309545e-05,0.0001913011907842,0.0043831261199108,4,,
mobilebert,1,13,64.49864498644986,61.163734776725306,81632139,5.732675101569394e-06,0.0142925446894764,0.1966329537520246,5,,
mobilebert,1,14,82.38482384823848,82.94993234100136,1129922711,4.078617301048178e-05,0.0066864254176541,0.1117281285163512,9,,
mobilebert,1,15,53.52303523035231,52.77401894451962,1321185794,5.718986477254926e-06,0.0039943900965421,0.1879788265892893,7,,
mobilebert,1,16,75.06775067750678,75.77807848443842,256585182,5.800665722229869e-06,0.0004382526628686,0.1480797205968014,5,,
mobilebert,1,17,84.01084010840108,81.7320703653586,1333553246,2.261494578797673e-05,2.0345883806426403e-05,0.0740946438182654,8,,
mobilebert,1,18,82.65582655826559,81.59675236806495,730380008,1.390277676917991e-05,0.013356306299339,0.0434481528572487,10,,
mobilebert,1,19,78.86178861788618,77.94316644113667,1539857886,6.17110871336276e-06,0.000129064198136,0.1222810865389904,10,,
mobilebert,1,20,67.07317073170732,69.55345060893099,1984743224,5.336227687886613e-06,3.951537874141019e-05,0.1641197631120793,3,,
mobilebert,1,21,84.68834688346884,83.22056833558864,276641264,5.2545456300412405e-05,0.0086576689411675,0.1658871871339385,8,,
mobilebert,1,22,72.22222222222223,73.6129905277402,1289066510,8.39284518972715e-06,0.0001281797986275,0.0314210937735372,3,,
mobilebert,1,23,83.87533875338754,82.4086603518268,521872815,2.5582198530977147e-05,0.0243124639619958,0.101269379635479,9,,
mobilebert,1,24,56.91056910569106,55.886332882273344,930282982,9.015216208725729e-06,0.0445435172738809,0.1954091483207094,9,,
mobilebert,1,25,68.56368563685636,65.2232746955345,1330080552,1.1863016573624885e-05,5.329341115217329e-05,0.1895624540898521,6,,
mobilebert,1,26,81.43631436314364,80.51420838971583,825862913,7.625886232122769e-05,0.0003775488575885,0.1584547203937876,2,,
mobilebert,1,27,78.99728997289972,79.97293640054127,1993246007,1.289720674457808e-05,0.019519599273979,0.0364493642523922,5,,
mobilebert,1,28,83.87533875338754,82.4086603518268,1536369654,8.860333125753454e-05,3.631459429418532e-05,0.1842394503370771,8,,
mobilebert,1,29,82.79132791327913,80.10825439783491,1752420846,3.414001060197736e-05,0.004178697672114,0.0512332171518844,4,,
mobilebert,2,0,84.31635388739946,82.4396782841823,1398130877,7.198582000060362e-05,0.0010081973315283,0.0274887981671731,5,,
mobilebert,2,1,83.78016085790885,81.90348525469169,349582175,2.297296399296741e-05,1.108897674160021e-05,0.0319905911454924,10,,
mobilebert,2,2,71.84986595174263,71.98391420911528,1840386360,9.785217583197426e-06,0.0001541316413525,0.1637265520671635,2,,
mobilebert,2,3,83.91420911528151,80.6970509383378,1260036890,7.744429301615024e-05,0.014700327062334,0.0844750969232827,10,,
mobilebert,2,4,83.91420911528151,81.09919571045576,1145604595,8.348118880270268e-05,1.366288285304375e-05,0.0765034718030449,6,,
mobilebert,2,5,83.91420911528151,81.09919571045576,396132276,6.348776550519368e-05,0.0398426693244039,0.0943370057105209,9,,
mobilebert,2,6,69.97319034852546,66.48793565683646,1452691176,5.79546200346147e-06,4.0531463492318976e-05,0.0199226887572217,7,,
mobilebert,2,7,75.60321715817695,73.72654155495978,1005094178,8.134854238288635e-06,8.733769453763538e-05,0.1226979148590647,4,,
mobilebert,2,8,83.37801608579089,82.30563002680965,1672769183,9.678192156181602e-05,0.0854090759087382,0.0333196045279117,3,,
mobilebert,2,9,84.71849865951742,81.63538873994638,550977253,9.116691972698367e-05,4.508192846981244e-05,0.1752461749177931,10,,
mobilebert,2,10,78.15013404825737,75.7372654155496,217828213,6.328600122696412e-06,1.0474502079554491e-05,0.1397380783898251,7,,
mobilebert,2,11,84.31635388739946,80.83109919571045,184081606,4.486018184310482e-05,0.0026352656877531,0.1425677815615611,7,,
mobilebert,2,12,83.6461126005362,80.9651474530831,123869858,2.6742870366063542e-05,3.5812646142062e-05,0.1586843397710678,7,,
mobilebert,2,13,84.98659517426273,82.03753351206434,1183008536,5.189551086980118e-05,0.000680284216326,0.0503525784243841,8,,
mobilebert,2,14,84.45040214477211,82.30563002680965,172360262,7.990382006431638e-05,0.0001403405442867,0.0910047932994477,8,,
mobilebert,2,15,81.36729222520107,79.22252010723861,606376527,1.5867081981354088e-05,0.0049721598301604,0.0253085669080102,9,,
mobilebert,2,16,83.91420911528151,82.30563002680965,1125623114,6.673865352937474e-05,0.0003549660599241,0.154640114370182,6,,
mobilebert,2,17,75.60321715817695,73.45844504021447,909413735,7.279414314586668e-06,0.0001354766744512,0.1756360798306441,4,,
mobilebert,2,18,67.828418230563,65.68364611260054,1787671421,1.1752298505280692e-05,0.0052263533628108,0.1545219852888373,2,,
mobilebert,2,19,82.97587131367293,81.23324396782841,1490477705,3.026482885196919e-05,2.9349108166385303e-05,0.0615676898806629,5,,
mobilebert,2,20,77.7479892761394,74.66487935656836,1873822887,2.080094890223489e-05,5.487412246781811e-05,0.0684592931902307,2,,
mobilebert,2,21,67.828418230563,66.3538873994638,542061734,1.7790563471632225e-05,0.0096661475181309,0.0398890798578242,3,,
mobilebert,2,22,83.24396782841823,79.49061662198392,1315464125,1.863758483761577e-05,0.0219499962912468,0.0759996230432649,6,,
mobilebert,2,23,81.63538873994638,81.63538873994638,1574009672,4.225504210913143e-05,4.339747333240193e-05,0.0301289411199833,2,,
mobilebert,2,24,71.58176943699732,69.70509383378015,1549049643,7.0883061150005385e-06,8.618397630238251e-05,0.0157332543186028,9,,
mobilebert,2,25,83.37801608579089,80.83109919571045,1415386058,2.620627191843847e-05,0.0516758923017779,0.1099509965216296,8,,
mobilebert,2,26,83.24396782841823,82.57372654155496,1869350609,3.4422286560361584e-05,0.0027670016014623,0.1956898107259982,6,,
mobilebert,2,27,83.51206434316354,80.9651474530831,311966340,2.5596353979062557e-05,0.0003537570055023,0.0486249507409236,5,,
mobilebert,2,28,83.10991957104558,82.03753351206434,1242697272,3.537520810484921e-05,1.1898810726540584e-05,0.0030949429551184,7,,
mobilebert,2,29,59.24932975871314,59.11528150134048,1992449313,5.694470749299917e-06,0.0296167004225212,0.0662172086608071,6,,
mobilebert,3,0,81.84281842818429,78.61975642760487,772092259,1.1105272569991728e-05,0.0010413248064335,0.0698401132839135,9,,
mobilebert,3,1,82.92682926829268,79.83761840324763,1047397174,2.7604114379227225e-05,1.6896620203315397e-05,0.1811625738472357,4,,
mobilebert,3,2,83.60433604336043,81.59675236806495,1069153606,2.9694374963551013e-05,0.0004379042028365,0.0216946378843826,7,,
mobilebert,3,3,83.60433604336043,81.86738836265224,11525096,7.576377705314436e-05,0.0030876228800998,0.1321017202415922,4,,
mobilebert,3,4,84.55284552845528,82.27334235453316,625971960,8.786071029780011e-05,1.3025575503414216e-05,0.0798106129110034,6,,
mobilebert,3,5,80.21680216802169,76.99594046008119,437255117,1.0513791486886693e-05,0.003538931852033,0.0944100600183771,10,,
mobilebert,3,6,64.76964769647697,67.52368064952638,656302232,5.012666591011144e-06,0.0213716371842479,0.120592642303444,2,,
mobilebert,3,7,70.59620596205961,67.9296346414073,986771128,6.55306747541896e-06,0.0659350735547223,0.1681622005255032,2,,
mobilebert,3,8,83.46883468834689,82.54397834912044,1456791628,6.386711873461043e-05,6.623382211582644e-05,0.052767874547446,8,,
mobilebert,3,9,82.38482384823848,81.7320703653586,1256894122,9.148038163048557e-05,2.608863067645797e-05,0.0773420487459685,3,,
mobilebert,3,10,69.10569105691057,66.17050067658998,1266319966,6.211626377491118e-06,0.0001618593005298,0.1126652339843936,9,,
mobilebert,3,11,82.79132791327913,82.54397834912044,945268493,8.815524834057099e-05,0.0258367195218069,0.0359765706729097,4,,
mobilebert,3,12,76.55826558265582,72.66576454668471,1814993100,1.2355376282522926e-05,0.0130172650400082,0.1159013016756919,4,,
mobilebert,3,13,81.97831978319783,80.64952638700947,1262374546,2.1343659384003747e-05,2.7491463117250195e-05,0.132726650861922,10,,
mobilebert,3,14,84.68834688346884,82.67929634641408,945839845,4.420938606580226e-05,0.0212792695213431,0.006950831408225,10,,
mobilebert,3,15,60.43360433604336,58.4573748308525,715446568,1.7673556716442943e-05,1.99157206200981e-05,0.0987496374142583,9,,
mobilebert,3,16,81.84281842818429,82.54397834912044,1603578244,2.765535733848241e-05,0.0005147675861003,0.1171465511260635,6,,
mobilebert,3,17,82.52032520325203,81.59675236806495,1216320579,6.529260913186533e-05,0.012148131889651,0.0490185946512258,8,,
mobilebert,3,18,65.17615176151762,65.2232746955345,1677793149,1.8913133954790304e-05,0.0590394006626503,0.0158497110979835,10,,
mobilebert,3,19,77.37127371273712,74.56021650879568,1198566960,5.634360654420951e-06,9.75643079037538e-05,0.1373559730511514,9,,
mobilebert,3,20,81.70731707317073,81.46143437077131,1810089919,3.7368431315359214e-05,0.0004181232246876,0.1546181281094742,4,,
mobilebert,3,21,69.24119241192412,68.87686062246279,914480616,1.108476861711484e-05,0.0017415103522746,0.0370273244883723,3,,
mobilebert,3,22,83.06233062330624,82.67929634641408,275373469,6.0701784426438966e-05,0.0269564790787566,0.1043880429323925,3,,
mobilebert,3,23,83.19783197831978,82.67929634641408,1542630196,9.57385638913506e-05,0.0082042600167035,0.169545867484946,5,,
mobilebert,3,24,82.65582655826559,82.27334235453316,1535418855,8.319684864643303e-05,0.000572023682979,0.1072399917845897,5,,
mobilebert,3,25,69.37669376693766,68.6062246278755,681287169,6.459576392776244e-06,0.0310414481114595,0.0346004310191014,5,,
mobilebert,3,26,84.41734417344173,83.085250338295,1251807544,5.399599656295884e-05,7.790922833225666e-05,0.1213208681954688,5,,
mobilebert,3,27,82.11382113821138,80.24357239512855,1698221773,2.8684360678074584e-05,0.0091801814197034,0.0862413010372699,9,,
mobilebert,3,28,78.72628726287263,77.80784844384303,1851944790,3.0699350205438656e-05,3.22857714948642e-05,0.0984990837531148,2,,
mobilebert,3,29,80.21680216802169,78.48443843031123,1400315172,1.3373582677509883e-05,0.0031051406817442,0.0496758191134602,7,,
mobilebert,4,0,84.07557354925775,83.26585695006747,1002310498,5.177987175984005e-05,1.645657653525393e-05,0.1921485439217405,3,,
mobilebert,4,1,85.4251012145749,83.94062078272604,1861520617,5.334284978187511e-05,0.0001791470078911,0.0413816765974155,8,,
mobilebert,4,2,82.86099865047234,83.80566801619433,1702347552,4.4520561927248846e-05,0.0180833486224816,0.1185742541589892,4,,
mobilebert,4,3,69.77058029689609,68.69095816464238,2139227539,1.0075983432548411e-05,2.5541191908761518e-05,0.0569595015560324,7,,
mobilebert,4,4,81.64642375168691,83.13090418353576,1515329251,4.816507269644392e-05,0.0013782071511722,0.0654603604714133,3,,
mobilebert,4,5,61.94331983805668,64.1025641025641,1109335631,2.552566093342333e-05,0.000945680842428,0.1125390355778565,2,,
mobilebert,4,6,81.37651821862349,81.91632928475033,584954935,1.0730851706847284e-05,0.0048511646119844,0.1683526065504094,9,,
mobilebert,4,7,56.54520917678813,58.56950067476383,1930022167,6.083926698141805e-06,0.0392234213981471,0.1640759834525652,5,,
mobilebert,4,8,76.11336032388664,78.27260458839406,38125269,6.369461611023524e-06,3.88113493668046e-05,0.1876998338370156,8,,
mobilebert,4,9,84.88529014844805,84.21052631578948,619164165,5.871392076743415e-05,4.652634362334849e-05,0.0629719692044709,8,,
mobilebert,4,10,74.22402159244264,76.78812415654521,990507254,2.1096380189863576e-05,0.0001197522853504,0.142906585163146,2,,
mobilebert,4,11,84.61538461538461,84.21052631578948,1085668145,2.523397636474763e-05,0.0022464055826609,0.0217695462017802,9,,
mobilebert,4,12,83.67071524966262,82.5910931174089,978020144,3.493463154463636e-05,2.8307838127133155e-05,0.153374932019052,9,,
mobilebert,4,13,66.66666666666667,67.34143049932524,599604649,2.1594345951975705e-05,0.0012714306666535,0.1253531371604047,9,,
mobilebert,4,14,80.83670715249663,81.64642375168691,1472025249,2.1299891150385456e-05,0.000441156748893,0.0310242994690918,6,,
mobilebert,4,15,84.07557354925775,84.75033738191632,1521600729,8.02952272165708e-05,0.0226094775078579,0.0039590817183762,6,,
mobilebert,4,16,81.91632928475033,81.24156545209176,1758849726,1.1983118676964887e-05,0.0066990741716139,0.0822725183502139,10,,
mobilebert,4,17,61.26855600539811,64.1025641025641,521022477,1.1666866657867922e-05,0.0031661335084176,0.1168911152673951,5,,
mobilebert,4,18,82.99595141700405,80.97165991902834,401408064,1.2353760525652712e-05,0.0003409518296354,0.1908913952565897,8,,
mobilebert,4,19,65.58704453441295,68.28609986504723,629391801,1.0029408638225236e-05,0.0478258481657978,0.0082685188261216,3,,
mobilebert,4,20,65.18218623481782,67.88124156545209,697146077,6.8257543297432525e-06,0.0004446983181387,0.067972730731462,2,,
mobilebert,4,21,83.13090418353576,84.21052631578948,161615327,2.979193023332453e-05,0.0011393959737819,0.1477511309518947,7,,
mobilebert,4,22,65.0472334682861,67.74628879892038,990231192,9.024055594278676e-06,8.212318517806223e-05,0.104179924399617,10,,
mobilebert,4,23,83.80566801619433,83.40080971659918,1081948228,7.852746621403317e-05,0.0701057571183392,0.0110039990788087,10,,
mobilebert,4,24,83.94062078272604,81.5114709851552,1106011057,8.319461368043828e-05,1.6709384626143715e-05,0.0410153938066384,10,,
mobilebert,4,25,75.57354925775978,78.81241565452092,709149943,9.292796028355664e-06,0.030854217290712,0.1208587867251548,5,,
mobilebert,4,26,83.40080971659918,82.5910931174089,2099103547,2.022803096793567e-05,8.597754113245272e-05,0.1387963175596607,6,,
mobilebert,4,27,82.99595141700405,83.53576248313091,1857278966,1.4300480709967316e-05,0.0014782523310453,0.1674086321249827,9,,
mobilebert,4,28,62.88798920377868,62.61808367071525,2025987273,1.2340163567216295e-05,0.0005991790021811,0.1639967117035567,9,,
mobilebert,4,29,82.45614035087719,82.86099865047234,1971478527,1.583425352652331e-05,0.0022018049463864,0.1899403609023231,10,,
mobilebert,5,0,82.55659121171772,79.92021276595744,1100564043,1.1473212906923054e-05,0.0001375442208137,0.1939376582328374,10,,
mobilebert,5,1,81.89081225033289,80.98404255319149,1631116096,5.665463423049031e-05,0.0014278909228991,0.0644630524539069,2,,
mobilebert,5,2,80.55925432756325,78.98936170212765,1634797987,1.6631912362078167e-05,0.0298128839165559,0.1053272667598207,5,,
mobilebert,5,3,78.42876165113182,78.45744680851064,1824551414,6.187278954388201e-06,0.0007888549329414,0.0205991641788336,9,,
mobilebert,5,4,82.9560585885486,83.11170212765957,1962211618,2.733709446313447e-05,0.0006918211080612,0.0105181851078436,7,,
mobilebert,5,5,82.68974700399467,82.84574468085107,873008782,2.6058210830438628e-05,4.611794361135539e-05,0.0647537475975312,9,,
mobilebert,5,6,81.0918774966711,81.25,797928404,5.278414610531631e-05,1.0826041857898776e-05,0.0695657669382526,2,,
mobilebert,5,7,81.22503328894807,81.78191489361703,205077441,7.330425366628972e-05,0.001336423267721,0.1220800388136191,2,,
mobilebert,5,8,83.3555259653795,81.64893617021276,208774672,1.88235773709163e-05,4.627486387113631e-05,0.0503325564547462,7,,
mobilebert,5,9,33.95472703062583,32.31382978723404,1313871990,3.628456265820765e-05,0.0556468203437792,0.1814808875357343,2,,
mobilebert,5,10,66.44474034620507,64.49468085106383,706431059,5.531075445092592e-06,1.362511856620426e-05,0.0375884369939994,9,,
mobilebert,5,11,82.02396804260985,81.38297872340425,1129896192,6.851459489472658e-05,0.002553251867345,0.0788367571126836,2,,
mobilebert,5,12,59.52063914780293,56.11702127659574,983859129,9.749839609340384e-06,0.0009647856518589,0.077092144235023,8,,
mobilebert,5,13,82.42343541944075,83.24468085106383,837019520,4.9772611998597874e-05,6.213302630361725e-05,0.1948525092891966,5,,
mobilebert,5,14,83.48868175765645,80.85106382978724,829908428,1.7056474156701486e-05,8.739235765290749e-05,0.069496979321274,10,,
mobilebert,5,15,83.3555259653795,81.78191489361703,720757340,7.550023456209973e-05,3.676454419366847e-05,0.1402585799367474,9,,
mobilebert,5,16,53.66178428761651,51.06382978723404,60521567,5.246133406727334e-06,0.0048988743020451,0.0574246205664209,6,,
mobilebert,5,17,81.89081225033289,82.31382978723404,1905020701,4.437045109072752e-05,0.0035641739261932,0.0446028651495444,5,,
mobilebert,5,18,79.36085219707057,78.72340425531915,1867923001,1.2176077750863744e-05,0.0010370373070974,0.0694736338890094,8,,
mobilebert,5,19,81.75765645805592,84.30851063829788,1691214785,7.586506101388126e-05,2.327441651469928e-05,0.0851789685726942,3,,
mobilebert,5,20,69.6404793608522,67.81914893617021,778331337,1.0210761134258677e-05,0.0983818030480024,0.0197374236525701,3,,
mobilebert,5,21,54.99334221038615,53.8563829787234,1670065030,8.965319038293979e-06,1.874109339522956e-05,0.0398562357213922,7,,
mobilebert,5,22,80.69241011984022,82.7127659574468,2094838898,2.6541349131656733e-05,8.536446884346929e-05,0.1232301734101834,5,,
mobilebert,5,23,78.02929427430094,80.05319148936171,875584561,2.5813006945516975e-05,3.836448458223314e-05,0.197109477061702,3,,
mobilebert,5,24,82.9560585885486,83.6436170212766,696547557,4.605672797647756e-05,0.0006495230537825,0.0785779852890097,4,,
mobilebert,5,25,66.04527296937417,67.68617021276596,1417417841,7.975563023567996e-06,0.0005540131618106,0.1684110098718378,6,,
mobilebert,5,26,67.24367509986685,67.81914893617021,714125762,8.172929694580434e-06,1.470879842193814e-05,0.0488605412543082,2,,
mobilebert,5,27,80.69241011984022,78.05851063829788,37800585,3.440766287973887e-05,0.0358348421778835,0.0818903758430325,2,,
mobilebert,5,28,81.89081225033289,78.72340425531915,343692187,9.906289507725984e-06,0.0043046814103468,0.0670509935988138,7,,
mobilebert,5,29,80.02663115845539,78.19148936170212,976945715,1.2520861947701469e-05,0.0100084475284059,0.0428481777358478,8,,
mobilebert,6,0,68.25396825396825,68.12169312169313,999832495,5.923174478669143e-06,0.0013961310083064,0.0061100943437643,2,,
mobilebert,6,1,69.04761904761905,69.04761904761905,1585470417,8.120165322210606e-06,0.0001043936462823,0.1633779742406195,9,,
mobilebert,6,2,67.32804232804233,68.65079365079364,1323099631,4.001625715785855e-05,1.7153327380460807e-05,0.1186952703710877,5,,
mobilebert,6,3,80.29100529100529,77.11640211640211,1252841732,1.860286546155775e-05,0.0009620974347038,0.1534402914352727,3,,
mobilebert,6,4,74.60317460317461,73.80952380952381,1898468931,1.537154332652333e-05,0.0170891612277476,0.0816167642390705,3,,
mobilebert,6,5,67.5925925925926,64.28571428571429,284373060,5.800863493331172e-06,0.0648521307477566,0.1088566393770987,4,,
mobilebert,6,6,78.96825396825396,76.05820105820106,2050702386,1.2699872244009892e-05,0.0035387571373778,0.0881618575075408,4,,
mobilebert,6,7,58.86243386243386,58.73015873015873,114486183,1.5514698902759682e-05,0.010420500959639,0.0456421528876465,10,,
mobilebert,6,8,85.05291005291005,81.6137566137566,248284053,6.460239660807107e-05,0.0047805508673582,0.0514935321500076,5,,
mobilebert,6,9,83.06878306878306,80.55555555555556,1518827843,9.67168350809918e-06,0.0001613650796019,0.127433354075699,9,,
mobilebert,6,10,83.5978835978836,79.4973544973545,1659947265,1.7026004263250447e-05,1.0124728884869384e-05,0.108059196794485,5,,
mobilebert,6,11,82.93650793650794,79.62962962962963,1257412744,1.5301037886991333e-05,5.642090875534334e-05,0.1343298239445154,8,,
mobilebert,6,12,84.52380952380952,81.08465608465609,1607886580,4.453440844388585e-05,1.3445796141046473e-05,0.0108270173909044,8,,
mobilebert,6,13,84.52380952380952,82.4074074074074,1007827144,7.222157701064368e-05,0.0001028207519856,0.1698774828217469,10,,
mobilebert,6,14,79.76190476190476,76.85185185185185,1736325792,7.637787428739127e-06,1.3255746773843436e-05,0.0043698166009612,10,,
mobilebert,6,15,65.34391534391534,66.53439153439153,1885621498,1.1701791293977266e-05,0.0024480641630531,0.0068452919109838,8,,
mobilebert,6,16,82.14285714285714,79.1005291005291,513492980,1.6932912928188832e-05,2.949208071791518e-05,0.1130447892793576,4,,
mobilebert,6,17,68.51851851851852,67.19576719576719,401507579,7.147654724284241e-06,0.0008135809775761,0.1146849031277001,3,,
mobilebert,6,18,68.3862433862434,67.46031746031746,1221118730,1.3802510045921542e-05,0.00013231344768,0.1037467772841665,5,,
mobilebert,6,19,68.25396825396825,67.19576719576719,176298525,1.2499761331643542e-05,0.0048848912033044,0.0721302497701578,5,,
mobilebert,6,20,83.994708994709,81.21693121693121,1326525756,3.126057730707075e-05,0.0384353362163585,0.0778440837782672,5,,
mobilebert,6,21,68.12169312169313,67.85714285714286,398793592,7.145864515291253e-06,0.0005092469574583,0.1567541489026225,5,,
mobilebert,6,22,84.65608465608466,79.36507936507937,1979234862,4.725509350979712e-05,0.0004766404130029,0.1972337328183812,2,,
mobilebert,6,23,86.24338624338624,81.87830687830687,741846820,7.953251833019315e-05,0.002391552629313,0.0596098902705472,5,,
mobilebert,6,24,79.36507936507937,75.39682539682539,615739701,7.232494005241045e-06,0.0040937642523541,0.1153502071315647,7,,
mobilebert,6,25,83.33333333333333,78.3068783068783,193299278,2.6831233542624605e-05,0.0019766513632572,0.0233945707213627,4,,
mobilebert,6,26,59.523809523809526,56.34920634920635,2064215977,8.56604791143609e-06,0.007820524266253,0.0158028024356841,7,,
mobilebert,6,27,76.19047619047619,74.60317460317461,1970726194,6.208183207542529e-06,1.2007950653508647e-05,0.1524068938093976,7,,
mobilebert,6,28,84.52380952380952,82.27513227513228,66967617,3.353625067482852e-05,1.4034110469187303e-05,0.0240487397525536,9,,
mobilebert,6,29,76.58730158730158,73.28042328042328,28401069,1.3561830101538208e-05,0.0068481694260975,0.0731089864589495,3,,
mobilebert,7,0,62.972972972972975,66.39676113360323,669801983,1.1870711083130974e-05,2.273958942940225e-05,0.1846094546762607,6,,
mobilebert,7,1,71.62162162162163,73.27935222672065,1381664981,2.1483022816010905e-05,0.0476264809559195,0.0248326404618588,3,,
mobilebert,7,2,81.48648648648648,82.45614035087719,1421367685,4.133851304070438e-05,1.6647654712648196e-05,0.0762482231543114,6,,
mobilebert,7,3,78.37837837837837,80.70175438596492,1877393489,2.2235769954091864e-05,0.0004135130040487,0.0972533994291548,4,,
mobilebert,7,4,66.62162162162163,68.42105263157895,2051708329,8.240602248110246e-06,0.0393406003028267,0.1176017406174643,3,,
mobilebert,7,5,74.32432432432432,73.54925775978407,959740325,1.2775178043640056e-05,0.0008075824646301,0.0770679554717489,2,,
mobilebert,7,6,82.56756756756756,83.80566801619433,1497344760,5.635025309038899e-05,2.17493427920732e-05,0.0906904284018349,5,,
mobilebert,7,7,82.02702702702703,84.34547908232119,77422333,6.560038058263943e-05,0.069332721164369,0.1873028707735968,7,,
mobilebert,7,8,60.67567567567568,60.05398110661269,1966513664,5.274837009480263e-06,0.0009576292002064,0.0211833478404298,6,,
mobilebert,7,9,70.27027027027027,71.39001349527665,1575703674,1.3266573188422656e-05,0.0002090203240173,0.1887308986826384,2,,
mobilebert,7,10,79.45945945945945,81.64642375168691,2123912468,2.628012651892502e-05,0.0330221256741138,0.07213274915461,5,,
mobilebert,7,11,72.02702702702703,73.6842105263158,691269873,1.667174412797729e-05,0.0118267972058278,0.1601183549006592,7,,
mobilebert,7,12,82.16216216216216,84.21052631578948,1044662075,9.309468660129428e-05,0.0002547433425559,0.0613460154056388,4,,
mobilebert,7,13,65.4054054054054,67.61133603238866,561972632,6.852286984181553e-06,2.0853211090940783e-05,0.0636096355978785,9,,
mobilebert,7,14,80.8108108108108,82.72604588394061,771270848,5.42052024409797e-05,0.0241172510172487,0.1872257323220635,4,,
mobilebert,7,15,81.35135135135135,84.88529014844805,2145980701,3.234477100241321e-05,0.0002042037718053,0.1375431994595632,9,,
mobilebert,7,16,79.1891891891892,82.99595141700405,958416537,5.338117990019071e-05,6.047432739310032e-05,0.0827993159223178,8,,
mobilebert,7,17,78.37837837837837,79.75708502024291,1463457092,1.474858626534364e-05,0.0015562007782924,0.1556019566346656,5,,
mobilebert,7,18,69.86486486486487,68.28609986504723,1391515986,1.9496554897679957e-05,0.0086214955364403,0.1047308686438865,2,,
mobilebert,7,19,75.94594594594595,76.6531713900135,1211419414,1.9889007468806093e-05,3.466839726895036e-05,0.0973419181220642,3,,
mobilebert,7,20,81.48648648648648,82.72604588394061,805391759,4.634279944144159e-05,0.0013427184144601,0.1813028784172672,5,,
mobilebert,7,21,72.56756756756756,73.41430499325236,945147653,2.3392313754423324e-05,0.0037020506696731,0.1704384380031353,2,,
mobilebert,7,22,64.45945945945945,62.61808367071525,1569387876,5.640495434333888e-06,3.2151952601730907e-05,0.0367738471786086,9,,
mobilebert,7,23,79.86486486486487,82.32118758434548,102297720,2.0079457963336147e-05,0.0366668202139347,0.028053101765054,7,,
mobilebert,7,24,75.67567567567568,78.40755735492577,1567925853,1.6126987881244965e-05,2.113700472035223e-05,0.088006949087688,4,,
mobilebert,7,25,80.94594594594595,83.67071524966262,1792824729,6.925566408038595e-05,4.019087900358793e-05,0.0766387840191828,7,,
mobilebert,7,26,81.08108108108108,84.07557354925775,1753761426,7.685718316008733e-05,0.0021901392989033,0.1428974165470156,3,,
mobilebert,7,27,78.24324324324324,79.21727395411605,1361044218,2.148792823329332e-05,6.420032543999973e-05,0.0904427256397221,4,,
mobilebert,7,28,82.70270270270271,83.80566801619433,167206829,8.445630949422191e-05,1.5603485568186512e-05,0.0780500177152004,6,,
mobilebert,7,29,74.86486486486487,74.62887989203779,2026334275,9.588493485383744e-06,0.0042322337119436,0.0014541617172484,5,,
mobilebert,8,0,82.26018396846256,81.10236220472441,1817748981,5.313034245660285e-05,0.0284795019175226,0.1972896441440928,3,,
mobilebert,8,1,83.96846254927726,82.28346456692914,667310851,5.240868527410607e-05,0.0001131423232706,0.0798145291691801,8,,
mobilebert,8,2,83.18002628120894,82.54593175853019,263685978,8.485285201603064e-05,0.0730600619828344,0.1564218829277602,8,,
mobilebert,8,3,82.65440210249672,79.5275590551181,1856940870,1.4112395047782669e-05,0.0269053111124016,0.1489982606217257,7,,
mobilebert,8,4,84.49408672798948,82.02099737532808,1824204877,2.906572443218428e-05,0.0535125038419221,0.1203832566754421,10,,
mobilebert,8,5,83.18002628120894,79.5275590551181,355221711,2.220277898861774e-05,0.0083794943926037,0.0677655848713691,6,,
mobilebert,8,6,84.36268068331144,82.80839895013123,298550339,4.33089168620364e-05,0.0008315340696663,0.172196745375396,10,,
mobilebert,8,7,83.83705650459922,82.02099737532808,1486290479,6.587651291311749e-05,0.001033498445506,0.1246756619982227,6,,
mobilebert,8,8,74.77003942181341,73.88451443569554,1037253184,3.464980127904768e-05,0.0011014808939357,0.1044179552552458,2,,
mobilebert,8,9,78.05519053876478,75.98425196850394,2034197644,3.76106099387224e-05,0.0032953479535131,0.0158226340778703,2,,
mobilebert,8,10,80.946123521682,78.87139107611549,2130507405,3.963762300892486e-05,0.0015015230030697,0.0957919375458515,3,,
mobilebert,8,11,83.18002628120894,79.5275590551181,393725227,3.994962280429376e-05,0.0094190632318137,0.072014980891819,4,,
mobilebert,8,12,84.36268068331144,80.05249343832021,1727814404,1.781298751431272e-05,0.0005466503719841,0.0498719692192666,8,,
mobilebert,8,13,82.26018396846256,78.34645669291339,1734766304,1.3085376996944395e-05,4.201749585637112e-05,0.0888323572892083,7,,
mobilebert,8,14,76.34691195795007,76.37795275590551,543669484,8.89728895212439e-06,0.0025413690474064,0.0313749710247281,8,,
mobilebert,8,15,82.1287779237845,83.2020997375328,1119579889,2.6568746076479622e-05,1.835481937530426e-05,0.0495313701967635,6,,
mobilebert,8,16,74.24441524310119,72.30971128608924,2111988495,5.781217976827125e-06,0.0067142099330491,0.1229430283241351,6,,
mobilebert,8,17,83.18002628120894,82.80839895013123,407723071,5.483157128734695e-05,0.0442565590714648,0.0397015232381445,6,,
mobilebert,8,18,72.01051248357425,67.06036745406824,1462951588,1.964899566638341e-05,0.0002316650587117,0.1303237311166429,9,,
mobilebert,8,19,61.49802890932983,56.56167979002625,1968423253,5.273868853020802e-06,0.0161888189429372,0.0868383158831565,3,,
mobilebert,8,20,70.30223390275953,69.55380577427822,1787362142,1.0900221967649634e-05,0.0095372483224895,0.0853500510857855,6,,
mobilebert,8,21,68.98817345597898,64.82939632545931,145179260,2.135850699580305e-05,0.000228637178946,0.1002674356414172,2,,
mobilebert,8,22,76.08409986859395,73.22834645669292,413168129,5.814039975001147e-06,0.0003323501329369,0.1123839539398042,7,,
mobilebert,8,23,70.82785808147175,69.68503937007874,9632763,6.988099267746933e-06,0.0088512940554776,0.0642944195974817,3,,
mobilebert,8,24,83.04862023653088,79.65879265091864,675551681,2.3828805047313277e-05,0.0007871638440311,0.0746526127870884,9,,
mobilebert,8,25,66.22864651773982,64.69816272965879,882016342,1.1662371604297771e-05,1.0708524063627848e-05,0.0245117421202831,4,,
mobilebert,8,26,83.5742444152431,81.62729658792651,49260162,3.036360175596388e-05,8.803478612734588e-05,0.0661537408285247,8,,
mobilebert,8,27,83.18002628120894,81.88976377952756,1259551649,8.954659016934398e-05,0.0003557927433287,0.095373349765443,9,,
mobilebert,8,28,82.65440210249672,79.39632545931758,1083270405,3.702717332452542e-05,0.0004169836419104,0.0432017268934135,4,,
mobilebert,8,29,82.26018396846256,78.74015748031496,1725418673,1.70984543765384e-05,0.0013131202546508,0.1946390164447368,7,,
mobilebert,9,0,80.31914893617021,80.4780876494024,1147571355,8.141408993624673e-05,1.6024310459740304e-05,0.1334940403177676,2,,
mobilebert,9,1,73.67021276595744,72.90836653386454,2076059477,9.597815772783634e-06,4.8548204798056894e-05,0.1272135075354083,3,,
mobilebert,9,2,81.51595744680851,81.80610889774236,48971337,2.4512546761474565e-05,0.0013244843441925,0.0508654645511454,7,,
mobilebert,9,3,82.84574468085107,82.60292164674635,1259748899,6.884383519570734e-05,0.0049498944003348,0.1520629102602342,5,,
mobilebert,9,4,79.52127659574468,80.0796812749004,507747408,1.393698496682866e-05,0.0316488072784709,0.1765840403493923,8,,
mobilebert,9,5,82.97872340425532,83.00132802124834,1844212685,5.019270119696002e-05,1.3326943765657805e-05,0.0934358633270625,7,,
mobilebert,9,6,83.6436170212766,82.73572377158034,1283889673,9.199922800348012e-05,1.486322316107345e-05,0.0419075093127094,6,,
mobilebert,9,7,80.98404255319149,83.93094289508632,423578844,2.06791226428032e-05,0.0001732799660214,0.1786856625865069,10,,
mobilebert,9,8,65.95744680851064,65.0730411686587,534450845,1.4370924164905286e-05,0.0017883263479953,0.1222496771026659,6,,
mobilebert,9,9,75.13297872340425,75.56440903054448,643371574,1.9489460008012204e-05,0.0001467501040395,0.0758141866590413,3,,
mobilebert,9,10,84.57446808510639,83.53253652058433,1519873885,6.616176330235411e-05,0.0018804476805073,0.1432273595675265,7,,
mobilebert,9,11,82.97872340425532,83.79814077025232,252950130,4.506397315317419e-05,4.340673407461417e-05,0.0689006203889727,5,,
mobilebert,9,12,81.51595744680851,82.33731739707835,1444668027,4.773266039948195e-05,2.25856463869746e-05,0.1690801750161534,9,,
mobilebert,9,13,82.04787234042553,82.60292164674635,363778503,3.927070097697192e-05,0.0003413651211977,0.0958312146972932,9,,
mobilebert,9,14,77.79255319148936,78.61885790172643,1851184538,1.6198506261615552e-05,0.0397568791537042,0.0982397688983323,10,,
mobilebert,9,15,69.68085106382979,68.52589641434263,1127423954,8.73315616899905e-06,0.0125711336979544,0.0009311298877694,3,,
mobilebert,9,16,82.31382978723404,83.39973439575033,447309770,5.615022601973472e-05,0.011985626111407,0.0963567134451013,4,,
mobilebert,9,17,66.09042553191489,66.93227091633466,430662936,6.4245242446921245e-06,0.0310590715090653,0.0868852041128599,8,,
mobilebert,9,18,82.57978723404256,83.66533864541833,1837110238,3.62217023822092e-05,4.867312039525314e-05,0.1837873438667746,10,,
mobilebert,9,19,63.6968085106383,64.40903054448872,1677039464,2.191598203834525e-05,0.0072568851683716,0.0827988790888646,10,,
mobilebert,9,20,77.92553191489361,77.95484727755644,819772456,6.776055922334251e-06,1.3882862523143205e-05,0.1675413150116481,10,,
mobilebert,9,21,63.82978723404256,64.01062416998673,1760844809,9.401937055124869e-06,0.0001457121026149,0.0202942507061046,5,,
mobilebert,9,22,82.57978723404256,82.20451527224435,1549620852,6.888645961507352e-05,0.0014662959033376,0.0157870719759395,8,,
mobilebert,9,23,72.47340425531915,71.18193891102257,269868987,2.2332211753285292e-05,0.0128311583502434,0.0757870240207754,2,,
mobilebert,9,24,81.78191489361703,83.93094289508632,1066522736,3.503092120120755e-05,0.0001464555352109,0.1638056839680405,7,,
mobilebert,9,25,73.67021276595744,71.97875166002656,975065820,1.2334059659047988e-05,0.0721348799775455,0.1825303708059131,3,,
mobilebert,9,26,82.57978723404256,82.60292164674635,680637332,5.005270874674712e-05,0.0012108124276928,0.1207713259795991,9,,
mobilebert,9,27,81.78191489361703,83.39973439575033,964850088,3.919076300117327e-05,0.0971226749292372,0.0587129321073067,5,,
mobilebert,9,28,61.43617021276596,59.36254980079681,430914302,1.835210059745028e-05,0.0002575734724714,0.1229790726449048,10,,
mobilebert,9,29,62.63297872340426,63.745019920318725,1889257350,1.480762405924568e-05,7.708535354779565e-05,0.1559803813492178,6,,
mobilebert,10,0,79.91913746630728,81.26684636118598,534210548,4.775549176143279e-05,0.0035860566376845,0.054903189249861,9,,
mobilebert,10,1,81.94070080862534,83.42318059299191,181059312,4.471326809949872e-05,0.0028370686374916,0.0314207494799025,10,,
mobilebert,10,2,77.22371967654986,80.45822102425876,1963220888,1.3925298859639752e-05,5.544976635399565e-05,0.0369100812859821,10,,
mobilebert,10,3,79.38005390835579,80.59299191374663,2067104231,4.407489342028223e-05,2.4426962588881968e-05,0.1053817063865399,3,,
mobilebert,10,4,81.13207547169812,82.47978436657682,2035840243,3.079841487312764e-05,0.0002338982284811,0.1540183110627591,10,,
mobilebert,10,5,74.39353099730458,73.31536388140162,801210009,3.549493546311322e-05,0.0046119305809938,0.1985281327994684,7,,
mobilebert,10,6,80.18867924528301,82.88409703504043,592556509,1.8315316029675675e-05,0.0004227585649732,0.078177365993517,10,,
mobilebert,10,7,76.81940700808626,79.24528301886792,1156424837,3.2223446541317086e-05,0.004858110098612,0.012718158748331,3,,
mobilebert,10,8,62.12938005390836,63.34231805929919,1315240222,6.5068843692936924e-06,0.0068930630694702,0.1572518727835304,2,,
mobilebert,10,9,79.24528301886792,81.6711590296496,226915251,1.0220431434260342e-05,0.0004493130983578,0.197854395380141,10,,
mobilebert,10,10,81.80592991913747,82.21024258760107,966087971,7.754395405898295e-05,0.017598811327999,0.0760440729362184,6,,
mobilebert,10,11,81.80592991913747,83.15363881401618,361016388,9.738980767317664e-05,1.81855963357718e-05,0.1153440295469671,7,,
mobilebert,10,12,65.22911051212938,64.15094339622641,9571953,1.2302872560148342e-05,0.0814633908951614,0.1376313517109159,7,,
mobilebert,10,13,80.45822102425876,83.28840970350404,650528863,6.263609620320335e-05,0.003192118778577,0.0324410020805403,4,,
mobilebert,10,14,66.71159029649596,68.19407008086253,414097198,7.019737424776134e-06,0.0002435753768866,0.075592278325715,7,,
mobilebert,10,15,67.11590296495957,65.22911051212938,920983774,2.3976616923038732e-05,0.0881049112155738,0.1656048139303642,4,,
mobilebert,10,16,69.40700808625337,65.90296495956873,1876644139,6.454490910372279e-06,5.7138489355932845e-05,0.1877182341212478,9,,
mobilebert,10,17,80.3234501347709,81.94070080862534,1583544992,1.17087679636593e-05,0.0007312393803177,0.1447049273721791,10,,
mobilebert,10,18,82.61455525606469,83.55795148247978,23420540,6.426105686440846e-05,0.0116333384123084,0.0511290470492211,7,,
mobilebert,10,19,75.33692722371967,76.68463611859838,2114931589,9.817998501312965e-06,0.0318299107355387,0.1634584442813165,6,,
mobilebert,10,20,81.53638814016172,82.61455525606469,1805139715,1.78875876606206e-05,8.495482110482919e-05,0.0316302533302306,10,,
mobilebert,10,21,81.13207547169812,81.26684636118598,1602323767,1.879656959058361e-05,0.0023685062004707,0.1747165611928187,6,,
mobilebert,10,22,78.97574123989219,80.45822102425876,1325955102,1.638753790571464e-05,0.0074449731049834,0.0056303691207537,9,,
mobilebert,10,23,67.9245283018868,67.11590296495957,1656644797,1.4302810747887375e-05,0.0007953567762327,0.1158628973694312,5,,
mobilebert,10,24,76.81940700808626,79.38005390835579,768556958,9.831698562403906e-06,1.1952335926113535e-05,0.0228839859514329,6,,
mobilebert,10,25,41.913746630727765,45.68733153638814,666582764,6.256426028558233e-06,0.0002173933715823,0.1927985880410271,7,,
mobilebert,10,26,82.47978436657682,81.80592991913747,2089106743,8.045698277319756e-05,3.3682332447044184e-05,0.0563415846282521,4,,
mobilebert,10,27,65.49865229110512,61.320754716981135,1785873310,8.077721715544966e-06,9.975929524489314e-05,0.0339688462599087,2,,
mobilebert,10,28,78.97574123989219,80.59299191374663,1911747893,2.550545864947032e-05,0.0001014718373301,0.1794704356565139,9,,
mobilebert,10,29,80.59299191374663,82.88409703504043,573836887,4.017348226396234e-05,2.050708275485872e-05,0.1917770692327204,7,,
mobilebert,11,0,66.13333333333334,66.44474034620507,1354782172,5.857661683920676e-06,0.0011649006519223,0.1339589957046688,3,,
mobilebert,11,1,80.8,78.96138482023969,1159787346,5.303251403959138e-05,0.0398103729410278,0.1044271986800555,4,,
mobilebert,11,2,51.46666666666667,51.13182423435419,1963223765,1.3492858155074784e-05,0.0021518475767417,0.1343574377787722,7,,
mobilebert,11,3,85.6,80.69241011984022,1084133644,8.548156464854236e-05,0.0002717726975948,0.0653109082866284,8,,
mobilebert,11,4,82.93333333333334,77.23035952063915,1244968507,1.0218334842879489e-05,0.0320358645949918,0.0014200484474119,6,,
mobilebert,11,5,86.93333333333334,80.82556591211717,1089284445,4.619750875936551e-05,0.0667221869668786,0.0350085324446725,10,,
mobilebert,11,6,79.6,75.76564580559254,1338910124,1.0666861697808667e-05,0.0026120873173195,0.11963260753496,6,,
mobilebert,11,7,73.86666666666666,70.97203728362184,2040026771,4.313508465763941e-05,0.0003223228491696,0.0655997959406492,5,,
mobilebert,11,8,66.93333333333334,66.71105193075898,1368166844,9.875054674428096e-06,0.0001533667520029,0.1460002064064423,2,,
mobilebert,11,9,54.53333333333333,55.12649800266312,119545835,2.22723311697995e-05,0.0516364755590053,0.1310682580402608,10,,
mobilebert,11,10,79.46666666666667,76.43142476697736,2083232462,2.929511313193976e-05,1.0206753007572708e-05,0.009564646586584,2,,
mobilebert,11,11,86.66666666666667,79.49400798934754,1465434313,7.896995383385119e-05,0.014095672831391,0.0691198478546308,10,,
mobilebert,11,12,87.06666666666666,79.49400798934754,26811626,3.3738575868630086e-05,0.0001006855154616,0.0496703397780377,7,,
mobilebert,11,13,87.33333333333333,81.0918774966711,1891494024,8.672498099855521e-05,0.0029811222726859,0.0439298378761718,3,,
mobilebert,11,14,86.0,81.0918774966711,1262812048,6.073078478543807e-05,2.040184641514205e-05,0.0885953009572107,6,,
mobilebert,11,15,67.86666666666666,68.70838881491345,100114643,2.0345223975500167e-05,6.922390101135743e-05,0.1955369597980059,8,,
mobilebert,11,16,87.86666666666666,81.22503328894807,336322083,8.920917507925758e-05,0.000265601475472,0.1444446649086883,7,,
mobilebert,11,17,84.26666666666667,81.62450066577897,1431865882,9.107804250803088e-05,0.0001391244545278,0.0590260094487496,3,,
mobilebert,11,18,88.13333333333334,81.89081225033289,1628030715,3.738699284902867e-05,0.0751128720561797,0.065228607651768,8,,
mobilebert,11,19,86.13333333333334,81.491344873502,1976208131,8.331058568875597e-05,0.0003547909048871,0.0304113130475623,8,,
mobilebert,11,20,83.46666666666667,79.6271637816245,942819705,2.1384309554223496e-05,0.0010695351429334,0.0992393225913177,3,,
mobilebert,11,21,84.13333333333334,77.3635153129161,660772892,1.2275775408051695e-05,0.0442009924575752,0.041825067986345,7,,
mobilebert,11,22,87.6,80.15978695073235,550724533,2.8548304014029244e-05,0.074737120126058,0.1400775466235866,7,,
mobilebert,11,23,82.26666666666667,77.09720372836219,2063141326,2.1219162847275583e-05,0.0004584675697754,0.0383157686129078,3,,
mobilebert,11,24,80.26666666666667,77.3635153129161,257120684,1.420485455772218e-05,8.609659877951378e-05,0.0100697971238947,4,,
mobilebert,11,25,71.6,72.17043941411451,284138594,1.6399819140114425e-05,2.662004378378813e-05,0.011281544910116,8,,
mobilebert,11,26,85.46666666666667,79.2276964047936,994189069,3.726597131008905e-05,1.4364583998897928e-05,0.0231810553223488,5,,
mobilebert,11,27,86.53333333333333,77.62982689747004,455455175,3.817022784657284e-05,0.0004830266602256,0.1290261962316385,5,,
mobilebert,11,28,83.86666666666666,76.43142476697736,79860058,2.0456291816318765e-05,5.438991307488394e-05,0.1131234405908133,6,,
mobilebert,11,29,86.26666666666667,78.16245006657789,1372833655,4.442578808087905e-05,0.0004193015543489,0.0924462881620064,3,,
mobilebert,12,0,76.26886145404664,77.36625514403292,306787380,6.867728375504088e-06,0.0634580177580513,0.0794234520701289,10,,
mobilebert,12,1,61.86556927297668,59.396433470507546,1410252983,1.0365222578323492e-05,1.87820904823608e-05,0.0386899858390227,9,,
mobilebert,12,2,78.18930041152264,77.91495198902606,592491280,1.3438862399786748e-05,0.0041159820387086,0.1102537062061356,4,,
mobilebert,12,3,80.3840877914952,80.24691358024691,1111537991,2.1545876908301145e-05,0.0006266252173752,0.1301092594730263,4,,
mobilebert,12,4,83.1275720164609,83.40192043895748,421747341,2.396156533040811e-05,1.024222071455726e-05,0.011434041098722,10,,
mobilebert,12,5,70.0960219478738,69.82167352537724,1815383698,6.734988538808621e-06,0.0861407552316826,0.1572972167333753,2,,
mobilebert,12,6,80.93278463648834,81.48148148148148,1438388598,1.2181413968566689e-05,0.0040039085357431,0.0409793797657343,8,,
mobilebert,12,7,83.53909465020575,83.53909465020575,1418764204,5.7459574481012206e-05,0.0002952282729623,0.0255926726355187,7,,
mobilebert,12,8,82.85322359396433,82.57887517146776,403941952,2.667744498991213e-05,1.04550642483197e-05,0.0207343876998381,10,,
mobilebert,12,9,83.67626886145405,83.67626886145405,414527292,8.780066793628473e-05,0.0029666279138195,0.037984789390085,3,,
mobilebert,12,10,73.93689986282578,70.64471879286694,812272910,1.4038559864610556e-05,1.6392036980838796e-05,0.054508560422678,2,,
mobilebert,12,11,78.46364883401921,80.3840877914952,546889296,9.050284492149016e-06,0.0057645929265329,0.0900351045681204,10,,
mobilebert,12,12,70.0960219478738,70.23319615912209,1237618483,1.3623508283907823e-05,0.0057049668056625,0.0908345942187983,2,,
mobilebert,12,13,71.33058984910836,66.11796982167353,901430028,7.454004332136933e-06,0.0651212928071463,0.1597797075101559,10,,
mobilebert,12,14,73.93689986282578,70.91906721536351,955955159,1.538633828568907e-05,0.0010500084449459,0.1229277130708147,7,,
mobilebert,12,15,82.1673525377229,83.2647462277092,195838512,3.1853361030391e-05,0.001431950553377,0.1446227489797611,7,,
mobilebert,12,16,82.71604938271605,82.44170096021948,710733989,8.62205508626007e-05,0.0002043577819634,0.0154498308826624,3,,
mobilebert,12,17,77.36625514403292,76.40603566529492,1430847628,2.213741499676044e-05,0.0065888811961027,0.0700271554696775,5,,
mobilebert,12,18,81.61865569272976,82.57887517146776,1233558307,8.976736633515443e-05,0.0009858023888594,0.0848260965638098,2,,
mobilebert,12,19,82.57887517146776,82.1673525377229,1915777812,2.0385493450869987e-05,0.0003976687447236,0.047399672127769,8,,
mobilebert,12,20,53.90946502057613,53.49794238683128,375622257,7.80831957535568e-06,1.4834043119546728e-05,0.0765672886084017,2,,
mobilebert,12,21,83.53909465020575,82.1673525377229,911329391,6.932055539952259e-05,0.0213155225062966,0.0485999189380352,6,,
mobilebert,12,22,68.86145404663924,70.78189300411523,1906211611,5.71684111398644e-06,5.395986828057337e-05,0.1501892287490259,6,,
mobilebert,12,23,83.40192043895748,82.99039780521262,879587515,7.912708751942286e-05,0.003798588076852,0.0466507500299887,8,,
mobilebert,12,24,77.64060356652949,78.05212620027434,114044126,1.1191535134079154e-05,0.0006880401189427,0.1333595616430307,5,,
mobilebert,12,25,75.30864197530865,73.7997256515775,1483283850,1.650762464748621e-05,0.0002084059544575,0.1073839389798507,3,,
mobilebert,12,26,83.40192043895748,81.89300411522633,1824830496,5.398886477693368e-05,0.0051040858177076,0.0226956029177026,9,,
mobilebert,12,27,81.06995884773663,81.61865569272976,158247170,3.85206639288022e-05,0.0691080223385608,0.0085725748094026,3,,
mobilebert,12,28,79.83539094650206,81.20713305898491,992255388,3.623027960954558e-05,0.0004069398185454,0.1360773767361862,3,,
mobilebert,12,29,83.81344307270233,82.71604938271605,274971392,2.450929018068949e-05,0.0063878228405642,0.1228997093000737,8,,
mobilebert,13,0,82.0343461030383,80.05284015852048,1164047248,3.0527342378791524e-05,2.995147051084899e-05,0.0113847290061112,5,,
mobilebert,13,1,84.80845442536328,81.77014531043594,95774070,8.204586479811173e-05,0.0019802196967311,0.1308903981360875,9,,
mobilebert,13,2,74.63672391017172,71.86261558784676,430282987,1.3278557863641851e-05,0.0003434326978129,0.028736923354568,3,,
mobilebert,13,3,68.69220607661823,68.82430647291942,1435101219,5.274411186534544e-06,0.0002031220656899,0.1866254901929987,6,,
mobilebert,13,4,83.22324966974901,80.31704095112285,391629989,3.23683654607013e-05,0.006235272691431,0.0182349070365432,5,,
mobilebert,13,5,75.29722589167767,74.10832232496698,1361855318,7.391829425622035e-06,0.0001436478898669,0.0778304384479002,6,,
mobilebert,13,6,81.37384412153236,80.31704095112285,1734037476,2.2075622480103373e-05,0.0056275587528103,0.0276208229450922,10,,
mobilebert,13,7,84.41215323645972,80.9775429326288,422244561,5.547303353865565e-05,0.0024937126346989,0.1685301692491359,5,,
mobilebert,13,8,67.89960369881109,67.63540290620872,1703022440,1.850630340405286e-05,0.0106766595766163,0.1552616536199858,8,,
mobilebert,13,9,75.0330250990753,73.97622192866578,1582487995,6.372548071651993e-06,0.0135571588589181,0.0831353565872745,7,,
mobilebert,13,10,78.73183619550859,75.95772787318361,118511372,7.366745749915374e-06,0.0597100418213833,0.0320612805365402,7,,
mobilebert,13,11,79.52443857331572,79.26023778071334,16221731,2.019367554318505e-05,0.0045993792130676,0.0626644369978301,8,,
mobilebert,13,12,82.1664464993395,79.52443857331572,329142882,5.39878092734302e-05,0.0962774664154606,0.1868390163068119,2,,
mobilebert,13,13,82.95904887714663,82.56274768824306,2051768044,5.2210080632000944e-05,0.0038791622300121,0.0513894600075279,7,,
mobilebert,13,14,76.75033025099076,76.48612945838838,2054944144,9.79022148637106e-06,5.282793835313195e-05,0.1489158849612234,6,,
mobilebert,13,15,76.35402906208719,76.35402906208719,44072093,1.795172484316298e-05,0.0037313136932967,0.1125232179045637,3,,
mobilebert,13,16,84.94055482166446,82.95904887714663,1283225307,7.161616139543547e-05,4.35705651290016e-05,0.0364534168761278,9,,
mobilebert,13,17,78.46763540290621,75.16512549537649,781571884,4.667942617878085e-05,0.0019287677639531,0.1165189126912676,2,,
mobilebert,13,18,83.09114927344783,81.77014531043594,1752576093,1.7377741448601016e-05,0.0006152411357818,0.1931992189278234,9,,
mobilebert,13,19,74.24042272126816,72.12681638044914,1700991194,7.909481172866095e-06,0.0335044033655983,0.1763884946286599,3,,
mobilebert,13,20,76.61822985468956,73.57992073976222,233982483,1.6074738094176492e-05,0.0493053102163912,0.026992106856489,3,,
mobilebert,13,21,78.33553500660501,74.63672391017172,134279853,3.15798932015168e-05,0.0002076836186611,0.0095804056535139,3,,
mobilebert,13,22,83.48745046235139,82.56274768824306,1565892820,4.435944821410355e-05,0.000256497546435,0.1042291700606927,6,,
mobilebert,13,23,66.7107001321004,65.78599735799207,885712396,1.2290103075283691e-05,0.0218087416179746,0.0530513365723015,9,,
mobilebert,13,24,82.0343461030383,80.84544253632761,1720220252,4.092010359491304e-05,1.6872366060922145e-05,0.1816425045906479,4,,
mobilebert,13,25,80.84544253632761,78.73183619550859,1437525630,1.210888016982019e-05,0.0585302251380717,0.1279126785966893,7,,
mobilebert,13,26,82.0343461030383,81.90224570673712,1071465018,3.4462717569738326e-05,0.0003462171067437,0.1255080972862507,6,,
mobilebert,13,27,80.31704095112285,77.01453104359314,1586340316,1.0841786192402858e-05,0.0001117790145924,0.0618407876999833,8,,
mobilebert,13,28,85.46895640686922,78.99603698811096,1743742553,6.567306275377371e-05,0.0010213135312692,0.0170967495653443,8,,
mobilebert,13,29,79.7886393659181,78.5997357992074,1074262991,1.4429008934451944e-05,7.398964457492341e-05,0.1523714340852389,7,,
mobilebert,14,0,83.33333333333333,84.80845442536328,1558329330,7.882363667390172e-05,0.0002075143420782,0.0005635212306239,3,,
mobilebert,14,1,83.46560846560847,84.41215323645972,1326577943,2.3174804206196152e-05,0.0001193692027741,0.1387223099059395,9,,
mobilebert,14,2,84.39153439153439,84.14795244385733,561968231,8.551889227622909e-05,0.000323538049121,0.0330682611833101,5,,
mobilebert,14,3,80.02645502645503,82.69484808454425,1600703407,6.13715183178029e-05,1.7629435935155514e-05,0.1693043201759753,2,,
mobilebert,14,4,65.74074074074075,65.91809775429326,947864138,7.176839070110589e-06,1.1744121336425074e-05,0.1306471618959288,8,,
mobilebert,14,5,59.78835978835979,61.16248348745047,1659672394,3.093561355961247e-05,5.444035857040358e-05,0.0077717777559799,3,,
mobilebert,14,6,46.95767195767196,43.32892998678996,660909692,5.373734536287198e-06,0.0046135456470509,0.0092849640139972,9,,
mobilebert,14,7,83.06878306878306,82.56274768824306,545150168,1.7870803041116084e-05,0.022708550788037,0.1890170467617279,10,,
mobilebert,14,8,67.98941798941799,70.27741083223249,1059300798,8.521379452324253e-06,0.0061233768317507,0.0927482229164032,10,,
mobilebert,14,9,85.05291005291005,84.14795244385733,1133724411,9.688017545497074e-05,0.017763196145298,0.1586747472574806,4,,
mobilebert,14,10,80.42328042328042,80.05284015852048,745053336,8.455604919108788e-05,0.0002561264622714,0.063751426690482,2,,
mobilebert,14,11,81.74603174603175,82.56274768824306,554284162,2.513514527272509e-05,0.0012177934106007,0.1532499064859505,8,,
mobilebert,14,12,69.04761904761905,70.27741083223249,341958365,1.734374351900848e-05,0.0001862096079353,0.0263643670462693,6,,
mobilebert,14,13,82.93650793650794,82.82694848084545,230820591,3.890519347973862e-05,0.0057254345887639,0.1902764923612624,5,,
mobilebert,14,14,84.39153439153439,85.20475561426684,1668193243,6.195310733312158e-05,0.0061217585092499,0.0695619916246707,3,,
mobilebert,14,15,78.70370370370371,77.54293262879789,36633428,7.654456066751857e-06,0.0042022595074011,0.1610990440928942,10,,
mobilebert,14,16,76.71957671957672,74.50462351387054,85994474,4.510712928896759e-05,2.8484412198239785e-05,0.1837106839857292,2,,
mobilebert,14,17,85.18518518518519,84.01585204755614,429067807,8.108775942160492e-05,0.077686025378323,0.079665222770885,7,,
mobilebert,14,18,80.15873015873017,81.37384412153236,486355372,1.5877445883414955e-05,0.0078872819095859,0.1231587631726975,9,,
mobilebert,14,19,64.94708994708995,63.27608982826949,228096984,6.9944416856840645e-06,0.0002768109814353,0.1799821318736584,9,,
mobilebert,14,20,85.71428571428571,82.95904887714663,1567089024,6.881757166548565e-05,0.003034694528394,0.0881637797942026,6,,
mobilebert,14,21,80.42328042328042,81.63804491413474,1609955260,3.700287154826644e-05,0.0006508836742017,0.1431006853218981,2,,
mobilebert,14,22,83.46560846560847,83.22324966974901,1515029469,4.136089825666209e-05,0.0008138512205787,0.171942007715446,3,,
mobilebert,14,23,47.08994708994709,46.49933949801849,317410480,8.3961141407819e-06,0.0139081179325916,0.0999657375863829,2,,
mobilebert,14,24,83.994708994709,81.77014531043594,977900377,6.86177145107616e-05,0.0304269823751812,0.0511036092836116,6,,
mobilebert,14,25,81.48148148148148,82.29854689564068,1524146481,2.971750939833468e-05,0.0125430868254736,0.1312276264487056,7,,
mobilebert,14,26,67.85714285714286,70.67371202113607,1415624783,5.4503338267638186e-06,0.0032350591126327,0.0427817553510838,3,,
mobilebert,14,27,67.46031746031746,67.10700132100396,1967994894,1.0307133790384727e-05,0.0001175815587068,0.1207395407662175,3,,
mobilebert,14,28,62.03703703703704,66.97490092470278,497646193,7.758230592122034e-06,0.093493790653906,0.0584467132480799,3,,
mobilebert,14,29,84.25925925925925,83.35535006605019,916985848,4.935341687872017e-05,1.7131277263196773e-05,0.0673781972395476,9,,
mobilebert,15,0,82.10526315789474,78.42105263157895,38255016,8.461640478913011e-06,0.0005853744801907,0.1165426327746002,6,,
mobilebert,15,1,72.10526315789474,67.63157894736842,605085411,8.582631211183843e-06,1.6330085682814408e-05,0.1902210875099449,9,,
mobilebert,15,2,83.94736842105263,80.92105263157895,1284397834,9.081002725380472e-05,0.0006997696768836,0.092507477655774,4,,
mobilebert,15,3,82.5,81.71052631578948,266515441,2.216771402429508e-05,2.7760561179256363e-05,0.0173039621284682,6,,
mobilebert,15,4,83.55263157894737,81.97368421052632,1207359508,2.0752089459340178e-05,0.005465580395043,0.1643994947574654,8,,
mobilebert,15,5,84.47368421052632,82.10526315789474,1556743155,3.205988270237834e-05,0.0001505457436029,0.1575669428709823,6,,
mobilebert,15,6,85.0,82.23684210526316,1854555163,3.711911414348263e-05,0.00022018407965,0.1928396722437014,9,,
mobilebert,15,7,49.078947368421055,44.3421052631579,798419349,5.106511981753328e-06,0.0002669553998895,0.0958532129891617,5,,
mobilebert,15,8,84.60526315789474,81.3157894736842,992874517,3.23731314268626e-05,0.0002731270777752,0.0084136499918204,10,,
mobilebert,15,9,66.05263157894737,62.36842105263158,763914399,1.1180355181043258e-05,0.0438433965474164,0.0007817529002982,7,,
mobilebert,15,10,70.0,64.73684210526316,262996450,5.292852395345102e-06,0.0001360585135597,0.1689076229226995,7,,
mobilebert,15,11,84.73684210526316,83.28947368421052,1665554639,3.444882962811424e-05,0.0437359813706101,0.1403904023107542,6,,
mobilebert,15,12,77.10526315789474,75.52631578947368,1734604102,1.5942426715047148e-05,0.0001081030288962,0.034906850792268,3,,
mobilebert,15,13,85.13157894736842,83.28947368421052,1118606684,2.772263698681086e-05,0.0167090926092487,0.0525598683331889,6,,
mobilebert,15,14,85.65789473684211,82.5,1897578514,4.635059054780491e-05,7.750901530788948e-05,0.0068919406101323,9,,
mobilebert,15,15,70.65789473684211,69.21052631578948,1997639309,1.4641211024023924e-05,0.0003569173930747,0.0457185979116601,7,,
mobilebert,15,16,84.21052631578948,82.36842105263158,1027128059,7.093014636509822e-05,4.0449443305413305e-05,0.0235560601003055,5,,
mobilebert,15,17,67.36842105263158,61.8421052631579,894128076,5.41145602508448e-06,0.0004757186884205,0.0127000852690397,3,,
mobilebert,15,18,69.07894736842105,69.07894736842105,48493772,7.26948343275724e-06,0.0206297131367143,0.1776731609551655,7,,
mobilebert,15,19,81.1842105263158,78.15789473684211,2143895543,2.8406355583417344e-05,0.0017003835300414,0.0856609584166836,2,,
mobilebert,15,20,83.28947368421052,82.23684210526316,2093685109,6.581975309679086e-05,1.2371101256804464e-05,0.0513926439420086,2,,
mobilebert,15,21,65.0,66.44736842105263,1756840881,8.314913866252133e-06,0.002567496162694,0.145239354746046,6,,
mobilebert,15,22,78.15789473684211,78.02631578947368,894700984,1.0972834840891427e-05,0.0053313922307652,0.1350284793571899,6,,
mobilebert,15,23,61.578947368421055,58.42105263157895,39748833,4.301734574593061e-05,0.0011941082529258,0.1508079738069455,6,,
mobilebert,15,24,59.47368421052632,62.63157894736842,1179822523,7.1943839254683865e-06,0.0212869321917762,0.0386729826412072,5,,
mobilebert,15,25,81.3157894736842,78.15789473684211,2006489398,2.1728780648113605e-05,0.0275918578196393,0.113840344914314,6,,
mobilebert,15,26,85.92105263157895,83.28947368421052,642708293,4.022436926026477e-05,0.0022833949210134,0.1180029280364062,8,,
mobilebert,15,27,80.39473684210526,79.34210526315789,849521763,9.210117628144556e-06,0.0365419318972406,0.0524965665148295,6,,
mobilebert,15,28,84.34210526315789,82.23684210526316,65852618,4.5433560394783946e-05,0.0018659999979653,0.1489823657504806,3,,
mobilebert,15,29,85.39473684210526,82.89473684210526,1389833892,1.6919490576489186e-05,0.0008300296522666,0.1581252148973151,10,,
mobilebert,16,0,70.93333333333334,73.90146471371504,1456764757,9.42712046590323e-06,0.0902885394402818,0.0446894902051608,7,,
mobilebert,16,1,79.2,81.0918774966711,1568944394,3.5981603423948084e-05,0.0308354849759337,0.1506015639612529,2,,
mobilebert,16,2,79.73333333333333,83.62183754993342,416161396,4.7701449840161766e-05,0.0307440731124274,0.0293706748808549,6,,
mobilebert,16,3,79.33333333333333,81.22503328894807,1801464495,1.3659453970932991e-05,0.0043063070262095,0.1419831316378572,6,,
mobilebert,16,4,68.8,71.1051930758988,1644482114,1.2115297533931654e-05,5.95481104005563e-05,0.1831806025045047,4,,
mobilebert,16,5,79.33333333333333,81.89081225033289,1205072547,1.3519283697750415e-05,1.892856622258088e-05,0.1357919776021767,8,,
mobilebert,16,6,80.4,83.75499334221038,1025511585,6.695635662439438e-05,1.97698320991711e-05,0.0615120560331642,4,,
mobilebert,16,7,81.06666666666666,84.02130492676432,153147749,8.97305467919504e-05,0.0002691517561915,0.0590097989205334,8,,
mobilebert,16,8,66.4,64.4474034620506,1603533247,6.141730290177252e-06,0.0015631189785974,0.0149066491584477,3,,
mobilebert,16,9,73.06666666666666,74.83355525965379,794605335,1.0218180581406846e-05,0.0323483883540775,0.1123631628138049,3,,
mobilebert,16,10,61.6,64.84687083888149,1157827911,5.4434868479997385e-06,7.118564144083505e-05,0.138991327800252,6,,
mobilebert,16,11,79.73333333333333,82.68974700399467,565103720,2.447360536714124e-05,0.0032783329138522,0.0508382459203808,4,,
mobilebert,16,12,80.26666666666667,83.3555259653795,1499886225,3.224464813744802e-05,0.0014144133367667,0.0143899270199903,7,,
mobilebert,16,13,81.46666666666667,83.48868175765645,1224717003,5.04184951234868e-05,7.668691071408836e-05,0.11661843501668,5,,
mobilebert,16,14,80.93333333333334,84.28761651131825,514171932,5.839451326686252e-05,0.0006386982428767,0.0691256975734065,10,,
mobilebert,16,15,80.93333333333334,83.22237017310253,1501267820,3.4978002580244594e-05,0.0001447189858583,0.1790080876431151,9,,
mobilebert,16,16,63.86666666666667,66.3115845539281,1847817077,5.517981424718887e-06,0.0088294852758868,0.186541583702534,6,,
mobilebert,16,17,66.8,67.64314247669773,316887257,1.2431473192950713e-05,0.0072868815645701,0.1239070471335765,2,,
mobilebert,16,18,81.46666666666667,82.42343541944075,995619306,2.8895199989734565e-05,0.0131416509415932,0.1518353279313398,4,,
mobilebert,16,19,75.2,76.56458055925432,603252577,2.434966436237066e-05,0.0208955314288473,0.1480887804076746,2,,
mobilebert,16,20,80.66666666666667,83.08921438082557,1810131357,7.263188937200188e-05,0.0354028361897463,0.003760841082832,2,,
mobilebert,16,21,64.4,66.44474034620507,845129218,5.444592057150135e-06,0.0714790004477483,0.0494580238934733,2,,
mobilebert,16,22,37.06666666666667,36.75099866844208,1233154432,6.798681080563637e-06,0.0001583397424145,0.1548877255834463,6,,
mobilebert,16,23,81.06666666666666,85.219707057257,145050395,3.855868072772495e-05,0.000218979668974,0.1836002045192847,9,,
mobilebert,16,24,67.33333333333333,69.2410119840213,850484184,2.652982765337583e-05,0.0003474957282871,0.1159276849972672,5,,
mobilebert,16,25,78.4,80.15978695073235,1162212466,9.498920037170189e-06,0.0441112064142472,0.1015432557581433,9,,
mobilebert,16,26,80.4,84.8202396804261,599080554,3.293665967731092e-05,0.0026411450167613,0.0333014321000798,4,,
mobilebert,16,27,67.6,67.24367509986685,1981445348,2.1086346169319315e-05,0.0135448371555959,0.0503681809549726,3,,
mobilebert,16,28,79.06666666666666,80.55925432756325,1352309877,1.3909162110374136e-05,0.0045759798049458,0.0899508550135841,6,,
mobilebert,16,29,82.4,84.15446071904128,1990972906,5.810458613306955e-05,0.0001465960392589,0.093890423547461,4,,
mobilebert,17,0,79.24528301886792,82.88409703504043,1161629904,1.450644656251244e-05,0.0052658440018336,0.1415743785744885,10,,
mobilebert,17,1,70.48517520215633,70.75471698113208,1625327936,1.423789902564054e-05,0.0001295570383616,0.148748365098446,6,,
mobilebert,17,2,79.91913746630728,84.50134770889488,320095537,4.140992468144571e-05,0.0021692088907635,0.0176554712648532,4,,
mobilebert,17,3,47.304582210242586,49.0566037735849,1709663261,6.942727664206384e-06,5.125052977724626e-05,0.1524286156855905,8,,
mobilebert,17,4,81.40161725067385,85.17520215633424,1893608010,9.518086452882432e-05,0.038097523965084,0.0947998576564689,8,,
mobilebert,17,5,66.17250673854447,67.38544474393531,174370524,5.008767680235562e-06,0.0014680508038454,0.0296724282193916,2,,
mobilebert,17,6,72.911051212938,72.50673854447439,2026894844,1.0400484599419568e-05,0.0210896233568693,0.0408928321401486,3,,
mobilebert,17,7,56.8733153638814,51.482479784366575,490441517,5.972451868372335e-06,0.0056271654894009,0.1428038584189961,7,,
mobilebert,17,8,80.86253369272237,82.61455525606469,743135304,2.657751026157507e-05,0.0106123682286074,0.0378487539189796,9,,
mobilebert,17,9,82.0754716981132,84.366576819407,847852462,3.677586113769221e-05,0.0038953477975472,0.0126809139573571,8,,
mobilebert,17,10,68.86792452830188,67.9245283018868,946306946,6.689974122339608e-06,0.0061903024622359,0.1539244588956157,9,,
mobilebert,17,11,78.97574123989219,83.69272237196766,1249386459,2.8815430241303235e-05,0.0006483010212725,0.0129119551504825,4,,
mobilebert,17,12,81.94070080862534,84.23180592991913,613420686,8.520448706837652e-05,3.259039298387384e-05,0.1868161050488909,4,,
mobilebert,17,13,81.53638814016172,85.04043126684635,1793709041,7.03648983811982e-05,0.000289216409847,0.1061209102513675,7,,
mobilebert,17,14,79.51482479784367,85.57951482479784,690840423,5.85438258436377e-05,0.0009513275784706,0.140052650248519,6,,
mobilebert,17,15,80.99730458221025,84.23180592991913,605480315,6.817819641448373e-05,5.283725154339157e-05,0.1646586361405071,8,,
mobilebert,17,16,63.07277628032345,60.91644204851752,998727276,5.774916801270897e-06,0.0004117681150765,0.0056686523917161,8,,
mobilebert,17,17,81.80592991913747,85.3099730458221,1007974360,9.043926874631012e-05,0.0007051102645497,0.099360912032236,10,,
mobilebert,17,18,80.7277628032345,85.17520215633424,1231602801,3.096587280151679e-05,0.0091502683528548,0.051460785166521,5,,
mobilebert,17,19,81.6711590296496,83.01886792452831,733019677,9.804557832181104e-06,2.20503817620973e-05,0.1618687129358378,9,,
mobilebert,17,20,68.73315363881402,68.46361185983828,747701108,1.5532884608835818e-05,3.6575773229482255e-05,0.1375587889423797,2,,
mobilebert,17,21,79.51482479784367,83.9622641509434,674099293,8.856781857741028e-05,0.0001183020715472,0.0221769466188416,4,,
mobilebert,17,22,71.96765498652292,72.77628032345014,145455645,2.356817963920494e-05,0.004026083415284,0.1505166391008764,10,,
mobilebert,17,23,78.57142857142857,83.42318059299191,828181797,1.7805737105928462e-05,0.0072580077949153,0.1980856818423749,5,,
mobilebert,17,24,68.46361185983828,68.05929919137466,177407824,5.418359492622331e-06,0.0002479081104739,0.0819127173293574,6,,
mobilebert,17,25,78.97574123989219,81.53638814016172,1127966199,2.0065899142564503e-05,0.0353232875590969,0.0292850348612236,4,,
mobilebert,17,26,81.6711590296496,83.28840970350404,646871699,3.824560510781432e-05,0.0042650199353656,0.194693460201121,4,,
mobilebert,17,27,66.84636118598382,68.46361185983828,2038977270,1.26310509107632e-05,6.103308608738283e-05,0.143798407677835,3,,
mobilebert,17,28,59.02964959568733,50.943396226415096,594801741,2.450349184254988e-05,0.0008543423429405,0.0968382151177929,3,,
mobilebert,17,29,80.05390835579514,80.86253369272237,1211689403,3.457986721064571e-05,6.83978295132526e-05,0.1649013486856185,3,,
mobilebert,18,0,77.2787318361955,80.73878627968338,1412468626,4.718451662863515e-05,0.000525399822414,0.0431210506561443,2,,
mobilebert,18,1,72.39101717305152,74.01055408970976,1639448658,1.4431112784196454e-05,1.2099476223870916e-05,0.1016839835650649,7,,
mobilebert,18,2,78.73183619550859,81.79419525065963,1625154958,3.792308936723755e-05,0.0001013985342606,0.0218792232876803,5,,
mobilebert,18,3,81.24174372523117,82.84960422163589,422380615,6.60907456457004e-05,3.557969104553593e-05,0.1324013666326868,3,,
mobilebert,18,4,79.7886393659181,82.32189973614776,1317204453,4.322112215260892e-05,1.0515568935966872e-05,0.0058381465442419,3,,
mobilebert,18,5,82.1664464993395,84.03693931398416,684944752,9.513348882212998e-05,0.0011399637622371,0.0760096544874744,6,,
mobilebert,18,6,82.56274768824306,82.71767810026385,815028800,6.808170997375076e-05,8.710862047471732e-05,0.0465491883466507,10,,
mobilebert,18,7,81.50594451783356,82.58575197889182,54090221,6.533826699236427e-05,0.0110519018966705,0.0764730647787282,10,,
mobilebert,18,8,65.25759577278731,70.05277044854881,154379482,8.72525029670059e-06,0.0059442809342692,0.160865983910455,9,,
mobilebert,18,9,79.39233817701454,81.13456464379948,659605671,8.929126355402938e-06,0.0059013410586403,0.0552321339854613,10,,
mobilebert,18,10,71.07001321003963,74.67018469656992,524415670,6.627031140631711e-06,0.0005346428731004,0.1407167855132564,5,,
mobilebert,18,11,66.84280052840158,66.88654353562005,2101201785,2.583240888652396e-05,0.0092709726609396,0.0947900685300041,5,,
mobilebert,18,12,80.84544253632761,82.05804749340369,1605210271,3.446600653564295e-05,5.065646755982767e-05,0.0268634237149397,10,,
mobilebert,18,13,77.4108322324967,81.6622691292876,989628598,1.554346928204234e-05,0.0039210400136195,0.0132543652745753,8,,
mobilebert,18,14,72.6552179656539,77.04485488126649,855508016,1.1996327851327544e-05,0.0458967285803382,0.0608052444756513,7,,
mobilebert,18,15,47.42404227212682,44.72295514511873,264175600,4.842396415108038e-05,0.0020653555963642,0.1009573775652978,4,,
mobilebert,18,16,62.087186261558784,60.554089709762536,309573013,1.057277678173725e-05,0.0178826046573905,0.089403710896611,10,,
mobilebert,18,17,62.351387054161165,63.45646437994723,1737965767,1.3495164676193143e-05,6.049791585800353e-05,0.0036125982578708,2,,
mobilebert,18,18,76.35402906208719,78.7598944591029,991007911,1.0297083603747457e-05,0.0061021429323876,0.1796046352397626,10,,
mobilebert,18,19,74.63672391017172,75.59366754617415,292611942,9.873520529078035e-06,0.0285842704976404,0.1815546930458316,5,,
mobilebert,18,20,81.90224570673712,84.03693931398416,846378053,6.882367626230161e-05,0.0600840232944109,0.0878700185024363,7,,
mobilebert,18,21,80.05284015852048,82.18997361477572,1215255906,3.975803329140484e-05,0.004192397810473,0.19683702463364,5,,
mobilebert,18,22,78.99603698811096,82.45382585751979,258448400,2.762123045613601e-05,0.0030288304018638,0.1579129666568875,7,,
mobilebert,18,23,68.82430647291942,70.44854881266491,701977559,9.327369964221578e-06,0.0003404254215103,0.1840620080366284,2,,
mobilebert,18,24,81.37384412153236,83.50923482849605,136946164,7.664893159838737e-05,3.0442007311830185e-05,0.1476568216658989,6,,
mobilebert,18,25,82.82694848084545,84.43271767810026,1036803479,6.199716829753395e-05,0.0009493917345807,0.076882421759672,9,,
mobilebert,18,26,82.69484808454425,82.58575197889182,796438355,8.052783559893249e-05,0.0004946252244726,0.1302664731003351,5,,
mobilebert,18,27,78.73183619550859,81.2664907651715,1393842851,2.4589940188647278e-05,0.0001527938862172,0.112725812130254,5,,
mobilebert,18,28,82.29854689564068,82.71767810026385,79966687,5.489541018691765e-05,1.0485490251657208e-05,0.008656073235966,6,,
mobilebert,18,29,65.78599735799207,70.58047493403694,2084555097,6.794886090613855e-06,2.445057790323756e-05,0.0917913255592884,9,,
mobilebert,19,0,82.09150326797386,79.2156862745098,1026372073,4.706104807722852e-05,2.642697610571052e-05,0.1844363226638927,2,,
mobilebert,19,1,73.33333333333333,73.0718954248366,1734171929,1.4242273687624276e-05,0.000597468833626,0.038634477693073,2,,
mobilebert,19,2,69.41176470588235,69.41176470588235,479034149,9.20423671355332e-06,1.0617381646926817e-05,0.1673750693362501,9,,
mobilebert,19,3,75.42483660130719,74.11764705882354,1988855897,1.671810116281232e-05,0.0112042869228096,0.1210977698237046,8,,
mobilebert,19,4,81.30718954248366,78.43137254901961,90695223,2.1151091273689004e-05,0.0002084370059938,0.0351353659455807,6,,
mobilebert,19,5,68.62745098039215,66.27450980392157,277427498,6.003431712535498e-06,0.0012345948225369,0.0726012971576076,10,,
mobilebert,19,6,84.9673202614379,83.00653594771242,1559816663,6.079653034075028e-05,0.0002070486214014,0.0949439792881588,5,,
mobilebert,19,7,82.87581699346406,80.7843137254902,1639147401,3.3860281418819696e-05,6.804083432934383e-05,0.0383997901889643,8,,
mobilebert,19,8,80.65359477124183,76.60130718954248,720927815,1.0226166189931078e-05,0.0020475550170005,0.030661703266578,10,,
mobilebert,19,9,82.48366013071896,80.65359477124183,1064522949,4.9699179121915074e-05,0.0183279014526507,0.0060705566558173,3,,
mobilebert,19,10,84.57516339869281,82.74509803921569,1685560569,5.349486280184864e-05,0.0004028683286851,0.0703838677071469,4,,
mobilebert,19,11,82.74509803921569,78.30065359477125,925138614,8.666031676745778e-06,0.0704145190140133,0.1682469725995588,10,,
mobilebert,19,12,84.57516339869281,82.61437908496733,522693815,8.011126813876525e-05,0.0035086911887908,0.1817801435649212,10,,
mobilebert,19,13,80.91503267973856,75.29411764705883,1213908927,4.476857059380977e-05,0.0001997265380679,0.1000099319293722,2,,
mobilebert,19,14,82.61437908496733,82.3529411764706,263169627,3.2057620645422623e-05,2.516133573240961e-05,0.170572383723499,4,,
mobilebert,19,15,69.67320261437908,69.28104575163398,659333281,8.884189749597054e-06,0.0018948189465333,0.1499866347481593,4,,
mobilebert,19,16,73.0718954248366,73.59477124183006,2055538497,2.259908722543461e-05,0.015815488186282,0.1013914342404874,2,,
mobilebert,19,17,84.70588235294117,81.69934640522875,890336090,5.45607629341177e-05,1.55360833844042e-05,0.0715591171599814,7,,
mobilebert,19,18,69.41176470588235,67.97385620915033,1519427353,8.457938290306463e-06,0.0068719881792144,0.0523998798667549,2,,
mobilebert,19,19,67.05882352941177,66.79738562091504,1596249007,1.7903674980030667e-05,5.33879942128085e-05,0.1929019592373817,6,,
mobilebert,19,20,63.52941176470589,65.22875816993464,655325311,6.045052456787562e-06,0.0027651746071921,0.0159614112371914,10,,
mobilebert,19,21,85.09803921568627,81.43790849673202,1743814559,3.660231834265092e-05,0.0226118776367944,0.0226991744365169,4,,
mobilebert,19,22,83.39869281045752,82.48366013071896,229209961,8.779826106946147e-05,7.489756471415011e-05,0.1330903140619059,6,,
mobilebert,19,23,75.16339869281046,75.42483660130719,1748754021,1.9593046820411545e-05,0.0001086156361934,0.1723205506619247,3,,
mobilebert,19,24,51.63398692810458,48.36601307189542,465173479,1.7247764841338483e-05,0.0022361373389635,0.1768276330353645,9,,
mobilebert,19,25,69.54248366013071,69.54248366013071,16818220,5.476283920557361e-06,1.5042890314726491e-05,0.0939979590003317,10,,
mobilebert,19,26,84.31372549019608,81.83006535947712,273818651,6.414676358430285e-05,0.0463079362688381,0.0016910604057248,5,,
mobilebert,19,27,75.16339869281046,74.50980392156863,651819895,2.0974481178129343e-05,0.0151164644742292,0.0028106031160582,3,,
mobilebert,19,28,81.56862745098039,78.30065359477125,1768068521,3.206739831148603e-05,3.264053937375632e-05,0.1032080026841775,7,,
mobilebert,19,29,84.44444444444444,83.66013071895425,735496241,7.744374904831591e-05,0.0024795528690458,0.0062645092330345,5,,
mobilebert,20,0,77.58389261744966,76.80965147453082,382511528,5.442389526262515e-06,0.0195489512229863,0.0421264162081214,10,,
mobilebert,20,1,83.6241610738255,83.91420911528151,797491971,6.168923209848526e-05,0.0007814974546375,0.1681416810874923,5,,
mobilebert,20,2,81.47651006711409,82.57372654155496,417750279,3.382586249029096e-05,0.0018248452435053,0.1932190639856157,8,,
mobilebert,20,3,70.06711409395973,69.0348525469169,201492240,1.468487007019907e-05,0.0001584498864575,0.1611887970718873,3,,
mobilebert,20,4,69.26174496644295,69.0348525469169,1692846564,5.353683021560425e-06,0.0075595172344159,0.0285261692404479,7,,
mobilebert,20,5,84.02684563758389,84.71849865951742,832132344,6.980067955420784e-05,0.009845136570029,0.0546932055628932,9,,
mobilebert,20,6,76.10738255033557,78.82037533512064,171457232,8.10621954464664e-06,0.0003834233687399,0.1307384644103706,6,,
mobilebert,20,7,79.46308724832215,81.76943699731903,1113845567,1.0863235240649532e-05,3.683072476393404e-05,0.0844277754395269,7,,
mobilebert,20,8,66.1744966442953,66.21983914209115,2030008966,2.3579835241637022e-05,0.0110709762676614,0.1609407856150789,5,,
mobilebert,20,9,70.33557046979865,70.37533512064343,126871943,9.499391287238328e-06,0.0050396248542621,0.097094895398332,5,,
mobilebert,20,10,83.48993288590604,84.85254691689008,444362802,8.41034519185301e-05,0.0688552246091537,0.0287118005082016,8,,
mobilebert,20,11,79.59731543624162,81.90348525469169,2024814591,2.08624311361714e-05,0.0038448757370426,0.0117181226839123,4,,
mobilebert,20,12,61.74496644295302,59.11528150134048,1972893536,7.71555033144529e-06,0.0209392880001757,0.1647419750534892,9,,
mobilebert,20,13,81.20805369127517,83.37801608579089,733937675,2.2281436217615e-05,0.0003981039557124,0.0116189533025607,9,,
mobilebert,20,14,76.91275167785236,76.27345844504022,1669623946,7.693874036360947e-06,0.0031664310482955,0.1790606993158418,6,,
mobilebert,20,15,67.6510067114094,71.17962466487936,140545042,6.03527725129543e-06,4.421925153618853e-05,0.0424332432282014,10,,
mobilebert,20,16,69.26174496644295,68.09651474530831,1118917476,6.850316832584404e-06,0.0949532389393875,0.1627111603818923,6,,
mobilebert,20,17,78.79194630872483,82.171581769437,1808145574,2.3085384885297143e-05,0.0005941418265143,0.1024458284981547,8,,
mobilebert,20,18,81.20805369127517,83.91420911528151,2134220755,7.388317147340086e-05,0.0155725016417285,0.1791670342501404,7,,
mobilebert,20,19,81.0738255033557,83.51206434316354,1139150134,1.091115752442176e-05,0.0843410993840024,0.1866588191025071,8,,
mobilebert,20,20,57.18120805369127,58.31099195710456,2048604721,9.483038943153697e-06,2.574482940683744e-05,0.1637758476256647,9,,
mobilebert,20,21,83.48993288590604,85.79088471849866,467413194,4.716793896367305e-05,0.002323130395628,0.0467882570765137,10,,
mobilebert,20,22,72.48322147651007,72.92225201072387,569259066,1.7136705947808528e-05,1.242554372668205e-05,0.0542836610607675,2,,
mobilebert,20,23,76.64429530201342,75.20107238605898,2056236495,1.2765846221713484e-05,1.5999540937061376e-05,0.1742680087578463,3,,
mobilebert,20,24,83.89261744966443,83.51206434316354,730340957,4.990201336125875e-05,2.7249741059738547e-05,0.0092203981729297,8,,
mobilebert,20,25,70.46979865771812,68.23056300268097,2125054808,5.5362962002157e-06,0.0001047820351433,0.0512121632436242,3,,
mobilebert,20,26,83.48993288590604,84.71849865951742,118609934,6.473054056904757e-05,9.046842675864294e-05,0.0729152360185548,5,,
mobilebert,20,27,82.5503355704698,83.78016085790885,1741433874,5.405116619242982e-05,4.8556612300638815e-05,0.1800555484866049,3,,
mobilebert,20,28,83.75838926174497,84.71849865951742,1520169757,2.0132911819689164e-05,0.0152816002809063,0.1269957447294154,10,,
mobilebert,20,29,62.95302013422819,65.41554959785523,1768506230,1.0568258425409884e-05,0.012178570680369,0.0391625358952643,7,,
mobilebert,21,0,77.6470588235294,76.20915032679738,1807780115,7.786878028034703e-06,0.0004970217906088,0.1226476112056206,7,,
mobilebert,21,1,83.26797385620915,82.09150326797386,1219840996,8.348494238785468e-05,0.0677481482732064,0.0295949944908479,7,,
mobilebert,21,2,66.79738562091504,64.44444444444444,5510340,6.064875706418777e-06,0.0002584401405204,0.0119556738347609,2,,
mobilebert,21,3,82.87581699346406,83.00653594771242,687690631,6.234755515980466e-05,0.0022762857725074,0.0370897521624088,8,,
mobilebert,21,4,73.72549019607843,72.6797385620915,667625069,1.3584820540065888e-05,0.0001911882393665,0.1579471072928231,3,,
mobilebert,21,5,76.07843137254902,78.43137254901961,717517928,1.1400050100899957e-05,1.9752895700607464e-05,0.0608529657556613,9,,
mobilebert,21,6,83.00653594771242,81.96078431372548,46282429,4.450945707004693e-05,0.01992836438127,0.0785047587232481,9,,
mobilebert,21,7,77.90849673202614,75.81699346405229,1530166307,2.875208029561138e-05,0.0159688414683227,0.0666576354451429,2,,
mobilebert,21,8,70.45751633986929,66.5359477124183,1660790754,8.165604384504404e-06,1.2257323289461844e-05,0.080213611659985,4,,
mobilebert,21,9,62.87581699346405,63.66013071895425,1202413959,1.0931384997837958e-05,0.001596001799985,0.0235797616944871,4,,
mobilebert,21,10,78.43137254901961,79.47712418300654,1139303695,2.40194687657223e-05,6.580414615286039e-05,0.0511651855004887,4,,
mobilebert,21,11,43.92156862745098,42.35294117647059,1865167268,7.621162661034154e-06,0.0001227355164054,0.1738520005101924,9,,
mobilebert,21,12,79.08496732026144,77.51633986928104,1366196003,2.115475806091968e-05,0.0114983750337104,0.0039980537165522,4,,
mobilebert,21,13,80.65359477124183,78.95424836601308,248090731,2.1195697042661325e-05,0.0699822803524629,0.1661627564566001,4,,
mobilebert,21,14,79.34640522875817,79.73856209150327,1649091654,2.179320652605231e-05,0.0360270111397286,0.1463458149057054,5,,
mobilebert,21,15,69.67320261437908,67.18954248366013,2048463625,5.379626747113566e-06,0.0119869974715479,0.13846924164825,6,,
mobilebert,21,16,64.70588235294117,66.27450980392157,1046329344,2.1564427260143988e-05,0.0008539447612603,0.1171810850801199,9,,
mobilebert,21,17,73.0718954248366,72.6797385620915,2121390120,2.531922568600618e-05,0.0001794049213101,0.0819063307262638,2,,
mobilebert,21,18,83.26797385620915,81.04575163398692,1765185851,2.4510815450538976e-05,0.0081590578363427,0.0852508957066259,6,,
mobilebert,21,19,80.52287581699346,80.7843137254902,1124721213,1.4235779919765257e-05,0.0013340885229726,0.1639618940981617,8,,
mobilebert,21,20,82.48366013071896,82.61437908496733,202331561,8.952263868647514e-05,0.0232458444901207,0.0827760517309333,9,,
mobilebert,21,21,68.49673202614379,67.45098039215686,279782880,1.2080509823132644e-05,1.214213508122398e-05,0.1912263350420014,10,,
mobilebert,21,22,83.79084967320262,82.87581699346406,1820709536,5.284382951426671e-05,0.0001299264038499,0.0392319994828783,4,,
mobilebert,21,23,83.92156862745098,83.79084967320262,1877459552,9.55241961164783e-05,0.0151166422595646,0.1591050381190804,5,,
mobilebert,21,24,59.47712418300654,60.78431372549019,58980387,8.6932917880239e-06,0.0046634585867552,0.062032564673484,5,,
mobilebert,21,25,84.05228758169935,82.3529411764706,485261155,5.316425650271673e-05,0.0444371075750525,0.0682001338630069,7,,
mobilebert,21,26,83.52941176470588,82.74509803921569,1610043296,2.949915871458836e-05,8.090283867799793e-05,0.0825793481046123,9,,
mobilebert,21,27,82.3529411764706,79.08496732026144,1279416798,3.2089021133369425e-05,0.0009308622439335,0.1819310032439791,3,,
mobilebert,21,28,75.81699346405229,74.77124183006536,1252460728,6.686924222622558e-06,1.249218076983334e-05,0.0403478932769556,10,,
mobilebert,21,29,83.52941176470588,84.70588235294117,965460276,6.744042211417923e-05,0.0001616645767288,0.1618356803321383,7,,
mobilebert,22,0,77.00680272108843,75.64625850340136,1274951387,2.2904709329169403e-05,0.0842305133524052,0.1280539821855129,2,,
mobilebert,22,1,85.4421768707483,82.58503401360544,1999704910,3.3942909373260485e-05,0.021629507201898,0.1497876561947914,10,,
mobilebert,22,2,83.80952380952381,80.95238095238095,935676694,9.240959695901896e-05,0.066459715580165,0.1830630058117112,10,,
mobilebert,22,3,83.40136054421768,81.36054421768708,287740997,8.952103242436931e-05,0.025673206495899,0.0227045739407905,5,,
mobilebert,22,4,69.93197278911565,66.39455782312925,424562501,1.5254948467062917e-05,0.0279413349888615,0.1915833890746086,8,,
mobilebert,22,5,84.76190476190476,82.72108843537416,806954083,4.489091909048772e-05,0.0001779236944786,0.1725435430250819,10,,
mobilebert,22,6,75.10204081632654,71.83673469387755,276684994,7.250964089766997e-06,0.0784742786607906,0.081768324748321,4,,
mobilebert,22,7,83.6734693877551,81.9047619047619,444902981,4.643409834911649e-05,0.0096748168287897,0.1607708719863535,6,,
mobilebert,22,8,85.3061224489796,81.63265306122449,689090061,7.223244171926515e-05,0.0127965910639373,0.0940520848004933,9,,
mobilebert,22,9,79.04761904761905,78.0952380952381,1621062453,9.214902729299338e-06,0.0128961082700866,0.1653494150966642,6,,
mobilebert,22,10,76.19047619047619,74.6938775510204,1918907291,2.189091797930886e-05,7.256595300571176e-05,0.0257831378536801,4,,
mobilebert,22,11,63.265306122448976,61.63265306122449,1777820318,2.571271730502707e-05,0.0096897465338845,0.1696358437467246,3,,
mobilebert,22,12,70.47619047619048,67.48299319727892,1271078920,1.398674781381579e-05,5.484862969925406e-05,0.0548353344760341,2,,
mobilebert,22,13,69.25170068027211,65.17006802721089,531213987,1.584954381099397e-05,0.0035347361614595,0.1910403236929585,2,,
mobilebert,22,14,83.40136054421768,82.44897959183673,1185011690,2.8040553873420472e-05,0.0985723026427594,0.0449195292041942,9,,
mobilebert,22,15,53.06122448979592,50.74829931972789,126661842,1.1961181158365108e-05,0.0122519046371384,0.137837787898463,4,,
mobilebert,22,16,77.55102040816327,76.59863945578232,378653725,1.993810199124893e-05,0.0005976782696311,0.1006813043216116,3,,
mobilebert,22,17,83.5374149659864,82.44897959183673,727519694,3.547864277833874e-05,2.427178489193864e-05,0.0944146179194005,4,,
mobilebert,22,18,84.76190476190476,82.04081632653062,18008750,4.7795711413602296e-05,0.0159694841667148,0.140559328542939,9,,
mobilebert,22,19,74.01360544217687,76.87074829931973,1493833970,7.064119648154122e-06,0.0001201515980108,0.1926419807454596,6,,
mobilebert,22,20,78.91156462585035,78.0952380952381,418265967,3.259735995634454e-05,2.0382593937495623e-05,0.0569535555391469,2,,
mobilebert,22,21,85.17006802721089,82.72108843537416,1879966937,4.918348175105868e-05,1.1670026860823677e-05,0.1896502315256854,7,,
mobilebert,22,22,75.23809523809524,73.74149659863946,1336573214,4.29214981511435e-05,0.0004020278441797,0.1627842117261781,3,,
mobilebert,22,23,79.04761904761905,77.95918367346938,101463961,2.5211423973130607e-05,0.0445182813420818,0.0386712152078998,3,,
mobilebert,22,24,83.26530612244898,82.31292517006803,1463965933,8.918612159285626e-05,0.0318763191956372,0.163593848136379,3,,
mobilebert,22,25,83.80952380952381,82.31292517006803,575569777,8.75225136859886e-05,0.0070182428052929,0.1487948868405628,2,,
mobilebert,22,26,75.37414965986395,77.55102040816327,1496361442,1.298084050913076e-05,0.0449063743587074,0.1336800670523537,5,,
mobilebert,22,27,81.7687074829932,83.26530612244898,1909981189,2.667756281817569e-05,0.0632000751964334,0.1920637512021515,9,,
mobilebert,22,28,67.61904761904762,66.53061224489795,1801042310,5.128074491954156e-06,4.8934133384895966e-05,0.051317169707925,2,,
mobilebert,22,29,59.31972789115646,62.58503401360544,1604977685,5.635951337204522e-06,4.570628912003454e-05,0.0483330695910652,9,,
mobilebert,23,0,82.09959623149395,81.18279569892474,890120147,4.466211438751425e-05,0.0007979266597947,0.0856543865078549,3,,
mobilebert,23,1,84.65679676985195,82.39247311827957,942876304,5.418729813077074e-05,0.0148932410226623,0.0996522628907318,9,,
mobilebert,23,2,83.84925975773889,83.60215053763442,849586526,2.0345785160158745e-05,0.0018316729889655,0.037816243285436,10,,
mobilebert,23,3,82.50336473755047,80.77956989247312,1676273736,2.8470358535179024e-05,0.0008745359118455,0.079710456153097,7,,
mobilebert,23,4,84.65679676985195,82.1236559139785,1056340891,3.85206710046647e-05,0.0002055359096654,0.1856828169904168,5,,
mobilebert,23,5,69.04441453566622,69.6236559139785,701817889,1.0820200860694528e-05,0.0008981711095401,0.1042657370520608,2,,
mobilebert,23,6,70.65948855989232,69.35483870967742,1214149664,7.647408787650314e-06,3.603352336824498e-05,0.1783527583465968,7,,
mobilebert,23,7,83.71467025572005,84.2741935483871,798210375,8.965606150987347e-05,0.0003910773704742,0.0454218124879577,4,,
mobilebert,23,8,61.10363391655451,56.45161290322581,1629046515,1.3563036696266836e-05,5.34995103145408e-05,0.0559083424422677,5,,
mobilebert,23,9,83.31090174966353,83.46774193548387,516721328,8.81980322837506e-05,0.0379898343085318,0.1896436248841308,9,,
mobilebert,23,10,79.40780619111709,75.80645161290323,1838274699,3.368547706451358e-05,3.5709490682234854e-05,0.065752103809719,2,,
mobilebert,23,11,80.08075370121131,81.31720430107526,1291417255,2.457678951985236e-05,0.0001079467721016,0.1606120344354461,4,,
mobilebert,23,12,59.21938088829072,56.58602150537634,1330045397,5.515817280118047e-06,0.0028122164387815,0.029215699183698,8,,
mobilebert,23,13,83.84925975773889,82.39247311827957,1750951657,6.026124066029702e-05,0.0001571970644431,0.0273723060975712,7,,
mobilebert,23,14,78.33109017496635,74.86559139784946,974142574,6.919124495116157e-06,3.5618583718980354e-05,0.1396644743295564,5,,
mobilebert,23,15,83.58008075370121,82.25806451612904,1183619526,3.863033761061197e-05,0.0173210473755098,0.0903623347593977,5,,
mobilebert,23,16,83.71467025572005,83.87096774193549,1588399564,4.427716460237226e-05,0.0002592710676512,0.0686429058840607,7,,
mobilebert,23,17,78.86944818304173,78.76344086021506,247072438,9.935570420431956e-06,7.074540653966902e-05,0.074584654817034,8,,
mobilebert,23,18,71.8707940780619,72.71505376344086,859618847,1.0493056096035395e-05,0.0002473355603358,0.0712654579687718,5,,
mobilebert,23,19,82.77254374158815,81.98924731182795,307598696,3.087064610963241e-05,0.0024028228150746,0.0625685938145853,8,,
mobilebert,23,20,83.98384925975773,83.1989247311828,560823400,4.18067466824289e-05,0.0001125573247695,0.0682906325236741,9,,
mobilebert,23,21,78.60026917900404,79.16666666666667,1003395907,8.528891534399713e-06,0.056109261529515,0.172400715234007,10,,
mobilebert,23,22,70.52489905787348,65.7258064516129,1898300813,1.2248430985790784e-05,0.0002817027757441,0.1162119996882256,2,,
mobilebert,23,23,82.36877523553163,83.73655913978494,817578666,4.264158627148636e-05,0.0003420196714792,0.0841219987075403,6,,
mobilebert,23,24,83.71467025572005,83.60215053763442,842626651,9.786694935896506e-05,0.0002559996501882,0.0380671197181028,5,,
mobilebert,23,25,82.63795423956931,83.60215053763442,992938827,9.773680023945478e-05,2.0600957429721197e-05,0.0334421018589837,7,,
mobilebert,23,26,82.36877523553163,82.66129032258064,509906931,6.792770332482748e-05,0.0113500626455279,0.1898980581972266,10,,
mobilebert,23,27,80.75370121130551,81.18279569892474,859270803,9.8729109892776e-06,0.0007726918274811,0.0103446438655712,10,,
mobilebert,23,28,83.71467025572005,81.58602150537635,994262324,6.432689565862692e-05,6.925447115024145e-05,0.0293842767076167,10,,
mobilebert,23,29,84.65679676985195,80.91397849462365,1982301352,3.18754836228318e-05,3.5621664487417106e-05,0.002963637151038,5,,
mobilebert,24,0,77.73333333333333,77.62982689747004,701413263,1.830907447976561e-05,0.0008270266622957,0.096761209620637,6,,
mobilebert,24,1,77.2,77.3635153129161,1125308733,3.3882408249469785e-05,0.0001494471301752,0.0331647204641063,2,,
mobilebert,24,2,84.0,82.55659121171772,237656612,3.983350348127869e-05,0.0418649208644948,0.0669218497673897,8,,
mobilebert,24,3,47.46666666666667,47.4034620505992,2092948480,2.255970085084161e-05,0.0727934846517743,0.1807084493073072,6,,
mobilebert,24,4,65.73333333333333,65.37949400798935,714196188,1.5339773480220157e-05,0.0007396923659146,0.0087469667563438,2,,
mobilebert,24,5,81.46666666666667,80.55925432756325,626081613,4.845108987963011e-05,0.0304181099466039,0.0350049037790547,7,,
mobilebert,24,6,80.93333333333334,80.02663115845539,912749448,1.6580532832802335e-05,0.0886965170090149,0.0272228159102964,9,,
mobilebert,24,7,78.13333333333334,80.29294274300932,1616558351,1.1748626884013236e-05,0.0512605257816649,0.0630881795684491,9,,
mobilebert,24,8,82.4,84.8202396804261,783203126,6.023710606423414e-05,8.513405570605658e-05,0.1145759668440278,7,,
mobilebert,24,9,80.53333333333333,80.15978695073235,1944092799,1.7261997908132277e-05,0.0084547760735096,0.0728262041805761,6,,
mobilebert,24,10,78.0,79.6271637816245,1076557061,9.598854798604282e-06,5.7466474111950486e-05,0.044922840502444,10,,
mobilebert,24,11,84.13333333333334,81.89081225033289,1789760449,3.841488671990629e-05,0.0035214886756014,0.1297635359394932,9,,
mobilebert,24,12,76.66666666666667,77.3635153129161,1785397223,1.3732162421081704e-05,3.2051992688984096e-05,0.0908766708509555,6,,
mobilebert,24,13,75.6,78.29560585885486,2085887372,1.3328500424826643e-05,0.000132535127007,0.1069122515095736,6,,
mobilebert,24,14,78.66666666666667,78.29560585885486,576817573,1.5663796029920957e-05,0.0024378065008608,0.1912432480586066,4,,
mobilebert,24,15,80.4,79.76031957390147,212223833,4.469340962803114e-05,0.0054043793555167,0.1167396739990799,2,,
mobilebert,24,16,69.86666666666666,73.90146471371504,1971733497,6.15308980777584e-06,0.0132868673255795,0.1870859964150521,3,,
mobilebert,24,17,77.86666666666666,79.6271637816245,1941473745,9.694884523405355e-06,0.0002972582066097,0.1192910619999951,6,,
mobilebert,24,18,82.66666666666667,82.42343541944075,44918674,8.946329642839601e-05,0.0002395680022844,0.110105046405949,4,,
mobilebert,24,19,81.73333333333333,81.35818908122504,1958136094,9.171414031818177e-05,0.0048915275436342,0.0023965708533942,4,,
mobilebert,24,20,83.86666666666666,83.08921438082557,269743583,9.020388638135706e-05,0.0073946586271988,0.1137059397380529,7,,
mobilebert,24,21,71.86666666666666,74.56724367509986,1283136826,5.189329247211411e-06,0.0018273668192713,0.0200163718234528,6,,
mobilebert,24,22,58.53333333333333,61.78428761651132,622802212,1.000518538687545e-05,0.0235527951989194,0.1004584873864105,5,,
mobilebert,24,23,82.4,82.02396804260985,398440333,1.955884248613168e-05,0.0009790955043674,0.1308754153344509,9,,
mobilebert,24,24,83.46666666666667,82.42343541944075,794730006,7.003469887764472e-05,0.0028872718996918,0.0721204001222966,7,,
mobilebert,24,25,82.8,82.15712383488682,1302369726,5.240344859198807e-05,0.0656932342381442,0.0387420063970141,4,,
mobilebert,24,26,61.73333333333333,66.57789613848202,1364040977,8.443519661262566e-06,0.0001236911371871,0.0914424129246775,6,,
mobilebert,24,27,75.06666666666666,78.96138482023969,831229268,1.1222777003816831e-05,0.0006304497576413,0.144791252035608,6,,
mobilebert,24,28,77.06666666666666,75.36617842876166,5702868,2.4899765043000037e-05,1.1550265546393718e-05,0.1489628667306042,3,,
mobilebert,24,29,68.66666666666667,68.44207723035952,1879806951,9.38697794564473e-06,6.398976493909942e-05,0.1929372233454798,9,,
mobilebert,25,0,78.88446215139442,77.29083665338645,1928355620,7.943859185071178e-06,0.0001048350212139,0.0585764178983676,7,,
mobilebert,25,1,82.07171314741036,80.87649402390439,948094261,2.882255055812114e-05,3.1928602211049985e-05,0.1856147411785033,3,,
mobilebert,25,2,67.46347941567065,65.6042496679947,1774312951,2.4615365239858693e-05,0.0340061670657107,0.1055784092315393,9,,
mobilebert,25,3,82.73572377158034,83.26693227091633,249090522,9.17349416963054e-05,0.0304997437321986,0.1642247855217602,2,,
mobilebert,25,4,65.86985391766268,68.26029216467464,812855662,5.367544929856417e-06,0.040534439256292,0.0569367476401028,4,,
mobilebert,25,5,80.87649402390439,80.2124833997344,1194015961,1.8415127688199694e-05,0.0014648786372631,0.0930463334587746,6,,
mobilebert,25,6,80.0796812749004,79.81407702523241,1087620011,1.679832567561274e-05,0.0395310329303938,0.1424945841212532,5,,
mobilebert,25,7,77.95484727755644,75.96281540504648,129223670,1.1977551981946047e-05,6.446377835546702e-05,0.0501771830884912,4,,
mobilebert,25,8,84.86055776892431,83.66533864541833,1478094938,8.33300389146085e-05,0.0048022460599776,0.0441286158514578,9,,
mobilebert,25,9,37.31739707835325,35.723771580345286,1548598356,8.506557672782906e-06,0.0002961306091614,0.0613794444073928,6,,
mobilebert,25,10,84.32934926958832,81.67330677290836,1877594035,5.233281791063671e-05,0.0003443928136552,0.1894574684060274,9,,
mobilebert,25,11,68.52589641434263,69.9867197875166,1503065406,5.4621349536069286e-06,0.0217151502299795,0.1076579018757207,3,,
mobilebert,25,12,67.33067729083665,69.05710491367861,264420142,1.613581164107433e-05,8.43049206601086e-05,0.1927120295228881,7,,
mobilebert,25,13,84.4621513944223,81.40770252324037,51858938,1.6486695908785453e-05,0.0021013202310933,0.1191643820706746,8,,
mobilebert,25,14,83.66533864541833,82.33731739707835,145561668,9.579027313711829e-05,0.0118525664052837,0.1817359039155547,2,,
mobilebert,25,15,64.8074369189907,61.22177954847277,1582512812,5.384885431817024e-06,4.0658244254825366e-05,0.1130050707905095,2,,
mobilebert,25,16,82.60292164674635,82.73572377158034,1932696765,5.8835697888634606e-05,0.00971875481365,0.1097175536721506,6,,
mobilebert,25,17,84.06374501992032,83.66533864541833,1337696627,6.775831974984545e-05,0.0130067541148659,0.0994359157849221,7,,
mobilebert,25,18,83.26693227091633,81.80610889774236,1507104174,2.248056477138445e-05,0.0061469135241837,0.0703449657491462,6,,
mobilebert,25,19,81.27490039840637,79.4156706507304,5834306,1.1636558971955148e-05,0.0981303996208121,0.0062565697804982,8,,
mobilebert,25,20,76.22841965471447,75.56440903054448,459896727,6.5853880407232665e-06,0.0025209940925727,0.1737544856605237,6,,
mobilebert,25,21,75.4316069057105,75.2988047808765,1902916888,6.024205571024804e-06,1.614312591150081e-05,0.1051077904764151,6,,
mobilebert,25,22,83.00132802124834,84.59495351925631,2052846203,8.490863967634703e-05,4.101153336132707e-05,0.0669604584380051,4,,
mobilebert,25,23,79.81407702523241,79.28286852589642,1228331885,2.006075822943149e-05,0.0062575515535705,0.0942996235857434,10,,
mobilebert,25,24,83.93094289508632,82.73572377158034,4505568,3.1441501157223325e-05,0.0003841573747965,0.1560945460750301,10,,
mobilebert,25,25,66.13545816733068,67.99468791500664,175534223,8.723671274015343e-06,0.036953497565506,0.0599949766879186,8,,
mobilebert,25,26,84.72775564409031,82.33731739707835,1595233713,1.884370394892493e-05,1.1364862432292116e-05,0.0543807125443766,10,,
mobilebert,25,27,71.58034528552457,69.18990703851262,1181172531,6.995793471397665e-06,0.0127099621384881,0.0084919196385678,6,,
mobilebert,25,28,83.93094289508632,83.39973439575033,1917944432,4.387781773293202e-05,0.0052150652735973,0.0179058001656197,9,,
mobilebert,25,29,71.04913678618858,69.9867197875166,2116494505,1.6220255624119857e-05,5.487495000077094e-05,0.0210690434941329,10,,
mobilebert,26,0,79.1044776119403,79.78290366350068,237776426,8.303096141266718e-06,0.0620284189755732,0.025191965817959,10,,
mobilebert,26,1,66.48575305291723,71.37042062415196,1455751889,1.224359493147398e-05,0.0276124703175597,0.1585907613231954,6,,
mobilebert,26,2,35.14246947082768,32.56445047489824,437102894,1.678456428440656e-05,0.0004946608526317,0.0771250690204157,5,,
mobilebert,26,3,83.31071913161465,82.76797829036634,2054211566,8.394113680341472e-05,0.0020012429750202,0.0136087398832978,8,,
mobilebert,26,4,69.19945725915875,70.42062415196743,535088163,1.7508270982219268e-05,0.0018581555861347,0.0174728978704878,2,,
mobilebert,26,5,73.27001356852104,73.81275440976934,1102887608,6.578018383003895e-06,0.0093462133953993,0.1823431322054927,5,,
mobilebert,26,6,78.69742198100407,76.93351424694708,1442002776,4.1170474539278776e-05,0.0019162282540497,0.0965321125488875,2,,
mobilebert,26,7,85.21031207598372,82.90366350067842,1400520387,6.454402885440018e-05,0.006667806093804,0.1917869025486265,7,,
mobilebert,26,8,82.36092265943012,83.98914518317504,1246713164,6.919025848625084e-05,0.0442841029819423,0.1269409092783487,8,,
mobilebert,26,9,66.21438263229308,68.79240162822252,1166923688,2.298203396303221e-05,0.0003159960625068,0.019658102419738,10,,
mobilebert,26,10,83.71777476255089,83.71777476255089,1564007935,2.2333313782147548e-05,3.020133934082581e-05,0.0827632650755098,10,,
mobilebert,26,11,81.54681139755766,83.44640434192674,1700437080,1.635356608132658e-05,1.996381720935378e-05,0.108943702290338,7,,
mobilebert,26,12,67.02849389416554,69.19945725915875,1652447329,8.011254011247525e-05,0.0025241561799034,0.0566847583040376,7,,
mobilebert,26,13,72.3202170963365,72.59158751696066,1241207306,6.075340464772644e-06,0.002538137176027,0.0103428458631748,5,,
mobilebert,26,14,76.11940298507463,75.1696065128901,1442892611,7.320862261315125e-06,0.0003740310025442,0.1975820386289258,5,,
mobilebert,26,15,81.54681139755766,81.95386702849389,513285572,2.3111821722103904e-05,0.0005600482134313,0.1959726271577626,4,,
mobilebert,26,16,83.44640434192674,82.36092265943012,1729265233,8.972264931338182e-05,0.0002467440123532,0.196881289682975,10,,
mobilebert,26,17,82.63229308005427,80.59701492537313,870174449,2.239171854326969e-05,0.0017711786543994,0.0135263933882193,5,,
mobilebert,26,18,85.07462686567165,84.8032564450475,765830312,3.414362304800435e-05,0.0005510296025692,0.1383727074322066,10,,
mobilebert,26,19,67.16417910447761,69.06377204884667,1160507744,5.802759516224841e-06,0.0519058655327812,0.0940217626226725,9,,
mobilebert,26,20,83.85345997286296,83.98914518317504,680559847,3.4754948495979044e-05,0.015814772631699,0.0550521972389115,4,,
mobilebert,26,21,77.20488466757124,77.47625508819539,1359374160,1.3616873293535424e-05,0.0002766227701121,0.0071055228891968,6,,
mobilebert,26,22,83.31071913161465,82.49660786974219,554922858,1.6946343491721256e-05,0.0018831803792148,0.1639692979374313,7,,
mobilebert,26,23,84.26051560379919,84.8032564450475,1765772528,6.898142808075149e-05,0.0677575179407656,0.0819131693804768,5,,
mobilebert,26,24,64.58616010854817,61.05834464043419,187177959,8.244729775545903e-06,0.0361801402349276,0.083993886606731,7,,
mobilebert,26,25,78.29036635006784,77.47625508819539,224316674,3.334052357462227e-05,0.0303773523064576,0.0108085795580599,10,,
mobilebert,26,26,76.93351424694708,76.2550881953867,634086749,2.1783462245153204e-05,0.0112615777693251,0.161669517505281,2,,
mobilebert,26,27,83.17503392130257,83.98914518317504,96464935,7.307120593532633e-05,0.0039515775487773,0.1935244447389629,10,,
mobilebert,26,28,66.48575305291723,68.79240162822252,366746986,9.864935916133895e-06,0.0288343148510722,0.004032982306192,4,,
mobilebert,26,29,66.48575305291723,66.35006784260516,1813264294,8.024032858897225e-06,1.828858936203746e-05,0.1789381355866495,2,,
mobilebert,27,0,69.75228161668839,71.1864406779661,6454466,1.2608127740404614e-05,0.0003425397850282,0.0392841665366352,4,,
mobilebert,27,1,63.49413298565841,65.1890482398957,1117894143,2.656385929736484e-05,3.348686998525904e-05,0.1777644111206954,2,,
mobilebert,27,2,82.39895697522816,81.877444589309,1572399817,1.4793856071084423e-05,0.0029202470665707,0.1160068794914896,9,,
mobilebert,27,3,78.8787483702738,78.35723598435463,196202793,9.336506082227955e-06,0.0233531673254931,0.1182008380538401,7,,
mobilebert,27,4,68.57887874837027,69.88265971316818,1054702048,8.028952232542624e-06,1.4944036503964918e-05,0.1678236273751964,2,,
mobilebert,27,5,83.83311603650587,82.92046936114733,1429403303,2.9587833277500382e-05,0.004428680472405,0.1160794335148682,8,,
mobilebert,27,6,66.36245110821382,67.40547588005215,1152289570,5.453184820786218e-06,0.0465922372667661,0.0077900074475306,3,,
mobilebert,27,7,83.83311603650587,82.52933507170795,1062323555,2.1702862710410783e-05,0.0374353935644077,0.0738615216311489,8,,
mobilebert,27,8,71.31681877444589,74.96740547588006,866809699,1.9679525062318178e-05,0.0258932893167427,0.1931983179055207,2,,
mobilebert,27,9,83.18122555410692,84.22425032594523,1211836146,8.712711145962656e-05,0.0707845070944762,0.1175155672425502,7,,
mobilebert,27,10,78.22685788787484,76.53194263363756,2088594299,6.394071312410224e-06,0.0005756589123945,0.1506523219764947,6,,
mobilebert,27,11,82.79009126466754,83.05084745762711,1773562015,4.217267007332907e-05,0.0035597911295067,0.09006952596581,10,,
mobilebert,27,12,84.22425032594523,83.44198174706649,1287382864,5.744494318592898e-05,0.0727154059596932,0.0099567690492281,8,,
mobilebert,27,13,68.3181225554107,71.44719687092568,278450782,5.723516869850447e-06,0.0582995774079528,0.1352967427103908,9,,
mobilebert,27,14,83.70273794002608,83.18122555410692,1794984941,5.954212154501568e-05,0.026231393115414,0.1601167100646928,10,,
mobilebert,27,15,68.97001303780965,70.01303780964798,1788408954,1.097004077598964e-05,0.0022877095270134,0.1361732202339906,6,,
mobilebert,27,16,64.40677966101696,68.44850065189048,1118226517,8.901735120819042e-06,1.0923288380511831e-05,0.172142900433406,8,,
mobilebert,27,17,83.83311603650587,80.70404172099087,657675151,3.707132356224383e-05,0.0036849043608218,0.0265767429065654,7,,
mobilebert,27,18,83.70273794002608,82.65971316818775,320662931,2.5373064816790846e-05,0.0309735725488317,0.0386782638675179,7,,
mobilebert,27,19,83.44198174706649,82.26857887874837,488715738,4.6903662548048e-05,0.0010561033003669,0.1233750951362274,3,,
mobilebert,27,20,79.92177314211213,79.00912646675359,139504160,8.862795945521214e-06,0.0020113577894413,0.0056702937622368,9,,
mobilebert,27,21,83.44198174706649,82.00782268578878,137307840,1.4292877363117108e-05,0.0117542903474793,0.1795499134104478,7,,
mobilebert,27,22,83.44198174706649,82.92046936114733,1761981693,8.711978914216258e-05,0.020430920194433,0.0156832806256882,8,,
mobilebert,27,23,76.66232073011734,76.66232073011734,326329542,1.366680623603059e-05,0.0003317213038385,0.1296297225745338,7,,
mobilebert,27,24,51.10821382007823,53.71577574967405,982779122,1.12324689284595e-05,0.0074015039913519,0.0772714927847149,5,,
mobilebert,27,25,84.22425032594523,84.35462842242504,1429166281,4.798261623199277e-05,0.0325252643665829,0.1774545965821055,8,,
mobilebert,27,26,83.18122555410692,82.26857887874837,1214295755,8.732967816343996e-05,5.184795878735898e-05,0.1815904011133474,6,,
mobilebert,27,27,81.877444589309,80.1825293350717,1591230034,3.3785425518657415e-05,4.224037761676155e-05,0.1762975257921815,3,,
mobilebert,27,28,83.3116036505867,83.83311603650587,1064536423,6.782639405709525e-05,0.0024715900083538,0.1709488069251041,10,,
mobilebert,27,29,82.92046936114733,80.4432855280313,1316249248,2.0499488323827838e-05,6.57176037065852e-05,0.172106389957917,7,,
mobilebert,28,0,80.49414824447334,82.85714285714286,1984874912,3.3010679149032955e-05,0.017905192065125,0.1703935482249532,4,,
mobilebert,28,1,81.14434330299089,84.93506493506493,1060834969,6.26213063466753e-05,1.8864696998325163e-05,0.1413441203692551,3,,
mobilebert,28,2,76.98309492847855,77.53246753246754,1335860282,6.319632200389002e-06,0.0005371305723107,0.193354599974333,8,,
mobilebert,28,3,77.11313394018205,75.06493506493507,1754488272,7.66572694344773e-06,0.0076605849925355,0.1623756907516534,8,,
mobilebert,28,4,80.23407022106632,84.28571428571429,2012938744,4.378093230001645e-05,1.869258714708216e-05,0.144167729043879,7,,
mobilebert,28,5,81.01430429128739,79.87012987012987,1585541470,2.004394171175197e-05,0.0539171044533091,0.0168877292451677,5,,
mobilebert,28,6,80.75422626788037,83.50649350649351,1082703011,6.6774365920946e-05,0.0044506821908058,0.0611768840820131,3,,
mobilebert,28,7,66.57997399219767,64.8051948051948,1722081621,6.3739285682737496e-06,9.405631325760822e-05,0.1054129947457361,2,,
mobilebert,28,8,66.84005201560468,65.1948051948052,2024360519,6.117887489304766e-06,0.0636222757412915,0.134253369269998,6,,
mobilebert,28,9,71.39141742522757,70.51948051948052,1497753742,9.371576780414115e-06,0.0001891227825404,0.1149314078039018,3,,
mobilebert,28,10,77.6332899869961,76.62337662337663,350062453,6.541285209748151e-05,0.0001405072238817,0.1108739989373546,2,,
mobilebert,28,11,77.50325097529259,78.57142857142857,843339786,1.6492772024973858e-05,4.5762280611610886e-05,0.0119726282674887,6,,
mobilebert,28,12,81.66449934980494,81.03896103896103,1649526315,8.045519168660185e-05,0.0894559350990868,0.0193855101422115,3,,
mobilebert,28,13,77.50325097529259,78.31168831168831,1482950033,1.039172898312091e-05,0.0001594089755019,0.0169645412509613,10,,
mobilebert,28,14,76.33289986996098,75.97402597402598,821873124,1.766432985410217e-05,5.35950366122506e-05,0.0552885369539324,3,,
mobilebert,28,15,78.93368010403121,81.94805194805195,1789637178,1.980439071404781e-05,0.0008537293846587,0.1719861093256216,10,,
mobilebert,28,16,76.07282184655396,77.53246753246754,308221230,1.0381840748676146e-05,0.0219860358626052,0.0523516584853995,7,,
mobilebert,28,17,77.7633289986996,76.49350649350649,309835519,5.9993269027945984e-05,0.0017992671405414,0.163572042509658,2,,
mobilebert,28,18,80.88426527958387,83.63636363636364,1682878336,6.440961884546012e-05,0.0936158336594942,0.0085527281114056,10,,
mobilebert,28,19,57.99739921976593,64.02597402597402,1917908546,5.071043142713327e-06,0.0830204968667648,0.1478146139837134,3,,
mobilebert,28,20,67.23016905071522,65.71428571428571,1811072963,5.250876882553069e-06,2.1974553298521214e-05,0.1769063359582672,7,,
mobilebert,28,21,80.1040312093628,79.22077922077922,987681813,1.2076614038255956e-05,1.5125956390516976e-05,0.0321338351817316,8,,
mobilebert,28,22,77.50325097529259,77.27272727272727,312087224,1.1572712672957947e-05,0.0001830853073822,0.0256243977746524,7,,
mobilebert,28,23,82.44473342002601,82.72727272727273,515689953,3.1451008898640465e-05,0.0004121925468697,0.0177825988904032,6,,
mobilebert,28,24,68.66059817945384,67.92207792207792,1892657565,1.2797439317636897e-05,0.0135688016821791,0.1599547243981006,2,,
mobilebert,28,25,82.96488946684005,82.33766233766234,512161580,4.6916281832052754e-05,0.0002054319994193,0.1611030397914051,5,,
mobilebert,28,26,69.83094928478543,70.12987012987013,2059597393,6.809462541920109e-06,0.0036898475701495,0.0634444460634707,3,,
mobilebert,28,27,82.3146944083225,84.67532467532467,1198925627,9.877055239619251e-05,0.0068050247878291,0.1595209464088953,4,,
mobilebert,28,28,81.40442132639792,81.55844155844156,115859757,2.429181581515069e-05,0.0885557832271216,0.0841972179570859,4,,
mobilebert,28,29,66.84005201560468,65.97402597402598,106557877,9.41199277856712e-06,0.0046835467888757,0.1992511998279703,5,,
mobilebert,29,0,69.84334203655352,69.23076923076923,169440647,6.94267564180238e-06,0.0277961176124986,0.1285144884758035,2,,
mobilebert,29,1,79.50391644908616,79.00912646675359,216789357,3.429909159096383e-05,0.0562112057935278,0.0900709841834354,2,,
mobilebert,29,2,77.54569190600522,77.96610169491525,1966233620,1.1094108805010856e-05,0.0051755539024264,0.0666485882202623,6,,
mobilebert,29,3,77.2845953002611,78.22685788787484,1891648365,2.782534912854542e-05,0.0468959960916407,0.1677481828198802,2,,
mobilebert,29,4,83.68146214099217,82.52933507170795,1089063401,5.912400698924438e-05,0.0006744621965651,0.1238302562523533,9,,
mobilebert,29,5,65.92689295039165,65.31942633637549,359958281,1.5501805126425656e-05,0.0406857121093232,0.1316335648507215,4,,
mobilebert,29,6,67.62402088772846,68.83963494132986,1487534727,1.3077715648262964e-05,0.0047061969678451,0.1686402690488747,4,,
mobilebert,29,7,82.8981723237598,83.96349413298566,1053088882,7.9123104307432e-05,1.267529240773587e-05,0.1093499170578862,3,,
mobilebert,29,8,69.32114882506528,71.70795306388527,351501771,9.789540235920185e-06,0.0037749674569868,0.1325922934900219,2,,
mobilebert,29,9,82.63707571801567,81.09517601043025,405579425,2.0833592018713863e-05,0.0082444271423961,0.0477004176974356,10,,
mobilebert,29,10,77.67624020887729,78.6179921773142,1090045721,6.252064573209572e-06,0.0204567398558135,0.0532818944929004,10,,
mobilebert,29,11,81.72323759791122,80.1825293350717,1245120630,2.76451984323094e-05,0.0010731130136958,0.012043345814974,4,,
mobilebert,29,12,69.32114882506528,70.53455019556715,694851092,1.0765487511569824e-05,0.0026676530282161,0.0452550317060546,5,,
mobilebert,29,13,82.8981723237598,82.13820078226858,1735000560,5.893092096561098e-05,0.000405900640397,0.1900829433032053,4,,
mobilebert,29,14,81.33159268929504,81.09517601043025,298676089,2.0720571653324403e-05,0.0022195041570187,0.0606744752832968,8,,
mobilebert,29,15,78.9817232375979,81.22555410691004,1227807495,2.6562117740459195e-05,4.338353361426022e-05,0.0617258287860822,8,,
mobilebert,29,16,75.97911227154047,78.6179921773142,536567647,1.70203378268229e-05,0.0007619933667756,0.0268526035220622,9,,
mobilebert,29,17,66.57963446475196,67.92698826597132,1105180397,5.923055366408601e-06,0.0003299939641966,0.146974650733679,9,,
mobilebert,29,18,64.62140992167102,67.01434159061277,289549329,6.260392848088572e-06,0.0829372510129346,0.0718180663961375,5,,
mobilebert,29,19,83.42036553524804,82.65971316818775,1153960663,4.1675188346025865e-05,0.0229259348186062,0.1991860489154112,6,,
mobilebert,29,20,46.99738903394256,47.45762711864407,807684489,7.794632910745672e-06,2.157323308490502e-05,0.1385107017840094,10,,
mobilebert,29,21,67.23237597911228,68.0573663624511,761554111,6.294626981886268e-06,0.0128023433209236,0.0206310381945062,5,,
mobilebert,29,22,83.02872062663185,82.52933507170795,1613535656,3.1037944174970786e-05,0.0174178625047874,0.1756643475052345,8,,
mobilebert,29,23,69.45169712793734,73.14211212516297,368401706,1.610216302118196e-05,0.0001346264183173,0.0858409786935809,6,,
mobilebert,29,24,82.50652741514361,82.79009126466754,1187234460,2.520398407368459e-05,0.0620909970956715,0.1882864174442605,9,,
mobilebert,29,25,80.4177545691906,81.22555410691004,945869122,7.501287860601342e-06,0.0081194364051434,0.15229260148887,10,,
mobilebert,29,26,83.42036553524804,84.7457627118644,2055778255,9.808684117811708e-05,0.0329904381883833,0.0071316412068894,6,,
mobilebert,29,27,77.54569190600522,78.09647979139504,1715159459,1.035405530281018e-05,0.000104391195011,0.0332446257751532,5,,
mobilebert,29,28,82.37597911227154,81.877444589309,1744624555,1.996457733047542e-05,7.953470356234951e-05,0.1985849283892145,7,,
mobilebert,29,29,84.59530026109661,82.52933507170795,1710299070,5.0187055622141095e-05,2.829421737597305e-05,0.0440642372096295,10,,
distilbert,0,0,82.13333333333334,80.02663115845539,279955448,7.907890638260727e-06,0.0882006513513253,0.0439754969965782,10,False,False
distilbert,0,1,82.8,81.491344873502,1941014745,1.5256757230305448e-05,0.0026750919215837,0.0277515825170907,7,False,False
distilbert,0,2,82.53333333333333,80.95872170439414,355683636,1.284873149507514e-05,3.040262392401516e-05,0.0583679615565038,10,False,False
distilbert,0,3,82.93333333333334,81.35818908122504,1525182947,2.671330852991628e-05,0.0217768725772729,0.1573036487065868,3,False,False
distilbert,0,4,82.8,80.15978695073235,799053055,1.1671857305156682e-05,0.017817811966306,0.1977997312997003,5,False,False
distilbert,0,5,77.73333333333333,78.42876165113182,1181103425,5.043497972384234e-06,0.0126351251920992,0.1173815489709434,5,False,False
distilbert,0,6,70.93333333333334,69.2410119840213,906186491,5.418714452280136e-06,1.775211534421802e-05,0.0316600012862682,3,False,False
distilbert,0,7,82.8,82.15712383488682,799073669,8.192218851758752e-05,1.613202533841867e-05,0.0342741522217233,6,False,False
distilbert,0,8,82.53333333333333,80.15978695073235,1793462289,3.329447213966846e-05,0.0028747927129492,0.1156021283050872,7,False,False
distilbert,0,9,81.6,80.82556591211717,866875223,8.97648379189741e-06,0.0004395773766568,0.1960710317330168,10,False,False
distilbert,0,10,81.46666666666667,79.49400798934754,1266502923,9.24476268027352e-05,0.0005301901934399,0.1191548144580014,10,False,False
distilbert,0,11,81.73333333333333,80.82556591211717,1893691036,5.607890986854499e-05,1.0222315574574728e-05,0.0158017616296751,7,False,False
distilbert,0,12,82.66666666666667,81.22503328894807,733096140,2.7261394993694462e-05,0.0558355154995104,0.1798085999778715,5,False,False
distilbert,0,13,81.6,81.491344873502,1974868948,9.242174352098766e-05,0.0524222932192727,0.0962620928103503,4,False,False
distilbert,0,14,84.66666666666667,81.75765645805592,348819170,3.951715201627258e-05,0.0005090930243413,0.1233155742896922,9,True,False
distilbert,0,15,82.53333333333333,83.08921438082557,2078315604,5.35327888080794e-05,5.366139350718377e-05,0.1779981426267337,6,False,True
distilbert,0,16,82.26666666666667,80.55925432756325,90643984,2.7408444437754342e-05,0.0017439991100675,0.1459327225065608,2,False,False
distilbert,0,17,82.66666666666667,80.95872170439414,966973294,6.103011019130232e-05,0.0125375053568471,0.0454352212536038,8,False,False
distilbert,0,18,83.6,81.22503328894807,983772966,5.179999767340186e-05,0.0065910117399877,0.1137996009664412,9,False,False
distilbert,0,19,82.93333333333334,78.82822902796272,1165307194,3.712958828593482e-05,0.0517676274171049,0.0729003187756073,8,False,False
distilbert,0,20,82.4,80.95872170439414,621608879,2.686654835465475e-05,3.511694433387042e-05,0.1548289424036354,4,False,False
distilbert,0,21,82.66666666666667,79.89347536617844,44782887,2.1846510268463155e-05,0.0007762570306158,0.1842522937053157,9,False,False
distilbert,0,22,81.6,80.15978695073235,752712654,1.3683110014393536e-05,0.0343529163869256,0.1311852750892026,6,False,False
distilbert,0,23,82.0,81.0918774966711,126099276,4.684937702656647e-05,0.0224051076987308,0.0034567835510459,5,False,False
distilbert,0,24,82.8,82.02396804260985,1525695210,5.576721691661325e-05,0.0003969560909234,0.1362321786242702,10,False,False
distilbert,0,25,80.66666666666667,81.35818908122504,22464276,1.3284429140746622e-05,0.0002451347243911,0.149075253743905,6,False,False
distilbert,0,26,81.73333333333333,80.15978695073235,2016252099,6.163242510370164e-06,0.0032252200477495,0.018240226846609,7,False,False
distilbert,0,27,82.93333333333334,81.75765645805592,932034176,7.082265551058568e-05,0.0042370077589581,0.1220101688779928,10,False,False
distilbert,0,28,81.06666666666666,79.09454061251664,2001484712,2.0697804677208592e-05,0.0022173586196233,0.1003120178318543,3,False,False
distilbert,0,29,83.06666666666666,81.22503328894807,1429187553,2.578362566490774e-05,0.0001923368515011,0.0824528395229448,7,False,False
distilbert,1,0,79.81157469717363,81.69582772543741,1257836072,6.6462672260968e-05,0.0407775682315398,0.0538133804125094,7,False,False
distilbert,1,1,80.21534320323015,82.09959623149395,2034531732,7.662949548896462e-05,0.0728770125570846,0.1910340639267794,2,False,True
distilbert,1,2,80.75370121130551,80.48452220726783,1501667185,4.004227654429165e-05,0.0005895129102181,0.086949856042197,7,False,False
distilbert,1,3,79.67698519515478,82.09959623149395,530799732,6.320292965108972e-05,0.0038241014653208,0.144537135531008,10,False,False
distilbert,1,4,77.5235531628533,79.81157469717363,1464299487,1.1248416831660444e-05,2.736379078842434e-05,0.0108117528615832,5,False,False
distilbert,1,5,78.06191117092867,79.94616419919247,1460650820,1.3875738561924194e-05,1.7586002440287082e-05,0.0442755790265599,4,False,False
distilbert,1,6,79.67698519515478,81.9650067294751,945459742,2.0833485695567493e-05,3.0225031859012396e-05,0.1446042168367088,9,False,False
distilbert,1,7,79.27321668909825,80.61911170928667,1451678175,9.784230420993765e-06,0.000125183260714,0.070871539923153,10,False,False
distilbert,1,8,79.27321668909825,80.34993270524899,320112150,7.470445729066637e-06,0.0003113279898509,0.0898091896615985,8,False,False
distilbert,1,9,80.61911170928667,80.88829071332437,1944501975,1.68785914494661e-05,3.361367006721299e-05,0.0873856999812601,5,False,False
distilbert,1,10,80.21534320323015,81.29205921938089,1315040966,4.514870032698422e-05,0.0035189336967972,0.0725750525360825,3,False,False
distilbert,1,11,79.00403768506057,80.08075370121131,747751450,3.0296587799786024e-05,0.0940243506096047,0.1498998456800723,2,False,False
distilbert,1,12,77.5235531628533,79.13862718707941,450377393,1.3197645674554842e-05,0.0126354354120611,0.1906604788851122,3,False,False
distilbert,1,13,76.85060565275909,79.13862718707941,1613185175,8.330367905508013e-06,6.72539535771466e-05,0.0866696801107908,4,False,False
distilbert,1,14,77.92732166890983,79.94616419919247,669178528,9.446679985669482e-06,0.0051117676219183,0.1943297550543019,5,False,False
distilbert,1,15,79.00403768506057,79.54239569313593,1431564975,6.581312915839387e-06,0.0005804094452718,0.1940460190834758,9,False,False
distilbert,1,16,79.27321668909825,81.9650067294751,604974649,4.076954575465701e-05,0.0022310351857505,0.1534366977030899,9,False,False
distilbert,1,17,79.27321668909825,81.15746971736205,1559346455,1.2277436099762074e-05,0.0673450970104841,0.1129767224895766,7,False,False
distilbert,1,18,79.54239569313593,81.15746971736205,1598044522,4.5683120224375177e-05,0.000186152358749,0.0382863801816515,2,False,False
distilbert,1,19,78.73485868102289,81.15746971736205,1818445561,7.3396770417062496e-06,0.002394850306242,0.0244586078877166,10,False,False
distilbert,1,20,80.34993270524899,80.48452220726783,1490011756,3.939779696943386e-05,0.0002576980624814,0.095290383399521,2,False,False
distilbert,1,21,79.67698519515478,78.60026917900404,578379575,9.086699988008875e-05,9.08593762635933e-05,0.1316627994706709,7,False,False
distilbert,1,22,78.86944818304173,80.21534320323015,1657280526,8.433400832107074e-05,0.0152860422181126,0.0483309134097691,10,False,False
distilbert,1,23,80.88829071332437,81.83041722745625,2024933431,2.1587796456961328e-05,0.0007664753520001,0.0717863720430491,5,True,False
distilbert,1,24,79.40780619111709,81.56123822341857,83301647,2.200967482458201e-05,0.0166464733495751,0.0885154200336968,3,False,False
distilbert,1,25,77.65814266487214,79.13862718707941,521602668,5.839914168570184e-06,0.0011497362395557,0.0226739454029366,7,False,False
distilbert,1,26,79.54239569313593,81.0228802153432,1705181735,5.709207054095545e-06,0.0001376796232163,0.0017564881803308,10,False,False
distilbert,1,27,75.50471063257066,76.98519515477793,1109166482,1.0161018504811585e-05,0.0018971856002863,0.0845871270345559,3,False,False
distilbert,1,28,77.92732166890983,79.94616419919247,841500808,1.12313373783712e-05,0.0014026135829668,0.000248871719334,6,False,False
distilbert,1,29,79.00403768506057,79.54239569313593,547652672,1.1509464113037055e-05,0.0005441955087633,0.0429679466394767,4,False,False
distilbert,2,0,84.09703504043127,78.57142857142857,799081204,2.110547088351257e-05,0.0021254550441886,0.1448178851180239,6,False,False
distilbert,2,1,80.05390835579514,77.088948787062,915867650,6.282041689717612e-06,0.0014739708489094,0.0475998786772405,6,False,False
distilbert,2,2,83.01886792452831,79.11051212938006,1252509014,7.70949826391741e-05,4.873472568542575e-05,0.053926461215619,4,False,False
distilbert,2,3,70.35040431266846,66.0377358490566,834940160,7.131465473813643e-06,0.06997204612752,0.1828427533731752,2,False,False
distilbert,2,4,79.51482479784367,74.66307277628033,1298270674,6.419519988630232e-06,0.0004126244555169,0.080160557957481,6,False,False
distilbert,2,5,81.6711590296496,78.4366576819407,480381362,1.7211957925822752e-05,0.0231148948811767,0.1201501013924463,8,False,False
distilbert,2,6,81.26684636118598,78.03234501347708,1977856343,6.581370723386415e-05,0.0029361781418211,0.1796997854500159,9,False,False
distilbert,2,7,79.64959568733154,74.66307277628033,1295771813,1.058747554700333e-05,3.208998911221197e-05,0.1799905116686532,3,False,False
distilbert,2,8,83.15363881401618,79.11051212938006,654695443,3.153011073469306e-05,0.0055914792912864,0.0989634961964832,4,False,False
distilbert,2,9,83.55795148247978,78.30188679245283,1610696182,8.408687792306932e-05,0.0006677740808247,0.0574708957618224,4,False,False
distilbert,2,10,81.26684636118598,78.70619946091644,333351109,4.596241491739212e-05,0.0003806660001705,0.1041196494237952,7,False,False
distilbert,2,11,82.0754716981132,77.62803234501348,1739839999,1.1843661084067174e-05,0.0018670795437011,0.069525651133811,5,False,False
distilbert,2,12,81.80592991913747,77.89757412398922,1825815308,2.65657152256736e-05,2.1583896205424437e-05,0.1331722254285333,5,False,False
distilbert,2,13,81.26684636118598,75.74123989218329,2039949883,2.068332187045493e-05,0.0006449166258748,0.0003468873097385,2,False,False
distilbert,2,14,82.21024258760107,78.4366576819407,593626284,3.9000812662630806e-05,0.0026211649088917,0.1920364146591185,8,False,False
distilbert,2,15,80.99730458221025,77.088948787062,144157152,1.165757657846813e-05,0.030425423348345,0.0895373203574204,10,False,False
distilbert,2,16,83.01886792452831,78.70619946091644,1916243542,5.502241069681525e-05,0.003992569701481,0.1787715388181237,5,False,False
distilbert,2,17,83.01886792452831,78.03234501347708,1507422005,1.5197691568032845e-05,0.01835831757755,0.0366069013492419,9,False,False
distilbert,2,18,81.6711590296496,79.11051212938006,541299039,4.311551562061892e-05,0.0950904728521322,0.06986407325232,6,False,False
distilbert,2,19,83.01886792452831,79.78436657681941,1945362042,3.104603487110431e-05,0.0089522605949805,0.0855585615370817,3,False,False
distilbert,2,20,82.47978436657682,78.4366576819407,1127441639,5.6857113614845445e-05,0.0049774406371344,0.0007804582643674,5,False,False
distilbert,2,21,82.0754716981132,78.57142857142857,399733444,4.3310693877087193e-05,1.9437120977108807e-05,0.0489678631107463,8,False,False
distilbert,2,22,82.21024258760107,77.89757412398922,158327918,3.517723057266566e-05,0.0043780966899107,0.1361029365959563,7,False,False
distilbert,2,23,80.7277628032345,76.01078167115902,2001023869,1.2205175563548157e-05,2.1662404592692117e-05,0.1045626564878388,3,False,False
distilbert,2,24,84.50134770889488,80.86253369272237,1717044300,2.7365222137508945e-05,5.078868888720527e-05,0.0170989988014696,5,True,True
distilbert,2,25,81.26684636118598,79.38005390835579,545119307,5.819857255731807e-05,0.0006612795311398,0.1153432814229972,2,False,False
distilbert,2,26,82.74932614555256,78.97574123989219,694598711,3.066060777963769e-05,0.0045482352796942,0.0269504859911241,8,False,False
distilbert,2,27,82.47978436657682,77.35849056603773,792361572,1.3857050355830933e-05,0.0004152958372545,0.0729247060861107,10,False,False
distilbert,2,28,82.47978436657682,79.38005390835579,1688488853,6.256386275996908e-05,0.0140209929218774,0.0311787540485814,4,False,False
distilbert,2,29,80.45822102425876,77.89757412398922,75049740,1.409439395638101e-05,3.6159800213872335e-05,0.1346634422363168,9,False,False
distilbert,3,0,80.42328042328042,82.95904887714663,1548520072,7.368784048217423e-05,0.0001171552237152,0.1391026261475825,3,False,False
distilbert,3,1,79.23280423280423,81.63804491413474,266126981,9.453902397078948e-05,0.0005133829943602,0.1244888316449049,5,False,False
distilbert,3,2,79.4973544973545,80.18494055482167,896968514,9.969563206719932e-05,1.5487209260519946e-05,0.050049398554461,7,False,False
distilbert,3,3,66.93121693121694,71.33421400264201,1785078548,5.879780145560433e-06,5.0479399513689135e-05,0.0732814823150812,2,False,False
distilbert,3,4,80.55555555555556,82.29854689564068,1505320420,5.900401152380867e-05,0.0587089458570721,0.0855410173494701,4,False,False
distilbert,3,5,79.8941798941799,81.77014531043594,1434371396,6.570665590693548e-05,0.0027186035182426,0.0149397012787584,6,False,False
distilbert,3,6,80.55555555555556,81.50594451783356,1731221128,8.488203620004046e-05,1.9525223528240687e-05,0.1040467482448749,3,False,False
distilbert,3,7,72.61904761904762,76.75033025099076,2096410274,1.0069998515318436e-05,1.4618609904965365e-05,0.0156399347839767,2,False,False
distilbert,3,8,77.24867724867725,78.5997357992074,1367856885,9.448949323065802e-06,0.0006177422708534,0.0752804131727042,3,False,False
distilbert,3,9,79.4973544973545,80.9775429326288,990184577,5.061106141957823e-05,9.262160163558377e-05,0.1171299815376425,10,False,False
distilbert,3,10,78.57142857142857,80.71334214002643,402957632,7.548681948907468e-05,0.0048325797762159,0.0210691289319394,9,False,False
distilbert,3,11,80.55555555555556,80.44914134742405,24813540,3.5411640198890405e-05,0.0006616284404421,0.0710417310808316,2,False,False
distilbert,3,12,79.8941798941799,80.31704095112285,264746791,5.78068526830661e-06,0.0050301876786287,0.053921195010324,9,False,False
distilbert,3,13,80.55555555555556,81.77014531043594,1228294769,1.0919331125445216e-05,5.223866956968549e-05,0.1747708965300461,7,False,False
distilbert,3,14,81.08465608465609,81.63804491413474,1220681477,1.2952217091117153e-05,0.0326543386715661,0.1049990073735717,7,False,False
distilbert,3,15,80.29100529100529,82.0343461030383,443265798,5.614799070400508e-05,7.253122647288027e-05,0.0284883136186836,9,False,False
distilbert,3,16,79.8941798941799,81.50594451783356,1839854630,1.9013999638194523e-05,4.319200649326973e-05,0.1493555152559654,6,False,False
distilbert,3,17,79.8941798941799,81.90224570673712,1898001784,7.390074375236152e-05,2.531850253699157e-05,0.0780786395015197,4,False,False
distilbert,3,18,78.3068783068783,79.39233817701454,1797563381,5.328185121483554e-06,0.0001277983653201,0.1062954532068371,6,False,False
distilbert,3,19,80.55555555555556,81.63804491413474,1429074147,1.5644358782281948e-05,0.0357356581462161,0.0624985013060241,3,False,False
distilbert,3,20,79.8941798941799,81.90224570673712,703238329,6.14748729890028e-05,0.0279251444590737,0.113375853951214,7,False,False
distilbert,3,21,79.8941798941799,80.58124174372523,1723226854,1.959851615263891e-05,5.913142385905016e-05,0.1696299922883168,10,False,False
distilbert,3,22,81.48148148148148,82.82694848084545,1012261066,5.571169774267869e-05,0.0011842029883951,0.1723761783747398,4,True,False
distilbert,3,23,80.42328042328042,81.10964332892999,722597192,1.8639995498860987e-05,0.0433497259448676,0.1395434114335144,7,False,False
distilbert,3,24,80.95238095238095,81.50594451783356,105540876,1.889366611441936e-05,0.0001759912537644,0.0877059368519265,5,False,False
distilbert,3,25,79.36507936507937,83.75165125495377,53864225,4.39773798083483e-05,1.860751658327885e-05,0.0387503950830768,9,False,True
distilbert,3,26,78.70370370370371,79.12813738441216,1953543474,5.2412289631934446e-06,2.107684938463565e-05,0.0310131618788827,7,False,False
distilbert,3,27,80.02645502645503,81.77014531043594,2093816282,1.4855270471455844e-05,0.0014356212874493,0.1064440954478649,8,False,False
distilbert,3,28,80.95238095238095,81.10964332892999,437289587,3.3947676640264325e-05,0.0002709616683843,0.1035919235507681,3,False,False
distilbert,3,29,80.82010582010582,81.63804491413474,520452338,2.634939600660237e-05,0.001387421379834,0.0063060950457885,4,False,False
distilbert,4,0,80.50734312416556,80.93333333333334,1651391127,1.6310759893613377e-05,0.0012345301839828,0.1208009709676306,4,False,False
distilbert,4,1,77.30307076101468,77.2,527669616,1.6558383965881838e-05,0.0078386512602446,0.0521447592789975,2,False,False
distilbert,4,2,80.64085447263017,80.8,345211839,3.966959544823953e-05,0.0009346812546311,0.1988792042830973,7,False,False
distilbert,4,3,79.83978638184246,81.33333333333333,2044900567,2.842423785347304e-05,0.0040278961231271,0.1219795039525966,4,False,False
distilbert,4,4,80.24032042723631,80.53333333333333,1354508699,1.3019394479661244e-05,0.0097713168782619,0.0175712439565567,6,False,False
distilbert,4,5,82.64352469959947,82.0,1542595998,3.790666429510213e-05,0.0161161061840786,0.0551583957964413,5,True,False
distilbert,4,6,79.17222963951936,80.66666666666667,1744027629,5.76034873773e-06,3.6018645764056215e-05,0.158667655489363,7,False,False
distilbert,4,7,80.10680907877169,81.46666666666667,780184615,4.0266305890256007e-05,0.0114292219878842,0.1100041387549571,6,False,False
distilbert,4,8,80.50734312416556,81.73333333333333,1930159671,3.747368038022789e-05,0.0183547513002519,0.1625332793370295,6,False,False
distilbert,4,9,81.04138851802404,81.46666666666667,1718305897,4.177025851910695e-05,7.839950111847329e-05,0.1476499789979753,6,False,False
distilbert,4,10,82.51001335113484,81.33333333333333,371264096,2.590463460024136e-05,3.604090698640581e-05,0.1336184349232678,3,False,False
distilbert,4,11,81.97596795727637,81.33333333333333,556622219,2.3963347609546745e-05,0.0229504213690729,0.1183552455136944,9,False,False
distilbert,4,12,81.04138851802404,80.53333333333333,130759486,8.671211576231384e-06,0.0247744717345263,0.1917295576738933,7,False,False
distilbert,4,13,79.4392523364486,80.13333333333334,83218243,8.152332862064317e-05,0.0015742151604916,0.1525364054871214,9,False,False
distilbert,4,14,80.90787716955941,80.4,2119096074,5.497457406387353e-05,1.4153591269424706e-05,0.1169333155809606,6,False,False
distilbert,4,15,80.10680907877169,81.46666666666667,827564562,3.6701581337260726e-05,7.641076099776636e-05,0.1259287346253377,10,False,False
distilbert,4,16,80.24032042723631,79.73333333333333,1884201947,1.2335110458438536e-05,0.0068910759830594,0.0889622503154778,4,False,False
distilbert,4,17,79.83978638184246,80.93333333333334,1260442311,3.704014681099001e-05,2.063925290347423e-05,0.1687594784885906,10,False,False
distilbert,4,18,80.24032042723631,81.2,1086284937,8.873044603108353e-06,0.0019498884569141,0.0312905753789908,9,False,False
distilbert,4,19,81.04138851802404,81.33333333333333,1524031200,5.044136484813881e-05,4.064976412967841e-05,0.0598672287350016,4,False,False
distilbert,4,20,80.90787716955941,80.93333333333334,1234891401,2.7164888322893546e-05,0.0182073296601491,0.0609469735718465,3,False,False
distilbert,4,21,81.04138851802404,81.86666666666666,1802783057,3.9729348958219714e-05,3.776835317805247e-05,0.0148376310289237,8,False,False
distilbert,4,22,80.90787716955941,80.66666666666667,2071040600,2.0402127126034297e-05,0.0137773357322991,0.0250417297714289,8,False,False
distilbert,4,23,81.17489986648866,81.46666666666667,1240374345,1.0395305974460385e-05,2.2856435975663617e-05,0.0352055893452684,9,False,False
distilbert,4,24,82.10947930574099,82.0,777855266,1.532073883381036e-05,1.3108878117099897e-05,0.1117870718721653,10,False,False
distilbert,4,25,77.70360480640855,78.66666666666667,488630084,9.926631433882524e-06,0.0003722055359993,0.0822790716500208,5,False,False
distilbert,4,26,77.97062750333778,80.0,758352399,6.822104226879332e-06,0.0048956138671291,0.0392669805143008,7,False,False
distilbert,4,27,80.10680907877169,81.86666666666666,713559073,1.943934353966869e-05,0.0002839885707516,0.1467606677969261,10,False,False
distilbert,4,28,82.10947930574099,82.26666666666667,804246058,6.387382575687813e-05,0.0020460820620894,0.1044013948264206,6,False,True
distilbert,4,29,79.97329773030708,80.53333333333333,749233753,1.3478961873506734e-05,0.0742584800812246,0.1819539162022069,8,False,False
distilbert,5,0,78.65612648221344,80.63241106719367,499110860,1.180448656416618e-05,3.06465080080767e-05,0.0744444905045534,7,False,False
distilbert,5,1,79.44664031620553,81.15942028985508,759370099,2.233190753075008e-05,0.007350619665041,0.0681590448376079,3,False,False
distilbert,5,2,79.97364953886694,81.15942028985508,1904460635,1.1131748053515384e-05,0.0414554495891282,0.1502828281653208,8,False,False
distilbert,5,3,79.57839262187088,81.02766798418972,604641079,8.893685189518192e-05,0.0008648032481676,0.1293348091004999,8,False,False
distilbert,5,4,78.65612648221344,80.10540184453228,956654523,9.231173603996943e-06,0.0002960026493495,0.1581125046848358,6,False,False
distilbert,5,5,68.3794466403162,71.27799736495389,42495912,6.778174777146283e-06,1.5569547090195042e-05,0.1898160945386663,2,False,False
distilbert,5,6,81.68642951251647,83.00395256916995,686407649,1.8244610713080147e-05,0.0377996003176546,0.0663403828861483,5,False,False
distilbert,5,7,78.5243741765481,79.57839262187088,1377021256,8.619787327606103e-05,0.069135801220027,0.1614726398811572,4,False,False
distilbert,5,8,73.38603425559947,74.44005270092227,902371079,5.58217568113699e-06,0.0229784913325519,0.1856040671921951,3,False,False
distilbert,5,9,81.68642951251647,80.76416337285903,1568664578,4.360087569345224e-05,0.0237701263764603,0.169112936900332,10,False,False
distilbert,5,10,78.39262187088273,79.44664031620553,124705293,2.0152080409310127e-05,0.0674228111281442,0.1303426340351737,2,False,False
distilbert,5,11,78.78787878787878,81.02766798418972,183327308,5.585126452124247e-06,0.0272403706985721,0.0791013472496311,9,False,False
distilbert,5,12,79.18313570487483,80.63241106719367,1235320600,6.173114663139479e-06,0.0038983448308619,0.1924875535604951,9,False,False
distilbert,5,13,78.65612648221344,80.50065876152833,757899183,8.315513950591511e-06,0.0031563014938968,0.1240824027302465,8,False,False
distilbert,5,14,80.89591567852437,81.29117259552042,989297948,2.6173839757227573e-05,0.0002575379626328,0.0897077067790165,3,False,False
distilbert,5,15,81.55467720685112,81.42292490118577,1776448631,7.011562910165954e-05,0.0061095837577415,0.0144193334482081,9,False,False
distilbert,5,16,81.15942028985508,81.42292490118577,712707522,1.6543333960975414e-05,0.0006021549218028,0.013056948449848,5,False,False
distilbert,5,17,77.07509881422925,78.39262187088273,1377929319,1.2174278489029913e-05,0.0012193844167176,0.0057381385563718,3,False,False
distilbert,5,18,69.1699604743083,72.33201581027669,501177429,6.065350348010981e-06,0.0061604699708807,0.1224598433975734,2,False,False
distilbert,5,19,82.47694334650856,81.81818181818181,1194166719,2.778054417317521e-05,0.0014393047041665,0.1992805543906626,7,True,False
distilbert,5,20,81.15942028985508,80.89591567852437,2038913277,2.485065694924111e-05,0.0409025796673487,0.052054028875011,9,False,False
distilbert,5,21,78.5243741765481,79.84189723320158,386866399,9.750510174506108e-05,8.386786081339393e-05,0.0266734675067088,8,False,False
distilbert,5,22,81.55467720685112,82.6086956521739,350346586,1.2342016335642262e-05,1.5172161837913172e-05,0.186518760186546,7,False,False
distilbert,5,23,82.34519104084322,83.39920948616601,828631304,2.319515959641557e-05,2.0501275348776758e-05,0.0823076339443282,4,False,True
distilbert,5,24,82.34519104084322,82.87220026350461,993704377,3.8594772467990056e-05,1.3164287172196628e-05,0.0420478024261967,3,False,False
distilbert,5,25,80.36890645586298,81.81818181818181,1767767589,8.281756263140715e-06,0.067396753602793,0.0429218503922099,10,False,False
distilbert,5,26,71.80500658761528,73.78129117259552,1115443622,6.441541123802534e-06,0.0019622928395556,0.0240711281587366,3,False,False
distilbert,5,27,78.78787878787878,81.68642951251647,1985599192,1.214796200239681e-05,0.0040276139067012,0.025917293422015,5,False,False
distilbert,5,28,81.55467720685112,82.47694334650856,955685228,2.405969990654872e-05,1.7792490350149308e-05,0.1298674459969306,5,False,False
distilbert,5,29,78.65612648221344,82.47694334650856,689158691,7.733565877561018e-05,0.0002261280763465,0.062315536965966,5,False,False
distilbert,6,0,82.16216216216216,80.97165991902834,1119247333,1.6209376269229394e-05,0.0027898502556771,0.0593644441285193,6,False,False
distilbert,6,1,81.48648648648648,80.97165991902834,1231600537,2.6077850461656e-05,0.0004500846621763,0.1659175228818609,6,False,False
distilbert,6,2,81.48648648648648,80.97165991902834,1930877370,2.5234883470098005e-05,0.0011114478766031,0.1621158356841058,8,False,False
distilbert,6,3,80.13513513513513,80.29689608636977,1494918791,7.593501722983751e-06,0.0004376962844923,0.112932102618141,7,False,False
distilbert,6,4,80.4054054054054,80.43184885290148,1554095782,9.63640602406352e-05,0.0229642680083918,0.0093093363715135,5,False,False
distilbert,6,5,82.70270270270271,81.10661268556005,1246090807,2.276083657517136e-05,0.0003333372228755,0.1838818437339353,4,False,False
distilbert,6,6,81.48648648648648,78.81241565452092,1269007198,5.838377916822285e-06,0.0065717569914588,0.0287232918896067,7,False,False
distilbert,6,7,81.21621621621621,80.56680161943319,841932025,1.168421187855754e-05,0.0368880350054625,0.0582230964266008,5,False,False
distilbert,6,8,81.89189189189189,79.89203778677462,193644201,1.031225617453514e-05,0.0168543236018179,0.0381566641683108,6,False,False
distilbert,6,9,80.8108108108108,80.16194331983806,478859799,6.987100329769566e-05,0.0160368765411815,0.1424447050707818,7,False,False
distilbert,6,10,80.94594594594595,80.02699055330635,186759465,7.373562241982908e-06,0.0013854646212699,0.0610343737878092,9,False,False
distilbert,6,11,82.02702702702703,81.78137651821862,534302070,1.9478301653743965e-05,0.0005413703258208,0.076108023573168,9,False,False
distilbert,6,12,80.94594594594595,81.37651821862349,15008674,6.86910426504073e-05,0.0008667823478284,0.0244664022243576,2,False,False
distilbert,6,13,80.67567567567568,79.21727395411605,857200751,1.104727991016252e-05,0.0498638769185592,0.0471313379936782,10,False,False
distilbert,6,14,80.8108108108108,81.24156545209176,446719107,2.553939568496108e-05,0.0053085730993811,0.0640302148511539,3,False,False
distilbert,6,15,83.10810810810811,80.43184885290148,1592733877,2.0074129857406537e-05,0.0020243166996741,0.1799912888406123,4,True,False
distilbert,6,16,72.56756756756756,71.65991902834008,155966334,8.905309135025536e-06,0.0107839087920003,0.0053852357555222,2,False,False
distilbert,6,17,82.02702702702703,82.05128205128206,2141863695,3.929020492027464e-05,0.0002830904474857,0.0147497005636767,3,False,True
distilbert,6,18,80.0,79.35222672064778,1571143680,5.944111798740706e-06,0.0017556703709436,0.0665210657798497,7,False,False
distilbert,6,19,72.29729729729729,70.71524966261808,671624229,6.31514980004499e-06,0.0001901087131762,0.0610716129894975,3,False,False
distilbert,6,20,80.54054054054055,77.05802968960863,1594005437,1.085081574246768e-05,0.031682553085496,0.1516532695942622,3,False,False
distilbert,6,21,82.16216216216216,81.5114709851552,524966593,8.227030408490757e-05,0.0003917354230899,0.037638500244682,7,False,False
distilbert,6,22,82.02702702702703,81.37651821862349,194918953,1.853483441769136e-05,0.0001591508312473,0.1401875722519608,8,False,False
distilbert,6,23,80.8108108108108,79.48717948717949,1110176084,1.1117586908264065e-05,0.0007978097721234,0.0898750308712438,9,False,False
distilbert,6,24,81.21621621621621,81.78137651821862,886998717,7.069364949625003e-06,0.0003748724298583,0.1491390566123337,8,False,False
distilbert,6,25,82.02702702702703,81.64642375168691,1570715281,4.863649013153938e-05,0.0189546988040404,0.116689321754114,10,False,False
distilbert,6,26,81.08108108108108,81.24156545209176,196585141,1.042894728666328e-05,1.612806322541565e-05,0.0096133677688722,10,False,False
distilbert,6,27,80.54054054054055,79.08232118758434,1130246403,8.120117848513163e-05,0.0001509629542674,0.1869074012789916,4,False,False
distilbert,6,28,82.16216216216216,79.35222672064778,830412076,2.5623769895371764e-05,1.3513805802937428e-05,0.0245943308284502,3,False,False
distilbert,6,29,81.89189189189189,81.64642375168691,647157596,2.073208473942133e-05,0.0519400783332917,0.0962008752231497,8,False,False
distilbert,7,0,81.94070080862534,83.01886792452831,1390410489,5.805291391054386e-05,1.42066425827327e-05,0.1392962645879421,4,False,False
distilbert,7,1,80.86253369272237,83.82749326145553,1995130557,2.560391573456397e-05,0.0087589812860718,0.0600161305406767,7,False,False
distilbert,7,2,71.96765498652292,69.13746630727763,1106912113,9.269099907421233e-06,0.0040964377030013,0.001820925184068,2,False,False
distilbert,7,3,81.13207547169812,82.21024258760107,1099842485,2.107083638346649e-05,0.0007488200521205,0.1851162471372198,8,False,False
distilbert,7,4,80.59299191374663,83.82749326145553,594327494,1.7770565746737043e-05,0.0242163443656464,0.0137006187205753,7,False,False
distilbert,7,5,82.0754716981132,83.9622641509434,1890465280,2.527004851158109e-05,4.02449687121497e-05,0.1676944602268939,10,False,False
distilbert,7,6,80.45822102425876,83.15363881401618,279746940,1.6863884075993366e-05,0.0006674098069224,0.0225384147987888,6,False,False
distilbert,7,7,78.4366576819407,80.7277628032345,1042253220,7.113165497415296e-06,0.000418291184867,0.0693485449240865,5,False,False
distilbert,7,8,81.53638814016172,83.15363881401618,1061547524,3.014807902472781e-05,0.0005394696453365,0.0924757389162135,9,False,False
distilbert,7,9,79.91913746630728,81.94070080862534,1797410650,2.6997842518903872e-05,9.885551596951822e-05,0.1116033114510569,3,False,False
distilbert,7,10,81.94070080862534,82.88409703504043,1559280140,2.081031040895405e-05,1.0673762539630314e-05,0.1351858401412367,10,False,False
distilbert,7,11,82.88409703504043,82.34501347708895,217569086,6.270342212993588e-05,2.8145023316516014e-05,0.0193791551359309,3,True,False
distilbert,7,12,79.78436657681941,80.99730458221025,621021146,1.816253259613355e-05,0.0060730208621976,0.0790210542409039,6,False,False
distilbert,7,13,82.88409703504043,83.15363881401618,1702707501,3.488685310361427e-05,0.0014322524426792,0.1763555547038093,8,False,False
distilbert,7,14,79.38005390835579,81.80592991913747,818985807,8.569986616339198e-06,0.0246263764058932,0.067604851209039,8,False,False
distilbert,7,15,81.26684636118598,82.61455525606469,55443559,1.52013698366804e-05,0.0004257761184523,0.0203837063060336,8,False,False
distilbert,7,16,81.6711590296496,84.23180592991913,531077004,4.734090435127169e-05,0.0174634396862652,0.1203586434109104,8,False,True
distilbert,7,17,82.61455525606469,82.74932614555256,985010535,2.755576152049193e-05,0.0003317756828046,0.1837687796844904,4,False,False
distilbert,7,18,81.53638814016172,82.0754716981132,1996660923,9.592141908669072e-05,3.132625279837259e-05,0.0595056931842717,10,False,False
distilbert,7,19,81.26684636118598,82.34501347708895,302743011,4.246444304377134e-05,0.01759642692034,0.1885896273706677,5,False,False
distilbert,7,20,81.94070080862534,83.15363881401618,2002525550,2.4493518737897984e-05,0.0001251696336167,0.0001715400168504,4,False,False
distilbert,7,21,79.64959568733154,83.15363881401618,646671492,1.6007084928923372e-05,0.0002657312227883,0.1178115664319893,7,False,False
distilbert,7,22,80.7277628032345,82.0754716981132,176794063,1.2772708790103776e-05,3.201181637045774e-05,0.1997423497979718,5,False,False
distilbert,7,23,82.0754716981132,82.47978436657682,436592837,4.591504427560173e-05,0.0184368934158462,0.1259493055477076,10,False,False
distilbert,7,24,81.26684636118598,80.7277628032345,1101114688,1.895646170735362e-05,0.007268864282518,0.1908419560435355,3,False,False
distilbert,7,25,81.80592991913747,81.26684636118598,1095548545,8.650063310340865e-05,0.0020963297638127,0.112179229697616,3,False,False
distilbert,7,26,77.49326145552561,78.84097035040432,1749056891,7.1254825937118495e-06,0.0791225706428952,0.0561313531809345,4,False,False
distilbert,7,27,79.24528301886792,82.21024258760107,1240324637,1.2784599081546396e-05,0.0008602968762255,0.0285497143118648,6,False,False
distilbert,7,28,80.05390835579514,82.21024258760107,166305947,1.2477564767560852e-05,1.0492473624230246e-05,0.1320155916933639,6,False,False
distilbert,7,29,78.97574123989219,80.18867924528301,8647962,5.54688933462256e-06,0.0248269324438647,0.0100391145977926,7,False,False
distilbert,8,0,80.23560209424083,79.2156862745098,1033694471,1.3991694638737314e-05,0.0017168899876623,0.095660765374359,3,False,False
distilbert,8,1,79.58115183246073,79.6078431372549,459628877,2.6119008479973988e-05,0.0001025937395681,0.0595188768110642,10,False,False
distilbert,8,2,79.31937172774869,79.73856209150327,1352847917,2.7904777061186843e-05,0.0002300506056953,0.0153998098287428,8,False,False
distilbert,8,3,80.89005235602095,81.04575163398692,383285437,1.8155216549321645e-05,0.0010800322522686,0.1510726779595599,9,False,False
distilbert,8,4,79.9738219895288,80.65359477124183,1507775432,1.2432648804960024e-05,0.0001046616412717,0.0604024221426772,10,False,False
distilbert,8,5,79.71204188481676,79.73856209150327,736017504,1.274248485093941e-05,1.918512348765072e-05,0.0376824355812305,8,False,False
distilbert,8,6,79.31937172774869,81.04575163398692,2045083348,1.5337079976520353e-05,7.554685935878799e-05,0.1843848423929669,4,False,False
distilbert,8,7,78.53403141361257,78.30065359477125,1239597634,5.139984759139082e-06,0.0008745742572869,0.131040670505196,6,False,False
distilbert,8,8,79.9738219895288,79.2156862745098,1098092009,9.19100045043747e-06,0.0001863782026691,0.1636893205001569,5,False,False
distilbert,8,9,79.45026178010471,79.86928104575163,711009654,9.001547028720169e-06,0.0225073699320317,0.1441866336171125,6,False,False
distilbert,8,10,79.18848167539267,80.26143790849673,1859262828,2.0464987260285472e-05,3.240030776011611e-05,0.0920687264646957,5,False,False
distilbert,8,11,79.58115183246073,80.0,1358022925,3.884740032734908e-05,4.710620988149958e-05,0.1664762317040934,2,False,False
distilbert,8,12,80.10471204188482,81.43790849673202,1455618841,5.933193102400633e-05,5.285931690297445e-05,0.1385899842315613,2,False,False
distilbert,8,13,78.53403141361257,76.73202614379085,1731462068,8.743133014325675e-06,0.0009584429329988,0.0805987265729153,3,False,False
distilbert,8,14,82.59162303664921,81.04575163398692,1418962425,4.574550827968554e-05,0.0017783502625204,0.0429125223871945,3,True,False
distilbert,8,15,79.9738219895288,79.6078431372549,1781902319,3.621802915446721e-05,0.002730520638582,0.0136188129061723,2,False,False
distilbert,8,16,79.9738219895288,79.6078431372549,1087709611,7.920248503809938e-05,0.0001266594024477,0.0602751786558805,8,False,False
distilbert,8,17,74.21465968586388,71.11111111111111,1021499693,5.3798467479064345e-06,0.0286067753639589,0.0098534347064708,3,False,False
distilbert,8,18,81.02094240837697,80.52287581699346,1351001374,5.25695694300202e-05,1.0806176274362145e-05,0.0703433428719238,9,False,False
distilbert,8,19,78.27225130890052,79.47712418300654,549254757,6.528422122974039e-06,0.0042012079148545,0.0542770723159745,9,False,False
distilbert,8,20,79.71204188481676,80.65359477124183,969057477,1.3901755065921411e-05,0.0631198074818814,0.1220133741697065,10,False,False
distilbert,8,21,79.45026178010471,81.83006535947712,377576209,2.9903501020242697e-05,0.0698234274145822,0.1613357324835532,10,False,False
distilbert,8,22,81.41361256544502,81.43790849673202,940449814,3.6855561511504494e-05,0.006902467037678,0.1079016104619232,3,False,False
distilbert,8,23,79.05759162303664,81.17647058823529,438624698,6.0951764611489554e-05,0.000302590439772,0.0694403542692874,6,False,False
distilbert,8,24,78.66492146596859,80.3921568627451,76867069,5.2730447772911535e-05,0.0193878208516141,0.0788048594429543,9,False,False
distilbert,8,25,79.45026178010471,78.69281045751634,1953642519,9.82603387178968e-05,0.0117821912444389,0.1334524629576678,5,False,False
distilbert,8,26,79.31937172774869,79.2156862745098,1873228369,9.679986657824e-06,0.0570856580934398,0.1586801275804533,5,False,False
distilbert,8,27,79.31937172774869,79.34640522875817,1707182648,1.8246800893515404e-05,0.0007750055203989,0.0336357274157947,3,False,False
distilbert,8,28,79.58115183246073,82.61437908496733,1895188649,3.9022047913196577e-05,0.0085687342717827,0.106850071338311,9,False,True
distilbert,8,29,79.18848167539267,80.91503267973856,237301149,3.381344147231977e-05,4.426605271911426e-05,0.1870102681399319,5,False,False
distilbert,9,0,79.13862718707941,80.48452220726783,733204759,5.588952585514463e-06,0.0020383230872241,0.0933951825177545,9,False,False
distilbert,9,1,70.65948855989232,68.64064602960968,1088782391,6.386686302415114e-06,8.069734820262822e-05,0.0262294149585172,2,False,False
distilbert,9,2,82.09959623149395,80.88829071332437,530306871,4.3722308319607474e-05,0.0038584931139314,0.0234200500409605,10,False,False
distilbert,9,3,79.94616419919247,79.94616419919247,2105613847,1.701300529273983e-05,1.16487286064537e-05,0.1196500821845292,2,False,False
distilbert,9,4,79.67698519515478,80.34993270524899,1911376297,6.535731433102456e-06,9.25175100846652e-05,0.1312203907950425,5,False,False
distilbert,9,5,82.23418573351279,81.29205921938089,262039401,3.169891584095108e-05,0.0045496798248052,0.0040285275184854,8,False,False
distilbert,9,6,81.83041722745625,80.88829071332437,726653640,3.492987416354752e-05,0.0001592768153821,0.0072975681032043,10,False,False
distilbert,9,7,81.42664872139973,82.77254374158815,1403982626,5.822500234208336e-05,4.6351117865912855e-05,0.1018004702995987,2,False,False
distilbert,9,8,81.29205921938089,81.9650067294751,674773895,9.36772522240152e-06,0.0109122000845584,0.0094520526185265,6,False,False
distilbert,9,9,83.17631224764469,83.17631224764469,583299457,2.1391913002971957e-05,2.263647825532477e-05,0.1938001958806855,7,False,False
distilbert,9,10,82.09959623149395,82.23418573351279,1312159660,5.899103381825761e-05,0.0455952143530801,0.0464496326329473,3,False,False
distilbert,9,11,81.9650067294751,81.29205921938089,1970520200,3.908284254029924e-05,4.9308893258324e-05,0.0369123609177569,8,False,False
distilbert,9,12,71.60161507402422,69.85195154777928,582343636,8.078624531371555e-06,9.173984056759088e-05,0.1022064524417937,2,False,False
distilbert,9,13,80.88829071332437,82.23418573351279,1930949740,7.00302066091635e-06,0.0002924082679515,0.1400807568773927,8,False,False
distilbert,9,14,81.29205921938089,83.31090174966353,1744938112,2.6814317062877104e-05,0.0010754778055485,0.0248945396609752,4,False,True
distilbert,9,15,83.04172274562585,82.77254374158815,268817530,1.458060890797334e-05,0.0013780682104026,0.0258258986490169,5,False,False
distilbert,9,16,81.69582772543741,82.90713324360699,1728608865,6.161628039955659e-06,0.0347868663522393,0.1219609975043234,9,False,False
distilbert,9,17,82.23418573351279,79.94616419919247,445519359,8.19634549439297e-05,1.1512206829849372e-05,0.110704227045931,9,False,False
distilbert,9,18,80.75370121130551,81.29205921938089,1052281676,6.713062016681527e-05,0.0909857826276211,0.1981001775752603,5,False,False
distilbert,9,19,82.09959623149395,83.17631224764469,1565715316,2.1187661946395032e-05,0.0019094680226086,0.0650310068816227,3,False,False
distilbert,9,20,79.94616419919247,79.67698519515478,432144678,7.929871862673032e-06,0.0001030173360189,0.0438361867184762,4,False,False
distilbert,9,21,76.71601615074024,77.38896366083445,1500626004,9.859802543932048e-06,0.0331553900557692,0.0585187158513686,2,False,False
distilbert,9,22,82.90713324360699,81.42664872139973,1036051585,1.1540335183281664e-05,0.0893921287061228,0.093470609962925,6,False,False
distilbert,9,23,82.09959623149395,82.09959623149395,654811566,2.107881617333367e-05,0.0006706249790688,0.1968146965671107,6,False,False
distilbert,9,24,80.48452220726783,81.0228802153432,254318100,5.85529778430666e-05,0.0011641698062922,0.1708538768829748,3,False,False
distilbert,9,25,82.50336473755047,82.63795423956931,947698208,3.982010884632745e-05,0.0814203894882561,0.1685017196884456,3,False,False
distilbert,9,26,83.31090174966353,82.50336473755047,1499082975,1.2745588233195917e-05,0.0004346895955694,0.1837777097717381,9,True,False
distilbert,9,27,81.29205921938089,82.09959623149395,1747893942,3.457711157900673e-05,0.0016882471355168,0.0041480631822169,8,False,False
distilbert,9,28,82.23418573351279,81.9650067294751,243064711,2.3415415308041696e-05,0.0193031285829458,0.1729616408892589,10,False,False
distilbert,9,29,74.42799461641992,75.10094212651413,2121499189,6.62972042513525e-06,0.0583077687272882,0.060911826504082,3,False,False
distilbert,10,0,79.94616419919247,79.00403768506057,1901100361,8.815988457555335e-06,0.0002781020276609,0.0784944509336134,4,False,False
distilbert,10,1,81.9650067294751,81.56123822341857,699881430,5.869247994171771e-05,0.0008858690733165,0.113811265095743,2,False,False
distilbert,10,2,80.08075370121131,79.40780619111709,1500208164,1.856892069188982e-05,0.0001167595700687,0.1937176623315998,2,False,False
distilbert,10,3,81.9650067294751,81.15746971736205,1122759798,8.865861807922676e-05,0.001300919955208,0.1127356304623214,6,False,False
distilbert,10,4,82.77254374158815,83.98384925975773,515848612,1.354793050878023e-05,0.0417698679455915,0.1321285015572404,10,False,True
distilbert,10,5,82.23418573351279,83.31090174966353,672234418,1.8129744114494237e-05,0.0027348762973296,0.044630616794559,7,False,False
distilbert,10,6,82.09959623149395,81.29205921938089,1871717087,3.726698838368537e-05,0.0489923245902745,0.1744226578943582,2,False,False
distilbert,10,7,82.63795423956931,82.77254374158815,840693786,2.738736789135884e-05,3.194659088046139e-05,0.0902519994075728,6,False,False
distilbert,10,8,82.36877523553163,82.09959623149395,83534486,7.808383958982166e-05,3.304659588011635e-05,0.0130192200040414,5,False,False
distilbert,10,9,82.09959623149395,82.09959623149395,400699164,9.30893893372356e-06,5.670437518179662e-05,0.0817838403339264,9,False,False
distilbert,10,10,81.69582772543741,83.04172274562585,1828083191,3.4717452097216746e-05,0.0008070606730454,0.0792249823716706,4,False,False
distilbert,10,11,83.44549125168237,82.50336473755047,1669271796,3.513806824584794e-05,0.0094448273194162,0.06813408403629,6,False,False
distilbert,10,12,83.84925975773889,83.04172274562585,1947839736,3.567384989875702e-05,0.0058639273478662,0.1380786324518875,4,True,False
distilbert,10,13,79.67698519515478,80.21534320323015,1424172588,8.86376074240386e-06,0.0009599869311856,0.196674124238165,4,False,False
distilbert,10,14,81.0228802153432,83.31090174966353,864443900,1.108438048684832e-05,0.0003128856334671,0.0076351781748709,7,False,False
distilbert,10,15,81.15746971736205,80.34993270524899,907354495,2.6707627755093764e-05,1.2206129285409148e-05,0.1472063476704211,2,False,False
distilbert,10,16,82.77254374158815,83.04172274562585,356086191,2.6892116195249277e-05,0.0004638826983458,0.1433188277873029,7,False,False
distilbert,10,17,82.63795423956931,82.36877523553163,192633938,3.0438213316060293e-05,0.0007062281353895,0.1427664271774342,3,False,False
distilbert,10,18,81.69582772543741,80.08075370121131,1410143076,8.441134275401799e-05,0.0008730453914136,0.0442499135577019,5,False,False
distilbert,10,19,82.09959623149395,81.83041722745625,1082491987,5.816249808866727e-05,2.7094335088195057e-05,0.0975086849004429,2,False,False
distilbert,10,20,83.58008075370121,82.63795423956931,2083374205,4.131442490355453e-05,9.3246339533547e-05,0.0437674597111121,7,False,False
distilbert,10,21,70.92866756393002,72.1399730820996,1224429987,8.289541177859326e-06,0.0067551467256857,0.1146752562447285,2,False,False
distilbert,10,22,82.23418573351279,81.15746971736205,902108003,3.343294065916996e-05,4.760944154986673e-05,0.1921640681678024,2,False,False
distilbert,10,23,71.8707940780619,70.52489905787348,1760217232,5.422582612554866e-06,2.3798227764335687e-05,0.0237101512146576,3,False,False
distilbert,10,24,82.09959623149395,82.09959623149395,2042375499,1.4580604130558475e-05,5.823432257309317e-05,0.1079506807237546,6,False,False
distilbert,10,25,77.25437415881561,77.92732166890983,1482812814,5.614548077547939e-06,0.0002454821357938,0.127357514628371,5,False,False
distilbert,10,26,81.42664872139973,82.36877523553163,1686564389,7.345850297479938e-06,0.0269687899981807,0.0438826776618557,8,False,False
distilbert,10,27,70.65948855989232,71.73620457604306,233335108,6.322404252442028e-06,0.0006027024412871,0.0094403150841818,3,False,False
distilbert,10,28,83.04172274562585,82.90713324360699,1320663837,4.137941054689031e-05,0.0001763907538346,0.1158035377457714,10,False,False
distilbert,10,29,82.36877523553163,83.17631224764469,57531149,1.8324285190497475e-05,2.509749773639768e-05,0.0420884393758594,7,False,False
distilbert,11,0,79.78580990629183,83.9572192513369,1533068319,1.584749669878437e-05,0.0007836028066152,0.0853156965276261,5,False,False
distilbert,11,1,79.38420348058902,81.95187165775401,911520940,5.383288637183444e-05,0.0008578248554139,0.066324672847826,6,False,False
distilbert,11,2,80.32128514056225,85.16042780748663,1683235923,2.6652952133057257e-05,0.0048400326458427,0.1477473865003182,3,False,True
distilbert,11,3,79.38420348058902,80.88235294117646,1202287275,7.56859746140251e-05,3.832967481263714e-05,0.1786217218912925,7,False,False
distilbert,11,4,79.11646586345381,83.15508021390374,1921402206,1.1862977908946348e-05,1.6144984178400363e-05,0.1318551373662158,5,False,False
distilbert,11,5,78.5809906291834,82.75401069518716,266300741,1.1551588660477336e-05,0.0537613825973827,0.1531297628599087,6,False,False
distilbert,11,6,80.32128514056225,83.68983957219251,1291930275,5.389111895458651e-05,0.0821885501475983,0.0637783820062223,5,False,False
distilbert,11,7,79.51807228915662,82.48663101604278,1930696540,6.934280432867693e-06,0.0189157371528293,0.0292364693581481,10,False,False
distilbert,11,8,79.65194109772423,84.35828877005348,573943366,1.2136540621314468e-05,0.0156584226415926,0.0487651089487455,9,False,False
distilbert,11,9,79.11646586345381,83.15508021390374,878399887,1.818596757451597e-05,0.0006460851162181,0.1609433975395299,9,False,False
distilbert,11,10,80.05354752342704,84.89304812834224,2016959291,1.1563913484260047e-05,0.0005207997205094,0.1852178911173133,6,False,False
distilbert,11,11,79.91967871485944,83.42245989304813,1152848910,1.4700200296366778e-05,0.0434482382893458,0.1646072326311554,7,False,False
distilbert,11,12,78.84872824631861,81.95187165775401,217158938,8.956070586034633e-05,9.180633469672686e-05,0.1490966801019891,6,False,False
distilbert,11,13,79.25033467202142,82.2192513368984,1379400607,1.4193711643583647e-05,0.0684310539968713,0.050515535240186,9,False,False
distilbert,11,14,76.17135207496653,77.40641711229947,1360709842,8.355758666773107e-06,0.001012582441049,0.1238161670173718,3,False,False
distilbert,11,15,80.45515394912985,83.15508021390374,88076882,2.5482592105313795e-05,0.0570261510922275,0.054171455918376,2,True,False
distilbert,11,16,79.38420348058902,83.28877005347593,606440169,4.433813975486177e-05,0.0028253034842207,0.0255572197561065,4,False,False
distilbert,11,17,80.45515394912985,84.49197860962566,2031519180,3.1926044799438145e-05,0.0745137142650367,0.1381019037880763,6,False,False
distilbert,11,18,79.78580990629183,83.42245989304813,1344535277,1.4044173987565128e-05,0.0001872265953641,0.0066981474298652,7,False,False
distilbert,11,19,79.38420348058902,81.95187165775401,1523426506,2.3356909278126542e-05,8.560891248420305e-05,0.1470453214380765,2,False,False
distilbert,11,20,76.17135207496653,75.40106951871658,369306774,1.15565176791356e-05,7.271846327968255e-05,0.0270559873808497,2,False,False
distilbert,11,21,79.91967871485944,81.28342245989305,813158713,6.235226557436907e-05,0.0001021398351649,0.1871798318718455,10,False,False
distilbert,11,22,77.51004016064257,79.14438502673796,278042702,7.067592528897213e-06,0.0006697228247865,0.0912235171805925,4,False,False
distilbert,11,23,78.5809906291834,81.95187165775401,1049303358,8.760735271449358e-06,0.0402024559842929,0.1832772151298863,5,False,False
distilbert,11,24,79.78580990629183,82.48663101604278,1411621729,1.3834467860962535e-05,0.0037464430023395,0.0505974119999961,3,False,False
distilbert,11,25,79.11646586345381,84.0909090909091,139621066,2.332363669367929e-05,0.0616683959346084,0.0502975788227407,4,False,False
distilbert,11,26,78.44712182061579,80.61497326203208,623285846,8.005209259780616e-06,0.0067565055025455,0.1192356159500576,5,False,False
distilbert,11,27,78.5809906291834,83.55614973262033,579349587,6.140913622985122e-05,0.0009882847948455,0.1628236477248132,6,False,False
distilbert,11,28,80.45515394912985,83.15508021390374,708537866,1.414818699368221e-05,0.0032064082205738,0.158766879444213,6,False,False
distilbert,11,29,79.38420348058902,83.55614973262033,881998485,1.0841824730328876e-05,2.0031744844091843e-05,0.1253559484476105,10,False,False
distilbert,12,0,80.63660477453581,78.51458885941645,1345819382,5.918682343258784e-06,1.260062803152738e-05,0.1835071003970519,9,False,False
distilbert,12,1,81.6976127320955,81.96286472148542,1409091570,1.3393506793780668e-05,0.0023979334023693,0.1819714457141915,5,False,False
distilbert,12,2,78.91246684350132,77.58620689655173,213790933,7.696810079195788e-06,0.0009530090980476,0.1494245687337786,3,False,False
distilbert,12,3,82.09549071618036,81.29973474801061,1192614322,9.774217776553592e-06,0.0001309533708986,0.1544929322435552,10,False,False
distilbert,12,4,81.96286472148542,81.29973474801061,757456066,6.323304318586151e-05,1.1554468902458362e-05,0.0976976867307567,4,False,False
distilbert,12,5,82.49336870026525,81.56498673740053,1810202161,7.288241823833836e-05,0.0004601328084266,0.0007502029701492,5,False,False
distilbert,12,6,81.6976127320955,82.49336870026525,1813914679,3.4412553711061365e-05,0.0037218528037351,0.0876039743627653,10,False,False
distilbert,12,7,81.16710875331565,80.37135278514589,628976305,1.9786041924196065e-05,0.0006799640948306,0.0849726908053249,3,False,False
distilbert,12,8,82.36074270557029,81.03448275862068,1648299822,6.527227032538574e-05,2.396198938382051e-05,0.0474977306902496,7,False,False
distilbert,12,9,82.62599469496021,80.76923076923077,1280679341,9.23633315865547e-05,0.0842294447115303,0.0047461720609155,3,False,False
distilbert,12,10,81.29973474801061,78.64721485411141,4386380,1.4260367218529404e-05,0.0003232463579299,0.1362700468629245,3,False,False
distilbert,12,11,77.85145888594164,75.46419098143237,1747974527,6.69394398328582e-06,0.0010643922485947,0.1416596957669028,3,False,False
distilbert,12,12,80.76923076923077,80.63660477453581,1287280593,5.811618888690467e-05,0.0011938861176931,0.0306506656684475,8,False,False
distilbert,12,13,73.87267904509284,70.82228116710876,2015769687,5.210121016030425e-06,1.4445221355345698e-05,0.1815546588269158,2,False,False
distilbert,12,14,82.89124668435014,80.90185676392574,44997384,4.0687232642711e-05,0.0054011852085168,0.1760467242280708,10,False,False
distilbert,12,15,81.6976127320955,80.37135278514589,228377340,9.61345672722768e-06,0.0134210782012,0.0428838581262288,6,False,False
distilbert,12,16,81.29973474801061,80.37135278514589,884875989,1.5415598974495698e-05,3.685180272818012e-05,0.1029215096107887,6,False,False
distilbert,12,17,82.49336870026525,81.6976127320955,2109251659,5.780577411093157e-05,0.0682977074676872,0.0671657606737807,5,False,False
distilbert,12,18,82.75862068965517,82.49336870026525,958160552,5.28644790247091e-05,0.0007867236386656,0.0114334532600657,8,False,False
distilbert,12,19,81.83023872679045,82.49336870026525,639447592,4.347372393822982e-05,0.0013081588385239,0.0648223870090732,3,False,False
distilbert,12,20,79.3103448275862,79.84084880636605,1991752909,5.977794937422245e-06,0.0197688926373135,0.1252266815075182,5,False,False
distilbert,12,21,78.24933687002653,75.06631299734748,1523879549,7.0932553783688e-06,0.0010089086958253,0.0337112967211372,4,False,False
distilbert,12,22,82.36074270557029,81.29973474801061,438325884,3.0085224079787997e-05,5.662450217340268e-05,0.0429471725074311,9,False,False
distilbert,12,23,84.08488063660478,82.62599469496021,1759303425,5.273467319835857e-05,0.0007787347054676,0.0857979883782723,7,True,False
distilbert,12,24,83.28912466843501,80.10610079575596,54712951,6.461560617979634e-06,0.002763682266909,0.1970474353495112,10,False,False
distilbert,12,25,82.22811671087533,83.0238726790451,979949251,4.829801400666902e-05,1.8565579385263676e-05,0.0597819754847726,3,False,True
distilbert,12,26,82.89124668435014,81.96286472148542,701838521,3.4411597911813484e-05,0.0165103207827436,0.0746454421772827,10,False,False
distilbert,12,27,76.25994694960212,73.07692307692308,1089954993,5.057948429390725e-06,0.0531756935177013,0.1980763710399868,3,False,False
distilbert,12,28,80.76923076923077,81.29973474801061,493988153,8.827970169545233e-05,0.0136882433977936,0.0571973850535789,10,False,False
distilbert,12,29,82.49336870026525,81.16710875331565,1310047133,1.7956883333553542e-05,0.006836465743605,0.0626932760577168,8,False,False
distilbert,13,0,78.69507323568575,77.12765957446808,465536600,2.678748892889007e-05,1.1661360706264144e-05,0.1020855224330233,2,False,False
distilbert,13,1,80.69241011984022,78.98936170212765,1180227761,2.1299488312828477e-05,0.0049870344107497,0.1208582211347747,10,False,False
distilbert,13,2,82.68974700399467,80.45212765957447,1461435507,4.795982774559715e-05,0.006051315643677,0.0416763450545944,9,False,True
distilbert,13,3,80.82556591211717,78.72340425531915,378885960,7.597464071315758e-05,1.2978799461351898e-05,0.0741627110532912,4,False,False
distilbert,13,4,79.6271637816245,78.19148936170212,1498361572,7.514612827556938e-06,4.918265071375449e-05,0.1166745066177942,8,False,False
distilbert,13,5,82.15712383488682,78.98936170212765,322489032,2.0186566744147797e-05,0.0004532268413647,0.0633348523940896,8,False,False
distilbert,13,6,81.0918774966711,78.98936170212765,1918647836,2.969111515317425e-05,0.0022612374223343,0.0254297632296415,5,False,False
distilbert,13,7,80.15978695073235,78.45744680851064,202275359,2.039219671597697e-05,1.8850529159199183e-05,0.1071866188408187,3,False,False
distilbert,13,8,82.29027962716378,78.45744680851064,1572640821,1.1401318286751594e-05,0.0076182660621415,0.1863766574838595,6,False,False
distilbert,13,9,77.3635153129161,75.26595744680851,475821728,6.0499727261441015e-06,0.0003059729035807,0.0902662926455869,5,False,False
distilbert,13,10,81.62450066577897,78.19148936170212,281446376,5.0752494484236745e-05,0.0327018241608921,0.145174864673246,9,False,False
distilbert,13,11,78.56191744340879,76.99468085106383,310780722,7.108241274380934e-06,0.0014816237847263,0.1752470771734425,5,False,False
distilbert,13,12,78.82822902796272,78.45744680851064,1517130822,7.622505614377863e-05,4.368724436960314e-05,0.0475364216473808,9,False,False
distilbert,13,13,68.84154460719041,71.01063829787235,1951697542,7.278084840655795e-06,1.583658446313375e-05,0.1349553634097168,2,False,False
distilbert,13,14,80.02663115845539,80.31914893617021,465400376,3.840212201821051e-05,0.0336711081192827,0.1758976259100551,10,False,False
distilbert,13,15,76.56458055925432,76.19680851063829,481565059,6.2314239078121815e-06,4.6720581792760845e-05,0.1881657901560024,5,False,False
distilbert,13,16,80.15978695073235,79.38829787234043,381121819,4.2403346160196096e-05,0.0292959976715261,0.1964888532875585,7,False,False
distilbert,13,17,81.22503328894807,79.12234042553192,2021741619,2.249910033052304e-05,2.1743714174167472e-05,0.0613094121112113,7,False,False
distilbert,13,18,82.55659121171772,80.18617021276596,1775517304,1.8034971587207776e-05,0.0002000648142005,0.1047462584217272,5,False,False
distilbert,13,19,79.36085219707057,78.19148936170212,1937167930,8.009880563175772e-06,0.0189102962479401,0.005378416071476,8,False,False
distilbert,13,20,79.89347536617844,77.92553191489361,1295969363,8.438195989002853e-06,3.2570067364068264e-05,0.1347056658613993,10,False,False
distilbert,13,21,79.09454061251664,78.98936170212765,1057659018,5.2898928941418905e-06,0.0022938468060814,0.0219029514298392,9,False,False
distilbert,13,22,80.42609853528629,79.38829787234043,29219013,6.220404913868966e-05,0.0491081380888365,0.0618178817534712,10,False,False
distilbert,13,23,83.62183754993342,78.8563829787234,1057729871,5.210730999624617e-05,0.0159297329068094,0.0498335636508271,7,True,False
distilbert,13,24,80.55925432756325,79.12234042553192,465432316,4.6129851562042925e-05,0.0260925643319662,0.1384272192490441,9,False,False
distilbert,13,25,68.84154460719041,71.01063829787235,781029685,1.0595895209014285e-05,1.3768295649944463e-05,0.083482492182474,2,False,False
distilbert,13,26,82.55659121171772,79.52127659574468,1326661142,8.463567746709964e-05,0.0096242370497568,0.0110496641046876,3,False,False
distilbert,13,27,81.22503328894807,78.32446808510639,1126538282,2.9948050276929516e-05,1.612152748570243e-05,0.017403606698838,7,False,False
distilbert,13,28,81.491344873502,78.98936170212765,1062379773,3.431230766810359e-05,0.0001051777483441,0.0954271773342199,6,False,False
distilbert,13,29,78.56191744340879,77.52659574468085,938222492,8.653581833028873e-06,1.3272745415316502e-05,0.1960644061841776,4,False,False
distilbert,14,0,76.50200267022697,78.8,1752007944,5.219739184594327e-06,5.244591431422806e-05,0.0730973468385918,7,False,False
distilbert,14,1,77.83711615487316,83.46666666666667,921803020,6.1736070227532765e-06,0.0009329400512481,0.0819908288968605,9,False,True
distilbert,14,2,79.03871829105474,82.13333333333334,1435561859,1.4033175256556932e-05,6.821549130568321e-05,0.1542454592706136,4,False,False
distilbert,14,3,77.16955941255007,81.46666666666667,1800299410,6.764244226048609e-06,0.0009588310579815,0.1105548208946532,8,False,False
distilbert,14,4,77.30307076101468,81.06666666666666,2026721423,8.358362533245696e-05,0.0058105178593462,0.085769944870978,4,False,False
distilbert,14,5,77.16955941255007,80.93333333333334,1047245394,1.3051664654180078e-05,0.000488516276726,0.1488534921041394,3,False,False
distilbert,14,6,78.37116154873164,81.06666666666666,2038092266,5.958276359822249e-06,1.5360982368700508e-05,0.1099766654368278,9,False,False
distilbert,14,7,79.83978638184246,82.66666666666667,969220784,3.281021171392773e-05,0.0156024815501119,0.1181825190901076,6,False,False
distilbert,14,8,79.70627503337784,82.66666666666667,1033800569,4.7037101274732704e-05,7.019146706821271e-05,0.0032090941974626,9,False,False
distilbert,14,9,70.76101468624833,76.0,1940973385,6.773482462119019e-06,0.0001990911051456,0.0113676979963879,3,False,False
distilbert,14,10,78.1041388518024,80.8,1044874990,1.29545832422165e-05,0.0467703028406924,0.0638713997223123,3,False,False
distilbert,14,11,79.30574098798398,81.86666666666666,551540398,2.3751888384121977e-05,0.000116818266492,0.1267364394838426,9,False,False
distilbert,14,12,80.64085447263017,83.06666666666666,1440523211,2.901834031068109e-05,0.0057888618155249,0.1714226079816673,5,False,False
distilbert,14,13,75.9679572763685,79.73333333333333,398241245,5.062160044403136e-06,0.0549464993228337,0.0849904315633282,8,False,False
distilbert,14,14,80.77436582109479,82.26666666666667,732427990,2.596589860062408e-05,0.0308216699948622,0.1547712494979944,4,True,False
distilbert,14,15,79.4392523364486,83.06666666666666,1277498063,7.568945477246819e-05,0.0003377242482781,0.0916728829952008,3,False,False
distilbert,14,16,77.97062750333778,81.2,152836177,8.332256003145333e-05,0.01952750095289,0.0266517627208391,4,False,False
distilbert,14,17,80.24032042723631,81.46666666666667,670300331,4.120261187056798e-05,1.3763178416202024e-05,0.1592541218311974,3,False,False
distilbert,14,18,79.30574098798398,82.66666666666667,275194894,4.3932936345054205e-05,0.004018202588733,0.0268908366153294,10,False,False
distilbert,14,19,79.83978638184246,82.53333333333333,2103298531,9.76706844840643e-06,0.0065136295904247,0.1264670593993734,9,False,False
distilbert,14,20,72.76368491321762,76.26666666666667,1860258081,5.526420495208888e-06,0.0225911273515895,0.1924265689404268,4,False,False
distilbert,14,21,77.57009345794393,81.6,864374372,7.49221137877841e-05,0.0013247931631915,0.0745544528736224,3,False,False
distilbert,14,22,80.37383177570094,83.46666666666667,514622149,1.9221381260229497e-05,0.0460764611625264,0.0235923194498532,9,False,False
distilbert,14,23,79.03871829105474,82.26666666666667,635519707,3.852152570913136e-05,7.15599336764676e-05,0.1616021884733618,9,False,False
distilbert,14,24,77.4365821094793,82.26666666666667,198776780,9.398905689333436e-05,0.0062407911600089,0.1708848975115713,5,False,False
distilbert,14,25,79.4392523364486,82.66666666666667,1175932914,3.879399818102287e-05,1.913025042149427e-05,0.1650884846168395,9,False,False
distilbert,14,26,74.89986648865154,78.13333333333334,423976040,1.4476222788601203e-05,0.0081725510662227,0.1512670566597003,2,False,False
distilbert,14,27,78.1041388518024,81.2,1293240193,2.854458365285239e-05,0.008163943689054,0.1418117455763667,8,False,False
distilbert,14,28,79.17222963951936,82.66666666666667,1210952153,2.259725949212214e-05,0.0017322969251064,0.0162734179593295,8,False,False
distilbert,14,29,80.37383177570094,82.13333333333334,733787835,3.3118666544800735e-05,0.0121481450000967,0.1765927089674258,2,False,False
distilbert,15,0,68.9295039164491,69.75228161668839,1139151564,8.759368761712535e-06,0.0121795805844053,0.0918469309137077,2,False,False
distilbert,15,1,81.46214099216711,79.26988265971316,1594117902,2.2316853403987625e-05,0.0259311573826035,0.0865356593035281,7,False,False
distilbert,15,2,82.50652741514361,80.57366362451108,1704464326,4.0165610635879513e-05,0.0049411065880552,0.1281187612313274,8,False,False
distilbert,15,3,81.72323759791122,80.3129074315515,1882063058,2.4872888972584173e-05,0.0005142507192471,0.0446321500854304,7,False,False
distilbert,15,4,83.55091383812011,80.83441981747066,321324761,2.631143620096892e-05,0.0006859926274289,0.0884743742538211,8,False,False
distilbert,15,5,80.67885117493472,79.79139504563233,680925543,5.294800188577834e-06,0.0022952911226699,0.1956621137480331,7,False,False
distilbert,15,6,83.02872062663185,81.48631029986961,1743475836,5.161517472148925e-05,0.0001261128275006,0.0870386495244367,5,False,False
distilbert,15,7,80.54830287206266,80.05215123859192,766482048,1.1222402028011805e-05,8.601886750380359e-05,0.0737497976954501,7,False,False
distilbert,15,8,82.8981723237598,82.13820078226858,730993166,2.8213691305163497e-05,5.2760238027611045e-05,0.1477612472409488,9,False,False
distilbert,15,9,81.72323759791122,80.3129074315515,872930013,5.267445629497884e-05,0.0227715452331566,0.10551968429063,10,False,False
distilbert,15,10,82.8981723237598,80.57366362451108,991709109,9.958766387008008e-05,0.0014995712484557,0.0042260009115907,6,False,False
distilbert,15,11,81.20104438642298,80.83441981747066,247712199,8.482155738501233e-06,0.0031094429201955,0.09984895038329,6,False,False
distilbert,15,12,81.0704960835509,80.1825293350717,215386930,1.2916260019615309e-05,0.0004808653593897,0.0526803685593096,8,False,False
distilbert,15,13,80.80939947780679,80.57366362451108,1066443133,8.551678353042094e-05,7.435674012505733e-05,0.0628368348663943,7,False,False
distilbert,15,14,82.76762402088772,82.92046936114733,2043516135,9.905085360095478e-05,0.0004226288568401,0.116202295519013,6,False,True
distilbert,15,15,81.98433420365535,79.13950456323337,549305054,8.014219852416411e-05,0.0084769268000077,0.0216287740431935,4,False,False
distilbert,15,16,81.8537859007833,80.1825293350717,1299872697,8.584392922419652e-05,2.626258743660042e-05,0.0892669623860496,7,False,False
distilbert,15,17,83.15926892950391,80.1825293350717,1779671106,4.142906699588181e-05,1.6722190038715128e-05,0.1317196456274064,6,False,False
distilbert,15,18,82.37597911227154,78.74837027379401,817155042,1.8510018891300847e-05,0.0092893041671912,0.1877905670227387,10,False,False
distilbert,15,19,81.20104438642298,80.83441981747066,680145932,4.37528450448157e-05,0.005984085076442,0.0375196715583512,2,False,False
distilbert,15,20,81.33159268929504,80.70404172099087,505419144,8.242163236026984e-05,0.0015182992645172,0.1357070221218728,7,False,False
distilbert,15,21,81.8537859007833,80.57366362451108,1042352545,3.435998640214266e-05,1.3045306997845729e-05,0.0201516947814629,7,False,False
distilbert,15,22,80.54830287206266,79.26988265971316,342000549,5.301990583076316e-06,0.0010995582476363,0.1441410167205704,9,False,False
distilbert,15,23,82.63707571801567,80.1825293350717,1982076177,5.306079942154213e-05,0.0022134885890747,0.1506109115677752,3,False,False
distilbert,15,24,81.59268929503916,82.00782268578878,1193698772,9.122574247008136e-05,0.0598553538563403,0.1139506815086909,9,False,False
distilbert,15,25,76.10966057441253,76.01043024771839,1216383406,7.962014468746731e-06,0.0001866440311642,0.0522888538228512,3,False,False
distilbert,15,26,82.63707571801567,81.61668839634942,505881200,5.399464171524391e-05,0.0379926121660643,0.0335384853674816,5,False,False
distilbert,15,27,82.76762402088772,80.83441981747066,1031955901,6.869364053454943e-05,0.0143101417745261,0.1791063042789155,7,False,False
distilbert,15,28,83.81201044386422,80.1825293350717,388084496,5.575966672964902e-05,0.0568401086933748,0.0565023399666025,8,True,False
distilbert,15,29,81.46214099216711,80.57366362451108,2085705030,1.2067404099959678e-05,7.353077547958156e-05,0.061645929189399,9,False,False
distilbert,16,0,78.1718963165075,76.02179836512262,623972362,7.240137898308891e-06,0.0110216812641426,0.1997973625746341,4,False,False
distilbert,16,1,81.58253751705321,78.47411444141689,537360060,8.583815539694503e-05,1.4809077713450084e-05,0.1604466192079103,3,False,False
distilbert,16,2,72.03274215552524,69.20980926430518,766503444,1.0024762067213422e-05,0.0065570687189568,0.0900120406011663,2,False,False
distilbert,16,3,82.81036834924966,80.79019073569482,392280575,4.360069709609001e-05,0.0181339048849526,0.1373222025650483,6,False,False
distilbert,16,4,73.80627557980901,71.93460490463215,2061698633,5.974956108370946e-06,0.0026144973106854,0.0199874709446544,3,False,False
distilbert,16,5,79.80900409276944,79.01907356948229,345630255,9.601322755683408e-06,0.0002541258066461,0.0757382336341709,6,False,False
distilbert,16,6,80.6275579809004,80.38147138964578,1651415894,1.9576181293529936e-05,0.0152618878119106,0.0171332186542207,5,False,False
distilbert,16,7,81.9918144611187,82.15258855585832,1776364383,9.795530396059228e-05,0.0003062461148833,0.1441404126766863,2,False,True
distilbert,16,8,82.26466575716235,80.24523160762942,478222066,2.081334754897614e-05,0.0001605969921888,0.0252622092483806,3,False,False
distilbert,16,9,81.85538881309687,81.88010899182561,2021122283,2.358032541821133e-05,0.0028676205600865,0.1709312283368403,4,False,False
distilbert,16,10,81.58253751705321,78.61035422343325,824129082,5.0346931308467873e-05,0.0001304938477782,0.1218565081654859,5,False,False
distilbert,16,11,81.9918144611187,79.70027247956403,1128102576,1.8880077330000336e-05,0.0794651683042331,0.1839785303304329,4,False,False
distilbert,16,12,72.57844474761255,69.89100817438693,68968939,5.668455151040412e-06,1.3812693204258283e-05,0.1030526892992267,3,False,False
distilbert,16,13,80.35470668485675,78.06539509536785,1790363671,1.2251746601923084e-05,0.0121524389704721,0.1177965698579662,6,False,False
distilbert,16,14,81.71896316507504,80.10899182561307,1750546235,2.99910800249734e-05,0.000328154729639,0.1399827527282345,3,False,False
distilbert,16,15,81.17326057298772,78.88283378746594,879625669,8.558256016295142e-05,0.0010294672742954,0.1317716983453745,9,False,False
distilbert,16,16,80.35470668485675,80.10899182561307,1709073781,1.102072178938374e-05,0.0015410345851807,0.04517779516075,8,False,False
distilbert,16,17,83.21964529331514,79.42779291553134,602011090,7.368458492467885e-05,0.0003187345215474,0.0505520493907714,7,True,False
distilbert,16,18,81.30968622100956,79.97275204359673,728102987,9.174825380465611e-06,0.0891114813476591,0.1697374363175315,10,False,False
distilbert,16,19,80.90040927694406,81.06267029972751,214716751,1.1444313742930544e-05,0.0839821211505476,0.1382419475244945,6,False,False
distilbert,16,20,82.12824010914052,81.47138964577657,230021456,2.319994231295596e-05,5.879116946369976e-05,0.1624835852121961,6,False,False
distilbert,16,21,81.71896316507504,79.83651226158038,1283758284,3.439801826477733e-05,0.0680252214897567,0.056986204554486,8,False,False
distilbert,16,22,81.17326057298772,80.79019073569482,50455541,1.0940715619587836e-05,0.0029802486746803,0.182121024278358,6,False,False
distilbert,16,23,81.9918144611187,79.83651226158038,9332584,2.669383240235296e-05,9.061814707978584e-05,0.0633699328561273,3,False,False
distilbert,16,24,81.58253751705321,81.19891008174388,578204324,1.979214075824329e-05,0.00062219967877,0.1795759298744847,7,False,False
distilbert,16,25,81.85538881309687,79.97275204359673,1073893511,8.326733926734233e-05,0.0002222724544055,0.1526311264432191,9,False,False
distilbert,16,26,79.26330150068213,78.61035422343325,903732579,5.418947585481539e-06,0.0001779179397476,0.1165270806007391,6,False,False
distilbert,16,27,82.12824010914052,80.10899182561307,740610631,2.124080592660836e-05,0.0349261078884719,0.1388101518275238,8,False,False
distilbert,16,28,83.08321964529331,78.2016348773842,1375329766,6.378197027291861e-05,8.847160215525342e-05,0.0984312742759273,9,False,False
distilbert,16,29,81.44611186903138,81.88010899182561,213675880,1.4017134196866e-05,0.0009334696708912,0.1748409851605865,9,False,False
distilbert,17,0,79.29226736566186,77.74869109947645,1927497946,5.251539463094368e-06,0.0334276046145281,0.0827117380116303,10,False,False
distilbert,17,1,82.69986893840105,81.67539267015707,1990452935,1.0237519272252497e-05,0.0031172669252481,0.1441437765444722,9,False,False
distilbert,17,2,82.30668414154653,81.15183246073299,1172083923,9.428984538273788e-05,0.0128498616618856,0.109372996544462,8,False,False
distilbert,17,3,83.4862385321101,81.02094240837697,1139981758,2.39376364528664e-05,0.0014099283880929,0.1563412947254012,4,False,False
distilbert,17,4,80.47182175622542,77.61780104712042,1927068935,6.339634326463671e-06,6.312740206205057e-05,0.0256174332638406,6,False,False
distilbert,17,5,83.35517693315859,81.80628272251309,126186059,2.3882318914069692e-05,0.0211880069105338,0.0003213238681296,5,False,False
distilbert,17,6,82.69986893840105,80.49738219895288,1157055129,2.208087465474377e-05,0.0117965194417109,0.1127830027076271,5,False,False
distilbert,17,7,82.96199213630406,78.79581151832461,469205355,1.4761805379897658e-05,0.0360202461588131,0.0853434835113765,3,False,False
distilbert,17,8,82.83093053735256,80.36649214659685,1114326828,1.005022546556718e-05,0.0205821973362496,0.1756451981350576,9,False,False
distilbert,17,9,81.12712975098296,80.10471204188482,255524352,1.590911994136137e-05,2.316361003345924e-05,0.0908451516083187,10,False,False
distilbert,17,10,83.6173001310616,79.58115183246073,590037837,6.09957088049446e-05,1.7488639366841273e-05,0.0550628825651299,2,False,False
distilbert,17,11,69.72477064220183,68.45549738219896,996540214,6.524564181250418e-06,0.000855780131947,0.1619422771959373,2,False,False
distilbert,17,12,82.96199213630406,80.6282722513089,1656489870,1.1111162486585074e-05,0.0589269906112072,0.0336643251292388,10,False,False
distilbert,17,13,82.43774574049803,78.79581151832461,332805650,9.41571356737134e-06,2.5618144599261622e-05,0.1273732983874195,4,False,False
distilbert,17,14,83.09305373525557,79.31937172774869,1897519048,7.365703532934637e-05,0.0323072660699272,0.0837498204918787,10,False,False
distilbert,17,15,82.83093053735256,82.06806282722513,986300347,2.2821577268361727e-05,0.006941540699584,0.0161291818941517,5,False,False
distilbert,17,16,84.40366972477064,81.15183246073299,1608238394,3.333725623399563e-05,2.488858377707222e-05,0.1881627839063264,6,True,False
distilbert,17,17,81.38925294888598,80.10471204188482,1840968427,2.11762836717216e-05,1.1470777741787398e-05,0.0831256325481225,8,False,False
distilbert,17,18,82.17562254259502,82.32984293193718,1611526189,2.9348955215520476e-05,0.0001367469503482,0.186918534400105,9,False,True
distilbert,17,19,82.83093053735256,81.54450261780104,2124962958,3.495858192686537e-05,0.0341239047286224,0.0068830792864173,6,False,False
distilbert,17,20,82.69986893840105,80.75916230366492,481496462,3.334722935051362e-05,0.0068146901334271,0.1818352239522882,10,False,False
distilbert,17,21,83.7483617300131,82.19895287958116,1509338818,2.0967997134206836e-05,0.0001812987728346,0.0589952094014116,6,False,False
distilbert,17,22,81.65137614678899,80.49738219895288,1917354084,3.813535600190257e-05,0.0059671286929731,0.1452919991853666,6,False,False
distilbert,17,23,70.9043250327654,69.89528795811518,86148190,6.251545364619312e-06,2.1279165396076145e-05,0.1739929849678299,2,False,False
distilbert,17,24,68.54521625163827,68.58638743455498,1906800603,6.939635832446776e-06,0.0023505093713221,0.0073647930432935,2,False,False
distilbert,17,25,82.04456094364352,81.93717277486911,1391677130,1.3279719488050184e-05,0.0050113997547173,0.1935835421726153,8,False,False
distilbert,17,26,81.7824377457405,79.84293193717278,1895178221,5.2563334031229385e-05,0.0026236832323551,0.0935909571546374,7,False,False
distilbert,17,27,82.43774574049803,80.10471204188482,638092617,1.152658544863014e-05,0.0001201500043104,0.1904122692315267,4,False,False
distilbert,17,28,81.7824377457405,78.79581151832461,903060523,9.212506690759463e-05,0.0010417447990572,0.0186431913629341,3,False,False
distilbert,17,29,82.17562254259502,81.282722513089,1286277581,2.28934268687536e-05,0.0189770412683927,0.0362336953773749,10,False,False
distilbert,18,0,79.00912646675359,80.1825293350717,1960261577,9.37013145913752e-05,0.014966133684194,0.1071787375203356,5,False,False
distilbert,18,1,79.53063885267275,81.61668839634942,816277645,8.766757286416637e-05,4.05656299851417e-05,0.1658074784304225,2,False,False
distilbert,18,2,80.1825293350717,79.79139504563233,342893033,3.4932985698523296e-05,0.0684748139684042,0.1968257519446529,10,False,False
distilbert,18,3,81.7470664928292,82.39895697522816,295441685,3.1691024301805e-05,0.0021847152711315,0.1335582222112603,9,False,False
distilbert,18,4,81.61668839634942,81.09517601043025,1981393781,2.562196811161304e-05,0.0072550415972901,0.0354370828513357,10,False,False
distilbert,18,5,81.7470664928292,82.39895697522816,1819268317,1.0564859733808922e-05,0.0004507100554859,0.1040882585570045,10,False,False
distilbert,18,6,70.53455019556715,73.79400260756194,211559962,1.0572675503516877e-05,2.506826735091364e-05,0.1063525606648521,2,False,False
distilbert,18,7,79.40026075619296,80.70404172099087,566084187,1.8478258137593866e-05,0.0030741308554845,0.0859158943551124,5,False,False
distilbert,18,8,80.05215123859192,81.09517601043025,1681505440,6.41732926879332e-05,2.43768118518882e-05,0.1175923481345382,3,False,False
distilbert,18,9,78.48761408083442,80.1825293350717,261331025,6.187401065437371e-06,0.0009793969963037,0.1877035431223915,8,False,False
distilbert,18,10,80.83441981747066,81.09517601043025,1154245670,1.324730083840438e-05,1.0089127033278818e-05,0.0103484237752488,6,False,False
distilbert,18,11,80.1825293350717,81.877444589309,1659714758,9.117695629698636e-05,0.0001283271167973,0.1200791363860577,2,False,False
distilbert,18,12,78.22685788787484,80.05215123859192,2030517826,6.879436801657165e-06,0.0022046789477897,0.0261700822246057,5,False,False
distilbert,18,13,81.09517601043025,82.00782268578878,125250346,9.075697776146654e-05,0.0073604926149371,0.1165528126244117,3,False,False
distilbert,18,14,80.05215123859192,81.61668839634942,625973162,4.303519905674811e-05,9.386464696004476e-05,0.1789672471601699,3,False,False
distilbert,18,15,80.70404172099087,82.00782268578878,855440585,2.595298209681957e-05,0.0020647839067525,0.1505940939710613,5,False,False
distilbert,18,16,78.22685788787484,79.26988265971316,483676162,5.655614686088824e-06,0.0002171905372708,0.1375144873840903,9,False,False
distilbert,18,17,81.35593220338983,80.05215123859192,905034189,1.2098563500578122e-05,0.0047972009069558,0.1325361497435578,6,False,False
distilbert,18,18,81.48631029986961,81.22555410691004,328663548,1.8521163985751266e-05,0.0027658896882384,0.1819878193145119,7,False,False
distilbert,18,19,81.09517601043025,81.7470664928292,1616540444,2.2959982233507232e-05,0.0073110222368897,0.1317172428638788,3,False,False
distilbert,18,20,78.48761408083442,81.09517601043025,49310109,1.435747345097514e-05,0.00759999759339,0.0729727940851566,6,False,False
distilbert,18,21,81.61668839634942,82.92046936114733,1123228972,2.897899208792064e-05,4.630392457433334e-05,0.0604019838560863,4,False,True
distilbert,18,22,80.4432855280313,81.09517601043025,699552461,1.6638439408234864e-05,0.0123913070720035,0.034963551627141,6,False,False
distilbert,18,23,81.22555410691004,82.92046936114733,1548328644,2.3379703684206324e-05,0.0541517705050217,0.0368823340598824,4,False,False
distilbert,18,24,77.70534550195568,79.26988265971316,605229939,6.409250917013198e-06,0.0003557823288211,0.0049231786626582,5,False,False
distilbert,18,25,80.3129074315515,80.70404172099087,254182730,9.783986233751044e-05,0.0992418806108443,0.0569340504012264,8,False,False
distilbert,18,26,81.877444589309,81.48631029986961,1689395503,4.786266414131931e-05,0.0039075289971853,0.1243339448395346,10,True,False
distilbert,18,27,79.13950456323337,80.05215123859192,922272994,6.1102423116238485e-06,0.0021100629455485,0.146507618921806,9,False,False
distilbert,18,28,81.09517601043025,80.96479791395046,134508706,2.6029121268952367e-05,0.0470795580831179,0.1540818299821714,4,False,False
distilbert,18,29,80.96479791395046,81.61668839634942,810165777,7.748217452442788e-05,0.0041322522771793,0.111827343374003,4,False,False
distilbert,19,0,81.97831978319783,80.48780487804878,1211332211,7.13777304113327e-05,0.0009317569032739,0.1986509018229702,9,False,False
distilbert,19,1,83.19783197831978,78.72628726287263,1376150579,1.0265841671351785e-05,0.0036965874397388,0.0273088241122762,8,False,False
distilbert,19,2,84.01084010840108,79.26829268292683,2033988341,6.274325092144586e-05,0.0001768706667917,0.0410727419081212,3,True,False
distilbert,19,3,83.06233062330624,80.21680216802169,118418993,4.985049628697184e-05,0.0021387891229424,0.0243695796965314,5,False,False
distilbert,19,4,83.06233062330624,80.35230352303523,1591427019,4.675894367685776e-05,0.0002671971668082,0.0317198612516963,9,False,False
distilbert,19,5,80.62330623306234,77.23577235772358,103697106,5.460366391964742e-06,2.199960624400354e-05,0.0245209421066959,9,False,False
distilbert,19,6,82.38482384823848,80.35230352303523,867907242,5.192550146981173e-05,0.0993221532608235,0.1089745618972057,7,False,False
distilbert,19,7,81.70731707317073,81.16531165311653,2065031156,3.0353648218331075e-05,0.0025610764207256,0.1523398833632746,3,False,False
distilbert,19,8,81.16531165311653,79.26829268292683,574725404,8.724644482464345e-05,0.0578051613833278,0.1113451661368148,4,False,False
distilbert,19,9,82.52032520325203,80.35230352303523,1466247838,3.749173894550174e-05,0.020399179339344,0.144273688259681,10,False,False
distilbert,19,10,81.57181571815718,80.21680216802169,1738486120,6.410345065779725e-05,0.0002641777462348,0.0940722864764069,4,False,False
distilbert,19,11,82.92682926829268,80.21680216802169,595448396,2.580205791636688e-05,1.2667160477956284e-05,0.1124475932759644,4,False,False
distilbert,19,12,83.60433604336043,81.16531165311653,1131817211,7.501164305611936e-05,0.0166002881015998,0.0728782742930574,3,False,False
distilbert,19,13,81.02981029810299,77.10027100271003,2122894755,7.772014293779698e-06,0.0027235461293704,0.0234054404631139,4,False,False
distilbert,19,14,72.08672086720867,71.54471544715447,1196684583,6.580942878640043e-06,0.0994035324669057,0.1124566096104713,3,False,False
distilbert,19,15,81.30081300813008,77.77777777777777,1430600726,6.484806913063914e-06,0.0001373147977482,0.158671955109801,6,False,False
distilbert,19,16,81.16531165311653,78.18428184281842,1446595546,1.1606565388473553e-05,3.248718548588999e-05,0.1640836923817983,5,False,False
distilbert,19,17,72.22222222222223,71.27371273712737,1954090328,5.418879124779524e-06,1.3538157665544455e-05,0.028827465497939,3,False,False
distilbert,19,18,83.19783197831978,80.08130081300813,1197967585,1.786704806241956e-05,1.0634542662328282e-05,0.0404829941083925,6,False,False
distilbert,19,19,81.43631436314364,81.30081300813008,1340265331,4.302904256361023e-05,0.0215048792181063,0.1227871527537167,8,False,False
distilbert,19,20,83.60433604336043,81.30081300813008,126487769,1.5069851845226806e-05,0.0026263670610671,0.1061526677601701,8,False,False
distilbert,19,21,81.70731707317073,81.84281842818429,179485405,8.28898220617279e-05,4.335862738090675e-05,0.0326459864464107,8,False,True
distilbert,19,22,82.24932249322494,78.45528455284553,1565199419,1.1145375788691666e-05,0.0010807321399395,0.1171003202780331,5,False,False
distilbert,19,23,81.84281842818429,77.10027100271003,1461988927,2.024514642452989e-05,0.0007186992101357,0.0999466631701261,2,False,False
distilbert,19,24,78.72628726287263,76.15176151761517,828483742,5.2715694544483845e-06,0.0061477218552246,0.0330405434819802,5,False,False
distilbert,19,25,81.70731707317073,81.43631436314364,109412217,2.1098528036126607e-05,0.0015938499087649,0.1441082091953263,10,False,False
distilbert,19,26,72.22222222222223,71.95121951219512,2007329926,7.861512058040553e-06,9.017916917348508e-05,0.0730677734588242,3,False,False
distilbert,19,27,77.64227642276423,76.82926829268293,712841023,5.516064222675821e-06,0.0004563405108281,0.1463772755464994,4,False,False
distilbert,19,28,82.92682926829268,80.75880758807588,848723149,9.120797484051178e-05,0.0002364039098097,0.1454145955749359,3,False,False
distilbert,19,29,76.82926829268293,74.39024390243902,1390483950,1.1924448992545102e-05,0.0001525287967139,0.0639774209090567,2,False,False
distilbert,20,0,81.25836680053547,79.54545454545455,231734684,5.30270283121489e-05,0.047833814937445,0.0996598975714918,7,False,False
distilbert,20,1,79.11646586345381,75.93582887700535,814742425,5.733402455033964e-06,0.0253198384095757,0.121709253317315,5,False,False
distilbert,20,2,82.1954484605087,78.87700534759358,1447032,1.6903406811363656e-05,4.6188749391515936e-05,0.0234105365151619,7,False,False
distilbert,20,3,80.99062918340027,78.07486631016043,1135748337,7.793927601630091e-05,1.4841563248976428e-05,0.1638476617125198,7,False,False
distilbert,20,4,82.99866131191432,79.14438502673796,215382156,3.938455121988986e-05,0.011621320647255,0.1018225480606528,10,False,False
distilbert,20,5,80.58902275769745,76.8716577540107,843969464,1.31070067595188e-05,2.0181452597326315e-05,0.0940275245706187,3,False,False
distilbert,20,6,81.92771084337349,78.475935828877,1913792158,1.8303834231153745e-05,0.0007192508904526,0.0246618173477765,10,False,False
distilbert,20,7,81.79384203480589,78.475935828877,1958506653,1.2856190343547509e-05,0.0008269072466576,0.0395298407620411,10,False,False
distilbert,20,8,81.6599732262383,79.67914438502673,1622671950,2.814231610447696e-05,0.0042503486958968,0.079067720285865,7,False,False
distilbert,20,9,72.42302543507363,70.45454545454545,18796863,5.551414776379203e-06,8.212879230673443e-05,0.0146912937446485,2,False,False
distilbert,20,10,82.73092369477912,78.20855614973262,647727209,7.353112941641104e-05,4.815074655194666e-05,0.1516532135536033,6,False,False
distilbert,20,11,83.40026773761714,79.94652406417113,1975951566,6.264369158507814e-05,0.0080147625099874,0.1552623782909221,5,False,False
distilbert,20,12,82.59705488621151,80.61497326203208,501712828,3.51903993265004e-05,0.0005513849603461,0.0317091454525444,8,False,False
distilbert,20,13,82.0615796519411,78.87700534759358,577869519,1.1598225367683902e-05,0.0260829336795148,0.1448227711100267,6,False,False
distilbert,20,14,82.0615796519411,79.27807486631016,1249897104,6.699918554590481e-06,0.0300886134278966,0.0612734016564038,10,False,False
distilbert,20,15,81.25836680053547,79.67914438502673,2068967735,2.494790042395746e-05,0.0326030353542071,0.0821229945621825,8,False,False
distilbert,20,16,83.13253012048193,78.07486631016043,899407826,1.419052830177928e-05,6.351805343056512e-05,0.0644052202302699,10,False,False
distilbert,20,17,82.46318607764391,78.87700534759358,651738475,2.81568817885896e-05,0.0103706652251473,0.1235048016112199,7,False,False
distilbert,20,18,82.3293172690763,78.7433155080214,1311593279,1.9772777565511107e-05,0.0279678850659881,0.0083529906755768,5,False,False
distilbert,20,19,82.3293172690763,79.01069518716578,1537956292,2.387771840455741e-05,0.0295277541016854,0.1805697143228315,6,False,False
distilbert,20,20,83.13253012048193,80.61497326203208,790375613,8.525952197874346e-05,0.0077509675913413,0.080516511392457,7,False,False
distilbert,20,21,81.39223560910308,79.81283422459893,151261826,2.9756533038025117e-05,0.0008675337910888,0.0098496303748734,8,False,False
distilbert,20,22,82.73092369477912,81.41711229946524,40323299,3.604747807683875e-05,2.3800812052551893e-05,0.1708904538210883,5,False,True
distilbert,20,23,82.99866131191432,78.20855614973262,2042130320,3.086090220259975e-05,8.135574672327216e-05,0.0329178577950466,6,False,False
distilbert,20,24,82.0615796519411,79.81283422459893,1744601858,9.130304029995514e-06,0.0316069178238563,0.1042786562823736,5,False,False
distilbert,20,25,83.66800535475234,78.34224598930481,2025556024,1.741505633933418e-05,0.0112535693943621,0.0756803386613232,5,True,False
distilbert,20,26,83.53413654618474,79.27807486631016,799750149,2.983999851556264e-05,0.0654366934103579,0.0802376238014425,5,False,False
distilbert,20,27,82.0615796519411,79.01069518716578,911099861,9.787659691641984e-05,0.013296460601748,0.0003842177327119,4,False,False
distilbert,20,28,81.12449799196787,79.14438502673796,204564562,8.592796347606467e-05,5.96695496278978e-05,0.1295075890702891,7,False,False
distilbert,20,29,81.39223560910308,77.94117647058823,1875263009,8.976256331620843e-06,0.0280785779032366,0.0926236091945081,7,False,False
distilbert,21,0,82.06521739130434,80.84239130434783,1763859701,4.681722291325548e-05,0.0001811924647371,0.0934962634853679,8,False,False
distilbert,21,1,81.65760869565217,79.34782608695652,550915885,1.0985366586177798e-05,0.0001655232521765,0.1240588444992289,9,False,False
distilbert,21,2,79.6195652173913,77.03804347826087,862618868,1.077824530012228e-05,0.0054078947352829,0.0349869106358381,5,False,False
distilbert,21,3,82.7445652173913,79.8913043478261,1332178086,2.361384802857056e-05,3.6046071746338905e-05,0.1583353286243379,10,False,False
distilbert,21,4,82.33695652173913,80.97826086956522,1664286853,1.9362205718587488e-05,1.5448335023213553e-05,0.1876863281265578,10,False,False
distilbert,21,5,80.29891304347827,77.71739130434783,1954992690,5.965791292226182e-06,1.951325775176141e-05,0.0732450233072718,8,False,False
distilbert,21,6,82.33695652173913,80.97826086956522,1488104215,4.445281706279094e-05,0.001392597166226,0.0345775189889739,4,False,False
distilbert,21,7,79.7554347826087,77.03804347826087,1869967267,6.809034427483906e-06,3.4973631243960795e-05,0.0007381365401225,6,False,False
distilbert,21,8,80.57065217391305,77.17391304347827,1424041365,8.00417217395726e-06,0.0010079106344089,0.059902155003677,8,False,False
distilbert,21,9,81.25,80.70652173913044,922990024,8.296865443148112e-05,0.0008010997280365,0.0977034691989875,5,False,False
distilbert,21,10,83.0163043478261,79.6195652173913,789758286,1.470253507209874e-05,0.0764006162822556,0.1285427386958162,9,False,False
distilbert,21,11,80.97826086956522,77.85326086956522,1971328227,2.833358695923617e-05,0.0023602218933283,0.0700851515597187,2,False,False
distilbert,21,12,81.92934782608695,77.85326086956522,2086207155,6.44900995908243e-06,0.0009757549860398,0.007294596825988,9,False,False
distilbert,21,13,79.8913043478261,77.03804347826087,2093179181,8.953681775843538e-06,1.1104996572119336e-05,0.1634999767653779,6,False,False
distilbert,21,14,81.92934782608695,78.66847826086956,133587922,1.5358603996418792e-05,0.0015021925578483,0.1055375375241229,4,False,False
distilbert,21,15,80.16304347826087,78.94021739130434,1070456186,1.2106245303287849e-05,4.479398249421694e-05,0.1581553041377737,5,False,False
distilbert,21,16,81.25,80.29891304347827,345204304,1.8520077679157383e-05,0.0005759244253895,0.1303568229929851,5,False,False
distilbert,21,17,83.0163043478261,81.25,1112545680,2.0836872709440675e-05,0.0008957389810367,0.101849251334441,9,False,False
distilbert,21,18,77.58152173913044,74.04891304347827,140640980,8.583190374888714e-06,8.219379722118078e-05,0.1114669026579112,3,False,False
distilbert,21,19,80.29891304347827,80.16304347826087,57689645,2.6771117099341794e-05,3.62247826416437e-05,0.1862634446407744,8,False,False
distilbert,21,20,73.3695652173913,68.20652173913044,145070186,6.029972297042489e-06,0.0023610591305565,0.0716555848937255,2,False,False
distilbert,21,21,82.47282608695652,81.25,868622427,7.873426797911945e-05,0.000388419913644,0.0916987602707583,4,False,False
distilbert,21,22,75.27173913043478,71.46739130434783,476699056,1.2114996941642867e-05,7.573978486222225e-05,0.1704987456971236,2,False,False
distilbert,21,23,81.52173913043478,81.65760869565217,1356057136,8.92833601774155e-05,0.0002101445172317,0.1173497680608104,8,False,False
distilbert,21,24,82.7445652173913,80.43478260869566,691484674,7.000713921256117e-05,0.0001422158388591,0.0050860453695539,4,False,False
distilbert,21,25,73.6413043478261,67.52717391304348,220142978,6.042652474536095e-06,0.0001708517657239,0.0066356409516431,2,False,False
distilbert,21,26,83.28804347826087,80.84239130434783,236125559,2.740009099074972e-05,0.0257298074649099,0.1318479446332715,6,True,False
distilbert,21,27,82.47282608695652,82.33695652173913,200020419,3.43041943747039e-05,4.082050042178374e-05,0.0425964576714064,5,False,True
distilbert,21,28,81.11413043478261,77.58152173913044,1397898625,1.1028518837273392e-05,0.0006058967989447,0.1365107841142319,4,False,False
distilbert,21,29,82.7445652173913,79.8913043478261,772125152,1.4213584035905224e-05,0.0009145441681164,0.0497742097668412,8,False,False
distilbert,22,0,82.05804749340369,81.39841688654353,1605295668,5.121526641379992e-05,0.0002566070014432,0.1025259811752962,7,False,False
distilbert,22,1,75.72559366754618,72.16358839050132,510516213,5.929303765463354e-06,0.0013128783522093,0.121847515872118,3,False,False
distilbert,22,2,79.81530343007915,81.39841688654353,1195106502,5.757260006299379e-05,0.0180140822928073,0.1853855527299369,10,False,False
distilbert,22,3,80.07915567282322,81.79419525065963,649580727,1.9306151096456992e-05,5.972840941624517e-05,0.1220737573714758,7,False,False
distilbert,22,4,80.07915567282322,81.2664907651715,823995240,7.581613004639667e-05,0.0134801172682907,0.0031963871474473,10,False,False
distilbert,22,5,81.53034300791556,81.6622691292876,1073382703,2.439557271392449e-05,0.0001134083663548,0.039577909783417,5,False,False
distilbert,22,6,80.87071240105541,81.6622691292876,193293454,1.977128029340925e-05,3.1692689709862445e-05,0.0405395157916616,7,False,False
distilbert,22,7,79.28759894459102,79.94722955145119,408321853,7.335863252494751e-06,0.0358804029105301,0.1494837894374087,6,False,False
distilbert,22,8,80.47493403693932,81.00263852242745,896726531,3.799072893433643e-05,0.0075945794266148,0.0380222964474387,10,False,False
distilbert,22,9,80.47493403693932,81.13456464379948,784645921,7.596873380677546e-05,7.043370936400668e-05,0.0763708187766789,3,False,False
distilbert,22,10,81.39841688654353,80.60686015831135,1091090050,2.455098521537919e-05,0.0004349780923381,0.1918510677156092,4,False,False
distilbert,22,11,75.98944591029024,77.70448548812665,987592636,7.955712724292542e-06,0.0004543879734702,0.183077320774044,9,False,False
distilbert,22,12,78.62796833773088,80.34300791556728,1516171246,1.6414389311109824e-05,0.0017909691807202,0.1789432456317195,7,False,False
distilbert,22,13,78.23218997361478,75.98944591029024,1562075082,1.4755376232048998e-05,0.0448414097900836,0.0327672471380427,2,False,False
distilbert,22,14,80.73878627968338,80.60686015831135,161839911,6.92413756404271e-05,0.0016387039561696,0.1363404663141025,2,False,False
distilbert,22,15,80.60686015831135,79.68337730870712,1039425783,4.710797008238027e-05,0.0015340005958445,0.01690029393805,8,False,False
distilbert,22,16,81.00263852242745,79.94722955145119,1634207774,9.34719730867693e-05,0.0063615131496849,0.1088988713901367,9,False,False
distilbert,22,17,80.73878627968338,81.39841688654353,1992654188,2.113181657504026e-05,0.0004729415572911,0.0535958281860328,5,False,False
distilbert,22,18,80.73878627968338,81.00263852242745,2059156289,8.239447170410266e-05,1.3369094656467143e-05,0.0943604643837547,2,False,False
distilbert,22,19,82.05804749340369,80.87071240105541,236238822,8.143302565737715e-05,4.720136148499397e-05,0.0118446989154999,10,False,False
distilbert,22,20,73.21899736147758,69.65699208443272,522123120,7.705989603656143e-06,0.000940323468925,0.0337977666032682,2,False,False
distilbert,22,21,81.13456464379948,80.87071240105541,2126894759,1.448357918362473e-05,0.0005097008303689,0.1772037397108293,8,False,False
distilbert,22,22,82.32189973614776,82.32189973614776,957916495,3.713597009078267e-05,1.3044322871881206e-05,0.1548809189050116,7,True,False
distilbert,22,23,79.15567282321899,77.96833773087072,1530236001,5.252011604739335e-06,0.0760613295229036,0.1743938934869744,6,False,False
distilbert,22,24,76.2532981530343,75.85751978891821,1129076597,7.588176624024815e-06,0.0698164010596766,0.0883559024545699,4,False,False
distilbert,22,25,75.32981530343008,71.76781002638522,191574816,5.088978357328049e-06,0.000238756925618,0.0477165136745422,4,False,False
distilbert,22,26,80.34300791556728,79.41952506596306,1923828832,9.874725051322364e-06,6.958247832928638e-05,0.05202631289623,7,False,False
distilbert,22,27,81.6622691292876,82.84960422163589,1175436851,4.668550359466736e-05,0.0003257297688988,0.0204433177421075,6,False,True
distilbert,22,28,78.89182058047493,78.7598944591029,546717727,2.476922125294025e-05,3.548000960561782e-05,0.1201590858575413,2,False,False
distilbert,22,29,79.02374670184696,81.13456464379948,903093254,4.621669086969562e-05,0.0003265203125079,0.1659536717308955,2,False,False
distilbert,23,0,80.45515394912985,81.39223560910308,1538644895,2.41706682967079e-05,1.844769925164504e-05,0.0009684644160624,7,False,False
distilbert,23,1,68.94243641231593,68.27309236947791,419942058,5.980926146511504e-06,0.0027460163778105,0.1407058567568656,2,False,False
distilbert,23,2,79.11646586345381,80.18741633199464,827301718,1.117574171259094e-05,1.1423938518970265e-05,0.0664457925293761,10,False,False
distilbert,23,3,77.64390896921017,80.58902275769745,1575379415,4.648443848336794e-05,0.0002573961639589,0.0644783172324084,2,False,False
distilbert,23,4,77.37617135207496,79.91967871485944,1315752626,6.113200431768926e-06,6.881615361790518e-05,0.0562331914110773,7,False,False
distilbert,23,5,79.25033467202142,79.65194109772423,1046478488,7.321460056565917e-05,3.421358675329606e-05,0.0158915305896018,2,False,False
distilbert,23,6,76.97456492637215,79.25033467202142,1168939894,7.393743619064768e-06,0.0059629478501759,0.0393236652679101,5,False,False
distilbert,23,7,79.38420348058902,80.05354752342704,1335074369,3.4717109109203544e-05,1.1278419922819952e-05,0.0615016051148672,4,False,False
distilbert,23,8,80.58902275769745,78.5809906291834,1304193325,8.612440561752125e-05,2.8119427998668858e-05,0.1319052072150572,6,False,False
distilbert,23,9,77.77777777777777,80.58902275769745,228635198,2.910939364690013e-05,0.0001444788043885,0.1686081686203873,3,False,False
distilbert,23,10,79.91967871485944,80.58902275769745,400939154,5.140077839135701e-05,0.0404883285661418,0.0948240191461108,2,False,False
distilbert,23,11,79.78580990629183,81.12449799196787,2145751187,6.639584653468133e-05,0.0086553563730314,0.0078526475671321,4,False,False
distilbert,23,12,79.65194109772423,77.51004016064257,1702755003,8.618222859751671e-05,0.0073957153980102,0.195936748068158,8,False,False
distilbert,23,13,78.44712182061579,81.92771084337349,248055946,4.579681938451789e-05,0.0789327483842826,0.1437040577737711,4,False,True
distilbert,23,14,80.58902275769745,79.65194109772423,751601355,1.0845629472230812e-05,0.0035324244763143,0.1719077146723162,8,False,False
distilbert,23,15,78.3132530120482,80.18741633199464,1278021128,4.660242230189695e-05,3.0230617692670444e-05,0.1778764384795101,2,False,False
distilbert,23,16,81.25836680053547,79.38420348058902,200821285,8.912851396766065e-05,0.0008740518588775,0.138957025158511,2,True,False
distilbert,23,17,79.65194109772423,79.25033467202142,257961108,5.2749830212275086e-05,0.000118836050535,0.132351465974321,10,False,False
distilbert,23,18,80.32128514056225,81.39223560910308,1020610163,3.073247830035649e-05,0.0002400119526347,0.0953125593402602,4,False,False
distilbert,23,19,79.11646586345381,80.18741633199464,1265720504,5.642738047647751e-05,0.0984155199747416,0.0545714047733015,8,False,False
distilbert,23,20,80.45515394912985,80.05354752342704,591667141,1.4857145017907856e-05,0.0359146474013276,0.0961215877255538,6,False,False
distilbert,23,21,80.45515394912985,80.72289156626506,963261309,4.1476139083290594e-05,0.0083123476213459,0.1919637806805295,6,False,False
distilbert,23,22,76.97456492637215,80.99062918340027,1414046370,1.5467761443958192e-05,0.0114507581522057,0.1941401646717811,4,False,False
distilbert,23,23,79.11646586345381,77.37617135207496,178448717,6.520693901729221e-05,6.994466300812534e-05,0.0279380645427145,6,False,False
distilbert,23,24,74.43105756358769,75.1004016064257,205182297,5.655698224301921e-06,0.0169574873033762,0.1229900553756143,4,False,False
distilbert,23,25,79.11646586345381,77.91164658634538,891924352,1.0498978362921163e-05,0.0001156542787369,0.174048121054094,8,False,False
distilbert,23,26,80.58902275769745,81.92771084337349,141415347,3.132643929272342e-05,2.096415163984436e-05,0.065208799770467,6,False,False
distilbert,23,27,78.3132530120482,80.45515394912985,829832177,7.8054769917814e-05,3.070594224624384e-05,0.0610462240398688,8,False,False
distilbert,23,28,79.38420348058902,80.58902275769745,1409978639,1.5730861210599715e-05,0.0012091201918523,0.0077015079441329,4,False,False
distilbert,23,29,70.41499330655957,67.46987951807229,485774209,5.187262796383285e-06,0.000534997350514,0.008682696433868,3,False,False
distilbert,24,0,83.70860927152317,79.20529801324503,575195137,7.19514999028517e-05,1.058093448176973e-05,0.1098037034907792,5,False,False
distilbert,24,1,83.70860927152317,80.0,1815650420,8.348081000865717e-05,0.0002685245463854,0.0250150719911173,5,False,False
distilbert,24,2,82.51655629139073,78.94039735099338,1622922668,1.3638811275642868e-05,0.0007214037650037,0.1589694852134194,6,False,False
distilbert,24,3,83.84105960264901,79.0728476821192,158008623,2.1007424429520576e-05,0.013194545350171,0.1747191760606662,4,False,False
distilbert,24,4,77.6158940397351,76.02649006622516,624651676,6.661263135224352e-06,0.0123913368739334,0.0121970405296194,6,False,False
distilbert,24,5,82.78145695364239,78.80794701986756,1880456105,1.1186763271168274e-05,5.2958381527344965e-05,0.0810226273059441,9,False,False
distilbert,24,6,82.25165562913908,80.39735099337749,588195208,3.256400357809463e-05,0.0209858301579839,0.1523249912515324,3,False,True
distilbert,24,7,82.3841059602649,79.60264900662251,624830014,3.987113973490066e-05,0.006262242514628,0.1250780063188266,7,False,False
distilbert,24,8,79.47019867549669,78.01324503311258,1831531062,2.1188813221193728e-05,0.0002296746878923,0.1840758578103942,2,False,False
distilbert,24,9,82.11920529801324,78.54304635761589,2131350116,7.611628386692063e-06,4.654838398512552e-05,0.1193393295465239,10,False,False
distilbert,24,10,80.52980132450331,76.95364238410596,1000936932,8.154760514868607e-06,1.1804658523924063e-05,0.0247463175927693,6,False,False
distilbert,24,11,82.78145695364239,79.47019867549669,111916109,2.016498587383672e-05,0.0009079006978378,0.108168171716648,9,False,False
distilbert,24,12,83.70860927152317,78.80794701986756,80393286,1.3518105153325592e-05,0.0015288685243821,0.0756175685475718,5,False,False
distilbert,24,13,83.17880794701986,77.48344370860927,1113470640,1.0681297128409963e-05,0.0029338017877891,0.1375790883074701,6,False,False
distilbert,24,14,81.19205298013244,79.0728476821192,754067840,1.846992740410905e-05,0.0001279192561583,0.1481733483893733,3,False,False
distilbert,24,15,82.11920529801324,78.01324503311258,640236836,2.5443990443461685e-05,0.0393682678315941,0.1676265588277584,7,False,False
distilbert,24,16,82.91390728476821,80.13245033112582,1035940079,3.3583931207463685e-05,0.0026114496828907,0.1821056348561646,5,False,False
distilbert,24,17,81.72185430463576,78.41059602649007,1798946869,5.784834552878466e-06,1.2565143197369777e-05,0.1587570588947554,9,False,False
distilbert,24,18,82.78145695364239,77.74834437086092,1790410662,2.408663548824075e-05,4.410751707895312e-05,0.1934150648359728,5,False,False
distilbert,24,19,82.25165562913908,80.39735099337749,27931563,5.8986454225755066e-05,0.0002679282773343,0.0094709226362333,8,False,False
distilbert,24,20,77.88079470198676,76.6887417218543,1057375298,5.561165205486395e-06,0.0002361282093302,0.0383002054100986,5,False,False
distilbert,24,21,80.79470198675497,79.47019867549669,390391186,4.1618834106161616e-05,0.0001231796119413,0.0427474616936447,9,False,False
distilbert,24,22,79.86754966887418,78.41059602649007,783848320,5.349924194869063e-06,5.623220415875281e-05,0.1588973145476593,7,False,False
distilbert,24,23,80.9271523178808,76.6887417218543,1134873905,1.3298528708061873e-05,0.0001192221850018,0.0868863110635799,4,False,False
distilbert,24,24,77.48344370860927,75.09933774834437,155652128,1.531003145585769e-05,0.0549738056483726,0.0589133563318743,2,False,False
distilbert,24,25,80.0,77.35099337748345,1208682882,6.680144083211643e-06,0.0086413479251207,0.1677676190740118,7,False,False
distilbert,24,26,82.3841059602649,78.41059602649007,1519057951,1.607378449775593e-05,0.0004431772449447,0.1374527270584576,4,False,False
distilbert,24,27,77.6158940397351,75.49668874172185,452734242,1.5820380541425043e-05,0.0040848108678796,0.1889758290708353,2,False,False
distilbert,24,28,84.23841059602648,80.26490066225166,382699364,2.739045604897848e-05,0.0013274786831204,0.0484634525278024,6,True,False
distilbert,24,29,83.04635761589404,79.0728476821192,662104500,3.429422209411084e-05,1.2951670228741537e-05,0.1745576582429059,9,False,False
distilbert,25,0,78.63945578231292,81.63265306122449,574377901,1.941862351012491e-05,4.192589527473336e-05,0.1554301816436794,3,False,False
distilbert,25,1,81.49659863945578,82.99319727891157,554369679,4.005582575690954e-05,2.3633224355434146e-05,0.0554799697760134,3,False,False
distilbert,25,2,82.31292517006803,82.31292517006803,1462342703,2.6185983385993758e-05,0.0051064267292217,0.171893683244773,8,False,False
distilbert,25,3,81.49659863945578,81.49659863945578,142723188,2.2927346040256463e-05,0.000105600458128,0.1780853383458407,6,False,False
distilbert,25,4,79.45578231292517,82.04081632653062,163159101,9.329174925926373e-06,0.0001147712087146,0.0785224222798398,5,False,False
distilbert,25,5,77.82312925170068,81.22448979591837,146644912,5.67165530351632e-06,0.0003431606661246,0.1393591844802831,6,False,False
distilbert,25,6,81.36054421768708,80.40816326530613,1027930431,2.1357962269158435e-05,0.0006154724490231,0.0323712625889324,9,False,False
distilbert,25,7,81.49659863945578,80.40816326530613,146955754,5.285351295938621e-05,0.004396587434188,0.0534790213259359,10,False,False
distilbert,25,8,81.08843537414965,81.36054421768708,2060134776,2.789475253778321e-05,0.0014659712063561,0.1731779801031412,6,False,False
distilbert,25,9,81.63265306122449,82.31292517006803,1903937307,8.474700117215918e-05,0.0007585205238835,0.1610032540262738,3,False,False
distilbert,25,10,79.04761904761905,82.17687074829932,1642610108,1.171306905600377e-05,0.0465814997236969,0.080898132544791,3,False,False
distilbert,25,11,81.9047619047619,82.44897959183673,272225828,3.7366355795816326e-05,0.0007080716730852,0.073571005653615,3,False,False
distilbert,25,12,82.17687074829932,80.27210884353741,1596438977,3.332528361995932e-05,1.918254871044877e-05,0.1493754622740136,7,False,False
distilbert,25,13,81.36054421768708,81.49659863945578,1773080646,1.938528353690213e-05,0.0272737233050544,0.0921873258149298,5,False,False
distilbert,25,14,80.40816326530613,80.40816326530613,35429113,1.758574629251312e-05,1.186627030860872e-05,0.1716130484749255,8,False,False
distilbert,25,15,82.58503401360544,81.7687074829932,208039009,1.3341336967807208e-05,0.0078205965985669,0.0748806754759663,8,False,False
distilbert,25,16,79.8639455782313,81.9047619047619,1777037402,1.3811302106403987e-05,0.0034909194026572,0.0554930227278403,3,False,False
distilbert,25,17,80.1360544217687,81.49659863945578,251180347,1.0936873669366031e-05,0.0793558211237125,0.0931529112172925,9,False,False
distilbert,25,18,81.08843537414965,82.04081632653062,383423915,1.3928364237031123e-05,6.819574288911336e-05,0.0486652749617577,7,False,False
distilbert,25,19,80.40816326530613,82.44897959183673,1719548689,8.843127305187623e-05,0.029789608377329,0.0579503551411161,6,False,False
distilbert,25,20,79.04761904761905,81.22448979591837,565314782,9.707350392377568e-06,0.0081782601343063,0.0854432717908062,8,False,False
distilbert,25,21,79.45578231292517,80.95238095238095,234310610,1.0089127136871856e-05,6.2744427359282e-05,0.1470352973284334,9,False,False
distilbert,25,22,80.95238095238095,79.04761904761905,1022075125,8.196435065875292e-05,0.0003806494685646,0.0546635842956165,9,False,False
distilbert,25,23,68.02721088435374,68.43537414965986,1826578197,5.491682813591076e-06,6.769908916507835e-05,0.0321338966849111,2,False,False
distilbert,25,24,79.45578231292517,81.49659863945578,593184907,7.46118109051336e-05,0.0019889205876118,0.071726937154666,8,False,False
distilbert,25,25,80.68027210884354,83.12925170068027,856802405,2.1133286269698046e-05,1.2563158200598095e-05,0.1987343769932059,4,False,True
distilbert,25,26,82.72108843537416,81.49659863945578,1296622079,4.739934150543861e-05,0.0058652724623256,0.1665800367404805,4,True,False
distilbert,25,27,80.68027210884354,80.95238095238095,1258343615,2.2423651448620493e-05,0.0132391964623579,0.11628602573239,6,False,False
distilbert,25,28,80.1360544217687,80.54421768707483,1323541513,1.913441953100848e-05,2.485828321194729e-05,0.0012209021509858,9,False,False
distilbert,25,29,81.49659863945578,80.54421768707483,910982047,1.0263255473626491e-05,4.156732338317985e-05,0.0998082045677353,8,False,False
distilbert,26,0,68.48404255319149,70.34574468085107,662910977,5.890232893574913e-06,0.0022530782903386,0.0371575982556362,2,False,False
distilbert,26,1,79.92021276595744,82.97872340425532,1548805585,5.975159069809584e-06,1.2072758525540615e-05,0.0171053267065178,9,False,False
distilbert,26,2,81.11702127659575,82.84574468085107,1644188822,2.1782498426527403e-05,0.0193740822623915,0.1921380328696764,4,False,False
distilbert,26,3,80.98404255319149,82.84574468085107,804528994,1.4952330320570537e-05,0.0005074991580657,0.0481536544829579,10,False,False
distilbert,26,4,81.11702127659575,82.44680851063829,2011383577,5.7938070691395e-05,0.0002887754280604,0.1248669213352635,7,False,False
distilbert,26,5,79.92021276595744,80.71808510638297,1911073795,8.310883761791953e-05,0.0335938180592071,0.0689364229617956,7,False,False
distilbert,26,6,80.05319148936171,82.44680851063829,77807482,8.880850619496985e-06,0.0051533722746606,0.160887048654758,5,False,False
distilbert,26,7,79.7872340425532,81.11702127659575,1196865923,2.184779314509736e-05,0.001954800579894,0.1819384461105158,9,False,False
distilbert,26,8,79.92021276595744,82.04787234042553,1166754197,6.233302368454975e-06,2.3593469590201684e-05,0.1896731996672725,10,False,False
distilbert,26,9,81.38297872340425,82.31382978723404,242815299,1.3517300904464183e-05,9.45048174862087e-05,0.0903179592901342,9,False,False
distilbert,26,10,80.18617021276596,81.51595744680851,573300806,1.9993794245332605e-05,0.0087006790344279,0.1013524257446168,7,False,False
distilbert,26,11,75.93085106382979,76.32978723404256,964225258,1.2522589343773666e-05,0.0001117500244899,0.1424621365102895,2,False,False
distilbert,26,12,79.25531914893617,78.45744680851064,184878853,6.943519483180979e-06,0.026775948334108,0.1301808705308702,5,False,False
distilbert,26,13,80.05319148936171,82.18085106382979,506474794,1.3667395758504992e-05,0.0215792477399133,0.1782893436707888,9,False,False
distilbert,26,14,81.11702127659575,82.04787234042553,777189084,1.770807513122214e-05,0.0834594695767489,0.0413946208954914,5,False,False
distilbert,26,15,72.34042553191489,74.46808510638297,1603504456,6.265246644552018e-06,3.029156208186763e-05,0.0019718220008381,3,False,False
distilbert,26,16,81.25,82.31382978723404,514567742,3.64535874743424e-05,0.0104182260152984,0.1224612758906336,4,False,False
distilbert,26,17,81.25,84.17553191489361,533432512,2.365717680010145e-05,0.0019962464237919,0.0597890788083248,5,False,True
distilbert,26,18,80.71808510638297,82.7127659574468,965320693,6.519691827211822e-05,0.0539209388032378,0.0630957546948782,9,False,False
distilbert,26,19,79.92021276595744,81.78191489361703,691237990,2.207281680153164e-05,0.0032459147452415,0.0126656911793613,10,False,False
distilbert,26,20,70.61170212765957,73.00531914893617,704090224,8.385740882362218e-06,4.978186480849458e-05,0.124590587781099,2,False,False
distilbert,26,21,71.1436170212766,73.80319148936171,1624352740,9.879418400910357e-06,0.0001031258453693,0.025604755552531,2,False,False
distilbert,26,22,80.31914893617021,81.78191489361703,1153904268,7.004830584475962e-05,0.0009568527217249,0.0280969129191543,9,False,False
distilbert,26,23,81.25,82.7127659574468,633722711,4.702965899583717e-05,0.0003692145327752,0.0671779440475219,2,False,False
distilbert,26,24,74.86702127659575,76.19680851063829,685692810,1.2181039529765025e-05,2.370438442563052e-05,0.0807833560979631,2,False,False
distilbert,26,25,79.7872340425532,82.04787234042553,326936754,7.368114301857768e-06,0.0001097108154007,0.0177300199538632,7,False,False
distilbert,26,26,81.78191489361703,82.31382978723404,214308812,4.56870154111356e-05,0.0001448092200651,0.0920132686212654,8,True,False
distilbert,26,27,78.98936170212765,82.97872340425532,1071494804,4.006814004594994e-05,0.0164912253868764,0.0045478788326214,4,False,False
distilbert,26,28,80.18617021276596,79.7872340425532,218250505,9.316334868367158e-06,2.038919874934598e-05,0.1965975068775961,10,False,False
distilbert,26,29,80.98404255319149,81.38297872340425,1696013947,8.468206780607847e-05,1.5590129182588012e-05,0.1323487294539319,10,False,False
distilbert,27,0,81.68831168831169,82.07792207792208,1474361223,5.811771795976513e-05,0.0063951416479676,0.0336632828970508,3,False,False
distilbert,27,1,71.42857142857143,69.74025974025975,28418092,5.868716467275921e-06,0.0039148994370983,0.1613004478108657,2,False,False
distilbert,27,2,83.8961038961039,82.07792207792208,121249056,2.4253552105557032e-05,0.054418160969331,0.074379198528027,7,False,False
distilbert,27,3,82.20779220779221,81.94805194805195,1433793604,3.3543990868411336e-05,8.014978991981345e-05,0.1578462909701947,5,False,False
distilbert,27,4,82.20779220779221,82.85714285714286,1108956320,1.2176754716119264e-05,0.000356249715148,0.1320533454839851,10,False,True
distilbert,27,5,81.55844155844156,81.03896103896103,1551741470,1.7414811078145686e-05,0.0008131843760655,0.0201994252861378,5,False,False
distilbert,27,6,81.81818181818181,81.03896103896103,1656624917,2.034118969664432e-05,0.0004080838215724,0.1249525098471265,6,False,False
distilbert,27,7,80.64935064935065,80.25974025974025,106018896,9.494887867395427e-05,0.0103600208940529,0.0164376400605009,7,False,False
distilbert,27,8,82.46753246753246,80.9090909090909,222015043,3.920535628836047e-05,0.004198885283967,0.1198046724602427,3,False,False
distilbert,27,9,82.20779220779221,81.2987012987013,40452168,1.8804168703079204e-05,0.0015868394163557,0.1056732458376076,6,False,False
distilbert,27,10,80.77922077922078,81.55844155844156,467704294,1.6652032437664648e-05,0.0122088556806911,0.1086609572502279,4,False,False
distilbert,27,11,81.55844155844156,81.68831168831169,2015325276,1.0805234121728503e-05,0.0002414796105893,0.1982440249654499,10,False,False
distilbert,27,12,78.83116883116882,79.0909090909091,2097973094,1.2168869622819118e-05,0.0229654271085105,0.1796250797601436,3,False,False
distilbert,27,13,77.40259740259741,75.84415584415585,1161281856,1.6149232040373787e-05,0.0246280677029362,0.0859308944386303,2,False,False
distilbert,27,14,81.2987012987013,81.55844155844156,1695722122,4.944674182947335e-05,0.0987905890379029,0.0490733594111463,7,False,False
distilbert,27,15,82.59740259740259,82.46753246753246,286391174,1.249174139235004e-05,1.855458938981033e-05,0.1854612819389462,10,False,False
distilbert,27,16,82.20779220779221,82.59740259740259,1849259334,5.580551402552211e-05,0.0001390396215067,0.1925305947715633,9,False,False
distilbert,27,17,81.68831168831169,82.20779220779221,465365421,1.844630321281856e-05,0.0001215053454138,0.120561865054308,4,False,False
distilbert,27,18,81.94805194805195,81.03896103896103,882043699,5.205617070464152e-05,0.0354939791315376,0.1453517546296184,8,False,False
distilbert,27,19,80.9090909090909,82.59740259740259,1732414779,1.6960961003885624e-05,0.0059867727441705,0.1968729740373722,6,False,False
distilbert,27,20,84.02597402597402,81.94805194805195,521047884,4.2627466443972914e-05,0.000361985110975,0.083444959706388,6,True,False
distilbert,27,21,82.72727272727273,81.2987012987013,1993522300,9.666657522403384e-05,0.0002273928146032,0.1752396237709944,3,False,False
distilbert,27,22,81.68831168831169,81.42857142857143,962341884,1.506483508534028e-05,0.0006983317018996,0.0180451904421817,7,False,False
distilbert,27,23,81.16883116883118,82.20779220779221,457115086,2.8831231085047293e-05,0.034573936523979,0.0418826275257456,3,False,False
distilbert,27,24,82.20779220779221,81.94805194805195,1117528084,3.093820148250309e-05,0.0052565033308351,0.0365411522696896,8,False,False
distilbert,27,25,83.76623376623377,81.2987012987013,1392793927,4.508221929021149e-05,0.0003632948953728,0.0247663989941082,3,False,False
distilbert,27,26,81.03896103896103,80.77922077922078,871697216,8.14940777846351e-06,0.0002435465458688,0.0801594541423959,8,False,False
distilbert,27,27,81.2987012987013,81.55844155844156,364816450,4.0589130290503e-05,0.0001968407797817,0.1478811514210138,4,False,False
distilbert,27,28,82.85714285714286,81.2987012987013,1261946955,3.173522449402328e-05,0.0026568310816865,0.0689425982643254,9,False,False
distilbert,27,29,82.59740259740259,81.94805194805195,1390055265,3.5584974166342114e-05,0.0013132699835623,0.1903412665644447,8,False,False
distilbert,28,0,77.35099337748345,83.70860927152317,901998641,2.2922047006129774e-05,2.644335186063841e-05,0.1375332361277355,8,False,False
distilbert,28,1,78.27814569536424,81.58940397350993,303374655,1.560412149677299e-05,8.32041875611535e-05,0.164705947975517,3,False,False
distilbert,28,2,79.73509933774834,83.84105960264901,454307058,2.400851114332008e-05,0.0002888062831066,0.0026999267512944,10,False,False
distilbert,28,3,78.67549668874172,82.11920529801324,1578749366,9.175332626925233e-05,0.0004291298923832,0.1619069255490537,3,False,False
distilbert,28,4,78.80794701986756,82.78145695364239,46769302,8.46852996786112e-06,0.0132710534716099,0.0747937937240877,10,False,False
distilbert,28,5,80.26490066225166,83.3112582781457,461318004,1.4629157644678576e-05,0.0008993585159214,0.1616076328662222,6,False,False
distilbert,28,6,76.95364238410596,76.6887417218543,1137240390,7.771921007958418e-06,0.0788678709547801,0.1867940788598,3,False,False
distilbert,28,7,69.13907284768212,70.06622516556291,1287892562,5.434515937196742e-06,0.0013105772557827,0.1423569508915531,2,False,False
distilbert,28,8,79.20529801324503,82.51655629139073,738371961,8.55701612872728e-06,0.0463308784227415,0.037788607087164,6,False,False
distilbert,28,9,81.32450331125828,83.97350993377484,1204720568,5.772939165489173e-05,0.0055028814457029,0.1985468041820364,3,True,False
distilbert,28,10,80.26490066225166,83.84105960264901,1562034691,3.606725955610016e-05,1.254741231761352e-05,0.1629974719257443,4,False,False
distilbert,28,11,78.01324503311258,82.91390728476821,923642431,7.534862120589655e-05,0.0038452450687941,0.0452095118819121,6,False,False
distilbert,28,12,70.19867549668874,70.59602649006622,1752186360,7.652747271017003e-06,0.0019512513202182,0.0602144026416664,2,False,False
distilbert,28,13,78.54304635761589,80.79470198675497,474027530,2.3092127443197968e-05,0.0105747166652567,0.0733224123374464,2,False,False
distilbert,28,14,79.47019867549669,84.23841059602648,642811947,3.7928469495268434e-05,0.0195510277104101,0.0876257659257263,9,False,False
distilbert,28,15,78.67549668874172,83.3112582781457,1595515703,1.6018501638552296e-05,2.6540886101178228e-05,0.1812068132995802,5,False,False
distilbert,28,16,76.95364238410596,79.20529801324503,1424632102,7.955501312822045e-06,0.0007465217020324,0.0178185920266694,4,False,False
distilbert,28,17,80.13245033112582,83.97350993377484,2111626238,3.3621779861426226e-05,0.0017027067301214,0.0427635502672956,5,False,False
distilbert,28,18,78.67549668874172,82.78145695364239,381918111,2.45742868925477e-05,0.003807130048815,0.1807990849714364,3,False,False
distilbert,28,19,79.73509933774834,82.51655629139073,1220111094,1.6213749832843693e-05,7.348069170796419e-05,0.0584121141604762,4,False,False
distilbert,28,20,78.94039735099338,83.84105960264901,779459659,7.350622604154936e-06,0.0001840576217522,0.0523213150806225,10,False,False
distilbert,28,21,79.20529801324503,84.63576158940397,868103750,2.3689465676665025e-05,1.6480294251901292e-05,0.1546529847814926,5,False,True
distilbert,28,22,78.27814569536424,82.51655629139073,587750091,5.739775874628416e-05,0.001545887293302,0.1879159842106587,3,False,False
distilbert,28,23,79.0728476821192,82.51655629139073,1782800359,1.804890147805688e-05,0.0011505389012514,0.1476018928821982,7,False,False
distilbert,28,24,79.20529801324503,82.3841059602649,1369770192,7.647590979022843e-06,0.0008999157428515,0.0840030729299079,9,False,False
distilbert,28,25,78.1456953642384,82.11920529801324,230081032,7.151325281101353e-06,0.0535846839173984,0.1793776843437453,7,False,False
distilbert,28,26,78.54304635761589,82.11920529801324,1095106166,2.986065619509652e-05,0.0263502268572399,0.1850928837528873,2,False,False
distilbert,28,27,80.79470198675497,84.37086092715232,977518688,1.0019322222473869e-05,0.0014375883500677,0.1449830721234841,9,False,False
distilbert,28,28,76.82119205298014,79.60264900662251,150541066,6.491771993083623e-06,0.0003243261608984,0.1696507465843094,5,False,False
distilbert,28,29,78.27814569536424,83.04635761589404,1461394842,2.0731326623995532e-05,0.0010794880288785,0.1349828061377763,4,False,False
distilbert,29,0,78.93333333333334,76.69773635153129,1490056102,5.315793178463236e-06,0.0001765963979017,0.0825820276526878,7,False,False
distilbert,29,1,80.8,79.2276964047936,371845727,9.277994030856863e-06,1.883098785842414e-05,0.1693220452183339,6,False,False
distilbert,29,2,80.13333333333334,77.23035952063915,534210747,7.939152399763453e-06,0.0297077874429794,0.1341479246343332,9,False,False
distilbert,29,3,79.86666666666666,77.62982689747004,302951947,5.800759920792367e-06,2.181818453586936e-05,0.0332696392934867,9,False,False
distilbert,29,4,80.0,79.76031957390147,1144608300,7.321251947854359e-05,1.5713551463954224e-05,0.0975394079418815,8,False,False
distilbert,29,5,82.53333333333333,80.02663115845539,135935040,1.6609998574287006e-05,0.0085696204768191,0.0760961241381512,6,True,False
distilbert,29,6,82.4,79.76031957390147,256494176,2.5432930020608783e-05,7.310019697992288e-05,0.0580027163114807,8,False,False
distilbert,29,7,82.26666666666667,80.55925432756325,822944174,3.355084900345934e-05,0.0013870934792365,0.0292876220793633,7,False,False
distilbert,29,8,79.73333333333333,78.16245006657789,858284777,1.3854574719389477e-05,0.0006981318587257,0.0068705888450386,7,False,False
distilbert,29,9,81.73333333333333,80.02663115845539,1031885511,5.2609624907401945e-05,2.4957179719704012e-05,0.1302168764960893,10,False,False
distilbert,29,10,82.0,80.42609853528629,1976848815,7.807734298984706e-05,0.0001099093320289,0.0147557353397365,3,False,False
distilbert,29,11,81.06666666666666,80.15978695073235,842247829,1.981499028148725e-05,0.0005702091096342,0.1081032305625718,7,False,False
distilbert,29,12,82.13333333333334,79.2276964047936,901624188,4.821712570232469e-05,0.0876549279807071,0.1954418897399844,5,False,False
distilbert,29,13,81.46666666666667,80.29294274300932,716100088,2.413170289264765e-05,0.0005842725548114,0.0771382235295408,10,False,False
distilbert,29,14,81.6,79.09454061251664,711949419,1.871124174506068e-05,0.0019820132147719,0.0820564179764683,8,False,False
distilbert,29,15,78.13333333333334,76.43142476697736,667193985,1.831059782999604e-05,0.0002498536203201,0.0941915631124325,2,False,False
distilbert,29,16,79.6,77.3635153129161,1529928041,1.9777243226361e-05,0.0007450497283423,0.0840342766332477,2,False,False
distilbert,29,17,81.86666666666666,81.491344873502,1778441243,2.3589686629763437e-05,2.718555219924478e-05,0.0303930787786544,8,False,False
distilbert,29,18,78.26666666666667,76.16511318242344,896434664,5.376755071979119e-06,4.643817243501071e-05,0.1741667573650733,5,False,False
distilbert,29,19,78.8,76.69773635153129,167955627,8.71644564095559e-06,4.325828126196158e-05,0.1161550511757431,4,False,False
distilbert,29,20,82.53333333333333,79.89347536617844,2052904810,4.972218678140949e-05,0.0001038442631762,0.0337411026990745,6,False,False
distilbert,29,21,82.53333333333333,80.82556591211717,1805196764,2.1701339234363183e-05,2.8676795931375195e-05,0.0583647999201141,9,False,False
distilbert,29,22,80.93333333333334,80.15978695073235,1087666735,2.820334872318096e-05,1.6779823871264437e-05,0.1872754838261823,8,False,False
distilbert,29,23,81.06666666666666,80.69241011984022,789572922,4.874654962626922e-05,0.0002571223973861,0.066150660135974,4,False,False
distilbert,29,24,81.73333333333333,80.42609853528629,642725747,3.723226024126658e-05,0.0006987916928949,0.1009293870625668,8,False,False
distilbert,29,25,81.46666666666667,80.69241011984022,1807746758,4.553941255898887e-05,0.0278978779495352,0.147632530241761,3,False,False
distilbert,29,26,80.66666666666667,81.75765645805592,1188485474,6.028270114715802e-05,0.0033508180223798,0.1984790288860914,2,False,True
distilbert,29,27,82.13333333333334,81.0918774966711,1294520188,3.950037676182944e-05,0.000147469350694,0.0573182350736617,9,False,False
distilbert,29,28,80.0,79.09454061251664,1860141388,6.687923251813584e-06,3.925227569861924e-05,0.0559611372916526,7,False,False
distilbert,29,29,82.4,80.82556591211717,930705605,4.61622785598533e-05,0.0214880737356326,0.1138017728664942,8,False,False
bert-base,0,0,83.4862385321101,83.24607329842932,1828039008,5.371120779583316e-05,0.000442772209009,0.083296027246417,6,,
bert-base,0,1,85.71428571428571,81.80628272251309,1381668159,3.672266972997418e-05,6.190776363400041e-05,0.1858580019722405,6,,
bert-base,0,2,70.9043250327654,71.98952879581152,1318825289,5.522591867120361e-06,0.000878732584689,0.0029815512307943,2,,
bert-base,0,3,81.38925294888598,82.46073298429319,2001392844,2.959359065789878e-05,0.001025632368008,0.1882162398100596,10,,
bert-base,0,4,77.71952817824378,77.87958115183245,986201406,6.050408304781449e-06,0.0001183539990527,0.0855403875723977,9,,
bert-base,0,5,77.71952817824378,77.74869109947645,1630183244,5.8958022150414144e-06,1.0433909160456394e-05,0.1702321504643655,7,,
bert-base,0,6,79.94757536041939,78.79581151832461,1656160390,1.657421752592749e-05,0.018740115920071,0.0694154232260532,2,,
bert-base,0,7,79.16120576671035,77.87958115183245,776060710,1.7387433965728507e-05,0.0001345143750851,0.144048398632267,2,,
bert-base,0,8,79.81651376146789,77.4869109947644,928088641,2.572512957838745e-05,8.05747302081045e-05,0.1537593063231366,2,,
bert-base,0,9,81.12712975098296,80.36649214659685,1713895206,1.5354805509719516e-05,0.0002988408593832,0.0014611330597677,7,,
bert-base,0,10,82.43774574049803,81.15183246073299,1191743252,2.5377451623955763e-05,2.119847850678332e-05,0.0236662719727988,8,,
bert-base,0,11,77.98165137614679,76.83246073298429,390279562,9.398504395882668e-06,0.0033767094928095,0.0213961676822697,9,,
bert-base,0,12,82.83093053735256,81.67539267015707,1920548125,5.059139869378032e-05,0.0050156196316518,0.0972529879560473,2,,
bert-base,0,13,84.14154652686763,82.06806282722513,651946768,9.044614915980133e-05,1.9343438078457978e-05,0.1102453377238508,7,,
bert-base,0,14,82.17562254259502,80.36649214659685,1497877138,2.4890666433486667e-05,0.0773282186862269,0.0315687679673791,4,,
bert-base,0,15,79.94757536041939,76.83246073298429,1104334661,1.041569422434496e-05,0.0001238223643219,0.0059860257433382,5,,
bert-base,0,16,79.03014416775885,77.22513089005236,959439730,6.505310586411551e-06,0.0041123861925686,0.0918915357394732,5,,
bert-base,0,17,82.30668414154653,81.67539267015707,1421505205,4.703049768340409e-05,0.0001129275469384,0.1123656415708531,5,,
bert-base,0,18,76.4089121887287,77.09424083769633,1768693401,8.162096700073522e-06,0.0034709258915724,0.1495799867640999,3,,
bert-base,0,19,80.86500655307995,81.80628272251309,982729577,7.294765886609081e-05,0.0218452841309196,0.0074654574499058,3,,
bert-base,0,20,83.09305373525557,78.66492146596859,799773236,1.8640430631114685e-05,5.702688140750524e-05,0.1009131599404735,4,,
bert-base,0,21,83.22411533420707,80.49738219895288,1239228241,1.717650845316816e-05,0.0018334019188709,0.1565737481022034,9,,
bert-base,0,22,82.69986893840105,81.15183246073299,1305482267,8.690913219507187e-05,0.0068137423936348,0.1851459262162262,8,,
bert-base,0,23,79.81651376146789,80.23560209424083,1323119053,1.1913759549508564e-05,7.3685005451789e-05,0.0372444870200117,6,,
bert-base,0,24,78.63695937090432,76.17801047120419,1593980074,6.392649699639467e-06,3.698302743022293e-05,0.0203353349327342,4,,
bert-base,0,25,82.96199213630406,83.1151832460733,985210443,3.694337553145205e-05,0.0094728518662005,0.0868757733895276,9,,
bert-base,0,26,81.52031454783749,80.23560209424083,137373694,3.054475599764825e-05,0.0002720976863008,0.1523526670226008,4,,
bert-base,0,27,82.04456094364352,82.46073298429319,749845662,6.683008250150664e-05,0.0684399981405131,0.1685107658804912,8,,
bert-base,0,28,76.14678899082568,76.96335078534031,1998476315,7.80150033520744e-06,0.0009248363915606,0.1377449439526865,3,,
bert-base,0,29,84.14154652686763,83.63874345549738,1640028700,6.104593820328182e-05,0.0004643445414921,0.1899463087660635,10,,
bert-base,1,0,78.73183619550859,80.9775429326288,1782239530,1.060134131084982e-05,0.0631903105697937,0.0914066071136325,7,,
bert-base,1,1,82.29854689564068,82.29854689564068,835943438,8.86667736494092e-05,1.0738441334284716e-05,0.1294686283389799,4,,
bert-base,1,2,79.52443857331572,80.31704095112285,286077153,1.2044725510600646e-05,0.0010637680405077,0.0258192428205842,9,,
bert-base,1,3,78.99603698811096,82.95904887714663,97006695,6.662559220407395e-05,0.0082847000271138,0.1465418299027539,8,,
bert-base,1,4,78.20343461030383,78.20343461030383,1489089707,8.339657525257509e-06,0.0100649858204091,0.0446661714972475,8,,
bert-base,1,5,81.37384412153236,80.9775429326288,1557070967,7.818202935617696e-05,0.0905150878027156,0.0851510087271056,5,,
bert-base,1,6,79.39233817701454,78.86393659180978,1172047481,1.2065395010072514e-05,0.0669703735059499,0.0530680756679623,7,,
bert-base,1,7,75.69352708058125,75.29722589167767,2051123555,6.147386745433132e-06,5.014302991986094e-05,0.184920139336789,5,,
bert-base,1,8,82.43064729194188,83.75165125495377,1846434873,3.855171094616669e-05,0.0158365434760681,0.1195176038978306,4,,
bert-base,1,9,78.99603698811096,77.54293262879789,1560347328,7.692740033083531e-06,0.0024408759337962,0.1880035211067109,9,,
bert-base,1,10,80.31704095112285,80.44914134742405,15782998,2.976240332555732e-05,0.0147088064110784,0.0939181498097442,5,,
bert-base,1,11,76.48612945838838,78.73183619550859,1851877237,5.645824733893456e-06,0.0058031863684127,0.1251834475926429,8,,
bert-base,1,12,77.01453104359314,76.221928665786,1072685948,1.5875225012502693e-05,1.4788293414614296e-05,0.0326522281219178,8,,
bert-base,1,13,78.5997357992074,78.46763540290621,2014324823,9.617565327424989e-06,0.0001425298524369,0.0020563121878978,8,,
bert-base,1,14,80.71334214002643,81.50594451783356,1702258955,2.348837056587151e-05,0.0123467350006065,0.0014624793361614,10,,
bert-base,1,15,80.58124174372523,81.77014531043594,296204518,4.7370077817922965e-05,0.0005699584590802,0.1899392204062819,6,,
bert-base,1,16,81.50594451783356,82.0343461030383,485551456,2.8484389337387837e-05,0.0208965947390811,0.1421641802688266,2,,
bert-base,1,17,81.24174372523117,82.1664464993395,1266644103,5.641807896641644e-05,2.2809113819547972e-05,0.0455608862742394,7,,
bert-base,1,18,79.6565389696169,81.24174372523117,1672596057,3.088871045146782e-05,3.181870461136292e-05,0.14933039804054,8,,
bert-base,1,19,79.39233817701454,82.29854689564068,1505595101,2.3622263793294183e-05,0.0238462184217749,0.099748973467452,6,,
bert-base,1,20,77.4108322324967,76.75033025099076,827126617,3.11017108262409e-05,0.00099910279777,0.0034238499875255,6,,
bert-base,1,21,79.12813738441216,79.52443857331572,978242318,9.857797552086896e-05,0.0665757394774321,0.0451688318434472,5,,
bert-base,1,22,76.88243064729194,77.4108322324967,2024178711,5.135799040152043e-06,6.091194359737043e-05,0.1736641799556306,4,,
bert-base,1,23,80.71334214002643,82.69484808454425,1288925241,3.993187927235451e-05,0.0212451105821407,0.1900581139874566,3,,
bert-base,1,24,82.95904887714663,84.14795244385733,305890812,4.344137354421384e-05,0.0175610069028949,0.1294980859888818,9,,
bert-base,1,25,78.5997357992074,78.73183619550859,1624226195,5.294422703735933e-06,0.0013602689672213,0.0411653062451181,9,,
bert-base,1,26,80.9775429326288,81.50594451783356,614324357,6.316949660643602e-05,0.0047943322195373,0.0974400440436514,6,,
bert-base,1,27,79.7886393659181,78.33553500660501,1895207210,6.462395539850296e-06,0.00122480615402,0.1163722186997746,6,,
bert-base,1,28,80.84544253632761,81.24174372523117,571900347,3.6887818129555314e-05,0.0019590297919275,0.1476104489441694,8,,
bert-base,1,29,76.75033025099076,77.67503302509907,1972636178,2.478247875986184e-05,0.079742137903689,0.1911320156765046,2,,
bert-base,2,0,78.89784946236558,81.34228187919463,1167049902,8.582320830346932e-05,0.0005175864066855,0.1748243738421107,8,,
bert-base,2,1,78.09139784946237,81.87919463087249,151589437,6.578316897489478e-06,5.7874487748614e-05,0.1837352482653088,10,,
bert-base,2,2,80.91397849462365,84.42953020134229,631992240,4.445185944950768e-05,0.0002203206203355,0.0651889374449201,6,,
bert-base,2,3,81.58602150537635,82.41610738255034,2132567184,7.598943752372133e-05,1.1131447315013356e-05,0.0266573489288125,3,,
bert-base,2,4,79.83870967741936,84.02684563758389,1101378900,3.942543161201016e-05,5.871031006263134e-05,0.0479643792255675,9,,
bert-base,2,5,79.16666666666667,83.6241610738255,734471181,5.0787582128146936e-05,0.023520407879391,0.1115240649676582,9,,
bert-base,2,6,81.45161290322581,84.16107382550335,1611918607,5.252742737819699e-05,0.0155883571640346,0.1478377566125253,4,,
bert-base,2,7,81.45161290322581,84.16107382550335,1498542980,6.434031051801135e-05,2.7331032960203543e-05,0.1276478496442385,8,,
bert-base,2,8,78.62903225806451,82.14765100671141,1634525839,4.946082799274492e-05,0.0118215519269269,0.0608137572676357,3,,
bert-base,2,9,79.3010752688172,82.95302013422818,466127874,3.1975151891742807e-05,0.0023785492472965,0.1937838697526899,2,,
bert-base,2,10,77.68817204301075,82.41610738255034,566506592,1.0284375140349984e-05,1.468998907488762e-05,0.0419926938937313,5,,
bert-base,2,11,76.34408602150538,79.86577181208054,1936930308,5.364366343815273e-06,0.0025926203877509,0.1132431086949384,10,,
bert-base,2,12,77.95698924731182,82.68456375838926,2093562613,6.134569383315279e-06,0.0013456938640324,0.0736972117061543,7,,
bert-base,2,13,79.03225806451613,83.08724832214764,1233784175,3.784507161463669e-05,0.0200815330425487,0.0803867859380719,3,,
bert-base,2,14,81.98924731182795,82.28187919463087,874424579,9.122904554938194e-05,0.0029504073563107,0.1440433538826646,10,,
bert-base,2,15,79.43548387096774,83.75838926174497,1905748621,3.541357861363276e-05,0.0020033924179254,0.1546814783321685,5,,
bert-base,2,16,79.3010752688172,83.89261744966443,1415005843,4.775875992765034e-05,6.240275041721328e-05,0.0128780479307929,6,,
bert-base,2,17,77.41935483870968,82.41610738255034,577138474,1.806967720040433e-05,1.558907036076985e-05,0.0803809162543884,4,,
bert-base,2,18,77.55376344086021,82.28187919463087,347868655,7.606037917052935e-06,2.208871971356604e-05,0.1505476807204487,8,,
bert-base,2,19,77.68817204301075,83.35570469798658,717959591,1.153632092926305e-05,0.0001827932380348,0.0979909745266924,7,,
bert-base,2,20,78.36021505376344,83.48993288590604,1407366381,3.15414830960588e-05,3.4296185827680377e-05,0.1675654736463839,9,,
bert-base,2,21,81.18279569892474,83.08724832214764,2035637475,4.164418626290022e-05,0.0142974997153855,0.186269812945067,8,,
bert-base,2,22,75.40322580645162,78.25503355704699,1627934052,6.6359425328781605e-06,1.5217136478646466e-05,0.0744410522351348,3,,
bert-base,2,23,81.04838709677419,83.89261744966443,1564065481,5.003407096999509e-05,3.622092407700173e-05,0.0513794271581343,10,,
bert-base,2,24,80.51075268817205,81.74496644295301,2076647949,6.468948243780305e-05,0.0321556432474945,0.068169421006906,4,,
bert-base,2,25,79.03225806451613,82.95302013422818,1460027452,2.3159433197778345e-05,0.0058498235811424,0.1348041028625639,5,,
bert-base,2,26,80.64516129032258,82.95302013422818,145252921,4.101077095387319e-05,2.316376075887457e-05,0.0378218776103355,3,,
bert-base,2,27,75.26881720430107,78.12080536912751,145271104,1.181264541344433e-05,0.0004827871461256,0.1838824947158451,2,,
bert-base,2,28,76.0752688172043,82.01342281879195,1984438144,9.856843359470792e-06,0.0101319109154737,0.0604550872459348,10,,
bert-base,2,29,77.28494623655914,81.47651006711409,1091758549,1.8910907420635804e-05,0.04532189215323,0.1408474100885511,3,,
bert-base,3,0,79.86666666666666,80.66666666666667,703762384,3.1760509404128614e-05,1.6059338833338594e-05,0.0180048194164995,2,,
bert-base,3,1,75.2,75.06666666666666,37278959,7.6734059750988e-06,0.0001886710378321,0.0214357835953956,3,,
bert-base,3,2,77.73333333333333,79.73333333333333,1397512047,6.915271928938663e-06,0.0025586144956979,0.1432340563505802,5,,
bert-base,3,3,81.86666666666666,83.6,339586460,2.1951233536108868e-05,0.0329415416840558,0.1859972272365838,8,,
bert-base,3,4,79.86666666666666,79.73333333333333,699260657,1.556581076153127e-05,0.0003907244868994,0.0363686027212231,7,,
bert-base,3,5,82.26666666666667,83.33333333333333,1926865997,7.764586844240457e-05,0.0098283068082109,0.1623281663579303,2,,
bert-base,3,6,79.6,84.13333333333334,1666821440,1.655454760432654e-05,0.0001036322052129,0.1197968594921547,7,,
bert-base,3,7,81.33333333333333,81.73333333333333,1429557060,4.785125663424937e-05,0.0002256873948057,0.0909582546331011,4,,
bert-base,3,8,80.93333333333334,83.33333333333333,439088195,2.6675591004468927e-05,0.0858234808654575,0.147875047265712,9,,
bert-base,3,9,77.06666666666666,77.2,2091514378,6.38974813793065e-06,0.0629860991244777,0.0959525747072087,6,,
bert-base,3,10,78.4,80.0,616447199,1.0436735361997426e-05,0.0005930528716182,0.0056801796566601,10,,
bert-base,3,11,79.46666666666667,79.46666666666667,140305768,1.577923257754421e-05,2.343050381270462e-05,0.1319721460407772,8,,
bert-base,3,12,81.86666666666666,83.73333333333333,1358245792,6.293635588284627e-05,0.0255106260812605,0.1223864010494587,9,,
bert-base,3,13,80.13333333333334,80.53333333333333,1968046078,3.485878732472884e-05,0.0218910424335765,0.1827891254708213,4,,
bert-base,3,14,75.06666666666666,74.13333333333334,1131505879,9.785797559904146e-06,1.2797709267688445e-05,0.0423899428220905,2,,
bert-base,3,15,76.4,76.0,1109813084,1.2172046825287694e-05,5.5375967469105646e-05,0.031136788219175,3,,
bert-base,3,16,80.26666666666667,80.93333333333334,1056300142,7.076872588946479e-05,0.0001172372689676,0.0237467811017542,5,,
bert-base,3,17,79.86666666666666,81.6,447178341,1.824470676896705e-05,0.0484330564758942,0.0752659498302197,3,,
bert-base,3,18,75.46666666666667,74.0,84627414,9.440900661349222e-06,1.30664202143674e-05,0.163393328140782,2,,
bert-base,3,19,81.06666666666666,81.33333333333333,384173699,2.6883422067261007e-05,7.320632782627257e-05,0.1505118168615791,8,,
bert-base,3,20,77.06666666666666,75.86666666666666,751818417,8.213225674372275e-06,0.0159729182413871,0.1986538621312999,3,,
bert-base,3,21,78.8,79.2,1266479906,6.779797110142486e-06,0.001142387772139,0.1355136761604999,7,,
bert-base,3,22,80.13333333333334,82.53333333333333,636895778,5.548973073251907e-05,0.0005068211705553,0.0234167499342135,9,,
bert-base,3,23,79.33333333333333,78.8,771089087,1.3176395400288256e-05,0.0045691351847893,0.0803356885142901,10,,
bert-base,3,24,80.8,83.86666666666666,1140303878,9.980817888262164e-05,0.0001802331082862,0.0590299153602614,8,,
bert-base,3,25,78.66666666666667,80.66666666666667,54751765,1.004258006831202e-05,0.0244508558331215,0.1340711803161443,4,,
bert-base,3,26,73.33333333333333,72.53333333333333,1983064876,6.7001264664446174e-06,1.4522942180921251e-05,0.1456279221642121,2,,
bert-base,3,27,79.46666666666667,82.26666666666667,943168875,1.013174875890061e-05,0.0601784481826662,0.0681177514213023,9,,
bert-base,3,28,79.6,82.13333333333334,357344762,6.354706449354649e-06,3.4352086601468366e-05,0.0083373291747576,8,,
bert-base,3,29,80.93333333333334,82.8,4336809,1.7946908117187785e-05,0.0011305906384781,0.137026501095287,9,,
bert-base,4,0,82.11382113821138,81.32611637347767,2013494673,6.04175843745837e-05,0.0419438516922126,0.0706048053078014,5,,
bert-base,4,1,82.24932249322494,82.27334235453316,1631285648,4.8798363715667e-05,2.1435272510500314e-05,0.0313316941388123,7,,
bert-base,4,2,82.38482384823848,82.13802435723952,1793091950,6.121482312771443e-05,0.0105474133158229,0.0016426241140496,4,,
bert-base,4,3,82.38482384823848,79.29634641407307,528824273,3.752158499006092e-05,0.0005581607005293,0.0215959158191086,3,,
bert-base,4,4,79.26829268292683,77.80784844384303,1069525176,5.584131843997951e-06,0.06250200441718,0.0575775562379493,6,,
bert-base,4,5,82.52032520325203,80.24357239512855,220354909,3.186736129625328e-05,0.0002413044255402,0.0380264034397958,10,,
bert-base,4,6,79.67479674796748,78.48443843031123,497709099,2.115734353030196e-05,0.0018765248650642,0.1863158908891521,3,,
bert-base,4,7,80.48780487804878,80.92016238159675,432135865,9.901589371449066e-05,0.0002859160610618,0.1301084898257131,9,,
bert-base,4,8,82.38482384823848,80.64952638700947,1333062682,3.811070535266046e-05,0.0004451616987628,0.1328737275552775,4,,
bert-base,4,9,79.67479674796748,77.40189445196211,1262816537,2.2339151576378728e-05,2.695453285626685e-05,0.1224980139187717,8,,
bert-base,4,10,79.26829268292683,74.56021650879568,1382105040,6.191220621192083e-06,0.0270504504294984,0.0816726215859084,8,,
bert-base,4,11,81.30081300813008,79.29634641407307,1715565914,2.548022751042727e-05,0.0002428076773218,0.1516420547125401,3,,
bert-base,4,12,81.97831978319783,81.19079837618403,2001505455,9.50882268822439e-05,0.0131592250236945,0.1488327123746262,10,,
bert-base,4,13,83.87533875338754,80.51420838971583,496115791,4.60301373465417e-05,3.2954621182884715e-05,0.0084592886238511,3,,
bert-base,4,14,82.52032520325203,80.37889039242219,1715116620,2.796637997567236e-05,1.2769521077942912e-05,0.0444001754476691,7,,
bert-base,4,15,80.75880758807588,79.97293640054127,1525771227,4.965696633924196e-05,0.0153530306070589,0.1121156619835013,10,,
bert-base,4,16,80.75880758807588,81.19079837618403,385212160,3.021076111506728e-05,0.0062218881344661,0.0358720373465506,5,,
bert-base,4,17,78.04878048780488,72.936400541272,908079097,1.58766441034225e-05,4.4346417506462256e-05,0.0675777100950447,2,,
bert-base,4,18,75.88075880758808,72.80108254397835,534648593,5.009504751276312e-06,0.0002523934114631,0.0332583672885825,4,,
bert-base,4,19,79.53929539295393,77.40189445196211,265638411,7.562293745233876e-06,0.0044716285404452,0.0082098502876783,10,,
bert-base,4,20,84.14634146341463,80.78484438430311,772615965,2.7924373626934068e-05,1.8344549216544923e-05,0.063147880126916,10,,
bert-base,4,21,82.24932249322494,82.4086603518268,154160613,7.276376536966383e-05,0.0592982293660013,0.0648908456681197,10,,
bert-base,4,22,81.02981029810299,79.83761840324763,777968936,1.3306957240256984e-05,0.000745905125709,0.1641627678982796,9,,
bert-base,4,23,81.70731707317073,81.46143437077131,1830481588,3.081114420828657e-05,0.0004373493964457,0.183227630746155,5,,
bert-base,4,24,81.70731707317073,78.34912043301759,254071129,1.2229756634486655e-05,0.0011220024479041,0.1574286954555408,10,,
bert-base,4,25,76.15176151761517,74.56021650879568,2021273066,9.026502318665466e-06,6.114571768216708e-05,0.096521684242259,3,,
bert-base,4,26,81.97831978319783,80.24357239512855,286195803,2.633138036990386e-05,0.0564630493264136,0.1564100970853065,4,,
bert-base,4,27,80.48780487804878,80.10825439783491,1481412990,8.010016569710234e-05,0.0017341045004217,0.1541394272785133,8,,
bert-base,4,28,78.18428184281842,75.3721244925575,1743505281,7.256296356620282e-06,0.0005859180814033,0.1386526283333308,3,,
bert-base,4,29,83.60433604336043,81.46143437077131,214347085,7.61255277461272e-05,1.456762081632958e-05,0.0930892640284616,9,,
bert-base,5,0,80.93959731543625,79.32885906040268,554474275,4.6037573280636e-05,0.0056054342101312,0.1414591027718011,6,,
bert-base,5,1,81.87919463087249,82.95302013422818,559170842,7.953180696102873e-05,2.44059731612484e-05,0.1915946050705764,6,,
bert-base,5,2,82.41610738255034,80.13422818791946,466442059,2.3675606445349192e-05,1.0732196202123816e-05,0.1961520520419938,4,,
bert-base,5,3,82.01342281879195,79.86577181208054,1967431811,6.240895221781763e-05,0.0016009828528016,0.0585108036223838,9,,
bert-base,5,4,79.46308724832215,78.79194630872483,431282421,2.1407315752580512e-05,1.3826605324554815e-05,0.0634407766240955,2,,
bert-base,5,5,82.28187919463087,80.0,174986466,2.207295928210672e-05,0.0253587491486234,0.0497621912997044,5,,
bert-base,5,6,82.14765100671141,82.14765100671141,603053247,8.266856247518703e-05,0.0037134238152477,0.0387858909713623,4,,
bert-base,5,7,83.08724832214764,82.41610738255034,343345587,9.09506344453512e-05,0.0003341975142941,0.1435159539411173,3,,
bert-base,5,8,82.5503355704698,82.5503355704698,405339754,5.5605244290856025e-05,0.0002626928120451,0.1843507023341845,9,,
bert-base,5,9,80.40268456375838,80.0,1584731884,2.9779069806427807e-05,0.0018981273290242,0.1688677103743606,2,,
bert-base,5,10,82.41610738255034,80.26845637583892,233619912,5.8584447104710656e-05,0.0001710955467727,0.1520182735932165,5,,
bert-base,5,11,81.47651006711409,81.20805369127517,833721480,4.232169735480173e-05,2.5982933188018453e-05,0.1205831193851351,9,,
bert-base,5,12,77.31543624161074,71.40939597315436,1619019513,8.072094512054267e-06,0.0922462496076154,0.0684079558498575,2,,
bert-base,5,13,78.65771812080537,74.09395973154362,1545927909,9.050620630061223e-06,0.0646594826198355,0.0845020999083959,2,,
bert-base,5,14,80.53691275167785,79.73154362416108,1997649274,1.818980317453188e-05,0.0574130499190692,0.1881753353956997,3,,
bert-base,5,15,79.32885906040268,77.04697986577182,1382163654,1.4758276997963188e-05,2.644978755382505e-05,0.0009899083840399,3,,
bert-base,5,16,76.64429530201342,76.24161073825503,24104388,5.220934601957129e-06,0.0036623379794444,0.0464017940954851,4,,
bert-base,5,17,81.61073825503355,80.93959731543625,125743361,1.088280313027108e-05,4.424382259519853e-05,0.0082059461566394,9,,
bert-base,5,18,82.68456375838926,83.48993288590604,1850127137,4.447610912794392e-05,0.0003180034437201,0.1446188679432141,10,,
bert-base,5,19,82.68456375838926,78.12080536912751,1014738727,1.6501095650657947e-05,0.039044191653017,0.1717369021001146,9,,
bert-base,5,20,83.22147651006712,81.47651006711409,1510441497,6.858946314027491e-05,0.0013951903746321,0.1793897230920624,4,,
bert-base,5,21,79.32885906040268,78.52348993288591,202643851,8.93952148155797e-06,3.5456490721987724e-05,0.1094129849967546,5,,
bert-base,5,22,82.01342281879195,82.28187919463087,623386641,9.9002360192742e-05,0.0004304508434531,0.0843211335997194,6,,
bert-base,5,23,82.81879194630872,78.79194630872483,403616299,1.0819800336937436e-05,0.0001573951752472,0.0834959201718769,8,,
bert-base,5,24,80.53691275167785,81.34228187919463,444351982,1.2049825477578652e-05,0.0053326111479942,0.1440077073837027,9,,
bert-base,5,25,83.48993288590604,80.40268456375838,186364704,4.279552727196284e-05,0.013635020619599,0.0435294170847217,2,,
bert-base,5,26,80.26845637583892,78.52348993288591,1193275878,1.1871956415183267e-05,1.64559589700817e-05,0.0898787903187982,3,,
bert-base,5,27,82.01342281879195,80.40268456375838,1932349264,8.109285645166775e-05,0.0079980456793857,0.1175353145654118,5,,
bert-base,5,28,82.28187919463087,80.13422818791946,1892229576,4.6030817663596985e-05,2.1609950915744885e-05,0.1524984426451036,3,,
bert-base,5,29,82.41610738255034,81.74496644295301,2095059191,4.761503529552771e-05,0.0004583605252532,0.0964536362120263,4,,
bert-base,6,0,79.3733681462141,77.54569190600522,174901723,5.476143259255737e-06,0.0031622274492618,0.1284345223054877,6,,
bert-base,6,1,81.8537859007833,80.0261096605744,332515942,1.4726520808634174e-05,0.0403623018522736,0.1869392359539218,8,,
bert-base,6,2,82.8981723237598,83.68146214099217,1779826708,3.419577271497704e-05,0.0004061817231989,0.018142090817648,7,,
bert-base,6,3,83.81201044386422,82.24543080939948,1591448120,8.836098958423304e-05,0.043123393265245,0.1409784510797687,3,,
bert-base,6,4,81.46214099216711,80.4177545691906,1798935201,3.722779317663586e-05,7.788550666654412e-05,0.0515794906148965,7,,
bert-base,6,5,79.24281984334203,78.59007832898172,1307114663,2.5945096335642696e-05,3.6025999924597334e-05,0.1695570804289112,9,,
bert-base,6,6,82.8981723237598,82.50652741514361,1222423250,2.4256891807082327e-05,0.0253841106113403,0.0527800572662378,3,,
bert-base,6,7,82.8981723237598,82.63707571801567,1383231435,1.839040216358525e-05,0.000754864024219,0.1696788111421287,6,,
bert-base,6,8,82.37597911227154,80.4177545691906,70883975,3.755831837677543e-05,4.557973357590758e-05,0.1674788698448382,2,,
bert-base,6,9,80.80939947780679,82.37597911227154,389046099,4.5524527598867366e-05,7.235208667363688e-05,0.12156472823642,7,,
bert-base,6,10,78.06788511749347,77.54569190600522,1316910461,7.15095488653186e-06,0.0688368568749327,0.0837320354183247,5,,
bert-base,6,11,82.63707571801567,81.8537859007833,1137641164,2.388716890192457e-05,0.0594596006541184,0.0338079140542837,2,,
bert-base,6,12,80.4177545691906,80.54830287206266,1589614863,5.13945329119152e-05,0.00361800318395,0.0356439283224149,5,,
bert-base,6,13,83.28981723237598,81.20104438642298,568949625,5.246661045161958e-05,0.0040514278538118,0.1671790373907145,3,,
bert-base,6,14,83.42036553524804,81.0704960835509,1245049663,1.573847729184766e-05,0.0796644045093568,0.0686854233501199,9,,
bert-base,6,15,82.37597911227154,82.50652741514361,236505505,7.78753537039502e-05,0.0007345763393173,0.15336831667902,5,,
bert-base,6,16,82.11488250652741,81.72323759791122,148878175,1.678336816764807e-05,0.0001744931650617,0.0435740226095909,9,,
bert-base,6,17,79.76501305483029,78.45953002610966,143724271,5.641306963416768e-06,3.402068616169903e-05,0.0431722010043694,7,,
bert-base,6,18,81.59268929503916,77.67624020887729,1150130629,1.2481824759629164e-05,0.008691504903878,0.1121607952377971,5,,
bert-base,6,19,83.28981723237598,82.50652741514361,1704764279,2.082260118818676e-05,0.0001842904985453,0.0050650600333926,8,,
bert-base,6,20,79.76501305483029,79.3733681462141,1866073964,1.3742450168176558e-05,0.0035649707399849,0.0377144054510661,4,,
bert-base,6,21,78.72062663185379,77.02349869451697,661489872,6.586304462287013e-06,0.000193357010699,0.0385660978914063,4,,
bert-base,6,22,82.76762402088772,81.33159268929504,2052313037,1.5264867128056064e-05,0.0506102028822212,0.0690700756780013,6,,
bert-base,6,23,79.11227154046998,78.85117493472585,1223956272,6.2936353507072165e-06,0.0581340097384111,0.1310050706271564,10,,
bert-base,6,24,82.76762402088772,82.50652741514361,1110699816,9.53150352977888e-05,3.685234654708804e-05,0.0749162665085263,6,,
bert-base,6,25,75.8485639686684,75.32637075718016,1917204532,5.754173868108475e-06,0.0044782600463785,0.0484478073737397,3,,
bert-base,6,26,81.0704960835509,78.59007832898172,1915308127,1.756286579882887e-05,0.0007820238509049,0.19762366384333,9,,
bert-base,6,27,76.37075718015666,73.7597911227154,1465699804,8.810317139993976e-06,0.0138223086166216,0.0561284715108826,2,,
bert-base,6,28,81.20104438642298,79.76501305483029,1604015002,1.9977819105393405e-05,0.0006506236407944,0.1943370282195064,7,,
bert-base,6,29,78.19843342036553,78.19843342036553,1583236885,9.086627497123954e-06,0.0014507056896507,0.0292825835915141,9,,
bert-base,7,0,78.99603698811096,80.44914134742405,797108270,2.618793383956256e-05,7.861637198340475e-05,0.1396747927585346,3,,
bert-base,7,1,78.33553500660501,81.50594451783356,842956134,7.259960981880214e-06,0.0036000223470047,0.0603082734736653,7,,
bert-base,7,2,79.39233817701454,82.1664464993395,2092232949,4.456552405745098e-05,0.0015440475562742,0.1489378569084051,9,,
bert-base,7,3,78.46763540290621,80.71334214002643,842483130,2.185692071619795e-05,0.0001690782227764,0.1089307940257369,8,,
bert-base,7,4,79.26023778071334,80.71334214002643,836549720,1.6553828816470976e-05,4.6020264418501576e-05,0.0793663264064407,4,,
bert-base,7,5,80.18494055482167,82.43064729194188,500090076,2.717623812774261e-05,0.0386968910501691,0.1702931085064523,5,,
bert-base,7,6,80.58124174372523,82.56274768824306,999883346,6.553923878629461e-05,0.0058090901473533,0.0423847589269823,6,,
bert-base,7,7,74.24042272126816,76.48612945838838,1822408062,9.033082701092776e-06,1.0702298031048147e-05,0.1859136930933671,2,,
bert-base,7,8,77.67503302509907,79.39233817701454,1677265638,9.70382333031615e-06,0.005666683539639,0.1047514754539273,8,,
bert-base,7,9,81.24174372523117,81.10964332892999,1363197540,7.071895775689896e-05,7.675910490896516e-05,0.0384267987544052,6,,
bert-base,7,10,78.33553500660501,80.05284015852048,984583758,1.4384770340765364e-05,0.0246199700746563,0.0172315258253315,7,,
bert-base,7,11,81.10964332892999,82.69484808454425,913938656,8.055909053485102e-05,8.844642657386922e-05,0.0123236996547387,10,,
bert-base,7,12,77.67503302509907,78.99603698811096,394585030,1.787560457928762e-05,8.867618353434244e-05,0.1641913444430787,3,,
bert-base,7,13,80.71334214002643,83.09114927344783,422623659,3.6830738650862106e-05,0.0022044457945007,0.0490667061406786,4,,
bert-base,7,14,82.0343461030383,81.24174372523117,267776381,3.669977099535492e-05,0.0542713274878801,0.1265033860704595,5,,
bert-base,7,15,81.37384412153236,84.5442536327609,1456391343,4.877858880346374e-05,4.97745447659628e-05,0.0312165016046372,6,,
bert-base,7,16,80.05284015852048,81.50594451783356,1941089852,1.9749395191976417e-05,0.0006688017485078,0.1000227828798822,7,,
bert-base,7,17,80.44914134742405,82.95904887714663,537157226,4.348636077190146e-05,0.0001133351620879,0.1014797473861778,4,,
bert-base,7,18,73.18361955085865,73.97622192866578,489652970,6.386582869454893e-06,0.0583522112906283,0.0142428488051887,3,,
bert-base,7,19,78.07133421400265,81.77014531043594,1022928567,1.4491287120133212e-05,0.0001577505964702,0.1348559007933906,7,,
bert-base,7,20,79.92073976221928,80.71334214002643,1450927428,5.758947628712846e-05,0.0006651671277734,0.1485548371880327,2,,
bert-base,7,21,80.84544253632761,81.50594451783356,1644492967,9.12186612227007e-05,0.0036905017999319,0.0406235322202342,5,,
bert-base,7,22,78.20343461030383,78.86393659180978,2103340798,1.5823415072226495e-05,0.0004175171719467,0.0087051680521374,2,,
bert-base,7,23,78.5997357992074,80.58124174372523,335178161,1.8779193524272468e-05,0.0078032626838184,0.175230232198921,10,,
bert-base,7,24,81.50594451783356,82.95904887714663,1942325330,5.617405162363647e-05,0.0338579027884012,0.0014505087266007,5,,
bert-base,7,25,74.50462351387054,76.08982826948481,1062313195,1.2659771518640944e-05,0.0019763557579371,0.1952453871492414,3,,
bert-base,7,26,78.20343461030383,80.44914134742405,1789809843,1.1791349841085017e-05,0.0242175089258948,0.1240455876864892,6,,
bert-base,7,27,74.9009247027741,77.14663143989432,1047673507,1.141282638973636e-05,0.0643473824802528,0.190375724544406,4,,
bert-base,7,28,80.58124174372523,82.29854689564068,155472914,4.352740425118921e-05,0.0010578025918128,0.1157145487578698,10,,
bert-base,7,29,79.12813738441216,82.56274768824306,1733899577,9.530474381494462e-05,0.0023933267734915,0.110762511228658,4,,
bert-base,8,0,78.05851063829788,74.60106382978724,1040859997,5.635039277735316e-06,0.0786362876348186,0.1958298197511646,3,,
bert-base,8,1,81.64893617021276,81.11702127659575,962300263,1.1931172902746845e-05,0.0015576034518848,0.1219091280769414,9,,
bert-base,8,2,78.59042553191489,77.12765957446808,1953566788,1.160861109836948e-05,0.0134826014342003,0.0691548864929809,4,,
bert-base,8,3,84.30851063829788,82.04787234042553,671245732,7.827688712080345e-05,0.0002570263258966,0.0451686846689883,8,,
bert-base,8,4,77.52659574468085,78.45744680851064,620596348,9.194227703177543e-06,0.0079239594525273,0.088710190498543,5,,
bert-base,8,5,83.11170212765957,80.18617021276596,1471020168,3.3842964440538654e-05,0.0055887595552155,0.1802361678694918,9,,
bert-base,8,6,76.19680851063829,74.60106382978724,1548339858,9.260828130604708e-06,0.00358150069387,0.0714372753634916,2,,
bert-base,8,7,82.18085106382979,81.11702127659575,1276628495,2.547743400070732e-05,0.0039783647391384,0.0140985934054081,6,,
bert-base,8,8,81.64893617021276,80.18617021276596,902820002,2.545778945577576e-05,0.0148565489954576,0.1903148437409087,7,,
bert-base,8,9,80.45212765957447,79.12234042553192,1711164888,1.466797288519349e-05,0.0417754777188215,0.048924514616342,4,,
bert-base,8,10,83.90957446808511,80.98404255319149,688071390,2.4843553884488943e-05,0.0002304588591249,0.1682879234615993,4,,
bert-base,8,11,80.58510638297872,78.19148936170212,1071304279,1.908588480069819e-05,0.066381016374206,0.1670494730909245,2,,
bert-base,8,12,80.18617021276596,77.65957446808511,422358299,6.51218593580924e-06,8.183083295794297e-05,0.1736957697279424,4,,
bert-base,8,13,78.59042553191489,76.86170212765957,1716136735,5.84892591571461e-06,4.905222607207913e-05,0.0692738618783949,7,,
bert-base,8,14,79.7872340425532,78.19148936170212,1710546915,1.1919909711414631e-05,0.0009888735580499,0.1759159441834272,5,,
bert-base,8,15,80.05319148936171,80.98404255319149,280652292,5.3880061161837936e-05,0.0179705925957465,0.0904558444842167,5,,
bert-base,8,16,74.20212765957447,75.66489361702128,293188567,5.452834700591319e-06,0.0072784607989792,0.0435169515483348,6,,
bert-base,8,17,78.19148936170212,78.19148936170212,461101706,9.282655875210568e-06,0.0003494465837547,0.1174527123234567,4,,
bert-base,8,18,75.93085106382979,73.27127659574468,1891793667,7.551472329036693e-06,3.727075357493238e-05,0.1891389394634969,2,,
bert-base,8,19,80.05319148936171,77.52659574468085,1733479758,6.960810090369008e-06,0.0166047339605583,0.0078344459463243,8,,
bert-base,8,20,79.65425531914893,79.25531914893617,18515725,1.332460891547135e-05,0.0001485997146289,0.1236482916067374,4,,
bert-base,8,21,81.51595744680851,79.7872340425532,1155720588,5.4249307119645154e-05,0.0002577309275436,0.0136235545002089,2,,
bert-base,8,22,76.59574468085107,76.72872340425532,972466709,1.3959701317816856e-05,5.6219020627852784e-05,0.1137980763936398,3,,
bert-base,8,23,83.51063829787235,82.84574468085107,954626657,4.795959322911396e-05,0.0019399835095574,0.0179835447787658,7,,
bert-base,8,24,84.04255319148936,80.98404255319149,1597404734,9.43343335402706e-05,0.0223958113738276,0.0558389639403585,3,,
bert-base,8,25,78.98936170212765,76.72872340425532,426698894,7.640077392974138e-06,1.8375086407484716e-05,0.0392863934869004,4,,
bert-base,8,26,82.04787234042553,81.51595744680851,1697593218,7.973933905324317e-05,6.996287950235726e-05,0.1953494864050649,5,,
bert-base,8,27,79.25531914893617,77.79255319148936,1287229084,9.838077767485492e-06,8.183576568058849e-05,0.1040293155217211,4,,
bert-base,8,28,81.91489361702128,79.92021276595744,49328785,3.449387791055404e-05,0.001118267812479,0.1300383799654845,10,,
bert-base,8,29,82.44680851063829,81.64893617021276,928569253,2.5468334950007005e-05,1.207885781810136e-05,0.1102911059893262,4,,
bert-base,9,0,81.55467720685112,82.76315789473684,1237358611,8.152733761505059e-05,0.0005800827862063,0.1439740578187068,10,,
bert-base,9,1,83.6627140974967,82.63157894736842,884533303,3.506841710797196e-05,0.0007462036351343,0.0693521774483523,7,,
bert-base,9,2,81.81818181818181,81.44736842105263,980735752,1.235084044459764e-05,0.0004863735305739,0.0530915487533773,10,,
bert-base,9,3,72.33201581027669,75.78947368421052,1310797326,6.718742822551063e-06,0.0365734608902883,0.1962684238872596,2,,
bert-base,9,4,83.53096179183136,82.76315789473684,2047407798,1.2806000891578556e-05,0.0270091044428981,0.1327870621793274,9,,
bert-base,9,5,83.39920948616601,82.36842105263158,1067679979,7.762415112356198e-05,8.467279060319e-05,0.037675377200997,7,,
bert-base,9,6,76.6798418972332,75.92105263157895,799646854,5.965450818380407e-06,5.286032766679862e-05,0.1477212607446476,9,,
bert-base,9,7,84.05797101449275,83.8157894736842,2121878078,6.762769948352779e-05,0.0001652828587349,0.1962219239481767,4,,
bert-base,9,8,78.78787878787878,77.23684210526316,1689048035,1.1701882861609464e-05,0.0007343223697113,0.023690844384316,6,,
bert-base,9,9,79.84189723320158,79.47368421052632,1599418880,9.217011007253995e-06,0.0242768041846487,0.1689922343875929,4,,
bert-base,9,10,83.79446640316206,83.28947368421052,89866446,4.0284708694745205e-05,0.0120321917863913,0.0218783529385476,3,,
bert-base,9,11,82.6086956521739,82.89473684210526,426907951,2.4897230811373627e-05,0.0003887491107844,0.1447971391780493,4,,
bert-base,9,12,80.50065876152833,81.3157894736842,544376351,1.5002239193887006e-05,1.3838212718021935e-05,0.0920754259594619,7,,
bert-base,9,13,82.21343873517786,81.3157894736842,1323349569,2.378141456555828e-05,0.011125575459543,0.1414231496279904,10,,
bert-base,9,14,78.78787878787878,76.57894736842105,1168280095,5.076864951709653e-06,0.0009330183546201,0.1347603628911391,3,,
bert-base,9,15,83.6627140974967,82.10526315789474,1688592589,7.111973839672951e-05,0.0008333365458907,0.1916899889041416,4,,
bert-base,9,16,82.08168642951252,81.3157894736842,279370340,3.760679646449121e-05,0.0049954385582073,0.1683157651830403,3,,
bert-base,9,17,78.12911725955205,80.0,1672319302,6.652119668586532e-06,8.410465499912787e-05,0.0675056361713119,6,,
bert-base,9,18,80.23715415019763,80.39473684210526,54533773,1.8855592553549768e-05,0.0645328145204554,0.1022210928140506,2,,
bert-base,9,19,84.18972332015811,83.02631578947368,931139339,2.72734784191092e-05,0.0015003762082408,0.0670279175394479,7,,
bert-base,9,20,81.55467720685112,79.86842105263158,1048480626,5.6847157783827575e-05,2.505976021103704e-05,0.1132091945472171,9,,
bert-base,9,21,74.70355731225297,76.3157894736842,1798230681,8.296097580170726e-06,7.813829436662483e-05,0.002299712711973,2,,
bert-base,9,22,82.47694334650856,82.23684210526316,251178299,1.3379405163212955e-05,5.07516421113481e-05,0.0385184722512612,6,,
bert-base,9,23,82.6086956521739,81.1842105263158,880501709,2.5476472546824263e-05,1.3801023497195726e-05,0.1956836188853701,5,,
bert-base,9,24,82.74044795783927,81.57894736842105,671082511,7.003644974349747e-05,0.0241377790751505,0.177718320640568,3,,
bert-base,9,25,83.00395256916995,83.42105263157895,705216392,4.555267587988923e-05,0.0307092560890956,0.0952059163411941,6,,
bert-base,9,26,81.68642951251647,81.84210526315789,1149899136,2.531962882539883e-05,0.0576115352725026,0.0677857224954924,10,,
bert-base,9,27,83.00395256916995,82.36842105263158,2095149304,4.32565770436173e-05,0.0041190749573902,0.0542672865659415,5,,
bert-base,9,28,78.12911725955205,75.65789473684211,2129550413,5.335889280157184e-06,9.489981256725505e-05,0.0387024830321926,5,,
bert-base,9,29,74.17654808959156,73.15789473684211,1887172673,6.341090863851992e-06,0.0117498838998363,0.0539148984952914,2,,
bert-base,10,0,75.81699346405229,80.67885117493472,723570127,9.014121813294629e-06,2.582238775101717e-05,0.1064001509227907,5,,
bert-base,10,1,76.60130718954248,80.28720626631853,458622788,9.988801219827645e-06,1.543408608124008e-05,0.0434735459044668,10,,
bert-base,10,2,80.13071895424837,81.72323759791122,344303915,4.644375162393549e-05,0.0004761196505461,0.0984294933137033,4,,
bert-base,10,3,76.99346405228758,79.63446475195822,822141079,1.7107229461989978e-05,0.0001501774567869,0.1351407553444684,3,,
bert-base,10,4,75.68627450980392,78.06788511749347,44537694,7.615237438311467e-06,1.8338154606713228e-05,0.0588028382507952,3,,
bert-base,10,5,80.0,83.15926892950391,612093462,2.8705890273680182e-05,0.0005359765364314,0.0585539228696972,10,,
bert-base,10,6,82.09150326797386,82.76762402088772,431967641,4.426473229145831e-05,4.2659820104081066e-05,0.1465973807075859,7,,
bert-base,10,7,79.86928104575163,82.76762402088772,2055364954,4.2420889396388586e-05,0.0413041606072708,0.0219575522287738,10,,
bert-base,10,8,75.68627450980392,78.3289817232376,852163005,1.2600286319563436e-05,0.0115435474283511,0.069747940162253,2,,
bert-base,10,9,74.90196078431373,78.59007832898172,676627575,1.1385960914915551e-05,0.0027992071745532,0.1284434432392326,2,,
bert-base,10,10,77.38562091503267,80.28720626631853,79738715,7.90129312502098e-06,0.0024110308525627,0.0806189823779759,7,,
bert-base,10,11,80.26143790849673,82.63707571801567,1769323051,4.7932106622096624e-05,5.445755344661147e-05,0.0865542324124831,4,,
bert-base,10,12,80.13071895424837,81.59268929503916,983626484,2.718628424519715e-05,0.00544542041855,0.1696752299920257,7,,
bert-base,10,13,80.65359477124183,80.80939947780679,484556129,7.831841287844026e-05,0.0561358729641062,0.1163320931262396,3,,
bert-base,10,14,81.96078431372548,83.28981723237598,1738002013,2.990238885693935e-05,0.0102043485307545,0.1970337443620486,6,,
bert-base,10,15,80.26143790849673,82.37597911227154,201521065,3.3161245065237725e-05,0.0010864457930751,0.0172585070855532,10,,
bert-base,10,16,78.43137254901961,81.59268929503916,924820568,2.776592659607073e-05,0.0002242081187034,0.1575811172783193,2,,
bert-base,10,17,71.50326797385621,73.89033942558747,279751968,5.7419079024899765e-06,0.0010362656731532,0.0482847951231857,2,,
bert-base,10,18,82.74509803921569,83.55091383812011,228377639,3.523715572651432e-05,8.063540722027939e-05,0.1560279306950725,9,,
bert-base,10,19,78.03921568627452,81.59268929503916,1718700974,2.132031239975469e-05,0.0384337484757163,0.1463879699999538,9,,
bert-base,10,20,80.0,80.80939947780679,1289002408,3.3579643294814565e-05,0.013478104487752,0.1736833190351072,9,,
bert-base,10,21,77.51633986928104,79.76501305483029,512030180,5.998746085685624e-06,4.794177108853167e-05,0.030843792131585,10,,
bert-base,10,22,82.09150326797386,83.02872062663185,384923456,6.663873094583363e-05,0.0137433001985465,0.1557493025089112,8,,
bert-base,10,23,80.0,81.59268929503916,1184287557,1.1710026028239898e-05,0.0018588060926511,0.1491413537492478,8,,
bert-base,10,24,81.43790849673202,82.50652741514361,370683641,4.9253470070266685e-05,0.0040521907910563,0.0938257562515824,2,,
bert-base,10,25,75.42483660130719,77.67624020887729,1890020517,9.4628716524665e-06,0.0136062389898692,0.0997281857234239,3,,
bert-base,10,26,79.86928104575163,82.11488250652741,1438766465,6.62608087651851e-05,0.0001784568423182,0.0295027230129006,5,,
bert-base,10,27,76.86274509803921,78.59007832898172,166478798,1.3807404025548686e-05,0.0110565616033999,0.1878370203937451,3,,
bert-base,10,28,80.52287581699346,84.20365535248042,189785660,4.648318499432063e-05,3.512815185590078e-05,0.0174287343935007,8,,
bert-base,10,29,82.61437908496733,81.59268929503916,363003783,6.690502696407057e-05,1.6176040569818263e-05,0.1061402840184372,2,,
bert-base,11,0,74.63087248322148,77.7479892761394,528170769,1.2163851105699076e-05,0.0071192378008275,0.1489861347933947,3,,
bert-base,11,1,77.4496644295302,78.28418230563003,2134982339,1.2572395293746931e-05,7.071645496781306e-05,0.0667308861306972,3,,
bert-base,11,2,79.86577181208054,81.23324396782841,858837639,6.363020466812388e-06,0.0648826230364797,0.0360341762099485,7,,
bert-base,11,3,79.73154362416108,79.49061662198392,354005588,7.544180698557817e-06,9.039414676234664e-05,0.1920995988989207,6,,
bert-base,11,4,81.47651006711409,81.76943699731903,293934250,7.799007814953066e-05,0.0003046497133772,0.1136398133832743,10,,
bert-base,11,5,83.22147651006712,81.36729222520107,1605407188,3.681469870190162e-05,2.743181390290521e-05,0.068887387625594,4,,
bert-base,11,6,79.46308724832215,80.42895442359249,406324679,2.141259994060505e-05,0.0012006007609655,0.0682619839134089,2,,
bert-base,11,7,83.48993288590604,82.171581769437,1270452750,4.5144861204465055e-05,0.0012408653694222,0.1297866998207317,5,,
bert-base,11,8,82.5503355704698,83.24396782841823,454107242,2.386316913575739e-05,0.0568086828798633,0.1809612992642758,10,,
bert-base,11,9,78.25503355704699,78.68632707774799,972860562,6.077661368498128e-06,0.0055104358277857,0.1659375536638631,9,,
bert-base,11,10,81.61073825503355,82.84182305630027,715717695,9.00552540233244e-05,0.0717983323169503,0.0342658130479754,3,,
bert-base,11,11,73.28859060402685,76.00536193029491,960343572,1.265494928010046e-05,0.0003760503430407,0.045844922767654,2,,
bert-base,11,12,82.28187919463087,81.09919571045576,910400468,1.4406993787052446e-05,2.319318075523818e-05,0.0772364808837484,6,,
bert-base,11,13,78.79194630872483,78.55227882037534,1130932614,5.631826276299684e-06,0.0154899262318847,0.1269914771726232,8,,
bert-base,11,14,83.6241610738255,84.04825737265415,2030654470,7.286401775764896e-05,0.000536237192096,0.0557630728449042,6,,
bert-base,11,15,72.88590604026845,74.66487935656836,2081391776,5.768273659387149e-06,0.009071176969774,0.140741833112144,3,,
bert-base,11,16,82.14765100671141,80.56300268096514,255215348,9.646680134561776e-05,1.505787730742907e-05,0.0572492537306296,5,,
bert-base,11,17,82.14765100671141,81.90348525469169,1364327484,5.343820926842994e-05,0.0020456664407151,0.0659674595667597,9,,
bert-base,11,18,82.81879194630872,80.9651474530831,2035831091,3.70126016307662e-05,5.406110295720348e-05,0.1256290307356629,4,,
bert-base,11,19,81.87919463087249,81.36729222520107,860768288,6.001069160907058e-05,0.0028398468107944,0.0599409816885113,3,,
bert-base,11,20,79.19463087248322,79.22252010723861,1161341076,7.152280524824149e-06,0.0673008850509464,0.0932638987246612,9,,
bert-base,11,21,82.01342281879195,81.23324396782841,1957203317,7.12366610412323e-05,0.0063846688965456,0.0080941837247779,10,,
bert-base,11,22,72.21476510067114,73.99463806970509,1339925096,5.220822728995549e-06,0.0019198964252515,0.1911554372950933,2,,
bert-base,11,23,81.0738255033557,80.6970509383378,1382398166,2.591349899687711e-05,6.303145073077688e-05,0.0201030576845941,9,,
bert-base,11,24,77.04697986577182,77.4798927613941,841792109,1.3853656235828412e-05,0.0001110040407762,0.1678626029741116,3,,
bert-base,11,25,81.74496644295301,80.9651474530831,343337265,8.475968193029947e-05,0.0002580506064537,0.1794534490890605,9,,
bert-base,11,26,82.81879194630872,80.9651474530831,1809340789,8.579200249336344e-06,4.961784767955234e-05,0.0487426505161376,10,,
bert-base,11,27,80.26845637583892,81.76943699731903,762900007,1.5329406661312485e-05,1.196552749311019e-05,0.0099822685569489,10,,
bert-base,11,28,81.47651006711409,80.83109919571045,1543539350,2.72499847018162e-05,0.0015857446172943,0.1885898389011654,8,,
bert-base,11,29,82.81879194630872,81.09919571045576,803871240,7.668678231002234e-05,0.0011515181370609,0.1184650198042732,7,,
bert-base,12,0,81.63804491413474,82.69484808454425,1187277330,3.2137724350780915e-05,0.0058284159343997,0.0728840368901565,5,,
bert-base,12,1,78.33553500660501,80.71334214002643,512845371,4.079596764094762e-05,0.0340583568712663,0.1834378499869457,2,,
bert-base,12,2,81.37384412153236,82.69484808454425,491102492,3.291443599807978e-05,0.0143917548256983,0.1285068065150558,8,,
bert-base,12,3,82.0343461030383,80.44914134742405,275571637,1.830970348559842e-05,0.0001671158463727,0.1057201441198412,5,,
bert-base,12,4,82.29854689564068,82.56274768824306,1712404322,4.532838258550596e-05,0.000156747674585,0.0893337474898997,4,,
bert-base,12,5,77.4108322324967,77.93923381770145,1430755144,7.213329518148088e-06,0.0032750048629643,0.0572577501394644,9,,
bert-base,12,6,80.05284015852048,79.92073976221928,1035111694,4.864587049448838e-05,0.0010243263718619,0.1530060439563434,2,,
bert-base,12,7,80.9775429326288,81.10964332892999,1600753134,3.9674976001223546e-05,0.0028139348451162,0.0747534381216048,9,,
bert-base,12,8,81.50594451783356,80.18494055482167,1124252119,1.7334402698403615e-05,0.0047897983656629,0.1058981445967793,5,,
bert-base,12,9,81.24174372523117,80.58124174372523,2118550619,4.778807664253445e-05,0.0857489769950829,0.0762303938445036,2,,
bert-base,12,10,81.90224570673712,83.09114927344783,1739979089,6.563675567047234e-05,0.0027317388237464,0.155647739967948,3,,
bert-base,12,11,78.20343461030383,79.6565389696169,2067178695,1.3744305667906131e-05,9.79007182260696e-05,0.0217196309928888,9,,
bert-base,12,12,81.90224570673712,82.29854689564068,689511720,3.772815609269538e-05,0.0488231372032403,0.0759731970075293,5,,
bert-base,12,13,80.71334214002643,80.18494055482167,1160894080,1.290705796247897e-05,0.0004275480232217,0.0342058136933258,7,,
bert-base,12,14,81.37384412153236,82.1664464993395,403726913,9.129325552794176e-05,0.0217667509921658,0.1180741216204452,5,,
bert-base,12,15,80.58124174372523,79.92073976221928,776262490,1.0408768707421904e-05,0.0001518068698012,0.1257014329988368,7,,
bert-base,12,16,76.48612945838838,76.61822985468956,668907463,6.406740730503009e-06,0.0268208593565433,0.0593973391011558,7,,
bert-base,12,17,82.0343461030383,82.69484808454425,1599737983,2.190394863121023e-05,1.4709399327541377e-05,0.1673226588654132,6,,
bert-base,12,18,81.10964332892999,82.43064729194188,268342202,9.70974579331666e-05,0.0010180348729327,0.1306540567193863,5,,
bert-base,12,19,83.61955085865257,84.14795244385733,1206593169,8.149072666386806e-05,0.0001461468296862,0.1729583421704933,9,,
bert-base,12,20,77.67503302509907,76.88243064729194,628022324,1.0314133190880256e-05,0.0079169139055081,0.1430196261750961,4,,
bert-base,12,21,78.73183619550859,78.46763540290621,1168900251,8.346332005894668e-06,0.0004479392794138,0.0005065271916475,8,,
bert-base,12,22,80.58124174372523,81.37384412153236,995309243,2.505697804186107e-05,0.0019332991060546,0.0776532428304644,4,,
bert-base,12,23,80.9775429326288,80.58124174372523,1903355438,2.9237040140671702e-05,0.0001808073149442,0.1290285155326867,3,,
bert-base,12,24,81.10964332892999,82.95904887714663,273422944,3.372826563844607e-05,0.0007938761586348,0.0902024354886714,7,,
bert-base,12,25,77.93923381770145,78.33553500660501,1797939341,1.087827438585504e-05,1.7627544781690394e-05,0.0203993399195221,7,,
bert-base,12,26,76.61822985468956,74.9009247027741,436317193,9.015390114924573e-06,0.0001417639543716,0.0218301764382666,2,,
bert-base,12,27,82.43064729194188,82.69484808454425,38436248,5.573841050789144e-05,0.0074210366377949,0.0325013140154413,10,,
bert-base,12,28,78.99603698811096,79.52443857331572,248395378,2.4690979331684947e-05,0.0003118726352607,0.1127579964091228,7,,
bert-base,12,29,82.1664464993395,82.95904887714663,1478266335,6.0529422713806446e-05,0.0061362381813062,0.14950699368178,5,,
bert-base,13,0,81.7824377457405,82.19895287958116,2131467682,1.818956684431792e-05,1.1538371190567683e-05,0.1114516471919671,3,,
bert-base,13,1,78.76802096985583,77.87958115183245,1155446722,5.4163402404315866e-06,6.871147767375218e-05,0.1152745826438415,7,,
bert-base,13,2,82.96199213630406,81.41361256544502,1003437241,8.771472488415997e-05,0.0001462796902313,0.1668932778205972,10,,
bert-base,13,3,83.7483617300131,83.7696335078534,1487385122,2.7787587024900745e-05,0.0869043636678951,0.0637513873637757,10,,
bert-base,13,4,79.68545216251638,76.96335078534031,1864211923,5.560515996563443e-06,1.6232032514803837e-05,0.1351001233014016,4,,
bert-base,13,5,79.68545216251638,78.1413612565445,704569289,1.0469792803940282e-05,0.0122234593465364,0.1414697584860987,10,,
bert-base,13,6,80.20969855832242,81.80628272251309,978274622,1.4438580538938932e-05,0.0001754285631785,0.0203826074033853,6,,
bert-base,13,7,83.7483617300131,82.06806282722513,24478194,4.674864540145963e-05,0.0329332987607619,0.0544834015672867,5,,
bert-base,13,8,82.04456094364352,81.282722513089,593987923,2.809805759288589e-05,0.0421613441398602,0.0175616498050674,9,,
bert-base,13,9,77.58846657929227,74.73821989528795,1118655090,9.571139350627412e-06,0.0442010915671563,0.056491151151056,2,,
bert-base,13,10,82.43774574049803,83.24607329842932,385247659,6.344549838442582e-05,5.759944700502433e-05,0.0412743226231554,3,,
bert-base,13,11,80.47182175622542,79.31937172774869,401343586,1.7630500464189756e-05,0.0232990801456837,0.0568985257915239,2,,
bert-base,13,12,80.07863695937091,77.22513089005236,1358109461,3.020636666123645e-05,0.0018176844845466,0.1667962331629031,4,,
bert-base,13,13,82.96199213630406,82.46073298429319,548595634,6.621460996344645e-05,1.863966517364071e-05,0.049430420441299,6,,
bert-base,13,14,78.24377457404981,79.18848167539267,288965953,1.3606477624900776e-05,3.278533194039218e-05,0.0463611281797478,10,,
bert-base,13,15,82.96199213630406,83.37696335078535,1120239558,6.349965729453078e-05,0.0003313203313767,0.036902589749664,2,,
bert-base,13,16,79.29226736566186,78.79581151832461,1665138703,1.0569518191387029e-05,9.778361909387294e-05,0.1440852494369028,10,,
bert-base,13,17,84.27260812581913,83.37696335078535,2032295279,4.5092462523573946e-05,0.0011299535757399,0.1073072759447999,10,,
bert-base,13,18,76.4089121887287,73.16753926701571,306470450,5.502773928834087e-06,1.4999769503126365e-05,0.0147823357659405,3,,
bert-base,13,19,84.53473132372216,82.59162303664921,371049146,8.17046823986574e-05,0.000416134773971,0.1105479643518601,7,,
bert-base,13,20,83.09305373525557,82.85340314136126,1803018288,1.9738489421951977e-05,0.0036518406118433,0.0031225978702448,7,,
bert-base,13,21,83.4862385321101,84.03141361256544,1843293496,2.605097957519539e-05,0.0124231772328604,0.0329172719512114,8,,
bert-base,13,22,81.38925294888598,80.6282722513089,1925500054,1.969387496952233e-05,0.0151672162763158,0.0151038227827769,5,,
bert-base,13,23,82.30668414154653,80.49738219895288,1651820063,2.5170889243354504e-05,4.926464674914021e-05,0.1215790621801705,5,,
bert-base,13,24,83.87942332896462,82.46073298429319,1764163893,5.712419739483793e-05,6.81520862694463e-05,0.0968052881818428,6,,
bert-base,13,25,83.4862385321101,82.98429319371728,589383520,3.510801412251936e-05,5.518907058667401e-05,0.0827505303738511,6,,
bert-base,13,26,84.92791612057667,83.24607329842932,1962343990,6.449598182051955e-05,0.0422516013806082,0.0006325233673526,8,,
bert-base,13,27,81.12712975098296,81.80628272251309,417503438,1.46370740743251e-05,0.0086662577088803,0.032188512813485,7,,
bert-base,13,28,83.4862385321101,82.59162303664921,1052986521,5.1713772092332e-05,0.0047993372217164,0.0093558081814199,2,,
bert-base,13,29,84.27260812581913,83.7696335078534,20011528,6.183914590869195e-05,0.0138455095856982,0.1606618175315745,8,,
bert-base,14,0,77.52043596730245,76.05442176870748,290885395,5.341215499637384e-06,1.4783815421647224e-05,0.0825822847773598,4,,
bert-base,14,1,76.97547683923706,75.37414965986395,1221999351,1.5871143324045375e-05,0.0001823067545474,0.0720831641810305,3,,
bert-base,14,2,82.6975476839237,80.0,2117247982,9.81588099703282e-05,9.582179928324852e-05,0.0299674196356764,4,,
bert-base,14,3,80.79019073569482,80.95238095238095,88950609,9.13128118323417e-05,5.924924219860892e-05,0.190652207894173,6,,
bert-base,14,4,81.06267029972751,79.45578231292517,983763936,1.2264792593471696e-05,0.0343083937172013,0.1838843075312717,5,,
bert-base,14,5,79.56403269754769,74.96598639455782,1175958177,1.2060578013329043e-05,0.0002019541107104,0.0119794439345706,4,,
bert-base,14,6,80.24523160762942,78.63945578231292,1871936428,7.205548327057697e-06,0.0180440704525916,0.1003699476930789,7,,
bert-base,14,7,83.7874659400545,81.63265306122449,913805387,4.54044319666145e-05,0.0173803951791752,0.04625378437249,7,,
bert-base,14,8,79.15531335149863,78.63945578231292,1402201202,3.297961258258332e-05,0.0241346533863581,0.0079033632454073,2,,
bert-base,14,9,79.42779291553134,76.3265306122449,583844439,1.928057456361179e-05,0.0026253127891032,0.1493467043214668,2,,
bert-base,14,10,80.24523160762942,80.95238095238095,1124387768,5.160184233533049e-05,2.865977048843472e-05,0.0756328763622647,6,,
bert-base,14,11,77.79291553133515,76.87074829931973,1951981898,7.777202410663026e-06,0.0831339914239585,0.1165534061903008,5,,
bert-base,14,12,79.42779291553134,76.19047619047619,305284975,1.4357683498474166e-05,0.0101345441068959,0.1576171050871347,2,,
bert-base,14,13,80.38147138964578,78.91156462585035,1838906151,1.2364706790431566e-05,1.858451138525739e-05,0.1420017722199883,8,,
bert-base,14,14,81.33514986376022,78.36734693877551,1150862545,1.5893005730704548e-05,0.0151796678383696,0.1367581613203997,4,,
bert-base,14,15,80.38147138964578,82.04081632653062,1182406420,5.473631487988729e-05,0.001664146566647,0.1583455909990562,6,,
bert-base,14,16,81.47138964577657,79.59183673469387,2050947087,2.037660295667724e-05,1.1313886909917051e-05,0.0983637963993185,3,,
bert-base,14,17,81.88010899182561,80.68027210884354,307299127,6.574907808657557e-05,1.8307954289168316e-05,0.0498581230482898,10,,
bert-base,14,18,81.88010899182561,80.54421768707483,1559767527,1.7308551319286892e-05,0.0004387649646495,0.0625591652587271,7,,
bert-base,14,19,82.15258855585832,81.36054421768708,1222860383,3.806617690758079e-05,0.0006082163468429,0.0755112342810749,8,,
bert-base,14,20,78.47411444141689,75.78231292517007,898558416,2.657614710488594e-05,1.642951723562008e-05,0.0423865469634971,2,,
bert-base,14,21,82.42506811989101,81.63265306122449,349765180,4.068743988466381e-05,2.350654749067174e-05,0.0639086219119418,10,,
bert-base,14,22,83.37874659400545,81.36054421768708,1509636905,5.557248520625623e-05,4.612980603608714e-05,0.170889754738295,5,,
bert-base,14,23,75.61307901907357,74.82993197278911,1568466323,7.389569950191604e-06,0.0273230524453626,0.0684175005087447,2,,
bert-base,14,24,81.74386920980926,79.59183673469387,1668438673,2.3443854743216864e-05,1.50688687982054e-05,0.1772010256017494,7,,
bert-base,14,25,81.33514986376022,80.95238095238095,1818677714,2.767486889068649e-05,0.0005115625446203,0.1639610121612075,8,,
bert-base,14,26,78.06539509536785,76.59863945578232,722987057,7.050094588356083e-06,3.736930863226595e-05,0.0367298882424138,7,,
bert-base,14,27,82.56130790190736,81.7687074829932,448214849,3.823107849868576e-05,0.0264384085369025,0.1696806186060244,5,,
bert-base,14,28,81.47138964577657,77.95918367346938,1385167069,8.292388210622951e-06,0.0001581554431864,0.0976735126441738,7,,
bert-base,14,29,83.5149863760218,83.94557823129252,866761171,8.565263279788858e-05,0.0018885449608868,0.0569341236602811,4,,
bert-base,15,0,81.54681139755766,82.90366350067842,2075943002,1.6728289343643124e-05,1.0672820257799492e-05,0.137577431923739,7,,
bert-base,15,1,78.01899592944369,77.34056987788331,1954034157,2.128516722678109e-05,2.8909477847266524e-05,0.1140260083262001,2,,
bert-base,15,2,79.1044776119403,79.24016282225237,2011726488,6.9500374229505945e-06,0.0018717454621838,0.185983584334567,6,,
bert-base,15,3,80.32564450474898,83.58208955223881,1685734544,8.671296590391088e-05,0.0258477528884156,0.0676414623827918,6,,
bert-base,15,4,81.81818181818181,81.95386702849389,1345956059,6.889025476917162e-05,1.6111166402895253e-05,0.0575963714597607,2,,
bert-base,15,5,79.91858887381275,81.00407055630936,293596439,1.1958959294246743e-05,0.0483238322058787,0.1297715985119387,7,,
bert-base,15,6,81.95386702849389,83.44640434192674,219240947,6.66724821899836e-05,0.0047733312035302,0.1766245826906854,3,,
bert-base,15,7,78.15468113975577,78.15468113975577,1721048336,1.0172354799114498e-05,0.0165803347633662,0.1940252671788566,5,,
bert-base,15,8,81.41112618724559,80.1899592944369,457867108,1.0032457184931883e-05,0.0015500143269276,0.1984358448479244,5,,
bert-base,15,9,75.7123473541384,76.39077340569878,1307032284,7.88211907589072e-06,0.0001224153971839,0.0725286576120342,2,,
bert-base,15,10,78.29036635006784,79.6472184531886,788810080,6.0866322698672325e-06,0.0039355052510621,0.1877773114151382,8,,
bert-base,15,11,76.2550881953867,78.83310719131615,2024355292,7.6920654049624e-06,0.0001037287716125,0.1671864424711953,3,,
bert-base,15,12,76.39077340569878,76.52645861601086,1610422759,7.126739215980151e-06,0.06579728392791,0.1618345560230601,2,,
bert-base,15,13,83.58208955223881,82.08955223880596,1146251490,3.3726733823721435e-05,3.5154446134310426e-05,0.0684434253405388,8,,
bert-base,15,14,81.68249660786974,82.22523744911804,1797324309,6.172146944703816e-05,2.9009107456932038e-05,0.0995524699940886,10,,
bert-base,15,15,81.27544097693351,82.08955223880596,784018621,3.501563456135654e-05,0.0998877987502966,0.1827916894601848,7,,
bert-base,15,16,77.74762550881954,77.47625508819539,1444678294,6.563753625077783e-06,0.0982241087425578,0.0918616805166368,4,,
bert-base,15,17,80.1899592944369,83.44640434192674,1632774738,8.775933535230453e-05,2.520047035968196e-05,0.1041272552130441,5,,
bert-base,15,18,81.95386702849389,84.53188602442334,1294188225,5.583943779723128e-05,0.0601300176417199,0.0510489081313121,8,,
bert-base,15,19,80.7327001356852,82.49660786974219,299536549,2.512944826018396e-05,0.0018578826471501,0.0272089856655284,4,,
bert-base,15,20,80.7327001356852,82.63229308005427,92302727,3.982355990253573e-05,0.000106270741454,0.1003627387738853,10,,
bert-base,15,21,76.79782903663501,80.1899592944369,1411989966,8.094541580639944e-06,0.0001132298971347,0.1570695242264834,8,,
bert-base,15,22,79.91858887381275,81.54681139755766,534702397,4.233540948874188e-05,0.0002162634783506,0.0313723594637558,4,,
bert-base,15,23,80.7327001356852,82.36092265943012,1076338646,2.0549093528027028e-05,0.0330589551489425,0.0937187630001332,6,,
bert-base,15,24,80.86838534599728,82.08955223880596,865260768,8.01606894283669e-05,0.0655349955730411,0.0102935461837305,7,,
bert-base,15,25,81.41112618724559,82.36092265943012,1523228157,4.305066434069767e-05,1.0870272952816773e-05,0.0891148152067508,8,,
bert-base,15,26,79.1044776119403,80.7327001356852,1841004769,4.899486840569835e-05,0.0016927640868537,0.0011267135104817,5,,
bert-base,15,27,80.86838534599728,82.08955223880596,903017940,2.069850347875692e-05,6.42149135993417e-05,0.0212815293930769,7,,
bert-base,15,28,79.24016282225237,79.91858887381275,1031466379,9.11804106960371e-06,0.0010950691202078,0.1309020795278546,4,,
bert-base,15,29,80.86838534599728,82.08955223880596,2133292164,9.989345008442338e-06,3.829681590472297e-05,0.0239412739576846,9,,
bert-base,16,0,81.5114709851552,83.53576248313091,24777519,5.404760861175778e-05,0.0354440096711623,0.0240080635981101,7,,
bert-base,16,1,77.86774628879893,79.89203778677462,718739088,8.263380644569767e-06,0.0003900162856449,0.0423167244694582,9,,
bert-base,16,2,80.02699055330635,79.89203778677462,2118196433,2.105478412012504e-05,0.0002053200810614,0.1420701255722178,3,,
bert-base,16,3,82.32118758434548,82.32118758434548,669367357,5.160328763148872e-05,0.0033729991082912,0.1886359726294675,8,,
bert-base,16,4,84.07557354925775,83.26585695006747,975931040,4.852507031811779e-05,7.826170244902693e-05,0.0674877755080736,7,,
bert-base,16,5,83.94062078272604,84.07557354925775,862570448,7.849553031743874e-05,0.0033323542570454,0.1979809098757524,4,,
bert-base,16,6,78.5425101214575,79.48717948717949,675153559,1.0712891187517144e-05,0.0004668708561343,0.1273192433891782,9,,
bert-base,16,7,82.86099865047234,83.53576248313091,616628712,3.124557750835489e-05,0.0034513704362397,0.1561211818590782,3,,
bert-base,16,8,77.7327935222672,78.40755735492577,93280656,8.866172508603366e-06,0.0364227387823687,0.0244732259865159,10,,
bert-base,16,9,76.24831309041835,76.24831309041835,1572915895,5.8153665546174445e-06,4.620496037834086e-05,0.0115965266339393,7,,
bert-base,16,10,82.5910931174089,85.15519568151147,857817510,4.4439565271799806e-05,0.002307667395189,0.1138993104286468,6,,
bert-base,16,11,81.37651821862349,83.40080971659918,683875046,7.724270408285412e-05,0.0016054649267738,0.12438897062921,6,,
bert-base,16,12,78.5425101214575,78.5425101214575,1172168696,5.4772916714643935e-06,7.266555746089176e-05,0.1394328215354936,7,,
bert-base,16,13,80.02699055330635,79.48717948717949,379408713,2.0172389064552005e-05,0.0060918967382563,0.1971561775623233,3,,
bert-base,16,14,80.29689608636977,83.26585695006747,1635561991,4.205607244519747e-05,0.0591804150068629,0.0248377510552253,3,,
bert-base,16,15,79.48717948717949,79.21727395411605,1977902822,1.940329283534245e-05,1.4307268301692446e-05,0.0822897121931344,2,,
bert-base,16,16,78.27260458839406,80.97165991902834,1394889605,1.0901145843999708e-05,0.0010223175637552,0.0587090157959774,10,,
bert-base,16,17,83.40080971659918,83.13090418353576,1583521719,5.266100103100561e-05,0.0123397604056728,0.0699057375141342,10,,
bert-base,16,18,81.10661268556005,81.91632928475033,1266691864,3.062637991405389e-05,0.0758210155818757,0.1301019666451706,9,,
bert-base,16,19,82.86099865047234,82.32118758434548,322743437,5.4133049769317694e-05,0.0311715159508104,0.1420338144538594,6,,
bert-base,16,20,82.18623481781377,82.32118758434548,783752259,2.488610103560105e-05,0.0076038776665147,0.0307342243099399,4,,
bert-base,16,21,83.26585695006747,83.94062078272604,1270483611,8.044732458478082e-05,0.056243916057605,0.0045639038576861,2,,
bert-base,16,22,83.94062078272604,81.24156545209176,1606533703,4.44100677664131e-05,0.0005950568557625,0.1497041059383185,3,,
bert-base,16,23,81.64642375168691,82.99595141700405,485052610,9.570780029010754e-05,0.0010422474714188,0.1632283109913451,3,,
bert-base,16,24,76.24831309041835,76.38326585695006,1020866908,9.110744556130608e-05,0.0002175194384936,0.0025048400701146,9,,
bert-base,16,25,79.21727395411605,78.67746288798921,2134384847,5.977164119765687e-06,0.0048701903445074,0.1429471799808075,7,,
bert-base,16,26,80.43184885290148,83.53576248313091,827629093,5.5540522993314326e-05,1.3820806811239032e-05,0.1491836013684205,4,,
bert-base,16,27,82.45614035087719,82.32118758434548,136021663,7.415491993688778e-05,0.0001323747600496,0.019210106019295,10,,
bert-base,16,28,83.53576248313091,83.13090418353576,2024429655,3.110165639092728e-05,0.0007519026528408,0.0366774572573466,3,,
bert-base,16,29,75.7085020242915,76.38326585695006,1113100322,8.153469662276951e-06,3.2952507830642235e-05,0.1081543639101524,6,,
bert-base,17,0,81.02493074792244,83.12586445366529,2118991503,8.688401833781234e-05,2.9078739049571163e-05,0.1250163000142342,2,,
bert-base,17,1,77.70083102493075,78.42323651452283,2039447426,9.13716776975689e-06,0.0013384651720457,0.0282926119579937,10,,
bert-base,17,2,77.28531855955679,79.25311203319502,592525325,1.0318583768953796e-05,0.0087122866502568,0.1746795721903493,4,,
bert-base,17,3,78.80886426592798,81.18948824343015,2054896167,3.370973894260871e-05,0.0007477755206635,0.0640665494702102,3,,
bert-base,17,4,68.42105263157895,70.2627939142462,1569047694,7.107457083983372e-06,0.0026346217943983,0.0190563920287827,2,,
bert-base,17,5,82.27146814404432,83.67911479944675,838118346,9.117931466973496e-05,1.3856828085739029e-05,0.1773554866631827,3,,
bert-base,17,6,78.39335180055402,80.91286307053942,1423632587,4.488078307049347e-05,1.9690172622021183e-05,0.1345017331120178,2,,
bert-base,17,7,80.19390581717451,82.29598893499309,229982017,1.911046762157039e-05,0.0440967799115587,0.1323358524531252,8,,
bert-base,17,8,81.85595567867036,85.06224066390041,790164110,6.448682046222643e-05,5.0043263023377264e-05,0.0479664539399336,4,,
bert-base,17,9,81.4404432132964,85.20055325034578,551488325,8.467406010071807e-05,0.0008587153723641,0.1214723769553989,7,,
bert-base,17,10,76.59279778393352,79.25311203319502,1926386887,1.0039005003820934e-05,2.047414834968922e-05,0.0692708742043184,4,,
bert-base,17,11,79.6398891966759,82.84923928077455,388396330,7.790450903609838e-05,0.0024603186773103,0.1856984115192161,6,,
bert-base,17,12,76.73130193905817,79.11479944674966,1794672765,1.0384829051636425e-05,0.0015561595456627,0.1165919516890258,5,,
bert-base,17,13,81.57894736842105,82.01936376210236,2007698380,5.618173592209487e-05,0.0153963396301445,0.16575791639111,6,,
bert-base,17,14,77.8393351800554,82.43430152143846,16129239,9.3282912055009e-05,0.0316551297077829,0.1234035266053606,2,,
bert-base,17,15,79.6398891966759,82.43430152143846,235635005,3.7007695338688666e-05,1.2348365654539571e-05,0.1739213580187722,7,,
bert-base,17,16,77.97783933518005,82.71092669432919,286973555,8.700208137988373e-05,8.521941970751065e-05,0.0445238175554639,3,,
bert-base,17,17,76.17728531855956,80.22130013831259,624959557,1.5250219257407906e-05,1.87667805615863e-05,0.0314072202478978,3,,
bert-base,17,18,75.48476454293629,76.07192254495159,579886481,1.0874458825162984e-05,1.501614212391979e-05,0.1073875653312,7,,
bert-base,17,19,78.39335180055402,82.29598893499309,343285880,1.2626489113854611e-05,1.0109230546516942e-05,0.0709995982321521,7,,
bert-base,17,20,76.59279778393352,79.11479944674966,1183609773,2.8357672869261336e-05,5.475435057999896e-05,0.0307909110996621,3,,
bert-base,17,21,79.08587257617728,82.84923928077455,1309386557,8.325680809070552e-05,1.9327386566525744e-05,0.0267412126370922,2,,
bert-base,17,22,78.80886426592798,80.35961272475795,357822604,1.0174070006607978e-05,0.0001796518644142,0.1941184735588008,10,,
bert-base,17,23,79.91689750692521,82.43430152143846,552909388,1.2774644276356664e-05,5.699836335077946e-05,0.0206184367726925,8,,
bert-base,17,24,78.67036011080333,81.74273858921161,236656917,2.8685926762151027e-05,0.0059293932268459,0.0299477113773869,6,,
bert-base,17,25,80.05540166204986,83.40248962655602,1828802898,2.2404823170292222e-05,0.0019820250185131,0.0019863835556508,5,,
bert-base,17,26,80.05540166204986,82.98755186721992,294366718,2.4899443885320017e-05,1.3133842502616313e-05,0.0081103405846932,9,,
bert-base,17,27,75.90027700831025,78.5615491009682,722958612,5.700559299476639e-06,0.0798260746995925,0.1361518858620246,10,,
bert-base,17,28,76.45429362880887,78.00829875518673,1545168238,8.548991259389496e-06,1.7288099503156136e-05,0.1709981080028231,6,,
bert-base,17,29,76.73130193905817,78.69986168741356,1537320680,2.0975900195558684e-05,0.0001545236080179,0.1638764070780568,8,,
bert-base,18,0,83.18122555410692,82.94270833333333,3141508,2.2947808408689263e-05,3.474519591830728e-05,0.03493943293503,8,,
bert-base,18,1,79.40026075619296,81.51041666666667,653831383,1.769098437216457e-05,0.0013597830183746,0.087965964523539,2,,
bert-base,18,2,82.00782268578878,82.68229166666667,2094893961,1.64539278686049e-05,0.0008888547931753,0.0439041144314333,10,,
bert-base,18,3,79.92177314211213,83.33333333333333,1192515144,1.411808558534416e-05,0.0011164213840835,0.1271197027746878,10,,
bert-base,18,4,83.70273794002608,82.16145833333333,1077961852,5.759033551333019e-05,0.0002108795963901,0.1075680535962061,10,,
bert-base,18,5,82.79009126466754,81.77083333333333,429161979,6.763389743046079e-05,0.0103224077054401,0.0950972744237028,3,,
bert-base,18,6,72.49022164276401,75.390625,1470199688,5.488375532593764e-06,0.0166498269929348,0.101007710424709,2,,
bert-base,18,7,80.96479791395046,81.25,1632444421,9.723718286879857e-06,0.0002521830741342,0.0196959127067043,9,,
bert-base,18,8,79.00912646675359,80.33854166666667,1082231406,8.603798862860962e-06,0.0060626343970073,0.1915852813295658,6,,
bert-base,18,9,81.7470664928292,81.38020833333333,1071708034,8.07859271617439e-05,3.9029204636981895e-05,0.1170669829106148,9,,
bert-base,18,10,82.65971316818775,81.90104166666667,1248710269,3.967981137382061e-05,0.0259186314190373,0.0575312368231961,5,,
bert-base,18,11,80.70404172099087,82.8125,1462593970,1.738153919859761e-05,0.0021796190184779,0.0649863219414674,4,,
bert-base,18,12,76.66232073011734,77.99479166666667,2122071484,7.050321763854572e-06,0.0028488613298358,0.1633904055633034,3,,
bert-base,18,13,80.96479791395046,81.77083333333333,1694415357,7.83221770148409e-05,9.542741716228744e-05,0.1460278752145825,8,,
bert-base,18,14,82.26857887874837,83.33333333333333,394781125,8.660393690536355e-05,9.716456768531571e-05,0.0768033584516957,4,,
bert-base,18,15,82.39895697522816,81.77083333333333,1231733940,2.342152548468157e-05,9.528071348068637e-05,0.0803004809875772,10,,
bert-base,18,16,84.22425032594523,82.94270833333333,1017790078,3.5381102604461296e-05,0.0247050023151061,0.116778411887566,10,,
bert-base,18,17,82.13820078226858,82.421875,1971783448,1.84559481727822e-05,0.0126370720455312,0.1732874223953353,7,,
bert-base,18,18,79.26988265971316,81.51041666666667,1229918466,5.636736689836455e-06,0.0005713805789419,0.0458101775186358,9,,
bert-base,18,19,79.79139504563233,80.98958333333333,645166613,9.728084575220803e-06,0.0216391343189699,0.1880967540256908,7,,
bert-base,18,20,74.1851368970013,77.734375,1491884728,5.834691082888645e-06,0.0009899012870573,0.0617610130857388,4,,
bert-base,18,21,81.48631029986961,81.25,1906395811,9.50474972373267e-06,0.0117886179591812,0.0207240605237009,8,,
bert-base,18,22,80.05215123859192,81.77083333333333,515754592,2.463575091613e-05,0.0868389699501515,0.1316881575044114,8,,
bert-base,18,23,78.8787483702738,79.94791666666667,730141481,4.47032997275175e-05,0.001527539314306,0.0239437296751631,7,,
bert-base,18,24,80.4432855280313,82.03125,706025822,2.07586317763448e-05,0.0063357786103902,0.1927040118046054,6,,
bert-base,18,25,73.66362451108213,76.171875,1539199004,5.681221368856091e-06,0.0005302580490003,0.1401427532174704,2,,
bert-base,18,26,82.13820078226858,82.29166666666667,2084394673,7.427598371244842e-05,0.0422574319131736,0.1312038103778012,8,,
bert-base,18,27,82.26857887874837,82.55208333333333,677410023,2.4924024482297144e-05,3.936829131350683e-05,0.1337005490027772,10,,
bert-base,18,28,81.22555410691004,81.51041666666667,1433177731,1.0953078039968612e-05,0.0043675300639612,0.0970416011108294,9,,
bert-base,18,29,76.79269882659713,78.90625,779126644,1.6896795918638097e-05,0.000733341751464,0.0985909222207776,2,,
bert-base,19,0,83.17631224764469,83.46774193548387,1759139840,6.2265860974375e-05,1.821471239749316e-05,0.0909982561965826,5,,
bert-base,19,1,77.65814266487214,75.94086021505376,218142789,1.219086550083813e-05,0.0077006167000285,0.0675886571001187,2,,
bert-base,19,2,80.08075370121131,80.91397849462365,491170015,4.579195558837064e-05,0.034894156283959,0.1496378593522163,7,,
bert-base,19,3,78.73485868102289,78.49462365591398,1440101212,7.898822438369349e-06,7.501633539083982e-05,0.1159178066452934,10,,
bert-base,19,4,78.86944818304173,76.88172043010752,528641824,1.4457865462980804e-05,0.0004666750845918,0.1272594394702454,7,,
bert-base,19,5,79.40780619111709,79.56989247311827,875376949,2.3230329773350316e-05,0.0027134594337885,0.0441703262987231,7,,
bert-base,19,6,83.84925975773889,81.45161290322581,695229425,5.187850821737504e-05,0.0018315020650488,0.0678257888856209,4,,
bert-base,19,7,80.75370121130551,78.76344086021506,1708588037,2.166943851117557e-05,0.0142778465901829,0.0095156650469175,4,,
bert-base,19,8,81.42664872139973,80.91397849462365,225190586,9.608124987093065e-05,0.0041991892189706,0.1322556106280457,4,,
bert-base,19,9,77.5235531628533,77.41935483870968,124128415,1.1623611538474073e-05,0.0003154827569741,0.1511212772381531,8,,
bert-base,19,10,74.96635262449529,72.71505376344086,2082588090,7.333629321134918e-06,5.3320514843533926e-05,0.1086857974177943,2,,
bert-base,19,11,77.65814266487214,75.80645161290323,1965277319,5.385094624556926e-06,0.0011167813793058,0.0823759400976976,7,,
bert-base,19,12,78.19650067294751,77.28494623655914,184188452,9.690094063456404e-06,0.0002535592923313,0.0163087944285017,5,,
bert-base,19,13,81.69582772543741,79.70430107526882,1379107286,1.8765595180981005e-05,0.0010199200224196,0.0290911491017956,9,,
bert-base,19,14,81.69582772543741,78.36021505376344,323610265,1.7081341897153155e-05,1.469217693870283e-05,0.1052524165865501,8,,
bert-base,19,15,81.69582772543741,79.83870967741936,935906675,3.4374883024661177e-05,0.0011375920453806,0.055939821744306,6,,
bert-base,19,16,81.42664872139973,81.18279569892474,1348660703,6.998714526039874e-05,0.001199539736819,0.0212257456453858,5,,
bert-base,19,17,82.36877523553163,80.64516129032258,1387939406,5.7498835036678175e-05,2.124676914080418e-05,0.0805598533998647,6,,
bert-base,19,18,81.69582772543741,80.77956989247312,552967632,4.866016951507752e-05,0.0019663506972605,0.1363911112041355,2,,
bert-base,19,19,78.19650067294751,77.95698924731182,2132340350,8.826933405381956e-06,1.0528834815791295e-05,0.1385430187135718,10,,
bert-base,19,20,81.69582772543741,78.76344086021506,1639198021,3.541882272354032e-05,0.0169921930604188,0.1786167022849513,4,,
bert-base,19,21,76.04306864064603,74.59677419354838,1371985711,5.726092279997363e-06,0.0009698159333293,0.0086460476519965,5,,
bert-base,19,22,77.38896366083445,76.20967741935483,1808783362,1.157548886891188e-05,4.870663696831946e-05,0.1472145915064857,6,,
bert-base,19,23,79.94616419919247,79.83870967741936,1162024305,5.4083127141505e-05,0.0089160665987397,0.103189312643939,6,,
bert-base,19,24,81.83041722745625,79.56989247311827,1534143915,7.012809541523697e-05,0.0288611022949482,0.0569833368640417,5,,
bert-base,19,25,78.19650067294751,75.94086021505376,248261751,6.74013911531693e-06,0.0634419379184063,0.0456995540861094,4,,
bert-base,19,26,74.96635262449529,73.79032258064517,169404141,8.582892242449624e-06,0.0003987476490933,0.0989321066406833,2,,
bert-base,19,27,80.88829071332437,81.85483870967742,921891042,4.489643025403721e-05,0.0826921968284811,0.0856561841846605,5,,
bert-base,19,28,72.1399730820996,69.08602150537635,831568706,6.066279428196362e-06,0.0288204510387117,0.0560752232609062,2,,
bert-base,19,29,80.88829071332437,78.89784946236558,1280030686,5.120493059714141e-05,0.0584336367133794,0.188422485205067,2,,
bert-base,20,0,80.46875,78.93368010403121,1964376934,2.3701794308424263e-05,0.0008196569367795,0.0912983353472457,10,,
bert-base,20,1,81.640625,78.28348504551366,1521088050,5.188411684776398e-06,3.811557305845208e-05,0.0094538053188919,8,,
bert-base,20,2,80.33854166666667,80.49414824447334,571621655,2.624967035542029e-05,1.5445100477884485e-05,0.0713092104355138,2,,
bert-base,20,3,79.296875,78.41352405721716,792191798,5.3804676007517966e-06,0.0007220319469482,0.1802158250903023,7,,
bert-base,20,4,82.421875,81.40442132639792,1590905420,2.7945851969206264e-05,1.03935540273344e-05,0.0599794912884989,2,,
bert-base,20,5,83.984375,84.13524057217165,2121432724,7.720127464246235e-05,3.4879147838071886e-05,0.1642026380363782,3,,
bert-base,20,6,82.421875,81.79453836150846,2060885210,1.2229749083710531e-05,0.0357679403159714,0.0395187349791124,9,,
bert-base,20,7,79.03645833333333,75.68270481144343,2121483597,6.706608823203351e-06,0.003151073920339,0.0296722229200496,6,,
bert-base,20,8,82.55208333333333,82.3146944083225,464342285,2.599871013997926e-05,0.0111585318129203,0.1865840554646338,6,,
bert-base,20,9,83.85416666666667,81.2743823146944,1668375531,2.570630122937878e-05,5.736766761538163e-05,0.0783710666199403,2,,
bert-base,20,10,78.90625,76.85305591677503,446542,9.446026286054234e-06,2.2459155514848093e-05,0.0083030652049536,4,,
bert-base,20,11,81.38020833333333,80.62418725617685,1726673787,1.6326144339224627e-05,9.086813152037418e-05,0.0233526764378803,9,,
bert-base,20,12,82.8125,83.6150845253576,1784832369,8.84001531017167e-05,0.0005830360751781,0.1352964686707425,2,,
bert-base,20,13,81.640625,78.8036410923277,1324454104,1.5176826096098608e-05,0.000706216526934,0.0109557051082668,5,,
bert-base,20,14,81.640625,81.92457737321196,852103223,2.5003902753870892e-05,0.0527880108459201,0.0873979219800773,3,,
bert-base,20,15,80.59895833333333,78.67360208062419,115982361,8.877509250919823e-06,0.0001743750436264,0.0251476527161178,5,,
bert-base,20,16,84.50520833333333,83.87516254876464,980354649,5.2636075001373786e-05,0.0007951721072317,0.0358242293185719,3,,
bert-base,20,17,81.51041666666667,79.9739921976593,1640602122,8.187275750521024e-06,0.0009686387993004,0.1741824585576453,9,,
bert-base,20,18,80.98958333333333,80.23407022106632,189362753,1.1645379373594032e-05,0.000125650455744,0.1484109541112369,10,,
bert-base,20,19,77.34375,77.50325097529259,1621598813,1.7345033323406884e-05,2.9328132703589675e-05,0.07477341875413,2,,
bert-base,20,20,82.68229166666667,82.18465539661898,142945769,1.7714453980860646e-05,5.753229234545004e-05,0.1281897118498774,9,,
bert-base,20,21,83.59375,83.87516254876464,2050184004,4.934172668593728e-05,0.0142033828941011,0.0249878458720933,4,,
bert-base,20,22,85.02604166666667,83.22496749024707,1427401010,2.713510053551889e-05,0.0002808293705897,0.0022920695694168,5,,
bert-base,20,23,83.07291666666667,77.89336801040312,696793428,3.617030869906941e-05,0.0135021749711045,0.1357197612403403,2,,
bert-base,20,24,82.55208333333333,83.09492847854357,931829225,2.892831656620056e-05,1.6342257350103583e-05,0.0239875052917081,7,,
bert-base,20,25,79.55729166666667,77.37321196358907,1754488525,6.716081583646368e-06,0.0139194856591588,0.0395447583372058,5,,
bert-base,20,26,82.8125,82.05461638491548,1060330545,8.98482331556161e-05,5.8021516803593856e-05,0.0063364622673167,4,,
bert-base,20,27,77.60416666666667,76.33289986996098,1859626304,7.287541898193057e-06,0.0002436803126064,0.1120057660034376,3,,
bert-base,20,28,82.8125,81.92457737321196,1607764113,3.105351997872503e-05,5.278515246738166e-05,0.0755950150369234,2,,
bert-base,20,29,80.72916666666667,80.36410923276983,462988022,2.9509621606402996e-05,8.97672858673566e-05,0.0406354943908936,2,,
bert-base,21,0,83.1989247311828,81.45161290322581,1067836407,9.120379524232452e-05,0.0005525955915436,0.1149613411276181,7,,
bert-base,21,1,81.31720430107526,77.15053763440861,1708354995,1.946080406917453e-05,6.238548970011866e-05,0.0139339417836642,8,,
bert-base,21,2,76.34408602150538,75.80645161290323,1452691483,6.604969839556518e-06,0.0007654594202726,0.1283447871327187,3,,
bert-base,21,3,84.54301075268818,81.18279569892474,860439696,5.754371735816694e-05,1.224336646791012e-05,0.0720287186130151,5,,
bert-base,21,4,77.01612903225806,76.34408602150538,572309991,6.730509569534992e-06,1.8652243786299264e-05,0.0514358779674555,6,,
bert-base,21,5,82.25806451612904,81.45161290322581,1463734872,4.2889712061830766e-05,0.0229920268502735,0.0742737069563783,3,,
bert-base,21,6,82.66129032258064,79.3010752688172,43978812,3.36585670044701e-05,2.838968732820237e-05,0.0927277080659034,7,,
bert-base,21,7,78.76344086021506,78.49462365591398,266769699,8.554723030065686e-06,0.0054098911592004,0.0073477998544818,8,,
bert-base,21,8,76.61290322580645,76.34408602150538,529440511,5.161559519666268e-06,0.0012493754359537,0.0339050852210711,4,,
bert-base,21,9,76.34408602150538,75.80645161290323,1021702388,5.118923735934038e-06,0.0002036338908435,0.0270062700823872,7,,
bert-base,21,10,84.40860215053763,80.10752688172043,2002579903,4.0564320862069546e-05,0.069186606038577,0.0663254869159212,5,,
bert-base,21,11,75.40322580645162,73.52150537634408,154009627,6.4727407850162325e-06,1.474256267225089e-05,0.0556485317563167,2,,
bert-base,21,12,83.46774193548387,81.45161290322581,127054254,6.719260527741947e-05,6.763179348357974e-05,0.0751039613719437,2,,
bert-base,21,13,74.86559139784946,75.13440860215054,1702153318,5.174118615695145e-06,0.0001471073690452,0.0312881251214372,4,,
bert-base,21,14,82.79569892473118,78.76344086021506,1034911111,1.5443153864304724e-05,0.0025287550743733,0.1874769030662262,7,,
bert-base,21,15,78.09139784946237,79.3010752688172,427977764,6.460112230419567e-06,0.0075159783394483,0.0652995972832749,8,,
bert-base,21,16,83.73655913978494,82.1236559139785,590768412,4.415497082323597e-05,0.0002555585616777,0.1500515055831854,10,,
bert-base,21,17,84.00537634408602,81.04838709677419,1838942604,8.125070369454898e-05,3.880366980309406e-05,0.1621644484471098,7,,
bert-base,21,18,82.93010752688173,79.70430107526882,86819749,2.7388956865144515e-05,0.0075594448302067,0.0764756721347828,9,,
bert-base,21,19,81.72043010752688,78.49462365591398,1891624309,1.6719659556884355e-05,0.0017188106750376,0.0339771150258356,5,,
bert-base,21,20,82.39247311827957,78.89784946236558,1927782087,2.8907995075142534e-05,0.0002039377349653,0.0308605730844958,10,,
bert-base,21,21,83.33333333333333,77.95698924731182,2059740844,8.463733240782189e-05,0.0020429899547714,0.1483713036877056,9,,
bert-base,21,22,84.2741935483871,82.39247311827957,720758686,6.830899833581937e-05,4.0467421592026505e-05,0.1721086987874924,9,,
bert-base,21,23,81.85483870967742,80.77956989247312,1427146896,2.191392661013589e-05,0.0029786241429756,0.0004476496113485,8,,
bert-base,21,24,77.41935483870968,77.28494623655914,1768066006,1.0272263551821149e-05,0.0423652273257829,0.1585868929910361,8,,
bert-base,21,25,84.2741935483871,81.98924731182795,1099282986,4.9032443128079336e-05,0.0025429027047078,0.143467633339677,8,,
bert-base,21,26,83.1989247311828,80.10752688172043,1256873212,3.3055639088293457e-05,0.0717771485983183,0.0792411370018302,6,,
bert-base,21,27,80.3763440860215,78.49462365591398,659106554,7.834211355804077e-06,3.863825043854387e-05,0.174268189356,9,,
bert-base,21,28,80.51075268817205,76.88172043010752,1026051169,1.9302485148400768e-05,0.000447927881017,0.1905550833909448,3,,
bert-base,21,29,83.1989247311828,79.16666666666667,640601606,1.7242923169304197e-05,0.0808017375697845,0.0127424978565254,7,,
bert-base,22,0,81.75853018372703,78.87139107611549,1437386665,5.202733992974234e-05,0.0002977619313554,0.1077903493939039,5,,
bert-base,22,1,82.93963254593176,78.21522309711285,1023958260,3.888251537594146e-05,0.0001747777791973,0.0864318894728317,3,,
bert-base,22,2,82.93963254593176,76.77165354330708,1908416856,9.971514358941286e-06,1.954237016287494e-05,0.1670824143054725,5,,
bert-base,22,3,82.28346456692914,77.29658792650919,779728870,9.997374295185348e-05,0.0003492612809481,0.1272135254849419,9,,
bert-base,22,4,76.37795275590551,72.57217847769029,1758554696,5.254364117582629e-06,2.365594711225751e-05,0.143642878900406,4,,
bert-base,22,5,81.62729658792651,79.5275590551181,1967096385,4.276502111008962e-05,0.00397270545796,0.1354789412087666,2,,
bert-base,22,6,81.62729658792651,77.95275590551181,1073225862,3.033281411633276e-05,1.7702357739113666e-05,0.0788050461324269,7,,
bert-base,22,7,79.79002624671917,74.01574803149606,2140748715,1.841894673819872e-05,0.0012107822059979,0.1945735619101323,4,,
bert-base,22,8,77.42782152230971,73.49081364829397,1650781696,6.581870246936644e-06,0.0894390575657834,0.1230100795004121,3,,
bert-base,22,9,84.12073490813648,78.87139107611549,546914697,7.446017272715195e-05,1.7583021987432482e-05,0.1245687132681075,3,,
bert-base,22,10,80.05249343832021,76.77165354330708,1019462912,8.87567294829262e-05,0.0011505778789672,0.1714050902138431,7,,
bert-base,22,11,83.98950131233596,80.70866141732283,172792172,9.813828517286606e-05,0.0005954114175608,0.0264553364013614,5,,
bert-base,22,12,79.92125984251969,79.65879265091864,1919278632,9.027655430789886e-05,0.0049503936070164,0.1919783476948034,7,,
bert-base,22,13,78.08398950131233,76.24671916010499,1359027302,1.5028622299535023e-05,0.0002635235947281,0.0112144981119778,5,,
bert-base,22,14,82.67716535433071,79.00262467191601,1613574017,2.7380716168438164e-05,0.0216514293375258,0.0993818806099798,7,,
bert-base,22,15,78.60892388451444,73.75328083989501,429994812,7.235077126593379e-06,0.0091257802050667,0.0496908418000284,6,,
bert-base,22,16,80.5774278215223,76.50918635170603,325080265,2.6909471279513416e-05,1.4652003247464304e-05,0.1420955981836753,2,,
bert-base,22,17,83.46456692913385,79.5275590551181,1476866706,6.918774049086803e-05,1.0509739230018431e-05,0.0348491969882492,7,,
bert-base,22,18,82.28346456692914,77.16535433070867,723928442,2.2749782816840303e-05,1.1384967121333651e-05,0.0319349122366086,8,,
bert-base,22,19,78.08398950131233,74.54068241469817,1058464358,1.182237151275839e-05,0.0053164469152414,0.1258494580593725,2,,
bert-base,22,20,79.5275590551181,77.16535433070867,1517030989,8.392638605236715e-05,9.247598438976e-05,0.0123103892675574,10,,
bert-base,22,21,80.97112860892389,79.00262467191601,1526906908,1.4810954311502013e-05,0.0818800745833259,0.1781213564588142,7,,
bert-base,22,22,82.41469816272966,78.47769028871392,1111300797,1.7286420397277157e-05,0.0322989364232686,0.1525309159452983,9,,
bert-base,22,23,77.29658792650919,75.59055118110236,1265894845,8.815817943021088e-06,0.0001370366552057,0.1731755169938788,3,,
bert-base,22,24,84.7769028871391,79.92125984251969,1239983567,4.3794538460561805e-05,0.0938540690916104,0.0494183079275442,7,,
bert-base,22,25,79.39632545931758,76.24671916010499,461468078,1.0585769150795176e-05,0.0021150390748624,0.1352385443559464,6,,
bert-base,22,26,81.88976377952756,79.13385826771653,301544431,3.353920950558789e-05,0.0696519320829836,0.0733523095237263,10,,
bert-base,22,27,80.70866141732283,76.37795275590551,1715882821,7.358083147487076e-06,0.0002414229694406,0.1881500607505482,7,,
bert-base,22,28,79.00262467191601,75.06561679790026,311885801,7.690587593116824e-06,0.0001433497421245,0.0339891618718643,6,,
bert-base,22,29,76.77165354330708,72.04724409448819,371155158,5.432742916655158e-06,0.0367305001509985,0.1976319901778991,3,,
bert-base,23,0,77.4798927613941,77.4798927613941,1030775612,6.058661102281332e-06,0.0137493825136502,0.1922780199792072,5,,
bert-base,23,1,82.30563002680965,82.171581769437,1731075411,2.698141733454121e-05,0.040980581282359,0.1477767319861829,6,,
bert-base,23,2,80.9651474530831,82.97587131367293,1913596634,1.1074661491497506e-05,0.0467151705144651,0.1633169507514963,6,,
bert-base,23,3,83.6461126005362,82.97587131367293,1590858936,3.862697700775831e-05,0.0001904908352732,0.077836275378417,5,,
bert-base,23,4,82.03753351206434,84.04825737265415,978957991,2.836375924751061e-05,1.894491687891989e-05,0.142634914111199,6,,
bert-base,23,5,81.90348525469169,82.70777479892762,200875042,2.3384011761891976e-05,0.0005095574789973,0.0495474509946858,4,,
bert-base,23,6,83.51206434316354,84.71849865951742,1687887659,4.3336590128684166e-05,3.4577245152354225e-05,0.1462148799678084,5,,
bert-base,23,7,81.23324396782841,80.6970509383378,1908676786,6.749828500627909e-06,0.0066343054075448,0.0791050552196314,8,,
bert-base,23,8,81.50134048257372,81.90348525469169,1165965787,4.031718899197923e-05,9.849691196466588e-05,0.0381340155579204,6,,
bert-base,23,9,81.36729222520107,79.75871313672923,2117081962,1.2521321056053272e-05,0.0001472436906301,0.1164370278809657,4,,
bert-base,23,10,84.58445040214477,82.70777479892762,1650592428,3.395037869716015e-05,0.0041007845679649,0.0957871926063858,5,,
bert-base,23,11,83.10991957104558,83.24396782841823,1713873672,8.054026748867677e-05,0.0001454617140414,0.1486093304309999,2,,
bert-base,23,12,78.28418230563003,80.16085790884719,1566156999,8.597676321832674e-06,0.055662825456534,0.0873910455688419,4,,
bert-base,23,13,81.63538873994638,79.35656836461126,531371573,4.27012976261771e-05,0.0011955401887687,0.0502275351785276,4,,
bert-base,23,14,81.50134048257372,81.76943699731903,393366393,1.573781707169545e-05,0.0040347788413199,0.1848940067592009,9,,
bert-base,23,15,83.51206434316354,84.04825737265415,2011741561,5.5130197632721226e-05,0.0441309318635421,0.0819005778258745,2,,
bert-base,23,16,80.16085790884719,81.50134048257372,2006079938,2.188941688877374e-05,0.0006375486948309,0.0993461660172814,2,,
bert-base,23,17,82.84182305630027,82.03753351206434,241920670,4.83564249501898e-05,0.0053304835374353,0.1615572321621814,9,,
bert-base,23,18,78.01608579088472,79.49061662198392,468190526,5.132584465655091e-06,3.4038430051219464e-05,0.0458683802643388,7,,
bert-base,23,19,82.30563002680965,82.03753351206434,2005570567,5.502477218478447e-05,0.0500805886289823,0.1289439719406921,5,,
bert-base,23,20,82.70777479892762,83.51206434316354,191623558,4.429835839861401e-05,0.0115769514306112,0.095732662980148,3,,
bert-base,23,21,81.63538873994638,80.6970509383378,272618135,2.1426227553645023e-05,0.0339027064998925,0.1414375362760609,3,,
bert-base,23,22,83.10991957104558,81.76943699731903,1335416607,3.085371572050403e-05,1.5917060273695916e-05,0.0627544319086744,3,,
bert-base,23,23,81.50134048257372,80.6970509383378,408605785,9.32089012056262e-06,0.0248093730135725,0.1535070543193356,8,,
bert-base,23,24,82.57372654155496,80.83109919571045,2087096843,4.717295008637241e-05,0.0004392445477942,0.0293067350658057,9,,
bert-base,23,25,82.03753351206434,83.10991957104558,295710915,1.9137257108531253e-05,2.018002025056976e-05,0.0812415208604026,8,,
bert-base,23,26,84.85254691689008,84.04825737265415,1124812398,8.940667073145641e-05,1.6747335647517657e-05,0.0495878460076889,2,,
bert-base,23,27,83.78016085790885,82.171581769437,662328370,2.4047986100575468e-05,6.011972234709577e-05,0.1500083864949868,10,,
bert-base,23,28,82.30563002680965,83.10991957104558,297219477,2.163096760779163e-05,0.000166494125523,0.1639400643365788,8,,
bert-base,23,29,83.24396782841823,85.52278820375335,223854750,3.54229855891719e-05,0.000125562753551,0.0459788992945789,7,,
bert-base,24,0,83.2010582010582,83.46560846560847,109323902,3.8287974059672176e-05,3.5842531534454946e-05,0.0800349758451263,8,,
bert-base,24,1,82.01058201058201,80.95238095238095,129038277,1.813930089689418e-05,6.886969138132313e-05,0.1614057235457252,3,,
bert-base,24,2,81.48148148148148,82.4074074074074,148121180,1.3615234478817856e-05,0.0480832374873184,0.1604538068295574,5,,
bert-base,24,3,77.11640211640211,78.3068783068783,1071489443,7.078558889846696e-06,8.850030148385495e-05,0.1593994534100553,9,,
bert-base,24,4,80.29100529100529,82.53968253968254,1611475086,1.627354240893261e-05,6.606825283483184e-05,0.1684334435019971,10,,
bert-base,24,5,82.80423280423281,82.14285714285714,493758641,4.334548532743684e-05,0.0133641081637762,0.0361036484881115,4,,
bert-base,24,6,82.14285714285714,81.87830687830687,670982576,1.7173960080966195e-05,0.0122398366658978,0.0847502125064254,5,,
bert-base,24,7,84.12698412698413,85.18518518518519,1296829341,8.42607403408539e-05,0.0136958880045211,0.1496176632248572,3,,
bert-base,24,8,80.55555555555556,81.08465608465609,1044122667,1.2211475017364114e-05,1.9068073357198897e-05,0.0811861209390709,5,,
bert-base,24,9,80.68783068783068,82.4074074074074,434425088,5.243495621857144e-05,0.0021512449922065,0.0039069400427744,10,,
bert-base,24,10,80.55555555555556,79.4973544973545,323810063,1.1117738722783205e-05,0.0460436667732809,0.0330137935020829,8,,
bert-base,24,11,80.55555555555556,82.01058201058201,1221301565,6.665545647457758e-05,1.2917760423533417e-05,0.0151871142119724,10,,
bert-base,24,12,81.74603174603175,83.994708994709,89178598,4.0010657793848936e-05,0.0015848569563491,0.0833510250114867,4,,
bert-base,24,13,80.68783068783068,82.01058201058201,1201185127,4.053789574665177e-05,2.9399972075681072e-05,0.1648086070157652,6,,
bert-base,24,14,82.14285714285714,82.01058201058201,557705277,2.111435416554505e-05,0.0945933189926959,0.1025960562469752,10,,
bert-base,24,15,84.12698412698413,84.65608465608466,1374421187,4.552834409011704e-05,0.0028561904283251,0.0568936009204525,6,,
bert-base,24,16,80.15873015873017,81.34920634920636,1016657838,2.2042396006265083e-05,0.0029148279019155,0.1838432243383055,8,,
bert-base,24,17,81.6137566137566,83.46560846560847,181756740,4.292498036830457e-05,0.000106147427955,0.135563572055868,3,,
bert-base,24,18,81.48148148148148,84.25925925925925,335977345,8.128613545195054e-05,0.0045457003560269,0.1012114253307756,6,,
bert-base,24,19,75.7936507936508,77.77777777777777,1654696798,5.608510702878971e-06,5.182557737141638e-05,0.1345183540715375,4,,
bert-base,24,20,79.4973544973545,80.42328042328042,181979607,7.672246261748683e-06,0.0002306176851618,0.133393711174541,7,,
bert-base,24,21,78.17460317460318,80.29100529100529,386645700,1.1359938654350926e-05,0.0023643116167301,0.0587955149136288,8,,
bert-base,24,22,77.64550264550265,79.76190476190476,1227986915,1.4208300311124337e-05,1.2763131395313415e-05,0.081935402629773,2,,
bert-base,24,23,82.01058201058201,82.4074074074074,1300299428,1.505509092082744e-05,0.0004877825493003,0.0914851777042542,7,,
bert-base,24,24,81.87830687830687,84.65608465608466,1878590883,6.627191931531202e-05,1.181687415743342e-05,0.149431673772076,7,,
bert-base,24,25,74.33862433862434,73.54497354497354,1397726169,6.532093767394444e-06,3.1216968223114e-05,0.0579103215187935,3,,
bert-base,24,26,84.52380952380952,83.86243386243386,949751097,5.026021700182826e-05,0.0456849763738183,0.0100212213338116,10,,
bert-base,24,27,82.14285714285714,83.46560846560847,1026694112,1.830848419169433e-05,0.0004793214944847,0.0913374375758469,10,,
bert-base,24,28,81.34920634920636,83.06878306878306,201437262,3.453750272602101e-05,0.0005887045003507,0.1154349431482162,7,,
bert-base,24,29,83.46560846560847,84.52380952380952,1472348005,6.21747727798041e-05,0.0176717620034697,0.0064231428612809,10,,
bert-base,25,0,77.07774798927613,77.07774798927613,1309188201,5.991978957160903e-06,0.0022236360626628,0.1944366260059176,9,,
bert-base,25,1,80.02680965147454,79.62466487935657,423403383,1.5642216301648803e-05,0.000550997225519,0.1788885748594285,10,,
bert-base,25,2,78.55227882037534,80.42895442359249,1500584365,1.4324224823653188e-05,0.0920151068445092,0.052403358471156,4,,
bert-base,25,3,79.49061662198392,79.22252010723861,86043768,1.2526827759295236e-05,7.815017656732265e-05,0.0671738900368662,6,,
bert-base,25,4,80.16085790884719,82.4396782841823,1929776556,1.7129275336095654e-05,0.0001823710805127,0.169436736155481,6,,
bert-base,25,5,76.94369973190348,76.80965147453082,609726867,8.572400283751824e-06,0.0044841253823996,0.1948928185692794,9,,
bert-base,25,6,80.02680965147454,81.09919571045576,577799089,2.8993592307144787e-05,5.68272097076073e-05,0.1405112385536859,7,,
bert-base,25,7,81.76943699731903,82.30563002680965,1172613603,6.216164961666518e-05,0.0018548437180477,0.1405302535095268,10,,
bert-base,25,8,80.83109919571045,81.90348525469169,1743696855,7.094035376330147e-05,8.293225155693305e-05,0.1045239577970091,2,,
bert-base,25,9,83.24396782841823,80.16085790884719,1469078499,8.929284369885482e-05,7.513781037238138e-05,0.1073278269409296,5,,
bert-base,25,10,77.7479892761394,77.4798927613941,1662607284,8.072496496656847e-06,5.701062944018207e-05,0.0996020826596971,4,,
bert-base,25,11,76.94369973190348,74.93297587131367,1270261909,5.333888418052103e-06,0.0004868843289935,0.1366041740875853,5,,
bert-base,25,12,75.06702412868633,73.32439678284182,759250323,6.543614353744653e-06,0.0010665093890337,0.0656443894128278,3,,
bert-base,25,13,80.02680965147454,80.6970509383378,748034567,2.6865116830104972e-05,0.0633061664276568,0.166716193854577,3,,
bert-base,25,14,79.22252010723861,80.16085790884719,1070959284,1.5058375831758612e-05,1.1107083155987164e-05,0.1438957451752856,6,,
bert-base,25,15,81.09919571045576,80.29490616621985,1963182377,3.796507299528125e-05,3.1842084849003126e-05,0.1575257575684506,10,,
bert-base,25,16,76.27345844504022,76.27345844504022,988984581,8.966441449045233e-06,0.0060318176493705,0.1053040774742559,3,,
bert-base,25,17,76.80965147453082,76.13941018766756,2024372584,8.522228323444321e-06,0.0005140608656835,0.0987706833385521,4,,
bert-base,25,18,80.56300268096514,80.42895442359249,1899049726,1.4060462795000789e-05,0.0654456908302621,0.0001288169871277,9,,
bert-base,25,19,76.67560321715818,73.05630026809652,1806588867,5.559008472677668e-06,0.0003585200794673,0.1190275483904552,3,,
bert-base,25,20,81.90348525469169,82.03753351206434,76136475,4.840527358912176e-05,0.0052389548225494,0.1809552004377136,10,,
bert-base,25,21,76.13941018766756,76.00536193029491,1848528325,1.0680396756810695e-05,0.0269108714602169,0.0508908014470573,3,,
bert-base,25,22,82.171581769437,82.171581769437,1253002900,8.373136864358491e-05,4.648245050235005e-05,0.0833384830788011,8,,
bert-base,25,23,76.13941018766756,78.01608579088472,510690414,6.2848801297971e-06,0.0004399632924752,0.0195236471275604,9,,
bert-base,25,24,81.76943699731903,80.56300268096514,1337828722,2.7631001860210943e-05,0.0002383771998287,0.0254166314245456,3,,
bert-base,25,25,76.67560321715818,77.4798927613941,1212175341,6.204812041524403e-06,0.0192393407828195,0.0075570581570549,4,,
bert-base,25,26,82.84182305630027,80.02680965147454,90975877,2.999634762248531e-05,0.0656723858908228,0.1995343537042322,10,,
bert-base,25,27,77.7479892761394,77.7479892761394,1246325373,6.624013795229858e-06,0.0839479461201444,0.0295527953170061,8,,
bert-base,25,28,79.35656836461126,80.9651474530831,863455636,7.25074324143885e-05,0.0112850246189857,0.0728482694558303,2,,
bert-base,25,29,79.89276139410188,78.28418230563003,618701990,8.260094638328446e-05,0.0075157663298873,0.0916023796914079,6,,
bert-base,26,0,78.9261744966443,78.65771812080537,1549965104,1.7932136942297858e-05,0.0169275974896991,0.1312779047680928,10,,
bert-base,26,1,77.71812080536913,78.25503355704699,327503333,5.461967957351759e-06,5.327248477473208e-05,0.1882945717808065,8,,
bert-base,26,2,80.13422818791946,84.02684563758389,428454164,5.389731947421293e-05,8.19276875495806e-05,0.0639503794870055,5,,
bert-base,26,3,79.19463087248322,79.06040268456375,810542668,6.559847201922906e-06,0.0191161800613715,0.0721347042212926,10,,
bert-base,26,4,78.65771812080537,82.41610738255034,1134621062,3.73043992699889e-05,0.0053618794661032,0.1702779599157782,9,,
bert-base,26,5,78.38926174496645,81.74496644295301,263472266,1.7963592576813875e-05,0.0003769758665798,0.0503640975014236,10,,
bert-base,26,6,79.86577181208054,80.80536912751678,100101506,1.213004223330466e-05,0.0006130194755548,0.1681911576494571,5,,
bert-base,26,7,79.59731543624162,81.34228187919463,1412256846,7.801642240679831e-06,2.3340401825400072e-05,0.1676492541246274,8,,
bert-base,26,8,76.51006711409396,77.18120805369128,356484518,5.232764699805628e-06,0.000284843224942,0.0669378559988461,8,,
bert-base,26,9,77.18120805369128,77.31543624161074,477360539,8.336868167359139e-06,8.899314911736108e-05,0.1286898444496718,5,,
bert-base,26,10,81.34228187919463,80.80536912751678,1272698639,8.14575936485373e-05,9.926797200863616e-05,0.1754567443179836,6,,
bert-base,26,11,79.73154362416108,81.47651006711409,800043941,2.807630393790224e-05,0.0222443478553716,0.0797916916487962,8,,
bert-base,26,12,81.0738255033557,82.81879194630872,1415332335,3.70776152646655e-05,0.0007266889302915,0.0693213000872572,4,,
bert-base,26,13,81.20805369127517,83.89261744966443,1622927432,2.7403134627615884e-05,0.0001253868277595,0.1185994837813578,8,,
bert-base,26,14,79.73154362416108,80.13422818791946,847814248,1.8746337912157595e-05,0.0006994470523977,0.0739219101891596,3,,
bert-base,26,15,81.20805369127517,83.6241610738255,1700658572,4.7127023479503855e-05,0.0001759279585325,0.1831477985319608,9,,
bert-base,26,16,77.58389261744966,77.4496644295302,1497329603,5.757285383161585e-06,0.0006213870720771,0.0628869235172107,7,,
bert-base,26,17,79.73154362416108,81.34228187919463,481124463,2.4860012546589096e-05,0.0001879003309477,0.0960845994757689,4,,
bert-base,26,18,78.65771812080537,81.20805369127517,1882974530,2.5412152340975277e-05,0.0622997292199208,0.0394701559217582,7,,
bert-base,26,19,80.26845637583892,80.67114093959732,1486581286,2.802259554186915e-05,0.002205304576303,0.0187360895116415,9,,
bert-base,26,20,81.20805369127517,82.41610738255034,1658562006,2.5805838774606047e-05,0.0005488536399051,0.1435719511239156,10,,
bert-base,26,21,79.59731543624162,81.61073825503355,250995358,2.8131660530706387e-05,0.0328748051897427,0.0983346794620454,4,,
bert-base,26,22,77.98657718120805,81.87919463087249,1539356146,5.847454662641813e-05,0.001510946061446,0.137877244281115,3,,
bert-base,26,23,80.0,78.79194630872483,1571672867,2.499903522914011e-05,0.0152339727459702,0.1100834023228569,5,,
bert-base,26,24,78.79194630872483,78.25503355704699,1873161723,7.224375109383714e-06,1.695906125588334e-05,0.0623348932797573,8,,
bert-base,26,25,78.38926174496645,79.86577181208054,44123763,1.370940284271772e-05,0.000908075855,0.1719281220611905,6,,
bert-base,26,26,73.15436241610739,75.83892617449665,1552069218,6.723684694655545e-06,0.0028957636725847,0.0705791426016484,3,,
bert-base,26,27,81.0738255033557,83.75838926174497,1046942294,9.414865922870496e-05,0.0330893303952382,0.1371746828019411,8,,
bert-base,26,28,76.24161073825503,77.18120805369128,2050028017,6.516431942143443e-06,0.0251925067019737,0.1477072598714199,8,,
bert-base,26,29,79.59731543624162,81.47651006711409,1008027280,2.4617782104133815e-05,0.0006608136991845,0.046159737619516,2,,
bert-base,27,0,73.6,73.86666666666666,214986497,7.146157812887912e-06,2.52820182836864e-05,0.1163408543634256,2,,
bert-base,27,1,78.26666666666667,80.53333333333333,325944190,2.0037997822797656e-05,0.0084554991764889,0.0562384182153302,4,,
bert-base,27,2,71.46666666666667,74.4,1943379211,5.302437959887869e-06,0.0507548233150693,0.1319664917260376,2,,
bert-base,27,3,78.53333333333333,80.26666666666667,1268639162,1.146225662359598e-05,2.067354584232742e-05,0.1283991934602375,8,,
bert-base,27,4,79.6,81.73333333333333,1749997453,6.965359104202289e-05,0.0001365247306548,0.0680842828380486,9,,
bert-base,27,5,77.86666666666666,80.26666666666667,1556203915,1.0992271748270876e-05,0.0037669169847752,0.0894082554117303,8,,
bert-base,27,6,82.0,81.86666666666666,837991783,1.9793949066980764e-05,0.0001204019984183,0.0961063335908157,10,,
bert-base,27,7,81.46666666666667,81.6,1514908037,1.8322161127341174e-05,2.6770881053555125e-05,0.1861734364779458,10,,
bert-base,27,8,79.6,80.93333333333334,492852831,2.2754956662355832e-05,0.0005618407285096,0.1171167561822711,10,,
bert-base,27,9,81.73333333333333,80.93333333333334,1653025339,5.099139927095375e-05,1.7459754252788648e-05,0.1751577248990421,10,,
bert-base,27,10,77.33333333333333,77.6,171219757,1.0658836053681322e-05,1.0576111949981042e-05,0.036466940674977,8,,
bert-base,27,11,81.73333333333333,82.26666666666667,1088254852,2.5488232559275792e-05,0.0008296382551847,0.1301298423718901,6,,
bert-base,27,12,80.26666666666667,79.46666666666667,1959236789,8.939872845509762e-05,0.003075279732292,0.1925725028535714,4,,
bert-base,27,13,76.26666666666667,74.8,1720238421,1.0735909371211875e-05,0.0009113051311289,0.0327760423203792,3,,
bert-base,27,14,81.73333333333333,81.86666666666666,1209101066,7.92032389596919e-05,3.619108653450313e-05,0.0071580078737448,2,,
bert-base,27,15,78.4,80.4,1117127803,2.1131870115199023e-05,0.0001073016097837,0.0996289648399453,9,,
bert-base,27,16,73.46666666666667,72.4,1402816464,5.199076977148701e-06,2.11051809507518e-05,0.1780522302701979,2,,
bert-base,27,17,80.53333333333333,80.0,1025187962,9.551059985851497e-06,0.0008586468774349,0.0990094903970475,8,,
bert-base,27,18,77.73333333333333,75.6,1600450420,7.571819469358444e-06,0.0047583370785968,0.1952456806587743,7,,
bert-base,27,19,81.46666666666667,80.4,695369556,3.053738466489853e-05,0.0792791218797978,0.1292652500389323,9,,
bert-base,27,20,78.66666666666667,77.06666666666666,1044260591,6.409752006431488e-06,0.068907010947959,0.095428032857338,4,,
bert-base,27,21,82.13333333333334,83.06666666666666,1591501507,2.800165501223384e-05,0.0072537394885817,0.145905049476797,8,,
bert-base,27,22,78.13333333333334,79.6,2097656198,1.120980922315601e-05,5.158878384222237e-05,0.1387749060914063,9,,
bert-base,27,23,81.2,79.73333333333333,1868843061,3.443574802651742e-05,0.0179275446914947,0.0476947117562867,6,,
bert-base,27,24,80.13333333333334,79.33333333333333,346305633,2.0883728979515112e-05,0.0002269599454429,0.0693302893664969,8,,
bert-base,27,25,78.66666666666667,78.26666666666667,2125592455,7.619275051772571e-06,1.195717124192524e-05,0.199017622756928,4,,
bert-base,27,26,81.6,81.46666666666667,1078595810,6.368225429024296e-05,0.0005288932014325,0.1599656357387155,10,,
bert-base,27,27,74.66666666666667,74.26666666666667,734914508,8.789304112477036e-06,0.0004681911824516,0.0659793970046289,2,,
bert-base,27,28,82.66666666666667,79.86666666666666,453598519,4.589175111659086e-05,7.367368327781265e-05,0.1775748092580538,10,,
bert-base,27,29,77.73333333333333,79.06666666666666,638260244,1.144768191315124e-05,0.0229523768892241,0.1164017028316928,8,,
bert-base,28,0,75.3315649867374,73.07692307692308,716666494,6.335761379679677e-06,0.0432034936867257,0.0392813935602797,3,,
bert-base,28,1,78.38196286472149,77.85145888594164,911907028,2.5116577786154785e-05,1.5129334202129894e-05,0.1722171093110853,9,,
bert-base,28,2,82.62599469496021,81.6976127320955,1968524910,3.766113704478576e-05,0.0669697707804149,0.1515636568742847,6,,
bert-base,28,3,71.61803713527851,72.28116710875332,221082591,6.799518759587478e-06,0.0012500648117266,0.0671095493701999,2,,
bert-base,28,4,82.75862068965517,79.70822281167109,1408817490,8.370157039506614e-05,0.0012351175460824,0.1589764103923657,5,,
bert-base,28,5,83.42175066312997,81.16710875331565,213843832,5.964357037042884e-05,0.0003617021348512,0.0711816351750029,6,,
bert-base,28,6,77.3209549071618,77.3209549071618,1794470652,3.0095278805579944e-05,7.48798108592283e-05,0.0157350138210865,4,,
bert-base,28,7,82.49336870026525,80.23872679045093,1537332240,8.13573852947329e-05,0.0117986758697202,0.1546737204950116,3,,
bert-base,28,8,81.29973474801061,78.91246684350132,351984205,2.6580033754366025e-05,0.0187141653114876,0.0475514570201569,5,,
bert-base,28,9,78.24933687002653,80.10610079575596,1020713133,8.541980140534746e-06,0.0913123458948854,0.1832609687013312,8,,
bert-base,28,10,79.3103448275862,80.50397877984085,953788410,3.154772335385571e-05,0.0001262271054822,0.0403819582738812,4,,
bert-base,28,11,76.79045092838196,77.45358090185677,295286551,1.2474682743179808e-05,0.0100865608393602,0.1248913181798199,4,,
bert-base,28,12,81.03448275862068,81.16710875331565,515396491,2.5287801979495603e-05,0.000412818525045,0.0549510137838377,3,,
bert-base,28,13,82.36074270557029,80.76923076923077,1652206503,8.450979630517691e-05,0.0781122289142685,0.0181796368383036,2,,
bert-base,28,14,79.973474801061,78.77984084880637,1757614127,1.5521336991015553e-05,0.0015496829336133,0.1555051852688798,6,,
bert-base,28,15,80.76923076923077,82.36074270557029,186730107,4.291384675189783e-05,8.83283834523648e-05,0.0498283581189168,6,,
bert-base,28,16,79.17771883289124,80.23872679045093,619085250,2.1443779789893465e-05,0.0015393582733144,0.195975320138486,6,,
bert-base,28,17,79.57559681697613,80.10610079575596,1133564883,2.064349357853905e-05,0.0006225605651661,0.1938161872985343,3,,
bert-base,28,18,77.45358090185677,81.96286472148542,806008138,1.0668041719112387e-05,0.0116799235541111,0.0677367401172906,8,,
bert-base,28,19,81.29973474801061,80.23872679045093,220230316,4.3911707644968034e-05,8.287846983491045e-05,0.1227238631843211,10,,
bert-base,28,20,76.52519893899205,77.45358090185677,2133071043,1.4937715336765304e-05,0.0027741009587875,0.1652881697880883,3,,
bert-base,28,21,77.05570291777188,75.86206896551724,965739024,6.990339993367468e-06,3.330580582184557e-05,0.0302343429289668,5,,
bert-base,28,22,75.3315649867374,76.92307692307692,248237447,7.580094408378296e-06,7.540721498811404e-05,0.0926864979076551,6,,
bert-base,28,23,81.6976127320955,80.50397877984085,1267843574,6.335199106649146e-05,0.0001028007664438,0.1236860497574349,2,,
bert-base,28,24,81.6976127320955,80.50397877984085,962566489,6.697593027162329e-05,0.0024994131830794,0.1717614936227225,3,,
bert-base,28,25,77.58620689655173,77.05570291777188,1841913350,2.8158615589319764e-05,0.0306239146757724,0.0992848958569136,8,,
bert-base,28,26,83.0238726790451,81.6976127320955,1391459258,5.37528585183493e-05,0.002800439008179,0.0065139513987262,5,,
bert-base,28,27,76.39257294429709,78.24933687002653,1877366213,6.719991598623801e-06,0.0008296005071622,0.1067650378549168,9,,
bert-base,28,28,80.63660477453581,81.96286472148542,1743490894,4.840551607345641e-05,3.070123579803338e-05,0.1272277926879293,8,,
bert-base,28,29,83.0238726790451,83.15649867374005,1722710832,2.844686676897088e-05,0.0714678368605019,0.0490211963923217,7,,
bert-base,29,0,81.39841688654353,81.2664907651715,1550500866,4.733857093881585e-05,0.0723238168050265,0.1315751468191738,7,,
bert-base,29,1,80.47493403693932,80.60686015831135,1273092939,2.981512958032152e-05,0.0031943688053914,0.1802702860199668,3,,
bert-base,29,2,82.18997361477572,81.79419525065963,288687206,7.832669093979481e-05,5.1909841371167765e-05,0.0087060784277096,4,,
bert-base,29,3,79.55145118733509,79.02374670184696,507847171,1.4968102042526757e-05,6.481429348270908e-05,0.1348823893122404,5,,
bert-base,29,4,82.84960422163589,82.58575197889182,1558127905,4.6889409806938416e-05,2.6669123668603185e-05,0.0716889597607108,4,,
bert-base,29,5,84.1688654353562,81.00263852242745,1264163132,8.172742459564632e-05,9.9331015204309e-05,0.1254848169649156,5,,
bert-base,29,6,84.43271767810026,82.18997361477572,488758578,8.847254176163125e-05,0.0001464864492428,0.0968755240698889,8,,
bert-base,29,7,81.92612137203166,80.60686015831135,627733811,9.507861387689477e-05,0.0003864086629897,0.1519542545411355,3,,
bert-base,29,8,83.50923482849605,81.39841688654353,1484351995,4.860312264752583e-05,0.0141483293018748,0.1063667823711392,7,,
bert-base,29,9,82.84960422163589,80.60686015831135,1577823062,8.770069416663745e-05,0.0001510180800694,0.0891675988218536,10,,
bert-base,29,10,78.23218997361478,79.68337730870712,1362662853,4.3669595474269176e-05,0.0043085449346109,0.0604969615638888,2,,
bert-base,29,11,81.53034300791556,79.55145118733509,283350441,7.522396487536936e-06,0.0710423835118295,0.1835985571569002,10,,
bert-base,29,12,82.05804749340369,81.92612137203166,162063926,7.904753023405303e-05,0.0001504710496836,0.191765614782752,8,,
bert-base,29,13,82.98153034300792,81.00263852242745,138639065,2.6588431625497463e-05,0.0342468339115057,0.1596398467936249,4,,
bert-base,29,14,85.22427440633246,83.37730870712402,1584574888,4.246768121960033e-05,5.6555590454261015e-05,0.1258349296489268,4,,
bert-base,29,15,83.11345646437995,80.21108179419525,452740219,2.727543602067168e-05,0.0086886217282965,0.0245180768166055,4,,
bert-base,29,16,80.34300791556728,79.81530343007915,219546557,2.852011613451889e-05,8.213999614853777e-05,0.120067673762222,9,,
bert-base,29,17,81.92612137203166,79.68337730870712,479454126,3.77516011832017e-05,0.0109348382986158,0.1890057842165251,7,,
bert-base,29,18,79.28759894459102,78.89182058047493,342617506,1.2658409799045753e-05,0.0181401616907068,0.1102053360809953,8,,
bert-base,29,19,76.2532981530343,75.19788918205805,1833085790,8.978611748820288e-06,0.0016107193166764,0.1283638225908594,3,,
bert-base,29,20,78.89182058047493,77.17678100263852,265893669,8.041832309379554e-06,0.037165753347629,0.0047206883077498,8,,
bert-base,29,21,80.21108179419525,80.34300791556728,770815622,9.464128563460464e-05,0.0017517608612946,0.1960286056529333,6,,
bert-base,29,22,80.21108179419525,79.81530343007915,1157313219,1.1042004953871892e-05,0.0295379218906338,0.0459329539824238,9,,
bert-base,29,23,81.53034300791556,79.28759894459102,19149926,1.521554722115904e-05,0.0580679297792443,0.0163063135691392,5,,
bert-base,29,24,81.39841688654353,80.73878627968338,1279632409,5.1660248881772325e-05,0.0704816899884475,0.0724143977030789,4,,
bert-base,29,25,81.92612137203166,81.00263852242745,497483765,3.7347749720128014e-05,0.0219552270816298,0.1365158267280308,6,,
bert-base,29,26,83.24538258575198,81.00263852242745,42389825,1.2102233901496672e-05,0.0021267830313241,0.0516602585864116,7,,
bert-base,29,27,82.71767810026385,81.39841688654353,1020773664,8.591904337488634e-05,0.0014689230379383,0.0204326508811373,4,,
bert-base,29,28,79.81530343007915,75.72559366754618,155095775,5.636494823832456e-06,0.0001280459072104,0.0255399294160934,5,,
bert-base,29,29,82.18997361477572,78.10026385224275,1706454640,1.4064754632692589e-05,0.046603771585948,0.0573941050525868,5,,
xlnet-base,0,0,85.24374176548089,82.76315789473684,1494163137,2.4033606014249865e-05,1.246696743199595e-05,0.0430107659037731,7,,
xlnet-base,0,1,85.5072463768116,82.23684210526316,262816864,4.9584103496653445e-05,0.0233231338766689,0.0231666899433758,6,,
xlnet-base,0,2,85.90250329380764,83.28947368421052,1416493033,4.92723924073196e-05,0.0001680189463972,0.1491501120506663,9,,
xlnet-base,0,3,82.08168642951252,83.42105263157895,411524388,1.0686649403204675e-05,8.456197946595918e-05,0.0608522249708795,2,,
xlnet-base,0,4,84.7167325428195,83.6842105263158,1048085514,8.279614083967397e-05,0.004592678534686,0.1919892981295382,4,,
xlnet-base,0,5,86.56126482213439,83.15789473684211,2606292,2.704005016372172e-05,0.0001875552905326,0.1806787050958767,6,,
xlnet-base,0,6,86.56126482213439,82.63157894736842,1841285938,4.655821249657117e-05,0.0031541291822753,0.18382790905113,3,,
xlnet-base,0,7,85.90250329380764,83.55263157894737,1772159221,7.168687383468333e-06,0.0184624257645825,0.0940874421515646,7,,
xlnet-base,0,8,84.84848484848484,83.28947368421052,437072369,3.180197321631747e-05,0.0001208249916119,0.0409541806663117,10,,
xlnet-base,0,9,86.29776021080369,82.89473684210526,1807824948,4.829489105110279e-05,0.0027462958503218,0.1201098757845737,7,,
xlnet-base,0,10,84.7167325428195,84.34210526315789,764624294,7.131328641363045e-06,0.0001580716660807,0.1115984790472952,8,,
xlnet-base,0,11,84.9802371541502,81.84210526315789,474309363,5.365377485594636e-05,1.5633646764732063e-05,0.1781581204154637,9,,
xlnet-base,0,12,84.18972332015811,81.57894736842105,480912354,6.708313528852907e-05,0.0063180188379099,0.1971124036833654,4,,
xlnet-base,0,13,86.56126482213439,85.13157894736842,518744819,2.320048664539767e-05,0.0121924558481611,0.0630879750417943,10,,
xlnet-base,0,14,83.79446640316206,81.1842105263158,1829785622,6.903144338087025e-05,1.016501698639914e-05,0.0414602295029802,2,,
xlnet-base,0,15,85.11198945981555,83.42105263157895,222860234,1.3812820750277828e-05,0.0087565944268338,0.0730501840853692,7,,
xlnet-base,0,16,85.5072463768116,83.55263157894737,1564845949,5.390017727273917e-05,0.0631166691217116,0.0282784124870614,9,,
xlnet-base,0,17,84.58498023715416,82.5,682910691,7.193387488970771e-05,0.011917969976909,0.1743009894277472,6,,
xlnet-base,0,18,83.9262187088274,82.76315789473684,257146475,6.541940380207445e-06,0.0142030348338824,0.0127376348979177,5,,
xlnet-base,0,19,83.79446640316206,83.28947368421052,1113543828,2.3684486996779324e-05,0.0009742370654494,0.1184927952812783,2,,
xlnet-base,0,20,86.82476943346508,84.21052631578948,1095713926,1.775836717094281e-05,0.0157474140433192,0.0956881890054665,5,,
xlnet-base,0,21,84.9802371541502,81.84210526315789,1854011829,9.4120597443045e-05,5.01776857200959e-05,0.066801411675815,6,,
xlnet-base,0,22,85.90250329380764,82.5,432404734,2.94812166765963e-05,1.3812611508530511e-05,0.1563356219558233,6,,
xlnet-base,0,23,85.90250329380764,79.73684210526316,1480209071,8.24399423199542e-05,0.0004455139885188,0.0378890306800327,8,,
xlnet-base,0,24,83.79446640316206,80.78947368421052,808928298,7.99653684363674e-05,0.0027562713722107,0.1925318030772525,4,,
xlnet-base,0,25,84.05797101449275,82.63157894736842,426953535,2.4195629169436112e-05,0.001411439857699,0.0421029997947313,4,,
xlnet-base,0,26,85.5072463768116,83.02631578947368,435662015,1.848235235738697e-05,0.0677361920722642,0.1141899847975916,8,,
xlnet-base,0,27,83.9262187088274,83.6842105263158,1933884898,2.717567029244273e-05,0.0112560302461568,0.0215685798152471,4,,
xlnet-base,0,28,85.37549407114625,83.55263157894737,1710075512,8.975447610501337e-06,0.000116140811748,0.0290713852042602,8,,
xlnet-base,0,29,84.32147562582345,83.02631578947368,7848303,6.794313569555155e-06,0.0115202944230874,0.1642260191939929,6,,
xlnet-base,1,0,86.05577689243027,86.18857901726427,1173873548,1.7426644633655384e-05,0.0062276396256838,0.1338363126485449,8,,
xlnet-base,1,1,84.86055776892431,83.79814077025232,701295220,1.4831328852443948e-05,0.0010377842016315,0.1434845244871135,4,,
xlnet-base,1,2,84.32934926958832,86.58698539176626,381861271,2.016703578406988e-05,0.0001980560241593,0.0642764439629334,9,,
xlnet-base,1,3,82.86852589641434,84.32934926958832,1071918801,1.5916903461965605e-05,3.782908562104431e-05,0.0961566408589167,5,,
xlnet-base,1,4,85.52456839309428,86.18857901726427,812509474,6.625807334660479e-05,1.4909328936303845e-05,0.0988988195971049,4,,
xlnet-base,1,5,85.1261620185923,86.98539176626826,1963624359,6.062148717145623e-06,0.0043586596361287,0.0535595801082045,10,,
xlnet-base,1,6,82.86852589641434,84.06374501992032,1267242482,6.334597018854499e-05,0.0939153338750552,0.0447736494523204,7,,
xlnet-base,1,7,81.93891102257636,83.13413014608234,1504710204,5.6638243289511045e-06,0.048977322734767,0.1050909752555873,7,,
xlnet-base,1,8,85.92297476759629,84.9933598937583,1051768470,7.082864587834185e-05,1.0998764371785666e-05,0.0472659182594552,9,,
xlnet-base,1,9,83.53253652058433,84.86055776892431,1820725445,5.340677577593175e-05,1.502164346978338e-05,0.0062156396993827,8,,
xlnet-base,1,10,85.1261620185923,86.05577689243027,1415965314,4.221630630576917e-05,0.0592007142719802,0.0390214465246883,7,,
xlnet-base,1,11,83.53253652058433,85.52456839309428,1393453399,5.9735720503328986e-05,0.0060427998994689,0.1412098775099979,5,,
xlnet-base,1,12,83.26693227091633,84.32934926958832,500437304,9.52933672267779e-06,2.7055162510695535e-05,0.0559861863301499,5,,
xlnet-base,1,13,84.72775564409031,85.52456839309428,1368901412,1.1448934224450791e-05,0.0047389181916822,0.1835348094686328,6,,
xlnet-base,1,14,85.2589641434263,87.64940239043824,1618651457,2.3343242463549757e-05,0.0004796915043118,0.1574239160656257,8,,
xlnet-base,1,15,84.59495351925631,85.52456839309428,2146962144,7.747071881106659e-05,0.0090838492335124,0.1074161811192015,3,,
xlnet-base,1,16,83.39973439575033,85.1261620185923,577581725,5.436067269325374e-05,1.1985439741007963e-05,0.1282705139080654,6,,
xlnet-base,1,17,84.72775564409031,85.2589641434263,1429728885,2.9121010296326903e-05,0.0955683775975064,0.0409780479892211,3,,
xlnet-base,1,18,82.07171314741036,82.33731739707835,1576695731,8.947790890125422e-06,0.0007781889975113,0.0589888954483718,3,,
xlnet-base,1,19,83.26693227091633,84.86055776892431,1612207764,2.5551624411866013e-05,0.0001228125349407,0.0205035162822078,2,,
xlnet-base,1,20,82.60292164674635,84.59495351925631,1627290216,6.531885553633165e-06,0.0910540410333753,0.1141334793553141,9,,
xlnet-base,1,21,85.3917662682603,86.98539176626826,1923552043,2.059548855833956e-05,0.0016186596734269,0.0610000689818535,9,,
xlnet-base,1,22,83.39973439575033,81.80610889774236,1774090405,7.943683065861982e-06,0.0005762083913517,0.1057480729594718,4,,
xlnet-base,1,23,83.93094289508632,86.32138114209828,204836881,4.911970930175354e-05,0.0097305004483174,0.0087174187860826,10,,
xlnet-base,1,24,80.2124833997344,81.80610889774236,2004816124,1.1518495148851954e-05,0.0011456162576312,0.0864210323468189,2,,
xlnet-base,1,25,83.79814077025232,84.86055776892431,783421066,6.517734122041614e-05,1.2425206660692848e-05,0.0021462952437538,9,,
xlnet-base,1,26,84.32934926958832,86.58698539176626,1165527112,3.251121944993947e-05,0.0009796263769284,0.074436369292629,3,,
xlnet-base,1,27,82.07171314741036,84.32934926958832,900835482,6.39970488722706e-06,0.0002554425495089,0.0181611966133949,8,,
xlnet-base,1,28,84.59495351925631,86.45418326693228,2081720883,4.550847961628661e-05,0.0002727154783306,0.104216971090737,9,,
xlnet-base,1,29,85.1261620185923,86.71978751660026,1426476938,3.238382564545242e-05,0.000923252133249,0.1201211622214804,9,,
xlnet-base,2,0,84.4532279314888,81.94993412384717,1647766611,9.445088793044688e-05,0.0045938745188248,0.0412346712322552,2,,
xlnet-base,2,1,83.13570487483531,80.63241106719367,164951678,1.5184939441208414e-05,0.0009945212776265,0.1336954638876393,4,,
xlnet-base,2,2,85.90250329380764,81.94993412384717,36732195,3.826791206776249e-05,0.0005548743292006,0.0210340854250291,10,,
xlnet-base,2,3,84.4532279314888,82.74044795783927,2049480077,6.183780793552801e-05,6.0746294881269147e-05,0.0427634712280124,8,,
xlnet-base,2,4,83.26745718050066,81.29117259552042,703132960,1.2000036554250348e-05,2.9733272760108704e-05,0.1059321244890258,2,,
xlnet-base,2,5,83.9262187088274,83.13570487483531,2124052778,3.878302795452398e-05,2.367705414089112e-05,0.0819880485024809,3,,
xlnet-base,2,6,85.63899868247694,83.00395256916995,1228324373,3.513600468958833e-05,0.0040090907038793,0.1430755822582609,2,,
xlnet-base,2,7,84.4532279314888,81.15942028985508,2115583245,8.758801390393622e-06,1.5475172506073686e-05,0.1722293037252854,6,,
xlnet-base,2,8,82.87220026350461,82.21343873517786,1884407289,1.1413280561866797e-05,2.450523736388732e-05,0.0244752259303413,5,,
xlnet-base,2,9,84.05797101449275,82.47694334650856,1588376828,7.359165362190245e-05,0.0034907068620511,0.1396599463561895,5,,
xlnet-base,2,10,84.9802371541502,79.18313570487483,1152655292,9.74763428763861e-05,0.0902519963625753,0.0626397890372348,7,,
xlnet-base,2,11,82.6086956521739,81.55467720685112,487430942,8.623682821255659e-05,7.629273625812552e-05,0.0300058474694567,10,,
xlnet-base,2,12,84.05797101449275,80.36890645586298,547256086,1.2922821737860263e-05,0.0373780615287366,0.1831995471981162,4,,
xlnet-base,2,13,83.53096179183136,81.29117259552042,93176297,8.814027588989458e-05,1.2882537221778056e-05,0.1367563619348498,3,,
xlnet-base,2,14,84.7167325428195,80.50065876152833,1389945518,1.391782112114056e-05,1.3236024767335784e-05,0.1167052222168074,6,,
xlnet-base,2,15,84.58498023715416,81.94993412384717,1573116804,2.7562224623242324e-05,0.064640536501079,0.024621107637823,10,,
xlnet-base,2,16,83.53096179183136,82.74044795783927,630894830,1.6727295620445743e-05,0.0007158456289208,0.1674683807402952,6,,
xlnet-base,2,17,84.4532279314888,82.08168642951252,1868035749,1.3918902128932404e-05,2.301085681106829e-05,0.0583125817776257,7,,
xlnet-base,2,18,84.58498023715416,83.13570487483531,1696085799,2.7912186249434976e-05,0.0022350853179397,0.1772671638594159,3,,
xlnet-base,2,19,83.79446640316206,82.08168642951252,669659977,1.6504870786218323e-05,1.3733845352748464e-05,0.1754887289273187,5,,
xlnet-base,2,20,84.32147562582345,81.81818181818181,1244183777,2.37797286917118e-05,0.0002099435248534,0.078031745192699,8,,
xlnet-base,2,21,85.24374176548089,80.50065876152833,1413447295,6.707575599186478e-05,9.088970681567046e-05,0.034166055803067,7,,
xlnet-base,2,22,85.7707509881423,80.76416337285903,1814576079,8.813170146584387e-05,9.130620916834834e-05,0.0259204666246427,4,,
xlnet-base,2,23,81.81818181818181,80.50065876152833,931836256,6.075389707183952e-06,1.0783715128098904e-05,0.1873808474568156,5,,
xlnet-base,2,24,84.58498023715416,82.47694334650856,1838279014,1.634583834276544e-05,0.0025735085983964,0.1212848237408458,7,,
xlnet-base,2,25,84.7167325428195,82.21343873517786,609531035,2.974272973989477e-05,0.0188097910661621,0.1878547010909866,8,,
xlnet-base,2,26,85.90250329380764,81.02766798418972,327708979,1.8353461067255825e-05,7.947254767823416e-05,0.1007565057228158,8,,
xlnet-base,2,27,85.37549407114625,82.08168642951252,1146593840,2.605200593736348e-05,0.0002900143018352,0.0906284310597974,6,,
xlnet-base,2,28,83.26745718050066,80.63241106719367,1604028775,7.068188401414357e-05,0.0016785241218011,0.0032400858256195,3,,
xlnet-base,2,29,85.7707509881423,83.53096179183136,380290197,3.152611513898504e-05,0.0030795157810272,0.0830494509618021,6,,
xlnet-base,3,0,85.44973544973546,83.86243386243386,1541013498,1.5629482004683334e-05,0.0578851150391801,0.139795790034726,6,,
xlnet-base,3,1,84.92063492063492,84.52380952380952,1662614832,1.61221492755361e-05,0.0003061556637953,0.008278574960142,6,,
xlnet-base,3,2,85.97883597883597,84.52380952380952,229448581,3.607035488531094e-05,0.0053679045041388,0.0313189977326756,3,,
xlnet-base,3,3,84.12698412698413,83.86243386243386,1824414295,3.005624668870069e-05,1.2569201479390766e-05,0.1328375872613021,3,,
xlnet-base,3,4,85.71428571428571,85.31746031746032,1160784839,1.8414989162796648e-05,0.0005396841706379,0.1353492700512648,6,,
xlnet-base,3,5,87.56613756613757,83.86243386243386,897237167,1.046199578403993e-05,1.4624885414417514e-05,0.116704641971902,8,,
xlnet-base,3,6,85.97883597883597,84.12698412698413,121070562,3.118422907637521e-05,0.0650595041133719,0.1045653516843578,6,,
xlnet-base,3,7,85.31746031746032,84.25925925925925,9308932,6.31617933459714e-05,0.0003206143901359,0.1911351287253439,3,,
xlnet-base,3,8,86.11111111111111,85.31746031746032,1387809343,3.645597316744619e-05,0.0029403871805291,0.0843837629128935,6,,
xlnet-base,3,9,85.58201058201058,83.994708994709,236497155,2.9944016246335308e-05,0.0538484590304175,0.0020414747763382,9,,
xlnet-base,3,10,86.11111111111111,84.78835978835978,1187230992,7.517989384797741e-06,0.0004399339369497,0.1104851185250607,7,,
xlnet-base,3,11,83.994708994709,83.33333333333333,1910822356,5.640151260099136e-06,0.022408512127878,0.1149084939405954,5,,
xlnet-base,3,12,84.52380952380952,82.4074074074074,807813412,8.494796020813207e-06,0.0001335114410942,0.10862664536268,3,,
xlnet-base,3,13,86.64021164021165,83.86243386243386,1945777237,1.2968803491560326e-05,0.0748983589740688,0.1235201535587333,4,,
xlnet-base,3,14,86.5079365079365,84.65608465608466,916648954,1.8016826240872492e-05,0.0186482342452446,0.1703333179690564,8,,
xlnet-base,3,15,82.14285714285714,84.52380952380952,1023697170,9.081563598693726e-05,0.0030083602772094,0.0983565099062161,4,,
xlnet-base,3,16,85.31746031746032,83.994708994709,953439958,7.773093473859468e-06,2.60428811784932e-05,0.1317078943482887,7,,
xlnet-base,3,17,84.12698412698413,82.93650793650794,1900747192,6.222091295734995e-05,2.2464967611219512e-05,0.0832204786127231,10,,
xlnet-base,3,18,85.31746031746032,83.33333333333333,1468796704,3.511753984369228e-05,0.078038600263771,0.0515138522780241,9,,
xlnet-base,3,19,85.31746031746032,82.14285714285714,706771565,7.945739146045102e-05,0.0016017533033436,0.1364562846510029,8,,
xlnet-base,3,20,85.44973544973546,83.73015873015873,794831662,4.483257773979044e-05,0.0001259163363872,0.1251134765429634,7,,
xlnet-base,3,21,85.18518518518519,83.5978835978836,1297581847,6.230592297060273e-06,0.0008839129474157,0.1983998717430941,7,,
xlnet-base,3,22,88.0952380952381,85.44973544973546,615736001,1.361360390604862e-05,0.0140111730330521,0.0854480044446523,10,,
xlnet-base,3,23,84.52380952380952,84.39153439153439,621738588,9.681552085741948e-05,0.0094684831948418,0.1713018181876636,3,,
xlnet-base,3,24,86.24338624338624,82.93650793650794,1392266366,6.562381334435698e-05,0.0003094521614077,0.0497046618815024,7,,
xlnet-base,3,25,84.65608465608466,83.994708994709,738106434,5.138293851864431e-05,0.0008620977991012,0.0907105309589006,9,,
xlnet-base,3,26,79.62962962962963,75.13227513227513,2095675481,6.989987643972098e-06,3.1521558575344634e-05,0.0561175789173216,2,,
xlnet-base,3,27,85.05291005291005,82.67195767195767,82154145,2.263832427363655e-05,0.0004384983624035,0.0081579468767097,2,,
xlnet-base,3,28,84.92063492063492,85.31746031746032,684037812,1.4367189049998522e-05,0.0027855675897206,0.0056702883448731,4,,
xlnet-base,3,29,86.37566137566138,84.39153439153439,1836703645,1.4426074569278412e-05,1.1224567138773212e-05,0.049211868471806,5,,
xlnet-base,4,0,83.1989247311828,83.46774193548387,1558260652,9.52533444253288e-06,0.0591450008979415,0.1552189826454079,5,,
xlnet-base,4,1,85.34946236559139,86.02150537634408,811452738,5.76188157937134e-05,0.0054027573647205,0.0874730865806087,9,,
xlnet-base,4,2,84.2741935483871,86.15591397849462,390627304,3.790761940935391e-05,7.745388912441634e-05,0.12196936440484,3,,
xlnet-base,4,3,83.60215053763442,86.02150537634408,2044886434,1.3720112625981548e-05,0.0072080776036444,0.1489483953778106,10,,
xlnet-base,4,4,85.61827956989248,85.48387096774194,1850641275,2.1358614631187208e-05,6.583241855964005e-05,0.1105274805475346,7,,
xlnet-base,4,5,83.46774193548387,84.81182795698925,1159162888,6.852116087047313e-06,0.0035940583778466,0.1908458122556449,9,,
xlnet-base,4,6,83.33333333333333,83.60215053763442,1015622571,7.536948368492449e-06,4.48817581821368e-05,0.1459978644370535,5,,
xlnet-base,4,7,85.34946236559139,85.61827956989248,443776560,2.884362122076857e-05,0.0435838810295696,0.0043110975771432,6,,
xlnet-base,4,8,82.66129032258064,83.46774193548387,1615311733,1.824875364563984e-05,1.693845954459154e-05,0.1272420673986304,2,,
xlnet-base,4,9,83.60215053763442,83.60215053763442,978583654,2.639609840072973e-05,0.0209589780076374,0.1573761218520111,3,,
xlnet-base,4,10,81.98924731182795,82.39247311827957,375142989,5.1107553693538e-06,0.0140219816138158,0.0284942372842905,4,,
xlnet-base,4,11,83.73655913978494,84.40860215053763,87075948,9.708812735676093e-06,0.0968199672218233,0.1141489675437232,7,,
xlnet-base,4,12,84.2741935483871,85.08064516129032,636559238,2.31968394764459e-05,0.0778406974369675,0.0681070439622666,3,,
xlnet-base,4,13,84.40860215053763,85.75268817204301,1001175254,3.079051319581024e-05,0.0021039573623774,0.1156247654948122,7,,
xlnet-base,4,14,83.06451612903226,84.00537634408602,591392264,7.4151208559168415e-06,0.0568959253232849,0.0367632644345225,5,,
xlnet-base,4,15,84.54301075268818,84.94623655913979,1998373240,8.438581735471685e-05,0.0017610475164239,0.0736150398442281,2,,
xlnet-base,4,16,83.1989247311828,85.61827956989248,1528370384,5.285624471250765e-05,0.000361605055492,0.0310477161342921,7,,
xlnet-base,4,17,81.58602150537635,84.00537634408602,1868279953,9.75642922963964e-05,0.0001840277228899,0.0151372943867189,7,,
xlnet-base,4,18,83.06451612903226,85.08064516129032,900476880,9.378728263775146e-05,1.1324921789300875e-05,0.0008159700102803,4,,
xlnet-base,4,19,83.06451612903226,83.06451612903226,1481058964,1.1723994645714212e-05,2.416355072056681e-05,0.0782060773592739,4,,
xlnet-base,4,20,80.77956989247312,79.56989247311827,945391667,6.293884559813775e-06,1.801994609186529e-05,0.1759755777385508,2,,
xlnet-base,4,21,81.98924731182795,82.93010752688173,1067113049,6.94986292860778e-05,0.0041584870326682,0.0846851889172253,8,,
xlnet-base,4,22,83.33333333333333,84.54301075268818,286243406,5.574092148768281e-05,0.0070233474065744,0.1349446647438562,10,,
xlnet-base,4,23,83.87096774193549,85.08064516129032,978252990,1.592610137635698e-05,0.0001869947969537,0.194419298471901,6,,
xlnet-base,4,24,83.87096774193549,85.48387096774194,1477939434,1.3897722154173531e-05,0.0001941813689424,0.1779063523351305,8,,
xlnet-base,4,25,84.13978494623656,84.40860215053763,2144456095,1.711587057880376e-05,0.0076695277997761,0.0815682470224082,4,,
xlnet-base,4,26,82.79569892473118,82.93010752688173,1360767430,8.33254407082035e-06,5.662072184980285e-05,0.1518073244645591,4,,
xlnet-base,4,27,84.2741935483871,85.21505376344086,1476274115,3.341484938531909e-05,1.1682885105613182e-05,0.0677848463155309,10,,
xlnet-base,4,28,84.13978494623656,84.40860215053763,109696437,4.300180390107696e-05,4.545565984671865e-05,0.0546121865159586,4,,
xlnet-base,4,29,84.13978494623656,84.94623655913979,2077867806,3.727547552238898e-05,0.0146195918735448,0.1816432435956386,8,,
xlnet-base,5,0,87.36559139784946,81.87919463087249,2128177804,5.928817388325659e-06,0.0002653823236631,0.0129714069350654,6,,
xlnet-base,5,1,88.30645161290323,82.81879194630872,159748932,2.383625987101852e-05,0.0005865738261166,0.1743737212734142,5,,
xlnet-base,5,2,85.75268817204301,81.20805369127517,440000376,5.046285456301633e-06,0.0001859020126002,0.1103814497615657,8,,
xlnet-base,5,3,87.90322580645162,82.28187919463087,2065008334,1.2378313582352546e-05,0.0002388346384187,0.0215367727594495,8,,
xlnet-base,5,4,82.66129032258064,77.31543624161074,1647793213,8.659127423535387e-06,4.264837145503402e-05,0.0773315766005269,2,,
xlnet-base,5,5,88.44086021505376,82.41610738255034,1831237855,1.719232587957415e-05,1.868261240667717e-05,0.1307691662492868,9,,
xlnet-base,5,6,86.29032258064517,80.67114093959732,1214002976,6.21713698224575e-06,6.116636149800004e-05,0.1698465589935747,3,,
xlnet-base,5,7,88.70967741935483,82.5503355704698,1342006282,3.127100567518791e-05,0.0002189722678283,0.1029323316032422,6,,
xlnet-base,5,8,87.36559139784946,82.28187919463087,2046813025,1.4902718230835233e-05,0.0563564493494111,0.0664986884532634,3,,
xlnet-base,5,9,82.39247311827957,80.0,1617552596,7.716091364741912e-06,0.0063397414760776,0.1461816627177164,2,,
xlnet-base,5,10,87.5,82.14765100671141,1845574968,2.1743714443923145e-05,0.0492097845114625,0.1553024599615647,10,,
xlnet-base,5,11,86.4247311827957,83.48993288590604,1011785829,5.433795165209003e-05,0.0010759837310485,0.1779977564399813,7,,
xlnet-base,5,12,87.09677419354838,83.75838926174497,1603223791,2.163554192980913e-05,2.5036863602450967e-05,0.128677286014091,8,,
xlnet-base,5,13,86.29032258064517,82.95302013422818,1841169987,1.232635476147662e-05,2.951913475952193e-05,0.060435230651093,6,,
xlnet-base,5,14,86.4247311827957,84.83221476510067,1786909642,4.4150250706735e-05,0.0607062482938058,0.0761721458635836,6,,
xlnet-base,5,15,87.23118279569893,79.86577181208054,1958503581,1.663545550495811e-05,2.750988075181787e-05,0.1393268146071505,2,,
xlnet-base,5,16,87.76881720430107,83.22147651006712,910150713,2.0677899825844192e-05,9.95450244041078e-05,0.1159146458586918,10,,
xlnet-base,5,17,87.36559139784946,80.13422818791946,1379308433,7.158602594200699e-06,3.03077596618722e-05,0.0022086748822499,4,,
xlnet-base,5,18,87.90322580645162,83.75838926174497,1757194815,5.059253177918555e-05,0.0005503166158324,0.0399842090459252,2,,
xlnet-base,5,19,86.96236559139786,83.75838926174497,1819906398,1.57520155070356e-05,0.0067759351695867,0.0045406635198867,7,,
xlnet-base,5,20,85.21505376344086,81.20805369127517,1976563155,7.202575438793017e-06,0.0038829219823597,0.1662840389381626,3,,
xlnet-base,5,21,87.63440860215054,85.23489932885906,2102979805,3.813079366861542e-05,0.0014661095224619,0.1468734112908717,8,,
xlnet-base,5,22,87.23118279569893,80.93959731543625,1427699661,5.81129793904543e-06,0.0001301408356841,0.1043089688395233,6,,
xlnet-base,5,23,71.90860215053763,67.38255033557047,169394329,8.617168126056186e-05,0.0280685504318508,0.0020633866846197,8,,
xlnet-base,5,24,86.82795698924731,83.48993288590604,1222682361,3.909472727298253e-05,0.0152172524273954,0.1901908458224362,8,,
xlnet-base,5,25,88.17204301075269,82.14765100671141,765692260,1.0618621777698858e-05,8.810338778614515e-05,0.1773797954351272,8,,
xlnet-base,5,26,88.70967741935483,84.16107382550335,431788427,4.656667703418388e-05,0.0021717277437613,0.1869865942297301,9,,
xlnet-base,5,27,86.82795698924731,83.75838926174497,270646071,5.107982951865977e-05,1.3810767179037516e-05,0.181982492897247,4,,
xlnet-base,5,28,84.54301075268818,79.06040268456375,1301164787,2.1114314173436952e-05,0.000321812542798,0.1697853949834946,2,,
xlnet-base,5,29,87.09677419354838,82.01342281879195,1755424911,2.2930514051997244e-05,0.000569305822826,0.062888614017652,10,,
xlnet-base,6,0,85.23936170212765,83.66533864541833,319647294,1.55526730463479e-05,0.0096153358502466,0.0858544386775546,4,,
xlnet-base,6,1,86.0372340425532,83.93094289508632,1377026885,1.0732556786293291e-05,0.0289363785667654,0.165442537709864,10,,
xlnet-base,6,2,86.43617021276596,85.79017264276229,1349310334,2.9685914939126985e-05,0.0017363622393421,0.1708493509501983,8,,
xlnet-base,6,3,86.43617021276596,84.59495351925631,791664911,9.279861535520856e-06,0.0735552004972453,0.0431684012960316,10,,
xlnet-base,6,4,86.43617021276596,85.65737051792829,1617764483,4.402850386459649e-05,0.0004268307303197,0.1357672870893572,4,,
xlnet-base,6,5,84.17553191489361,83.39973439575033,947015065,8.674861191088224e-05,0.0067912784830628,0.1226605159100658,7,,
xlnet-base,6,6,84.30851063829788,83.66533864541833,472465752,8.11109015375554e-06,0.0039360631439974,0.1801095980065334,7,,
xlnet-base,6,7,86.83510638297872,85.2589641434263,1934696641,1.597894292290028e-05,0.0002143117552792,0.0057128162217199,10,,
xlnet-base,6,8,85.23936170212765,81.67330677290836,614295861,8.232569267643578e-06,2.340261155653953e-05,0.0275351210070796,5,,
xlnet-base,6,9,84.17553191489361,83.26693227091633,1977740832,4.2627123952963416e-05,0.0421604475528232,0.1420916187316738,2,,
xlnet-base,6,10,84.17553191489361,83.00132802124834,909663583,9.245546635295748e-06,0.0012801356952929,0.0702413401482801,5,,
xlnet-base,6,11,83.77659574468085,86.05577689243027,1563122840,7.094148783659733e-05,0.0021459841833605,0.1906983565939781,3,,
xlnet-base,6,12,84.57446808510639,83.39973439575033,1943201442,9.145813137112114e-06,0.0039701613854052,0.1697583494545355,5,,
xlnet-base,6,13,85.37234042553192,85.52456839309428,1831949886,1.446568700055294e-05,0.0001153685989302,0.1840904471505801,10,,
xlnet-base,6,14,84.70744680851064,82.73572377158034,1881251214,1.2945100507565872e-05,0.0001429259704278,0.1387900307513338,4,,
xlnet-base,6,15,85.90425531914893,85.3917662682603,107390363,1.3929940370958812e-05,0.000183813472036,0.0231118081440538,9,,
xlnet-base,6,16,83.90957446808511,84.32934926958832,1450780888,5.308619950422161e-05,0.0002299163705721,0.0282185350510429,9,,
xlnet-base,6,17,84.70744680851064,84.9933598937583,1232262465,3.138866069120577e-05,0.0099399954153793,0.1685401306551977,9,,
xlnet-base,6,18,84.97340425531915,84.06374501992032,324919182,7.091687647072384e-05,0.012996514418335,0.152918891342168,3,,
xlnet-base,6,19,86.70212765957447,85.2589641434263,1369484167,3.6774667200815325e-05,0.0444109954132096,0.1885567608101596,7,,
xlnet-base,6,20,82.57978723404256,83.93094289508632,1966094958,9.081542458736276e-05,0.0274270952842785,0.0691002565698516,8,,
xlnet-base,6,21,85.23936170212765,82.60292164674635,869408984,7.01997832820087e-06,0.0048513663038792,0.0495260434367301,10,,
xlnet-base,6,22,76.4627659574468,77.42363877822045,1968827281,5.5901430121811175e-06,0.0160289873746334,0.1242464004673261,2,,
xlnet-base,6,23,83.51063829787235,83.93094289508632,1469072341,9.240238517449878e-05,0.0292547699508623,0.0841613257752001,8,,
xlnet-base,6,24,84.57446808510639,84.72775564409031,165230244,6.691961088243341e-05,1.9320353092561728e-05,0.1733696361697389,6,,
xlnet-base,6,25,83.37765957446808,84.72775564409031,1804306893,2.44667551740746e-05,0.0035076945536802,0.0032859961875556,2,,
xlnet-base,6,26,83.24468085106383,85.1261620185923,460850209,9.82642230969175e-05,0.0137279606612319,0.142972548973618,10,,
xlnet-base,6,27,86.0372340425532,83.53253652058433,1898674691,5.968170842777462e-06,0.0001208123816587,0.1462891353562265,10,,
xlnet-base,6,28,84.57446808510639,84.19654714475432,213368758,6.788876034217828e-05,2.480561997503985e-05,0.0880900400396132,3,,
xlnet-base,6,29,85.23936170212765,84.59495351925631,775070839,3.806374523083662e-05,2.713229414713689e-05,0.066042457612883,2,,
xlnet-base,7,0,83.09492847854357,84.65539661898569,1851555765,9.82938684718864e-06,0.0019189009170736,0.0902351935732933,5,,
xlnet-base,7,1,84.00520156046814,84.91547464239272,1085255772,1.2517071544225651e-05,4.271476832986793e-05,0.049897799456019,10,,
xlnet-base,7,2,78.28348504551366,81.92457737321196,470623542,6.0745880690619954e-05,2.138980209179127e-05,0.0104730447248531,3,,
xlnet-base,7,3,85.56566970091028,83.35500650195058,1221000206,5.137516688261362e-05,0.0196595347874773,0.0966700678159983,6,,
xlnet-base,7,4,84.91547464239272,85.69570871261378,722360822,3.190391423947197e-05,0.0010946583874076,0.067967168302932,10,,
xlnet-base,7,5,82.05461638491548,84.00520156046814,14539528,5.770275226232022e-06,0.0022728142456232,0.016018467670683,7,,
xlnet-base,7,6,83.09492847854357,84.91547464239272,2035984467,6.474617555023681e-06,0.0008045730807604,0.1167537822504355,8,,
xlnet-base,7,7,84.39531859557867,85.43563068920676,1459750971,2.366067564211845e-05,0.0017212494204476,0.0281004098195188,9,,
xlnet-base,7,8,82.44473342002601,81.79453836150846,689513992,7.013182291461968e-06,0.0013704092824976,0.0790569959624404,5,,
xlnet-base,7,9,82.70481144343303,85.8257477243173,940208560,8.682631342221906e-06,0.0004338348570273,0.0136126640121282,9,,
xlnet-base,7,10,83.6150845253576,86.86605981794538,1591071461,1.516098939831409e-05,0.0292065130792275,0.0416915077018957,6,,
xlnet-base,7,11,80.23407022106632,82.83485045513655,368446697,6.284950952071781e-06,4.482064617288785e-05,0.045113365594245,3,,
xlnet-base,7,12,82.18465539661898,82.57477243172951,1719593009,1.06208012602545e-05,0.0175650899464222,0.1817079118384863,3,,
xlnet-base,7,13,84.78543563068921,85.43563068920676,153731014,3.1987087373583565e-05,6.488985419464524e-05,0.1032783619967857,8,,
xlnet-base,7,14,83.6150845253576,85.17555266579974,1610650762,2.880302448839841e-05,0.0010205394114171,0.0654675825339813,9,,
xlnet-base,7,15,84.52535760728219,85.56566970091028,2073661364,6.283819593145725e-05,2.3687168936287128e-05,0.0700510168028382,3,,
xlnet-base,7,16,83.4850455136541,84.65539661898569,586935042,3.8276982534691605e-05,0.0460750729173578,0.1965172832080113,10,,
xlnet-base,7,17,83.6150845253576,84.78543563068921,1050491408,6.703906803566829e-05,0.0605056835440161,0.1860696738981279,8,,
xlnet-base,7,18,82.05461638491548,84.00520156046814,490509666,7.10831981852691e-06,0.0035932919557825,0.1298670206296192,6,,
xlnet-base,7,19,82.83485045513655,84.65539661898569,570581676,1.941290947469361e-05,5.832524906791651e-05,0.0206008913201778,3,,
xlnet-base,7,20,84.26527958387516,84.78543563068921,2104980166,1.266921817220904e-05,2.56457064013936e-05,0.09759937440186,10,,
xlnet-base,7,21,83.74512353706112,85.17555266579974,88324378,8.767496416534806e-06,1.2880878405399935e-05,0.0809729873450747,8,,
xlnet-base,7,22,77.89336801040312,78.54356306892068,2059177821,5.724386874264637e-06,0.0090304421748865,0.0693361555368029,2,,
xlnet-base,7,23,82.05461638491548,82.05461638491548,1509658986,7.477605759049833e-06,0.0002271553182667,0.191791914534652,3,,
xlnet-base,7,24,82.83485045513655,83.4850455136541,196665882,8.681566809314648e-05,0.0033055138407758,0.1561885687232381,4,,
xlnet-base,7,25,83.6150845253576,85.30559167750324,1902077255,1.978561117245441e-05,1.244462476105098e-05,0.0633070752174368,10,,
xlnet-base,7,26,83.87516254876464,86.34590377113133,2027887654,3.542523984667932e-05,0.0174325714891211,0.1156174871979408,5,,
xlnet-base,7,27,83.4850455136541,85.04551365409623,1862665985,2.1980345148156667e-05,0.0003039478733166,0.0880764915515085,4,,
xlnet-base,7,28,84.52535760728219,85.95578673602081,1009219235,1.948314969731392e-05,0.0002478530515185,0.1676763916275122,10,,
xlnet-base,7,29,84.26527958387516,83.74512353706112,967443919,5.99022515806354e-05,0.000617831623862,0.1132530611149675,5,,
xlnet-base,8,0,83.5978835978836,82.80423280423281,250526339,7.153922370008285e-05,6.89620473170279e-05,0.1941451495370186,6,,
xlnet-base,8,1,83.73015873015873,83.73015873015873,792315958,4.113771111335282e-05,0.0025797887346057,0.0967258890122296,10,,
xlnet-base,8,2,85.31746031746032,85.18518518518519,1327365818,1.3082189164537791e-05,0.0002906367144613,0.1790727945799467,4,,
xlnet-base,8,3,84.25925925925925,84.65608465608466,1202796685,5.325892037287477e-05,0.000670682855495,0.0291811217605367,10,,
xlnet-base,8,4,85.71428571428571,85.18518518518519,2051367277,2.221458295360341e-05,7.27830355606738e-05,0.1474997866809106,8,,
xlnet-base,8,5,83.33333333333333,83.2010582010582,1202887645,6.708432667592024e-06,8.211920630468002e-05,0.0827444763364324,8,,
xlnet-base,8,6,81.48148148148148,81.87830687830687,1269311010,8.345133079375132e-06,6.03221302465704e-05,0.0019262611185985,3,,
xlnet-base,8,7,84.39153439153439,85.05291005291005,1760259525,1.485750866284456e-05,3.567587808030286e-05,0.1877116651035516,4,,
xlnet-base,8,8,83.73015873015873,85.84656084656085,1053655860,5.8038523422554345e-05,0.0080194445801721,0.1220679150210807,3,,
xlnet-base,8,9,84.65608465608466,84.12698412698413,1373760113,7.483412179657333e-06,0.0528987815021719,0.1198800940377067,9,,
xlnet-base,8,10,81.48148148148148,82.27513227513228,930911393,6.520193784571197e-06,1.3353934934138055e-05,0.1207459414614053,3,,
xlnet-base,8,11,84.92063492063492,85.84656084656085,2069815650,6.764629221517988e-05,6.536658755026491e-05,0.1996424937131331,3,,
xlnet-base,8,12,85.71428571428571,84.65608465608466,1323779542,2.5549467097169305e-05,0.0001644107079815,0.1106853239187459,6,,
xlnet-base,8,13,84.25925925925925,83.06878306878306,774992480,2.8777879760769344e-05,0.0193128385964099,0.1730078733598341,2,,
xlnet-base,8,14,84.52380952380952,83.06878306878306,1892635473,5.7067896209114354e-05,0.0291417568887134,0.1040342976731569,2,,
xlnet-base,8,15,83.46560846560847,83.06878306878306,1513694665,1.6592251879903534e-05,0.0625293493634508,0.0983047261283872,2,,
xlnet-base,8,16,84.25925925925925,83.46560846560847,1716053516,1.4020619400283244e-05,0.0119491755296265,0.172003649584597,7,,
xlnet-base,8,17,82.93650793650794,82.4074074074074,1321812168,5.474672607978619e-06,0.0502958349639327,0.1637532213105265,4,,
xlnet-base,8,18,83.33333333333333,83.06878306878306,1487534993,5.4880125066953176e-06,1.2519445907918032e-05,0.1335569907856886,5,,
xlnet-base,8,19,83.46560846560847,83.33333333333333,1512631130,9.137767647702844e-06,1.8291647130745805e-05,0.1750915814784245,4,,
xlnet-base,8,20,84.12698412698413,82.93650793650794,256373567,5.235494461617253e-06,0.0011784415015254,0.1008981901109301,10,,
xlnet-base,8,21,84.92063492063492,84.78835978835978,2131964024,1.0271094488693222e-05,0.0029918689022641,0.0217339265403433,10,,
xlnet-base,8,22,85.31746031746032,83.994708994709,301941448,1.5823678893266196e-05,0.0001820788231305,0.0675706634453521,7,,
xlnet-base,8,23,82.4074074074074,83.994708994709,1481468347,2.7318138228554845e-05,2.126653820600246e-05,0.0119717141683754,2,,
xlnet-base,8,24,83.46560846560847,83.33333333333333,269324520,8.947473027252008e-06,6.552121558834923e-05,0.0701348333089595,4,,
xlnet-base,8,25,82.93650793650794,83.33333333333333,561715390,6.7171568926238336e-06,2.787557594588252e-05,0.0854125410049998,5,,
xlnet-base,8,26,85.84656084656085,84.52380952380952,1137209120,1.7187785332820154e-05,0.0009586126827872,0.0688523139382807,3,,
xlnet-base,8,27,83.33333333333333,83.46560846560847,158699821,8.94527700363617e-05,0.0004033949896998,0.1925623558890959,3,,
xlnet-base,8,28,83.994708994709,83.86243386243386,690301899,1.3031519545905544e-05,0.0372415746503139,0.0363634671746927,5,,
xlnet-base,8,29,84.65608465608466,82.93650793650794,1980791688,5.854303472938545e-06,0.0001176994423085,0.0467032396303999,8,,
xlnet-base,9,0,85.96026490066225,86.2251655629139,168647171,5.1620003597385496e-05,0.0009123149670233,0.05063609923899,7,,
xlnet-base,9,1,82.51655629139073,82.11920529801324,1627966752,1.6273726529263632e-05,2.0530396378330086e-05,0.0360862552333015,4,,
xlnet-base,9,2,83.97350993377484,85.16556291390728,1407427594,4.515166871277394e-05,0.0012625905031387,0.0992716692461485,9,,
xlnet-base,9,3,81.72185430463576,81.58940397350993,1998622264,8.615540747614065e-06,0.0001775402374984,0.0757149811940096,4,,
xlnet-base,9,4,83.57615894039735,83.70860927152317,182856340,1.6622198144421634e-05,0.0039819104285879,0.0173123287209015,4,,
xlnet-base,9,5,83.84105960264901,83.97350993377484,995867868,1.761578444769384e-05,0.0136402239431624,0.082298212846247,6,,
xlnet-base,9,6,85.82781456953643,83.17880794701986,710820079,4.276848526711925e-05,1.4745159433978391e-05,0.1097336782340913,5,,
xlnet-base,9,7,83.84105960264901,83.84105960264901,768427644,1.709967687631081e-05,2.8877477347397475e-05,0.1167698001066118,5,,
xlnet-base,9,8,85.03311258278146,85.56291390728477,601661876,3.836835455748944e-05,6.816449748401498e-05,0.1418037250836536,5,,
xlnet-base,9,9,81.58940397350993,81.8543046357616,1098286262,1.1391347041383737e-05,0.0077312857045701,0.1396545274798662,2,,
xlnet-base,9,10,85.43046357615894,83.57615894039735,1867183229,8.016534935855953e-05,8.627032595135187e-05,0.0628267070671391,6,,
xlnet-base,9,11,81.45695364238411,78.94039735099338,1358626724,8.114023412542598e-06,0.0001669119622684,0.0118821019962619,2,,
xlnet-base,9,12,84.23841059602648,84.63576158940397,1077233166,5.288525077676413e-05,0.0033136849288503,0.0672389923159386,8,,
xlnet-base,9,13,82.51655629139073,80.0,1348672834,9.258323828757536e-06,1.427373421962138e-05,0.0259318273845349,2,,
xlnet-base,9,14,82.78145695364239,83.97350993377484,1674734627,6.628865245577337e-06,0.0014260542714029,0.0250064449762844,10,,
xlnet-base,9,15,83.97350993377484,85.03311258278146,1773857748,5.383015134988198e-05,1.5475362351067327e-05,0.0508407325664848,5,,
xlnet-base,9,16,83.44370860927152,83.84105960264901,1675795620,1.092473100613375e-05,0.0055065605695215,0.1939604374307368,8,,
xlnet-base,9,17,83.70860927152317,83.84105960264901,771171804,1.684226047624055e-05,0.0154675391178936,0.1142058873389489,8,,
xlnet-base,9,18,83.97350993377484,83.44370860927152,2145479612,1.1784388181672544e-05,0.0001051457211465,0.0274762703433887,5,,
xlnet-base,9,19,84.37086092715232,83.57615894039735,1782959623,2.314378901741746e-05,0.0290139275492627,0.1621450448976452,4,,
xlnet-base,9,20,83.84105960264901,84.23841059602648,493341599,9.13007086097096e-06,4.281610237892137e-05,0.1826164081065912,7,,
xlnet-base,9,21,84.10596026490066,83.57615894039735,159927560,1.0339486088644629e-05,0.0002693614749869,0.189060729942246,7,,
xlnet-base,9,22,83.04635761589404,82.51655629139073,618060168,9.42728840186204e-05,3.903120211562138e-05,0.0894275310706823,7,,
xlnet-base,9,23,81.98675496688742,85.16556291390728,750537022,1.0252692445809736e-05,0.0344114538459459,0.0612693420213841,10,,
xlnet-base,9,24,84.50331125827815,86.35761589403974,1596614886,2.2286008371134816e-05,0.0002862727746043,0.1020568831616908,6,,
xlnet-base,9,25,85.29801324503312,83.70860927152317,980708407,4.093564901784595e-05,0.0002958256408433,0.0636621616292845,10,,
xlnet-base,9,26,84.90066225165563,83.84105960264901,2145107130,1.6985436557444594e-05,0.000170293680251,0.1984841453781203,10,,
xlnet-base,9,27,84.23841059602648,84.50331125827815,954645856,8.732604004332417e-06,0.008513413517068,0.0882698620946799,6,,
xlnet-base,9,28,84.37086092715232,85.29801324503312,1902212540,1.287245072574693e-05,0.016053981161531,0.0935711828001678,7,,
xlnet-base,9,29,83.57615894039735,83.17880794701986,985477258,2.03398173633364e-05,0.0174183738018661,0.0051989323516623,2,,
xlnet-base,10,0,84.8032564450475,85.09485094850949,1926031213,1.4402861845544945e-05,2.897804480006806e-05,0.1566268698032534,8,,
xlnet-base,10,1,85.61736770691995,84.55284552845528,83631929,6.83335698576347e-05,0.0252069659896533,0.10324047185341,6,,
xlnet-base,10,2,80.46132971506105,81.84281842818429,210561332,1.436798211619262e-05,0.0137182815826841,0.1452710263250529,2,,
xlnet-base,10,3,83.0393487109905,82.92682926829268,339090489,9.110848929321143e-06,0.0159087639168968,0.1440102854583896,4,,
xlnet-base,10,4,84.53188602442334,84.28184281842819,1642465992,9.755359890203131e-05,0.0020286665674508,0.1640031817827359,5,,
xlnet-base,10,5,83.58208955223881,84.14634146341463,983856723,1.479320520528216e-05,0.0150827854571134,0.0686215143138566,6,,
xlnet-base,10,6,83.0393487109905,83.87533875338754,2111692355,7.155777902293951e-06,0.0003724362659237,0.0689036650213169,4,,
xlnet-base,10,7,81.27544097693351,82.11382113821138,2089126852,5.113273508960348e-06,0.00450550106967,0.1516676937062238,3,,
xlnet-base,10,8,84.26051560379919,85.77235772357723,1813799774,4.049144435054901e-05,0.000767375490941,0.0674371781158298,8,,
xlnet-base,10,9,83.98914518317504,85.23035230352303,15891522,4.9651512981449375e-05,1.5908448350226554e-05,0.1303546430706596,5,,
xlnet-base,10,10,85.48168249660787,84.01084010840108,969089422,1.9890395515146555e-05,0.000898210421201,0.0680601981026735,5,,
xlnet-base,10,11,83.85345997286296,85.36585365853658,566384161,1.320129121596461e-05,0.000337492393855,0.0641012504410126,8,,
xlnet-base,10,12,83.85345997286296,84.41734417344173,196557742,5.429808716795628e-06,0.0083041363642301,0.0131909954457949,10,,
xlnet-base,10,13,84.93894165535957,83.06233062330624,263478706,9.089535815423134e-06,0.0897067194212801,0.1577498986174958,10,,
xlnet-base,10,14,84.53188602442334,84.95934959349593,1335526597,2.569300265517429e-05,8.966298909320461e-05,0.0448624074210589,3,,
xlnet-base,10,15,83.98914518317504,85.36585365853658,1399178117,4.750989883270532e-05,0.0099476699436412,0.0191851703345002,3,,
xlnet-base,10,16,85.48168249660787,84.68834688346884,128102538,2.7937735927538226e-05,0.0005764269873628,0.0616062143354182,8,,
xlnet-base,10,17,85.8887381275441,85.63685636856368,1852834240,3.928565686211307e-05,0.0004399319983043,0.104382228302706,9,,
xlnet-base,10,18,84.26051560379919,84.68834688346884,977925756,2.305762193292733e-05,0.0069484373934812,0.0121587111285326,4,,
xlnet-base,10,19,81.81818181818181,82.79132791327913,1629778244,9.206156825031532e-06,0.000648487555274,0.1290371665565272,2,,
xlnet-base,10,20,84.93894165535957,85.09485094850949,785439751,1.4025401813506904e-05,0.0020085688244718,0.1774155415006677,10,,
xlnet-base,10,21,84.26051560379919,84.14634146341463,1436786921,5.341886029924542e-06,3.975477461591509e-05,0.1514507741404666,9,,
xlnet-base,10,22,85.21031207598372,84.28184281842819,44006197,2.9085684542494504e-05,1.2472479491507716e-05,0.0333345305704942,5,,
xlnet-base,10,23,85.21031207598372,84.28184281842819,1334589564,3.619636936010713e-05,0.004313178277054,0.1678918935263044,4,,
xlnet-base,10,24,83.31071913161465,83.33333333333333,1584320228,8.413484938905816e-06,0.0001534086052794,0.1412492641798547,7,,
xlnet-base,10,25,84.93894165535957,85.50135501355014,1123327085,2.1832191720480285e-05,0.0001358629636669,0.0609126406177725,6,,
xlnet-base,10,26,84.12483039348712,83.33333333333333,998919970,2.165785232192964e-05,0.0160089724791214,0.0444764296867019,2,,
xlnet-base,10,27,83.44640434192674,84.01084010840108,2024275675,9.34119154136824e-05,1.699324663774802e-05,0.1923608690510595,7,,
xlnet-base,10,28,83.85345997286296,84.55284552845528,388202620,1.371726417800888e-05,0.0335218112515764,0.1515753605131885,4,,
xlnet-base,10,29,83.85345997286296,85.90785907859079,1749423194,5.267064063904762e-05,0.0121385598037438,0.1657062337257273,3,,
xlnet-base,11,0,84.7645429362881,85.75380359612724,821021097,1.8056028245987307e-05,0.0008585912058787,0.1542591557751271,7,,
xlnet-base,11,1,82.68698060941828,84.50899031811895,196066838,1.0756536122081047e-05,0.0854266541019962,0.0668031414609421,6,,
xlnet-base,11,2,84.21052631578948,85.47717842323651,1176073015,7.405444013131622e-05,7.863350336694333e-05,0.0768745195227306,6,,
xlnet-base,11,3,82.96398891966759,84.09405255878285,1422850114,6.578420989977109e-05,2.0902085589380927e-05,0.0377770815376291,3,,
xlnet-base,11,4,86.42659279778394,86.16874135546335,552016656,3.213604599626551e-05,0.0003597797978049,0.1903615846477217,8,,
xlnet-base,11,5,81.4404432132964,82.29598893499309,1796387036,1.0086554346368406e-05,0.01636192427709,0.1629960719605256,2,,
xlnet-base,11,6,83.5180055401662,83.95573997233748,524249356,8.59279247891487e-06,0.0474185694145663,0.1090526061827398,5,,
xlnet-base,11,7,83.79501385041551,85.75380359612724,2034885690,9.795461407639396e-06,0.0058065657069615,0.0137645274431633,8,,
xlnet-base,11,8,85.31855955678671,86.99861687413555,292024096,3.0204234328653016e-05,0.0007983928351552,0.0140181851529817,7,,
xlnet-base,11,9,85.73407202216066,85.89211618257261,651648189,3.62803309062346e-05,0.0523493671259427,0.0801904989505566,6,,
xlnet-base,11,10,84.07202216066482,85.47717842323651,900620425,1.5361709443785735e-05,6.905950228991224e-05,0.0595399589812677,5,,
xlnet-base,11,11,83.10249307479225,84.09405255878285,1655565248,2.043256869538822e-05,0.0007952323822812,0.0866157835568497,2,,
xlnet-base,11,12,84.62603878116343,84.50899031811895,168706594,2.1118864822213185e-05,0.0529484672697633,0.0913734929405042,8,,
xlnet-base,11,13,84.62603878116343,86.72199170124482,705602784,1.80352261269134e-05,0.0021486904513464,0.0268944688394863,9,,
xlnet-base,11,14,84.07202216066482,86.16874135546335,611227138,1.5880296911170675e-05,4.411482489741066e-05,0.1784965155621829,8,,
xlnet-base,11,15,83.65650969529086,85.20055325034578,145229010,5.383862786708099e-05,0.0081977331783297,0.186252671347646,4,,
xlnet-base,11,16,84.07202216066482,84.37067773167358,1593698646,4.868042159457232e-05,1.521927928934859e-05,0.0362474831459679,5,,
xlnet-base,11,17,83.2409972299169,85.06224066390041,1709980155,4.304758596223662e-05,0.0006926139097366,0.1179208462512577,6,,
xlnet-base,11,18,83.2409972299169,85.47717842323651,1149547349,3.484093922404774e-05,0.003655098251999,0.1808007846790868,2,,
xlnet-base,11,19,78.53185595567867,81.46611341632088,466643219,1.0178044503995136e-05,2.92239838903092e-05,0.1678091887012986,2,,
xlnet-base,11,20,82.13296398891967,85.06224066390041,369189704,6.572068943247175e-06,5.725991783598491e-05,0.1652996011957409,8,,
xlnet-base,11,21,82.96398891966759,84.37067773167358,1892256884,9.462215875574198e-06,0.009983255102757,0.099983686711217,9,,
xlnet-base,11,22,84.21052631578948,84.50899031811895,699976487,8.439555333559241e-05,1.0200311760832567e-05,0.1524265620789095,9,,
xlnet-base,11,23,84.90304709141274,85.20055325034578,2066811415,3.96404029399217e-05,0.0010277705109449,0.1739745966799169,10,,
xlnet-base,11,24,83.10249307479225,84.09405255878285,1705696664,1.6992543215339842e-05,0.0173081295311062,0.1902447572167116,4,,
xlnet-base,11,25,85.87257617728532,84.78561549100968,1032960231,4.105341209644038e-05,0.0012112928130996,0.0845426615143854,9,,
xlnet-base,11,26,86.42659279778394,85.75380359612724,1445103747,2.67733163135918e-05,0.0004613776773991,0.188995655235614,9,,
xlnet-base,11,27,75.48476454293629,79.52973720608576,1075878830,5.646019257428678e-06,0.0016141713889375,0.0596254179057889,2,,
xlnet-base,11,28,84.90304709141274,83.95573997233748,1529596396,5.374758915630578e-05,1.7452865307523617e-05,0.0423413830935431,3,,
xlnet-base,11,29,82.96398891966759,85.47717842323651,2020155146,6.671974447365972e-06,0.0028710482769905,0.0521508854082186,7,,
xlnet-base,12,0,83.75165125495377,84.41215323645972,702766848,4.241472516707343e-05,0.0006025458924876,0.0222347027617496,4,,
xlnet-base,12,1,82.1664464993395,84.28005284015852,1666925959,5.858183441912037e-06,0.0001353439757941,0.1325233755336603,6,,
xlnet-base,12,2,83.09114927344783,84.80845442536328,919470447,1.714152170954654e-05,0.0700349188535373,0.1195843430626559,5,,
xlnet-base,12,3,83.61955085865257,83.48745046235139,51306927,5.233833109119805e-05,0.0019944249847834,0.064602804869902,7,,
xlnet-base,12,4,82.29854689564068,86.78996036988111,891745090,8.380248040760865e-06,0.0203037040711447,0.098931580857731,7,,
xlnet-base,12,5,83.75165125495377,84.14795244385733,1929217192,6.85801186304693e-05,0.0284414556551118,0.176776824681482,9,,
xlnet-base,12,6,84.01585204755614,85.60105680317041,315099668,5.0963151940504015e-05,7.723259420082236e-05,0.0842691911523227,10,,
xlnet-base,12,7,84.67635402906208,85.07265521796566,67632798,3.586385212189044e-05,0.0006111017044443,0.0998312024885013,10,,
xlnet-base,12,8,85.73315719947159,83.09114927344783,737171762,7.277791045242538e-05,0.0022563332990391,0.1882861260497983,10,,
xlnet-base,12,9,83.48745046235139,83.22324966974901,370123009,7.029327242538778e-05,0.0001298212188168,0.1322880985383142,2,,
xlnet-base,12,10,80.71334214002643,83.35535006605019,1369992322,5.611770924749666e-06,0.0230043526585803,0.0644903636393401,5,,
xlnet-base,12,11,80.84544253632761,81.90224570673712,709420104,6.340931283067352e-06,0.0015558899521695,0.1787405647783673,3,,
xlnet-base,12,12,84.41215323645972,85.46895640686922,1357158925,3.238194284319147e-05,0.0095177123830428,0.0348770652323062,7,,
xlnet-base,12,13,83.88375165125495,84.80845442536328,688057756,1.750512019592533e-05,0.0060700207457013,0.1335662618096902,9,,
xlnet-base,12,14,83.09114927344783,85.46895640686922,261336011,2.292115158853664e-05,0.0009466734024229,0.0362484966265844,3,,
xlnet-base,12,15,83.75165125495377,83.75165125495377,538073682,8.620706661218412e-05,0.0046686018005553,0.19244954520383,7,,
xlnet-base,12,16,83.48745046235139,83.22324966974901,196228328,9.775129613283531e-05,1.1866794685012392e-05,0.1803435794075264,5,,
xlnet-base,12,17,83.61955085865257,84.01585204755614,1116756026,4.2012927413043446e-05,1.687571397243592e-05,0.1929495725378892,4,,
xlnet-base,12,18,83.09114927344783,84.80845442536328,484324192,8.037467134889809e-06,0.0204760768596985,0.0188875308507176,6,,
xlnet-base,12,19,83.61955085865257,86.39365918097754,2053819753,1.957765768461454e-05,0.0009474023611662,0.0535831094432579,5,,
xlnet-base,12,20,84.01585204755614,86.39365918097754,1224870477,1.836863193491684e-05,2.4780500091671016e-05,0.136136711043612,9,,
xlnet-base,12,21,84.5442536327609,82.82694848084545,2128813253,9.072804267721733e-05,1.1471081155022612e-05,0.1484651142117293,4,,
xlnet-base,12,22,83.88375165125495,81.63804491413474,1649140339,5.262963248153496e-05,0.0808610318697511,0.0020535885700341,10,,
xlnet-base,12,23,83.75165125495377,84.5442536327609,741840891,2.1416320033102764e-05,2.378396674182373e-05,0.142168073671607,5,,
xlnet-base,12,24,83.22324966974901,83.09114927344783,193546362,3.621822392988313e-05,0.0275792694982833,0.0028695712183278,3,,
xlnet-base,12,25,81.10964332892999,82.0343461030383,1447126766,1.1810637381254073e-05,0.0562307759527218,0.0135802370355638,2,,
xlnet-base,12,26,85.46895640686922,82.95904887714663,1655965051,8.652338804303009e-05,0.0003871761362144,0.1321082194825973,10,,
xlnet-base,12,27,84.41215323645972,83.75165125495377,1607676760,5.766633386502845e-05,0.006599955021277,0.1289512855521611,5,,
xlnet-base,12,28,83.35535006605019,84.14795244385733,1322921148,6.921233255164033e-06,0.0024264636255547,0.1495635902906802,10,,
xlnet-base,12,29,83.35535006605019,83.88375165125495,78695595,2.3433349603484987e-05,0.013925370522388,0.0726641418360783,8,,
xlnet-base,13,0,83.62183754993342,86.30319148936171,1043316902,7.155506303414559e-05,1.847585375692395e-05,0.1437239112296989,10,,
xlnet-base,13,1,84.55392809587217,86.17021276595744,1287970242,1.940046083378044e-05,0.0108862364182552,0.0659542438297562,8,,
xlnet-base,13,2,82.82290279627163,83.90957446808511,566345932,1.8579195526890742e-05,8.411582163020783e-05,0.0612975800852745,3,,
xlnet-base,13,3,84.55392809587217,85.37234042553192,847248894,1.5442547694255185e-05,0.0001939320901432,0.1181818444701795,6,,
xlnet-base,13,4,80.55925432756325,82.84574468085107,24265391,8.408330444791828e-06,0.014938855020952,0.0671055454067841,4,,
xlnet-base,13,5,83.75499334221038,86.83510638297872,1886392549,2.2851942296235427e-05,2.7119154772742063e-05,0.065312134456997,10,,
xlnet-base,13,6,81.62450066577897,86.43617021276596,948563605,3.3677470083137126e-05,0.0096508812245861,0.0116508078308175,4,,
xlnet-base,13,7,83.3555259653795,86.30319148936171,620978973,3.366076402695386e-05,0.0011688773981942,0.0564520035926771,2,,
xlnet-base,13,8,82.29027962716378,83.6436170212766,1551629879,8.212191861939563e-06,0.0002648047897943,0.1973165506792233,5,,
xlnet-base,13,9,81.35818908122504,85.1063829787234,1282616025,4.838665497291103e-05,0.0002218696014411,0.1399857660671664,7,,
xlnet-base,13,10,84.15446071904128,85.50531914893617,967603358,7.812131473194001e-06,0.0110090502156692,0.0687238419520736,10,,
xlnet-base,13,11,81.0918774966711,82.18085106382979,407124381,6.257759558789281e-06,0.0029964975984519,0.1559827819475904,3,,
xlnet-base,13,12,83.62183754993342,86.83510638297872,1894581786,5.169678477173002e-05,1.887487161612616e-05,0.115754953992659,8,,
xlnet-base,13,13,85.08655126498003,88.03191489361703,1403050797,2.1246271432582868e-05,0.0008077896165376,0.1262990651467913,10,,
xlnet-base,13,14,83.62183754993342,86.30319148936171,1515121230,6.192768693270281e-05,0.0003999942131248,0.0779510717185171,2,,
xlnet-base,13,15,82.9560585885486,86.0372340425532,87314860,1.288880130809258e-05,4.748449871076106e-05,0.1590483580912123,7,,
xlnet-base,13,16,83.75499334221038,85.37234042553192,920553923,3.0383074952083945e-05,0.0801230847738604,0.0488421695842253,10,,
xlnet-base,13,17,82.82290279627163,85.50531914893617,244538563,1.849595733173e-05,0.0050956666192804,0.1314178243036526,8,,
xlnet-base,13,18,83.62183754993342,86.17021276595744,1442076272,2.168244662186792e-05,0.0001384073051932,0.0283070130139703,9,,
xlnet-base,13,19,81.62450066577897,83.90957446808511,1694202406,8.397402498967764e-05,0.0077614261369865,0.1569603128714322,10,,
xlnet-base,13,20,84.4207723035952,86.30319148936171,1493100044,4.562390811723049e-05,0.0003493856068505,0.0564292224403052,5,,
xlnet-base,13,21,82.55659121171772,85.63829787234043,1272717975,7.543333747142145e-05,0.005673945142097,0.0442775385540926,6,,
xlnet-base,13,22,84.02130492676432,86.0372340425532,1331372665,1.866578727921257e-05,2.9876024450591623e-05,0.0227232952148955,4,,
xlnet-base,13,23,83.88814913448735,85.63829787234043,301801033,6.357868312434489e-05,0.0140076600797003,0.0545487599399053,7,,
xlnet-base,13,24,83.3555259653795,86.30319148936171,546591108,9.921338411534923e-06,0.09071735925331,0.0923562556199969,7,,
xlnet-base,13,25,83.08921438082557,85.77127659574468,11908199,1.8668788896016023e-05,0.0779447215549284,0.0041980998296514,7,,
xlnet-base,13,26,83.75499334221038,84.97340425531915,1043602782,2.378375165280937e-05,6.938161157036615e-05,0.0024984644066129,3,,
xlnet-base,13,27,83.08921438082557,82.7127659574468,2113763377,6.412357626762662e-05,0.0375927704382098,0.0870917249446288,3,,
xlnet-base,13,28,83.75499334221038,86.0372340425532,651140046,3.2578336071077934e-05,2.239782647495832e-05,0.0949723509161351,9,,
xlnet-base,13,29,84.4207723035952,85.37234042553192,1180199551,9.564180680872131e-06,0.0185501340815037,0.0485925179460617,8,,
xlnet-base,14,0,82.80423280423281,81.63804491413474,825481381,6.228461597409865e-06,0.0031966194982952,0.001366623841773,7,,
xlnet-base,14,1,84.39153439153439,82.56274768824306,400111,1.8338060710463024e-05,0.0006053126523776,0.0395717974005773,3,,
xlnet-base,14,2,84.39153439153439,84.28005284015852,2001236418,2.3858939565587365e-05,0.0003826860255226,0.0750850084231874,4,,
xlnet-base,14,3,83.2010582010582,82.82694848084545,1744102242,5.665194551762805e-05,0.0807466146392013,0.0946481601907792,7,,
xlnet-base,14,4,87.56613756613757,84.14795244385733,792811936,3.0880556448408864e-05,0.0013929634134701,0.147327146061436,6,,
xlnet-base,14,5,81.87830687830687,80.44914134742405,617184822,9.436701235681484e-05,0.0359546220932251,0.1181616081764467,5,,
xlnet-base,14,6,86.24338624338624,84.28005284015852,728486620,2.5225457423983955e-05,0.0198603410834229,0.0831589664844643,5,,
xlnet-base,14,7,83.73015873015873,81.63804491413474,1160166713,5.348949409495209e-06,0.0021705956969637,0.1264892176438334,9,,
xlnet-base,14,8,87.3015873015873,84.80845442536328,1694159307,4.648401514236014e-05,0.0033473301714602,0.1096773731088498,9,,
xlnet-base,14,9,84.92063492063492,82.1664464993395,1053945661,3.735155965376786e-05,0.0115915818563043,0.0085915080110347,4,,
xlnet-base,14,10,86.11111111111111,83.48745046235139,874445522,9.527702654648752e-06,0.000361370784408,0.1711622452631722,8,,
xlnet-base,14,11,84.39153439153439,81.24174372523117,210094499,7.909921353451802e-06,0.0001244436442428,0.0857798145168073,6,,
xlnet-base,14,12,85.84656084656085,82.95904887714663,914645132,1.3930347856068264e-05,0.000911833212958,0.0007721303288089,9,,
xlnet-base,14,13,79.76190476190476,80.44914134742405,1519189060,8.140387290681884e-06,0.0020343936926879,0.1487578384645274,2,,
xlnet-base,14,14,85.71428571428571,83.88375165125495,1476582318,2.3823611257368163e-05,0.0020461445671585,0.0060200731998549,7,,
xlnet-base,14,15,85.97883597883597,83.88375165125495,1274303832,2.668701740041953e-05,4.755122506070519e-05,0.032331983727872,7,,
xlnet-base,14,16,83.994708994709,83.22324966974901,6582843,9.842372853688174e-06,0.0008558979131384,0.0663156133680678,6,,
xlnet-base,14,17,86.11111111111111,83.22324966974901,1245765543,8.881554520013014e-05,0.0026714747619744,0.1744726691306061,2,,
xlnet-base,14,18,82.27513227513228,81.77014531043594,1373698207,9.038704442651215e-06,0.0020567241560368,0.0364771568791129,3,,
xlnet-base,14,19,84.52380952380952,83.61955085865257,298534014,1.7133010104730244e-05,0.0006872052811027,0.1458982001829075,3,,
xlnet-base,14,20,83.2010582010582,81.50594451783356,573444139,1.3020676198410077e-05,0.0005362955797288,0.0541746594400195,2,,
xlnet-base,14,21,84.39153439153439,83.09114927344783,355107309,7.767818247946072e-06,0.0003226071027068,0.0736586490332555,9,,
xlnet-base,14,22,86.11111111111111,83.22324966974901,217631673,3.809226969352029e-05,0.0194703699638697,0.1945449445770883,3,,
xlnet-base,14,23,78.70370370370371,78.86393659180978,1416837630,6.726048574306579e-06,0.0002425314241671,0.1450295765234762,2,,
xlnet-base,14,24,86.37566137566138,83.88375165125495,2117899182,2.459159799825113e-05,0.0007242170729538,0.0176918186647736,7,,
xlnet-base,14,25,82.27513227513228,81.90224570673712,1537731324,9.971949140196164e-05,0.0013388579293068,0.0271193389237529,7,,
xlnet-base,14,26,86.11111111111111,83.88375165125495,1046116835,2.2978578457103665e-05,0.03490854835917,0.1421489853059973,4,,
xlnet-base,14,27,86.24338624338624,83.09114927344783,38438163,1.471010670157019e-05,4.900030433692189e-05,0.0130754586852996,10,,
xlnet-base,14,28,84.25925925925925,82.82694848084545,1011180423,3.423868978608134e-05,0.0001717012066845,0.0831517029128814,2,,
xlnet-base,14,29,85.58201058201058,83.35535006605019,1673006417,1.9821326054814643e-05,0.0067436978495707,0.0355940964172006,3,,
xlnet-base,15,0,85.90425531914893,83.37765957446808,777045562,5.818968996498833e-06,0.0046423586921873,0.0668935603857081,8,,
xlnet-base,15,1,85.63829787234043,86.17021276595744,375527248,1.5266834199760924e-05,0.0078841645974582,0.0641527246684501,7,,
xlnet-base,15,2,86.83510638297872,85.63829787234043,453612480,2.9915643745824222e-05,0.0762884668533002,0.1981331449997584,10,,
xlnet-base,15,3,84.17553191489361,83.37765957446808,890596739,1.5278715387101258e-05,0.0085586284530953,0.0263191015324368,2,,
xlnet-base,15,4,83.77659574468085,84.70744680851064,1628119814,1.170539500230186e-05,3.1834476353070535e-05,0.1984157429881759,3,,
xlnet-base,15,5,86.0372340425532,86.43617021276596,131296836,1.3254277795454158e-05,1.6791862903884217e-05,0.1040907446799748,9,,
xlnet-base,15,6,84.04255319148936,84.57446808510639,165369124,7.387692201933145e-06,0.0437586333029014,0.0034291121646109,5,,
xlnet-base,15,7,85.90425531914893,85.50531914893617,1661980193,1.5406461470977853e-05,0.0004216453958769,0.0346108427903584,7,,
xlnet-base,15,8,85.1063829787234,83.77659574468085,738854197,5.167725852710703e-06,4.39887231555295e-05,0.0366985100696005,7,,
xlnet-base,15,9,86.83510638297872,86.83510638297872,11461922,3.965453050315484e-05,0.010551766029905,0.1007564097860925,9,,
xlnet-base,15,10,86.43617021276596,84.17553191489361,1700035641,1.0504981532446574e-05,0.0002491843944333,0.1352144202122531,5,,
xlnet-base,15,11,85.1063829787234,85.90425531914893,2050815435,5.599027901393599e-05,0.079524541341137,0.1577438666695874,4,,
xlnet-base,15,12,87.10106382978724,84.84042553191489,115090611,1.6163042759715386e-05,0.086020186216816,0.0026103282909917,5,,
xlnet-base,15,13,84.17553191489361,83.24468085106383,1051555880,5.403394740488508e-06,2.42793229384098e-05,0.1599320261740026,7,,
xlnet-base,15,14,88.03191489361703,86.30319148936171,1080799465,4.625377266235297e-05,1.020329008457145e-05,0.1027086697038281,3,,
xlnet-base,15,15,84.44148936170212,82.84574468085107,1540853402,1.645844748180024e-05,6.314519111940357e-05,0.1684628701206679,2,,
xlnet-base,15,16,85.77127659574468,86.17021276595744,1114734974,6.330157429765526e-05,0.0518833713415591,0.1428641086088793,9,,
xlnet-base,15,17,85.63829787234043,84.97340425531915,1053444182,1.1094138466779235e-05,5.0642293355281406e-05,0.1161775450289915,10,,
xlnet-base,15,18,85.77127659574468,84.30851063829788,731879241,2.1697697708786165e-05,0.0056309731922068,0.0941581454678465,6,,
xlnet-base,15,19,83.77659574468085,82.18085106382979,532412476,7.1973304076134776e-06,0.0001234189798649,0.1056941292958,4,,
xlnet-base,15,20,84.70744680851064,85.23936170212765,982532346,9.673254755647354e-06,2.89592246615404e-05,0.1421492156841475,9,,
xlnet-base,15,21,86.83510638297872,86.17021276595744,1376722997,2.5111436939290543e-05,4.592418494166905e-05,0.0348207419594699,6,,
xlnet-base,15,22,86.43617021276596,83.6436170212766,1202453200,5.34366124380151e-06,0.0178760505512529,0.1907216018632027,8,,
xlnet-base,15,23,86.17021276595744,86.0372340425532,426584404,1.5852486105723152e-05,1.4831281000266256e-05,0.0531754663683293,9,,
xlnet-base,15,24,86.17021276595744,85.63829787234043,778896940,1.3746165719014356e-05,0.0001684123921041,0.0580406547678115,8,,
xlnet-base,15,25,86.30319148936171,85.37234042553192,2069669559,4.162032914502016e-05,0.0001747185360715,0.1809609505319872,2,,
xlnet-base,15,26,83.11170212765957,83.51063829787235,290955651,9.323923832520822e-05,0.000283950236838,0.1789769957927852,7,,
xlnet-base,15,27,84.44148936170212,83.6436170212766,844686568,6.473358468898352e-06,0.0008534043750187,0.0288655573602801,6,,
xlnet-base,15,28,84.57446808510639,86.17021276595744,1311526649,7.231452096676578e-05,7.069761412336679e-05,0.0764684755053888,4,,
xlnet-base,15,29,87.10106382978724,84.70744680851064,637450626,1.8726281128564967e-05,0.0190713383213834,0.0219096603590084,8,,
xlnet-base,16,0,82.4074074074074,84.14795244385733,1233459087,7.4199167114063e-05,0.0788071096632238,0.1060323889684505,5,,
xlnet-base,16,1,84.52380952380952,85.46895640686922,1658680681,3.617367098591273e-05,0.0039578827934144,0.0461873083307548,5,,
xlnet-base,16,2,81.48148148148148,82.56274768824306,46382041,7.305460721792967e-06,0.0002267105398411,0.1687615290198352,4,,
xlnet-base,16,3,79.8941798941799,82.0343461030383,760933818,1.2099210856965962e-05,0.0005358133892815,0.1134337408090589,2,,
xlnet-base,16,4,83.33333333333333,82.95904887714663,1871200842,1.0200799734531173e-05,0.0002172915871432,0.1192350439216357,5,,
xlnet-base,16,5,82.4074074074074,83.48745046235139,2109685595,4.086517158673744e-05,0.0077730513682045,0.1712827314677075,10,,
xlnet-base,16,6,82.80423280423281,84.01585204755614,190758921,1.761817187759184e-05,0.0118072126136226,0.1570388624167063,5,,
xlnet-base,16,7,84.39153439153439,83.48745046235139,801557550,1.974574771936671e-05,0.0033386058927593,0.1465825554928659,5,,
xlnet-base,16,8,85.05291005291005,83.48745046235139,1408525096,3.237153319036984e-05,1.85374870058982e-05,0.1271441260183291,4,,
xlnet-base,16,9,82.67195767195767,85.20475561426684,1478605912,3.823000439489048e-05,0.0150296272284833,0.1666238774199514,9,,
xlnet-base,16,10,83.86243386243386,82.56274768824306,118728555,3.993107512263808e-05,6.833625071046043e-05,0.0913570605209485,7,,
xlnet-base,16,11,85.05291005291005,83.48745046235139,297697241,5.892894447986882e-05,0.0626547128468334,0.0259706301518722,3,,
xlnet-base,16,12,82.80423280423281,83.09114927344783,1222212397,5.090331706338504e-05,0.0001892491888076,0.018612976487537,9,,
xlnet-base,16,13,83.86243386243386,82.69484808454425,1671663436,1.3947544318990724e-05,0.0031214984399833,0.1660043730202143,7,,
xlnet-base,16,14,80.42328042328042,84.14795244385733,1829772201,7.900130080435163e-06,0.0041813502131066,0.0082324705904091,3,,
xlnet-base,16,15,83.86243386243386,84.5442536327609,233651201,3.017304190948318e-05,0.0022339556264838,0.1619252688283442,7,,
xlnet-base,16,16,84.25925925925925,84.41215323645972,100596454,3.170876257504555e-05,0.0825428662415868,0.1977500362241902,3,,
xlnet-base,16,17,80.68783068783068,82.29854689564068,2086195639,9.602262882481234e-05,0.000373362613049,0.0707064730247435,7,,
xlnet-base,16,18,82.67195767195767,83.35535006605019,926990873,6.448072589453515e-05,1.5251627505614595e-05,0.1065985505652817,5,,
xlnet-base,16,19,82.4074074074074,83.22324966974901,478727895,9.790111410438148e-05,0.0003326153366515,0.0862748519881889,9,,
xlnet-base,16,20,82.53968253968254,84.01585204755614,1115772080,3.3752791485989275e-05,0.0006626229868444,0.047300318217647,9,,
xlnet-base,16,21,66.66666666666667,69.88110964332893,1594024787,8.18554135317367e-05,0.0012477745590686,0.1251995673918016,2,,
xlnet-base,16,22,82.4074074074074,83.88375165125495,619604267,2.5228018355738787e-05,0.0011473233398377,0.0741497122638827,5,,
xlnet-base,16,23,81.21693121693121,82.56274768824306,1970221013,7.170273397391664e-06,0.0009456573926794,0.04237344707014,3,,
xlnet-base,16,24,85.31746031746032,83.48745046235139,1651642515,2.748327125846818e-05,0.0099991242953408,0.0142488537241756,4,,
xlnet-base,16,25,82.67195767195767,84.5442536327609,675171223,1.0340805605461012e-05,4.561441548132178e-05,0.1125562854973303,8,,
xlnet-base,16,26,83.86243386243386,82.56274768824306,1196157670,2.0928188234037837e-05,0.0061689817711039,0.1697452798125751,4,,
xlnet-base,16,27,82.4074074074074,80.9775429326288,202774093,7.789183305433286e-06,0.0123617641888853,0.1420460202825125,4,,
xlnet-base,16,28,83.46560846560847,84.14795244385733,1102228189,1.1424451746431913e-05,6.384341931451228e-05,0.1485019791852929,9,,
xlnet-base,16,29,85.18518518518519,85.07265521796566,1571542627,2.845524662558124e-05,0.0193050653196962,0.173577921612547,10,,
xlnet-base,17,0,82.5910931174089,83.82749326145553,1852971605,1.0585072266177784e-05,5.600877091000461e-05,0.1850861419727049,7,,
xlnet-base,17,1,82.72604588394061,83.69272237196766,863567901,5.377327221499e-05,0.0007399163714509,0.0271971495692552,5,,
xlnet-base,17,2,83.26585695006747,83.55795148247978,1050729915,8.297222816817765e-05,0.0137595735523892,0.1333859474091044,5,,
xlnet-base,17,3,82.86099865047234,83.82749326145553,579408468,4.272727515658655e-05,0.0002704827900575,0.0041438747454493,6,,
xlnet-base,17,4,81.37651821862349,85.17520215633424,448063049,1.884591825602466e-05,0.0056105464016862,0.122347075192583,7,,
xlnet-base,17,5,80.16194331983806,82.21024258760107,1619573115,9.557112437780291e-06,0.0054149321454299,0.0122153053253913,2,,
xlnet-base,17,6,79.6221322537112,82.88409703504043,273783641,6.088818152917678e-06,0.0024944554543646,0.0809933847333111,5,,
xlnet-base,17,7,82.72604588394061,83.01886792452831,356442675,6.118757762574352e-05,0.0001307754257132,0.0758967765435967,8,,
xlnet-base,17,8,83.80566801619433,84.366576819407,927702332,5.084039050117713e-05,2.390166828383512e-05,0.189151189616341,7,,
xlnet-base,17,9,81.64642375168691,84.63611859838275,847197344,7.091709143019071e-06,0.0004741019324209,0.1352100962366449,9,,
xlnet-base,17,10,81.78137651821862,84.77088948787062,2105287189,1.3274702531884668e-05,2.788518919385327e-05,0.1797084678069334,5,,
xlnet-base,17,11,82.72604588394061,83.55795148247978,687193875,9.786118326839756e-05,4.1274115953111965e-05,0.1584857893772036,8,,
xlnet-base,17,12,83.94062078272604,82.88409703504043,480661281,4.97114875991379e-05,0.0004608361095894,0.1415581444161688,10,,
xlnet-base,17,13,83.26585695006747,85.98382749326146,172708030,5.028680002864838e-05,0.0007359138592134,0.0607268131513353,6,,
xlnet-base,17,14,83.26585695006747,83.15363881401618,408089558,3.225876239302874e-05,0.0022213521602665,0.1822870403562335,5,,
xlnet-base,17,15,80.43184885290148,83.15363881401618,1936224448,7.294413171097002e-06,0.0651115479918725,0.1567572817171819,5,,
xlnet-base,17,16,81.5114709851552,84.77088948787062,2024058560,3.29459980997735e-05,0.0001770019125165,0.0430972101927855,4,,
xlnet-base,17,17,81.37651821862349,84.50134770889488,236669985,1.1871122944406307e-05,2.0785613713299925e-05,0.1815959906587726,10,,
xlnet-base,17,18,83.80566801619433,85.3099730458221,1716387940,5.314337314905992e-05,0.0312554269421918,0.1476528103738196,8,,
xlnet-base,17,19,82.5910931174089,83.82749326145553,1514080758,4.734474053726233e-05,0.0010538030835039,0.0117143789150596,9,,
xlnet-base,17,20,79.6221322537112,85.44474393530997,89599518,1.5189082020974905e-05,0.0013481924562005,0.0659459130258249,4,,
xlnet-base,17,21,82.05128205128206,85.57951482479784,1824997274,1.2618786750022123e-05,1.260450520870932e-05,0.0258907052024431,8,,
xlnet-base,17,22,81.10661268556005,83.28840970350404,1944803329,1.6688238615492698e-05,0.0020893516188049,0.0554046916259299,2,,
xlnet-base,17,23,83.13090418353576,85.3099730458221,1071149850,1.3353050861500496e-05,0.0012381129874739,0.0189162094337457,8,,
xlnet-base,17,24,80.43184885290148,83.01886792452831,2065089895,8.056102326322178e-06,0.0034416921768422,0.0260802170189924,5,,
xlnet-base,17,25,81.64642375168691,84.77088948787062,384363162,6.888507184444278e-06,0.0002787263491244,0.0084078152934494,10,,
xlnet-base,17,26,81.64642375168691,85.17520215633424,563380094,4.113493721952408e-05,5.481599466451916e-05,0.0796766703127518,2,,
xlnet-base,17,27,79.75708502024291,84.09703504043127,48607315,5.874801076984902e-06,0.0012410887145598,0.1982071499748277,10,,
xlnet-base,17,28,79.21727395411605,81.13207547169812,1351023803,6.306279269536701e-06,0.0001305455498768,0.1637226055673374,4,,
xlnet-base,17,29,80.70175438596492,82.21024258760107,2005173100,1.0939837782826142e-05,0.0017751742371739,0.1227357758452359,3,,
xlnet-base,18,0,83.86243386243386,82.56274768824306,2102812758,6.843071741712078e-06,0.0595533288305346,0.1109457092997812,6,,
xlnet-base,18,1,83.5978835978836,81.63804491413474,1945792515,7.362463233366815e-06,0.0715475226945069,0.0905681159140104,8,,
xlnet-base,18,2,83.2010582010582,83.48745046235139,640208418,4.495983012065179e-05,0.0570196708084324,0.0787501376262169,7,,
xlnet-base,18,3,83.73015873015873,83.35535006605019,436577387,2.0314394544695013e-05,0.0090270842374945,0.0248402912799438,5,,
xlnet-base,18,4,79.1005291005291,79.6565389696169,1530348857,5.1489543451201805e-06,0.0077563074446701,0.0086799544890668,3,,
xlnet-base,18,5,82.53968253968254,83.48745046235139,498328148,3.975311962722233e-05,3.7622948821593336e-05,0.0178144975939543,6,,
xlnet-base,18,6,83.33333333333333,82.56274768824306,1992328774,5.327331718301265e-05,0.0194774125163424,0.0762976792899188,2,,
xlnet-base,18,7,84.65608465608466,82.56274768824306,749028621,1.324241644346164e-05,0.0002984216976319,0.1441296631062524,10,,
xlnet-base,18,8,84.92063492063492,83.35535006605019,176656525,5.071802372148844e-05,0.0002880778882684,0.1818825310200877,3,,
xlnet-base,18,9,82.80423280423281,84.41215323645972,637538832,9.833061376173618e-05,0.0010838529727663,0.1961020292393127,3,,
xlnet-base,18,10,83.73015873015873,84.28005284015852,13924052,4.33626344537022e-05,2.4627135643145445e-05,0.0720528641723305,4,,
xlnet-base,18,11,84.12698412698413,83.61955085865257,472150546,2.180291260529641e-05,0.0676435531377696,0.1650453666843013,9,,
xlnet-base,18,12,83.73015873015873,83.75165125495377,153440559,1.9151191379672435e-05,0.0125968036356227,0.0347489866121284,5,,
xlnet-base,18,13,84.25925925925925,84.14795244385733,1428497434,8.806203875862542e-06,8.206735167403253e-05,0.1742352468734565,10,,
xlnet-base,18,14,80.82010582010582,81.24174372523117,785300115,5.456544195590617e-06,1.7023613250120325e-05,0.0521075765218594,5,,
xlnet-base,18,15,82.93650793650794,82.82694848084545,1435465969,3.671675036470484e-05,2.9984886004967845e-05,0.1922022504789819,10,,
xlnet-base,18,16,84.12698412698413,84.5442536327609,987242284,2.380097928844292e-05,0.0443304925008906,0.0366169612187295,9,,
xlnet-base,18,17,83.994708994709,84.14795244385733,603272174,3.95686948035921e-05,8.541618481116883e-05,0.0739016806342056,2,,
xlnet-base,18,18,82.53968253968254,81.50594451783356,1311801337,6.369484070894682e-06,8.162655810742938e-05,0.0340716210704694,7,,
xlnet-base,18,19,84.52380952380952,82.43064729194188,1016903129,3.2955911045992e-05,0.0004142305886214,0.1924163354957228,4,,
xlnet-base,18,20,83.994708994709,82.69484808454425,202854044,9.560947818500843e-05,0.0004693555168353,0.1902164531163025,5,,
xlnet-base,18,21,84.78835978835978,82.56274768824306,1297338302,4.76522328476854e-05,3.050313651030061e-05,0.0244737514359797,9,,
xlnet-base,18,22,82.01058201058201,83.75165125495377,766025984,9.167088448401264e-05,0.0005055487423161,0.1156143814062497,4,,
xlnet-base,18,23,82.27513227513228,82.95904887714663,1171170911,8.40497046628624e-05,0.0002285515945059,0.1135644269988509,10,,
xlnet-base,18,24,84.78835978835978,83.09114927344783,1723419582,1.4225475496406858e-05,0.0003359005638438,0.1399957347318837,10,,
xlnet-base,18,25,85.18518518518519,82.95904887714663,1434369483,5.670133197550191e-05,1.493462368040009e-05,0.1808442018163418,2,,
xlnet-base,18,26,82.93650793650794,81.77014531043594,834656459,8.50926846218843e-05,0.0009018256124893,0.024098899272344,10,,
xlnet-base,18,27,82.14285714285714,81.37384412153236,1984668050,6.9156604139613095e-06,0.0001750390720208,0.0426699474917278,4,,
xlnet-base,18,28,81.87830687830687,81.50594451783356,2043467751,1.0567026071632331e-05,1.2599757235538195e-05,0.105233764370776,3,,
xlnet-base,18,29,85.58201058201058,85.07265521796566,109558656,5.09067764863518e-05,1.1835205636916518e-05,0.1760829365292651,5,,
xlnet-base,19,0,83.55437665782493,84.61538461538461,1687299798,1.0062341755313352e-05,0.0093181174800789,0.1878434625599184,4,,
xlnet-base,19,1,82.75862068965517,82.09549071618036,12960493,9.517008387559983e-06,0.000714780015376,0.104156091888104,3,,
xlnet-base,19,2,83.95225464190982,83.15649867374005,2126104346,2.6824921170372107e-05,0.0931174621639075,0.1835144172845541,4,,
xlnet-base,19,3,85.0132625994695,83.0238726790451,2049001359,3.597421755736244e-05,0.0021465676052503,0.1046774966491714,9,,
xlnet-base,19,4,83.28912466843501,82.75862068965517,116720940,8.531901310971738e-06,2.348333621568611e-05,0.1291229166288863,3,,
xlnet-base,19,5,83.6870026525199,84.08488063660478,167833687,1.0952309880963252e-05,0.0005811610381534,0.1486713182715425,7,,
xlnet-base,19,6,84.74801061007958,83.81962864721486,110302728,3.6264858189787975e-05,0.0001698132835692,0.0776079257438021,3,,
xlnet-base,19,7,81.6976127320955,83.15649867374005,332056973,7.268237345973018e-06,0.0033156147506225,0.0418055470055332,10,,
xlnet-base,19,8,84.21750663129974,83.0238726790451,436276883,1.091958348687318e-05,0.0002176206516818,0.1213316860530029,10,,
xlnet-base,19,9,85.80901856763926,83.15649867374005,1239790753,3.282605054321312e-05,2.721867710287139e-05,0.1420459339751564,9,,
xlnet-base,19,10,81.56498673740053,83.0238726790451,2021146822,7.860989862404017e-06,0.0001107031659224,0.0213014373707647,6,,
xlnet-base,19,11,84.08488063660478,84.08488063660478,48246187,1.8121525000156912e-05,0.000140325276907,0.1092062274608374,5,,
xlnet-base,19,12,83.15649867374005,82.22811671087533,921804502,1.4063695284052775e-05,5.785052241180269e-05,0.1318227584283369,8,,
xlnet-base,19,13,84.88063660477454,82.49336870026525,1147425168,4.061507055897466e-05,0.0014879298356484,0.1041998991308661,10,,
xlnet-base,19,14,83.42175066312997,83.15649867374005,889464145,8.224091329509803e-06,0.0004264164980866,0.0486690006642721,7,,
xlnet-base,19,15,84.88063660477454,82.89124668435014,25343491,5.7539815482913855e-05,7.009925769009812e-05,0.1450378627725995,6,,
xlnet-base,19,16,84.48275862068965,82.89124668435014,133014350,3.636972522916561e-05,0.0010984451344469,0.1067364562595701,5,,
xlnet-base,19,17,84.88063660477454,82.36074270557029,1430165741,3.8022768934992776e-05,0.0001311669579489,0.1341485116192911,10,,
xlnet-base,19,18,85.54376657824933,83.81962864721486,1770772682,3.8548093951108975e-05,0.0356405270562055,0.1640776146734605,6,,
xlnet-base,19,19,83.0238726790451,82.75862068965517,1658373226,1.3551286187795683e-05,0.0048340793639776,0.0275026707422376,5,,
xlnet-base,19,20,84.21750663129974,82.22811671087533,562681024,7.473720534725224e-05,0.0015091654705265,0.1285197853076775,7,,
xlnet-base,19,21,84.61538461538461,83.6870026525199,136405098,2.90083571721661e-05,0.0002472920383031,0.0219507146002338,10,,
xlnet-base,19,22,82.62599469496021,83.81962864721486,681984984,1.1435340943544298e-05,2.3694716688512533e-05,0.1950737619444456,3,,
xlnet-base,19,23,82.49336870026525,82.62599469496021,902555638,9.470992083553804e-06,1.260388227534771e-05,0.1914733849417529,9,,
xlnet-base,19,24,81.83023872679045,83.0238726790451,1927122196,1.658825415016257e-05,0.0001443183713596,0.1967366955486993,2,,
xlnet-base,19,25,84.61538461538461,82.89124668435014,62068956,3.440946354315874e-05,0.0003223019879682,0.0448085680165734,4,,
xlnet-base,19,26,83.15649867374005,80.50397877984085,179894632,8.764357693263638e-05,9.90751884208524e-05,0.0397180177055133,3,,
xlnet-base,19,27,85.14588859416446,82.89124668435014,286165056,2.278659923118804e-05,5.05838902572093e-05,0.1058981231983973,9,,
xlnet-base,19,28,83.6870026525199,83.6870026525199,1985721905,1.4821809149840303e-05,0.0047313897740506,0.1582123004493767,6,,
xlnet-base,19,29,83.15649867374005,81.6976127320955,287816060,8.748421849451426e-06,0.0116894401852365,0.0923798815546081,5,,
xlnet-base,20,0,80.31914893617021,80.74369189907038,757830831,8.053418511830312e-05,0.079187026669101,0.0059956182836693,3,,
xlnet-base,20,1,83.77659574468085,83.66533864541833,747453186,2.6497318759131104e-05,0.0013260336117907,0.0890671151300174,8,,
xlnet-base,20,2,85.1063829787234,85.1261620185923,953023395,4.540259097132255e-05,3.616337530535624e-05,0.1431624776023596,7,,
xlnet-base,20,3,83.37765957446808,82.86852589641434,1854247407,8.730619206205671e-05,0.0012763201557431,0.1207557431069327,5,,
xlnet-base,20,4,82.57978723404256,82.47011952191235,1387207036,1.2926610724999123e-05,0.0004916991458845,0.1846635822269675,8,,
xlnet-base,20,5,84.44148936170212,84.9933598937583,535791426,3.314836535819952e-05,0.0060470501072047,0.1325016816348113,9,,
xlnet-base,20,6,82.31382978723404,81.00929614873839,584753475,5.749014531165322e-06,1.528009496922386e-05,0.0718554459410514,8,,
xlnet-base,20,7,82.57978723404256,84.06374501992032,1673403425,4.977938634567843e-05,0.003729491760141,0.0208076733986066,3,,
xlnet-base,20,8,83.90957446808511,83.13413014608234,592537603,2.968881451862632e-05,1.739335452398046e-05,0.1667579267213548,10,,
xlnet-base,20,9,83.11170212765957,83.13413014608234,1812197166,9.6958371536641e-05,0.0050639723286368,0.1655407818539088,9,,
xlnet-base,20,10,82.04787234042553,83.79814077025232,2105454425,7.666465046339209e-05,0.0976917352007435,0.0194764733166653,5,,
xlnet-base,20,11,83.11170212765957,83.00132802124834,1060508500,2.2516993580791565e-05,5.25559663895256e-05,0.0417135559918451,7,,
xlnet-base,20,12,80.98404255319149,82.07171314741036,2109536789,9.112967660139582e-06,0.0307006125042577,0.1051208227276388,6,,
xlnet-base,20,13,79.12234042553192,77.82204515272244,267979503,7.155475944077163e-06,0.0001290277218728,0.1171331956157441,2,,
xlnet-base,20,14,82.44680851063829,81.67330677290836,527470017,8.075126072772188e-06,0.0146060648322471,0.148238802213906,9,,
xlnet-base,20,15,82.7127659574468,81.67330677290836,1246220867,1.861413880762449e-05,0.085235854140981,0.1031137588783208,2,,
xlnet-base,20,16,83.11170212765957,82.07171314741036,416458297,1.1410491926690306e-05,0.0002672695942065,0.0434030371600262,9,,
xlnet-base,20,17,82.44680851063829,84.32934926958832,1905505821,3.899659552435425e-05,0.0004274936392395,0.0672572615969844,2,,
xlnet-base,20,18,82.57978723404256,82.07171314741036,1155799101,1.34930659620861e-05,2.636198968276739e-05,0.0752935539121191,6,,
xlnet-base,20,19,82.7127659574468,83.53253652058433,1881152133,3.107208784794457e-05,0.0001711462066916,0.0702508733446913,3,,
xlnet-base,20,20,80.05319148936171,80.74369189907038,1724570964,5.70892669526495e-06,9.06272475786576e-05,0.1831372377514967,4,,
xlnet-base,20,21,81.11702127659575,80.74369189907038,848484254,1.0476485953268254e-05,0.0104111841994182,0.143409795914692,7,,
xlnet-base,20,22,83.37765957446808,81.93891102257636,1067727540,6.397912096554847e-05,0.001380600703582,0.1882461979170787,10,,
xlnet-base,20,23,83.11170212765957,81.40770252324037,42374485,4.1669049028599286e-05,0.0012025322837639,0.0527504877921772,6,,
xlnet-base,20,24,83.6436170212766,82.47011952191235,1344635217,1.3975478645773616e-05,0.0720058003499822,0.0591755035681049,9,,
xlnet-base,20,25,83.6436170212766,82.86852589641434,127294902,3.294262415575244e-05,0.0011930935236891,0.1968853324019835,2,,
xlnet-base,20,26,79.65425531914893,81.40770252324037,732086656,7.65186044101416e-05,0.00051547816098,0.1528827244566462,7,,
xlnet-base,20,27,82.97872340425532,82.47011952191235,2025577469,3.728381653209194e-05,0.0020442803885863,0.1856415183259404,2,,
xlnet-base,20,28,81.51595744680851,80.2124833997344,2030323393,8.787897567604387e-06,0.0001196008280825,0.1706752036938544,3,,
xlnet-base,20,29,83.51063829787235,82.33731739707835,1673170786,7.822883888513979e-05,0.092161890980435,0.1930037800980152,8,,
xlnet-base,21,0,84.28005284015852,83.11345646437995,1911514299,1.627878707243755e-05,0.0001171872118632,0.0499639222929643,6,,
xlnet-base,21,1,81.24174372523117,81.00263852242745,1212222384,8.927901948140125e-06,0.0064310496804056,0.1175645348958027,2,,
xlnet-base,21,2,85.60105680317041,86.01583113456465,863005786,1.5808671923100823e-05,0.0636609481100687,0.1075856127012213,6,,
xlnet-base,21,3,85.07265521796566,85.75197889182058,99450106,2.215472605044801e-05,1.261166532159452e-05,0.0122161717057722,4,,
xlnet-base,21,4,82.82694848084545,81.92612137203166,540487597,6.0015854230625725e-06,0.0178665069494539,0.1848681523984835,5,,
xlnet-base,21,5,84.41215323645972,83.50923482849605,129228492,3.4041659513248404e-05,4.7382587490155714e-05,0.085446913361481,10,,
xlnet-base,21,6,83.75165125495377,83.24538258575198,153518433,5.062946920457448e-05,0.0211212174252491,0.0424727719882747,6,,
xlnet-base,21,7,85.07265521796566,85.35620052770449,1952000767,2.0377082130911035e-05,1.2655966013290766e-05,0.170527128745244,7,,
xlnet-base,21,8,84.5442536327609,84.1688654353562,1427235173,5.518935194142123e-05,0.0001061167449634,0.1695914945022054,10,,
xlnet-base,21,9,84.41215323645972,84.69656992084433,754885908,3.3079033265541824e-05,0.0367456216234486,0.0642768312016934,4,,
xlnet-base,21,10,82.0343461030383,82.84960422163589,2126704289,7.44006842121779e-05,0.0607945506589264,0.1448190442955993,6,,
xlnet-base,21,11,84.5442536327609,83.11345646437995,1704800624,1.5560608848357666e-05,5.686303594316385e-05,0.0577437059824159,3,,
xlnet-base,21,12,83.88375165125495,83.37730870712402,1838681976,9.620987127589472e-06,5.528119274764254e-05,0.0821695722768056,7,,
xlnet-base,21,13,84.67635402906208,83.50923482849605,170921493,3.642609345602475e-05,0.0002400713831601,0.0731814849585452,4,,
xlnet-base,21,14,84.5442536327609,83.50923482849605,64636577,7.274118359129782e-06,0.002285544284232,0.1414812722690316,9,,
xlnet-base,21,15,83.09114927344783,82.58575197889182,1042415878,1.2346010565884474e-05,0.000526340284422,0.0301101728267207,3,,
xlnet-base,21,16,83.48745046235139,84.03693931398416,1171723046,9.371398145554944e-05,0.0761460482427344,0.1501248232411536,4,,
xlnet-base,21,17,85.33685601056803,84.96042216358839,429363434,2.8292412691858693e-05,0.0227531748045885,0.0833763054523747,9,,
xlnet-base,21,18,83.75165125495377,83.7730870712401,2058540172,6.692099817625774e-05,0.0002563813159488,0.0159969232429893,4,,
xlnet-base,21,19,83.88375165125495,82.71767810026385,1019203729,1.6087741125874416e-05,0.0001815036334287,0.1238069424650918,3,,
xlnet-base,21,20,81.63804491413474,82.84960422163589,293007338,6.776423526278114e-05,0.0062622492915086,0.1862186203742539,3,,
xlnet-base,21,21,82.82694848084545,83.37730870712402,406039072,6.074332735039425e-05,0.0219998615843966,0.0635080531416547,5,,
xlnet-base,21,22,81.37384412153236,80.87071240105541,1247288479,8.235633103009264e-05,2.358339217087473e-05,0.0991178207231617,2,,
xlnet-base,21,23,81.10964332892999,81.00263852242745,1025513816,5.193745466789656e-06,0.011181753378515,0.03307262555847,4,,
xlnet-base,21,24,81.77014531043594,81.6622691292876,1707122021,6.765563696720152e-06,0.0005085158304209,0.0607947231656808,3,,
xlnet-base,21,25,83.61955085865257,82.71767810026385,1023121827,7.728770545781947e-06,0.0001056308892349,0.0212204398031044,3,,
xlnet-base,21,26,83.35535006605019,81.79419525065963,592206461,1.2992527003337203e-05,0.0909529662251917,0.0970439496345755,2,,
xlnet-base,21,27,84.94055482166446,83.7730870712401,1456698713,3.783323595945343e-05,0.088293584946565,0.1810053942270199,10,,
xlnet-base,21,28,82.43064729194188,82.98153034300792,1520118849,4.999958529264682e-05,1.803079810081565e-05,0.1182450351736371,5,,
xlnet-base,21,29,83.75165125495377,83.37730870712402,847038963,6.023669571645319e-06,0.0008458205602953,0.0620698715571635,4,,
xlnet-base,22,0,84.66666666666667,85.46666666666667,1744284159,5.013046665593212e-05,6.502396941500989e-05,0.1650994814776253,9,,
xlnet-base,22,1,84.8,84.26666666666667,562939163,8.237845141836964e-06,0.0410874314231956,0.1164247622113444,6,,
xlnet-base,22,2,85.33333333333333,84.26666666666667,1436536682,5.406890869864504e-05,0.0003844600402109,0.1367372795696104,8,,
xlnet-base,22,3,85.46666666666667,84.53333333333333,269950254,2.03572695083941e-05,4.655769375295928e-05,0.1895188089626792,2,,
xlnet-base,22,4,83.73333333333333,84.53333333333333,437709722,8.048748200407873e-05,0.0001476248754616,0.0826117016818178,7,,
xlnet-base,22,5,86.26666666666667,85.2,577304111,2.3309020469963062e-05,2.17700487618602e-05,0.0746703815192149,9,,
xlnet-base,22,6,84.53333333333333,84.53333333333333,1348159777,5.395579531727023e-06,1.725795184666827e-05,0.1660929670070155,6,,
xlnet-base,22,7,84.66666666666667,85.06666666666666,359878060,6.846688069035394e-05,0.0017155097902995,0.0929018365729306,5,,
xlnet-base,22,8,84.8,85.33333333333333,875293131,3.362357162937484e-05,0.0003033402339602,0.1828663489255483,2,,
xlnet-base,22,9,84.4,84.26666666666667,870258312,2.860168411543053e-05,0.0002740409527149,0.1521656038209892,2,,
xlnet-base,22,10,87.06666666666666,85.06666666666666,1371835915,2.35633485842333e-05,0.001408604096008,0.0278625957355221,9,,
xlnet-base,22,11,86.13333333333334,84.8,126041831,2.499731239075324e-05,0.0065021184030063,0.0484060483556119,7,,
xlnet-base,22,12,80.8,80.93333333333334,1795942123,1.894178361064305e-05,1.8399386778692805e-05,0.0135205872521716,2,,
xlnet-base,22,13,86.13333333333334,85.2,1403799175,1.158350328983412e-05,0.088753580698975,0.1411382204179111,10,,
xlnet-base,22,14,86.4,85.46666666666667,891415013,5.0660179977813495e-05,0.0004301226768131,0.1121002000213546,8,,
xlnet-base,22,15,84.8,83.86666666666666,818345509,2.6298174122329844e-05,0.0001478256048741,0.0121276522041996,2,,
xlnet-base,22,16,83.46666666666667,84.13333333333334,2147358871,1.512582820887707e-05,0.0010917986804162,0.0652355851877813,2,,
xlnet-base,22,17,86.53333333333333,84.93333333333334,2036583900,1.84712781566516e-05,1.9496754601218592e-05,0.1333514692010318,10,,
xlnet-base,22,18,86.26666666666667,84.93333333333334,428900037,4.674389215508964e-05,0.0045577732055474,0.1567179187725313,8,,
xlnet-base,22,19,85.2,82.8,1961476215,7.586557323949217e-06,0.0331932247029758,0.0392029811323466,7,,
xlnet-base,22,20,84.8,83.33333333333333,1544361325,5.908145875630868e-06,0.0028697508777404,0.0132451846635252,5,,
xlnet-base,22,21,84.93333333333334,84.93333333333334,1824755891,3.7591621114634666e-05,0.0004454115543149,0.0749397867882772,4,,
xlnet-base,22,22,84.93333333333334,84.4,295406540,4.358846309407901e-05,0.0604733470566381,0.1974231441158873,5,,
xlnet-base,22,23,84.93333333333334,86.0,1645095246,5.340987683381677e-05,0.0017705256358912,0.0032007502582882,8,,
xlnet-base,22,24,85.46666666666667,84.26666666666667,1961628257,9.763601678775184e-06,0.0004150171473743,0.1784716429201261,7,,
xlnet-base,22,25,84.66666666666667,84.4,1698269465,8.661150428624341e-05,0.0121735482296172,0.1474163782231237,5,,
xlnet-base,22,26,83.6,85.06666666666666,2137257999,1.6189148747686867e-05,0.0269111971327518,0.1677548757746508,5,,
xlnet-base,22,27,84.26666666666667,83.6,337150068,9.65097753757806e-05,0.028700311006026,0.0118502459933133,5,,
xlnet-base,22,28,84.13333333333334,84.4,1366075172,9.483451714189247e-06,0.0227447042819506,0.1556484744454049,4,,
xlnet-base,22,29,85.06666666666666,85.06666666666666,1038522340,9.481744861792158e-05,0.0001099395066103,0.0815637738176851,2,,
xlnet-base,23,0,84.4804318488529,82.99595141700405,2113335010,7.613391519907314e-06,0.0071464532858776,0.1537726443245372,6,,
xlnet-base,23,1,85.4251012145749,83.26585695006747,910927218,1.5390600081693534e-05,0.0056116826187231,0.0486208092248275,9,,
xlnet-base,23,2,84.4804318488529,82.5910931174089,998671422,2.6143750702056498e-05,2.5759807715900523e-05,0.0444676311724745,6,,
xlnet-base,23,3,83.67071524966262,82.5910931174089,1721579880,6.241318622187096e-06,4.9488413424480446e-05,0.0768354626538605,7,,
xlnet-base,23,4,83.67071524966262,81.24156545209176,820017379,7.3742508945394675e-06,0.0164931463636491,0.1564442444541772,5,,
xlnet-base,23,5,84.34547908232119,83.53576248313091,1930517252,6.984995284723003e-06,1.6354840431628373e-05,0.0697931036027401,9,,
xlnet-base,23,6,82.99595141700405,81.10661268556005,549764196,9.717256564885933e-06,0.0017632534522667,0.0598490499587469,3,,
xlnet-base,23,7,85.96491228070175,83.94062078272604,1532933933,5.733828277864956e-05,5.62942873121275e-05,0.1743499319269582,10,,
xlnet-base,23,8,83.80566801619433,82.5910931174089,1278588523,5.373112620000688e-05,0.0765222919758706,0.1055190919898918,2,,
xlnet-base,23,9,82.5910931174089,81.78137651821862,210163984,9.536746477631104e-06,0.0001033519799534,0.1685318705345023,6,,
xlnet-base,23,10,83.40080971659918,81.10661268556005,1862647192,7.206582733774239e-06,0.01119969444271,0.1895080276823028,4,,
xlnet-base,23,11,81.91632928475033,82.86099865047234,578495739,9.136283300111036e-05,0.0204831324782916,0.0577514418432679,4,,
xlnet-base,23,12,80.56680161943319,78.13765182186235,394420427,7.323841638438449e-06,0.0816440625206317,0.0547120378423539,2,,
xlnet-base,23,13,82.45614035087719,82.45614035087719,844518523,6.55616819225908e-06,0.0002633887914632,0.0386306499586179,4,,
xlnet-base,23,14,82.86099865047234,81.78137651821862,1823950538,1.292278465195556e-05,0.0173902345283088,0.1631560847973807,4,,
xlnet-base,23,15,84.07557354925775,80.97165991902834,708264363,7.578023569115143e-05,0.0149817604173881,0.1399524800373837,3,,
xlnet-base,23,16,83.94062078272604,81.91632928475033,1625600433,3.992045768385823e-05,0.001922522994274,0.0242639621180245,3,,
xlnet-base,23,17,84.75033738191632,82.99595141700405,2126921823,6.03667994095873e-05,5.111062495893425e-05,0.0540234083696117,10,,
xlnet-base,23,18,81.64642375168691,81.64642375168691,1532880576,5.709282268985066e-06,0.0117717039586394,0.1713415826567325,6,,
xlnet-base,23,19,82.86099865047234,80.29689608636977,791830778,8.61769664626514e-05,2.6837444540846937e-05,0.0457947578947842,5,,
xlnet-base,23,20,83.40080971659918,80.97165991902834,1364952719,2.445990754726141e-05,0.0004623888470505,0.1377196867260738,4,,
xlnet-base,23,21,85.69500674763833,82.5910931174089,539700791,3.139053164860975e-05,0.0447289481409913,0.165007802349028,3,,
xlnet-base,23,22,83.26585695006747,81.64642375168691,538790555,5.088831099025427e-06,0.0007139923677358,0.0032246736105467,8,,
xlnet-base,23,23,85.69500674763833,83.67071524966262,1229217138,4.764825682484308e-05,2.851985280366309e-05,0.0088788965290888,6,,
xlnet-base,23,24,85.69500674763833,82.86099865047234,321487699,1.941898323234574e-05,0.0126415108567765,0.1099511494248109,8,,
xlnet-base,23,25,83.40080971659918,82.32118758434548,154574113,5.879529423290621e-06,0.0463270427270872,0.1722910782750355,10,,
xlnet-base,23,26,86.23481781376518,82.99595141700405,560117306,1.248462359993529e-05,0.0057124204551393,0.1086094420719966,10,,
xlnet-base,23,27,82.5910931174089,82.32118758434548,2064453196,1.345288501161194e-05,0.0001871834752066,0.1937267682940241,3,,
xlnet-base,23,28,83.94062078272604,81.78137651821862,259074918,7.632200430425756e-06,1.7915800830103193e-05,0.0284881715634856,5,,
xlnet-base,23,29,84.4804318488529,82.18623481781377,925165874,2.074342388720629e-05,0.0374621133407021,0.0253555107177981,3,,
xlnet-base,24,0,84.07310704960835,82.79009126466754,994154761,5.285999115049556e-06,5.6246771311117545e-05,0.0417964384491149,8,,
xlnet-base,24,1,83.15926892950391,84.7457627118644,1850164896,9.043554529807076e-05,0.0337959375006337,0.0878376810657512,9,,
xlnet-base,24,2,84.33420365535248,86.04954367666232,1119911528,2.0334037562802693e-05,2.676740161235708e-05,0.155489122267043,9,,
xlnet-base,24,3,80.93994778067885,82.39895697522816,1468479193,1.150771314878595e-05,0.0342803116610493,0.0047360026491158,2,,
xlnet-base,24,4,85.24804177545693,86.44067796610169,750046685,3.903280441814201e-05,0.0013849882686599,0.0385777449126639,9,,
xlnet-base,24,5,85.24804177545693,84.48500651890483,750095309,8.714430411201386e-05,0.001103511922913,0.1350180738863722,3,,
xlnet-base,24,6,84.46475195822454,85.00651890482399,605276295,3.196175983908554e-05,0.0006035364643403,0.0714628113607909,8,,
xlnet-base,24,7,83.02872062663185,83.18122555410692,563273298,7.693587666764152e-05,0.0009722737805717,0.1701196383733041,9,,
xlnet-base,24,8,82.11488250652741,79.92177314211213,784213278,5.477922009763719e-06,0.0005285415516999,0.0347283052836007,3,,
xlnet-base,24,9,83.42036553524804,85.00651890482399,1210626621,2.718810329505405e-05,8.851023674564158e-05,0.1525889023559054,8,,
xlnet-base,24,10,83.42036553524804,84.48500651890483,1415520922,5.975935076726815e-06,0.0003531717220137,5.688435797870373e-05,9,,
xlnet-base,24,11,84.07310704960835,85.78878748370273,1139789721,1.8857774944676103e-05,5.020157494171024e-05,0.086471003061438,8,,
xlnet-base,24,12,83.42036553524804,85.26727509778357,1267835634,3.675468415028379e-05,0.0128845033012642,0.1128014098031799,3,,
xlnet-base,24,13,83.81201044386422,84.35462842242504,241057463,2.276017598093254e-05,0.0005358018047221,0.0109934355367657,4,,
xlnet-base,24,14,81.98433420365535,83.05084745762711,1195171927,6.13699328512203e-05,0.0040458551529995,0.0720532677378929,2,,
xlnet-base,24,15,82.76762402088772,83.18122555410692,1112066981,9.894034304937876e-05,0.0016481226784283,0.1540114029162268,7,,
xlnet-base,24,16,83.42036553524804,85.26727509778357,483105395,4.501829716405508e-05,0.0008621171312396,0.0172350697027706,8,,
xlnet-base,24,17,74.93472584856397,74.44589308996089,1374981890,5.070269268920235e-06,0.096692850762438,0.1981723409160744,2,,
xlnet-base,24,18,83.9425587467363,85.78878748370273,394565120,1.8327075514246148e-05,3.798181164764438e-05,0.1843638201062955,7,,
xlnet-base,24,19,81.72323759791122,83.57235984354628,1033292431,7.665125827510448e-06,1.2903960846703747e-05,0.1663695533418931,7,,
xlnet-base,24,20,81.8537859007833,83.3116036505867,1090724473,1.7712912037355685e-05,0.0011200027300485,0.0832606419823431,2,,
xlnet-base,24,21,83.02872062663185,84.61538461538461,1052818929,1.639176787188101e-05,3.33443127426156e-05,0.1527968422144141,2,,
xlnet-base,24,22,84.72584856396867,86.17992177314211,1080606735,5.039106554418282e-05,1.8278672804801475e-05,0.0426360031582851,3,,
xlnet-base,24,23,82.24543080939948,81.22555410691004,74121710,1.5356797718319478e-05,0.0085124609047268,0.1282113007020638,2,,
xlnet-base,24,24,85.37859007832898,86.44067796610169,1258155018,8.25447766965889e-05,0.043362763000564,0.0235847091976622,9,,
xlnet-base,24,25,84.85639686684073,86.17992177314211,1493150560,3.5215574595980104e-05,0.0017287759128151,0.1074464820684729,10,,
xlnet-base,24,26,84.85639686684073,86.04954367666232,228447587,4.7080655024751145e-05,1.693140520459881e-05,0.1371384087024075,8,,
xlnet-base,24,27,83.9425587467363,85.26727509778357,936128746,4.120266412118576e-05,0.0093912003612688,0.1163596574357775,4,,
xlnet-base,24,28,83.55091383812011,84.48500651890483,1801049047,1.6496370753955297e-05,1.6311295158156813e-05,0.0535956105836276,6,,
xlnet-base,24,29,83.55091383812011,85.39765319426337,1029807506,1.9779457936275463e-05,0.0129426479992292,0.1208856149534029,6,,
xlnet-base,25,0,85.63829787234043,84.32934926958832,342833690,4.197343581329685e-05,2.0181785254693096e-05,0.0421886824283793,5,,
xlnet-base,25,1,86.0372340425532,82.86852589641434,1508733174,5.315594159064912e-06,0.001519770815511,0.1503641779609707,9,,
xlnet-base,25,2,85.37234042553192,82.20451527224435,1296608453,6.788379262085745e-06,6.675649613127053e-05,0.003505898097821,9,,
xlnet-base,25,3,88.43085106382979,85.1261620185923,269166061,2.7999197307460227e-05,0.0008056162149231,0.0425184890579243,7,,
xlnet-base,25,4,87.10106382978724,84.32934926958832,865883576,3.319016544438034e-05,0.001214397582914,0.1754604259757159,7,,
xlnet-base,25,5,87.89893617021276,84.72775564409031,933093439,1.950805465062045e-05,0.0187819081687272,0.0836385803204838,8,,
xlnet-base,25,6,84.97340425531915,83.26693227091633,1113319458,1.956087651284663e-05,0.0064971057200568,0.0893836517841109,3,,
xlnet-base,25,7,85.63829787234043,82.73572377158034,977410851,1.2045393261834212e-05,0.0809204715897793,0.1292688867171905,4,,
xlnet-base,25,8,87.5,83.39973439575033,486279930,2.504576151415968e-05,0.0036561499088137,0.050660202649101,3,,
xlnet-base,25,9,85.50531914893617,83.66533864541833,1556914899,5.787809126281542e-05,0.0437798466459404,0.0946262920191719,5,,
xlnet-base,25,10,84.44148936170212,83.66533864541833,464530716,4.946329582520016e-05,5.3205685689759214e-05,0.0977790762893814,4,,
xlnet-base,25,11,83.24468085106383,82.07171314741036,557544597,5.984901701996523e-06,0.0004642791892505,0.0784043022593855,5,,
xlnet-base,25,12,87.63297872340425,83.93094289508632,1326924164,3.187679948709523e-05,0.0012273313890803,0.122244029098134,10,,
xlnet-base,25,13,85.77127659574468,85.2589641434263,1158156816,3.370734924709265e-05,0.004391752293111,0.0384868220023645,5,,
xlnet-base,25,14,86.70212765957447,86.05577689243027,1547268812,8.574901963527771e-06,0.0686313213919531,0.1440496325803776,9,,
xlnet-base,25,15,87.5,84.59495351925631,570824531,6.551754604330845e-05,0.0004614779765989,0.0650137032587153,2,,
xlnet-base,25,16,86.30319148936171,82.86852589641434,2128666973,5.60750054530051e-05,0.0151435518184067,0.0696894186405779,10,,
xlnet-base,25,17,85.1063829787234,82.86852589641434,187731438,8.36386798510943e-06,0.0300103160007087,0.1069858114773385,4,,
xlnet-base,25,18,86.96808510638297,84.06374501992032,1650784255,1.1993427818357446e-05,0.0001615622538265,0.0975472274221163,7,,
xlnet-base,25,19,86.17021276595744,82.86852589641434,2124536349,7.083592576674996e-05,0.0004793320353456,0.0454964635191136,5,,
xlnet-base,25,20,87.5,85.3917662682603,2005510998,3.809769647559143e-05,0.0444439086946079,0.1346384906061361,6,,
xlnet-base,25,21,87.10106382978724,83.79814077025232,1984968449,1.55312470537398e-05,1.4221325894699354e-05,0.135748381819883,7,,
xlnet-base,25,22,88.29787234042553,85.3917662682603,260018893,2.480286678608985e-05,0.0457352776029531,0.0980081963902044,9,,
xlnet-base,25,23,86.17021276595744,84.19654714475432,1778983428,6.761962378056076e-05,6.295047789422647e-05,0.1258967306415934,8,,
xlnet-base,25,24,85.90425531914893,83.00132802124834,1501252914,9.335123008661928e-05,0.0433045384297733,0.1416707659492559,5,,
xlnet-base,25,25,86.83510638297872,86.58698539176626,2142387793,4.335562567753519e-05,0.000285185913583,0.1099952430877242,6,,
xlnet-base,25,26,85.1063829787234,83.79814077025232,1527359011,5.596867452860129e-05,0.0356452589812011,0.1141645280516939,4,,
xlnet-base,25,27,85.90425531914893,83.53253652058433,1689334900,1.7024608414322122e-05,0.0005110389462521,0.0945704789369132,6,,
xlnet-base,25,28,87.23404255319149,84.4621513944223,1444253639,1.2531881993971331e-05,0.00058061447616,0.0172151707377798,9,,
xlnet-base,25,29,84.17553191489361,82.60292164674635,332693215,5.749755557615278e-06,0.0001499263438673,0.0938045384234567,5,,
xlnet-base,26,0,77.39816031537451,78.08398950131233,1020561493,6.252497307028456e-06,0.0023965059724288,0.082057859247977,2,,
xlnet-base,26,1,83.96846254927726,84.90813648293964,1854196912,2.068511149396838e-05,0.0009833521692341,0.148035546892138,5,,
xlnet-base,26,2,83.44283837056504,83.85826771653544,1243263360,2.7798990262740467e-05,0.0908292884106668,0.1300758607953274,3,,
xlnet-base,26,3,81.99737187910644,82.93963254593176,561023327,6.557603616427768e-06,0.0010758964625318,0.1150375912124993,5,,
xlnet-base,26,4,81.73455978975034,81.75853018372703,1194784800,7.347033336079751e-06,1.4752903165935098e-05,0.1770248545790497,3,,
xlnet-base,26,5,84.09986859395532,85.56430446194226,1379255959,2.5890598963424863e-05,0.0187275083029828,0.023070104653707,6,,
xlnet-base,26,6,83.5742444152431,85.17060367454069,1622307497,1.7385871109129858e-05,0.0020651937510627,0.0102280118433533,9,,
xlnet-base,26,7,85.28252299605782,85.8267716535433,655103953,4.8257766246312415e-05,0.0003136822855455,0.0720754107618246,8,,
xlnet-base,26,8,81.99737187910644,83.46456692913385,2048678216,5.746464563866456e-06,0.0220224680485724,0.1140060125283486,5,,
xlnet-base,26,9,83.70565045992116,84.7769028871391,740634785,5.40984473510392e-06,0.0004663947028812,0.0986113634590518,10,,
xlnet-base,26,10,81.99737187910644,81.75853018372703,1879227415,7.83803468974792e-05,0.0042238505463281,0.0251604019094423,10,,
xlnet-base,26,11,84.7568988173456,86.35170603674541,1173183925,1.8795884682109903e-05,0.0001623542419544,0.1549735594057933,7,,
xlnet-base,26,12,83.83705650459922,85.43307086614173,690045222,4.427962759577563e-05,4.6685350362791227e-05,0.1648672907730236,10,,
xlnet-base,26,13,82.91721419185282,86.61417322834646,926122694,4.786652255607151e-05,2.1610801201149e-05,0.0261256258560115,3,,
xlnet-base,26,14,82.91721419185282,84.25196850393701,117559846,1.2379140471310624e-05,0.0135021595672913,0.041819725249892,3,,
xlnet-base,26,15,83.04862023653088,81.36482939632546,1747230817,1.1567695325125122e-05,3.2870533070446965e-05,0.1280446668922577,3,,
xlnet-base,26,16,85.0197109067017,86.22047244094489,1089701812,3.680799877770826e-05,0.0001762857499867,0.0827489421027435,4,,
xlnet-base,26,17,81.60315374507228,81.88976377952756,37348402,5.09964411202978e-06,0.0047037873763904,0.1414918766063695,5,,
xlnet-base,26,18,84.49408672798948,86.61417322834646,1574206259,1.539578961337201e-05,1.1629505770759078e-05,0.0174550646179514,8,,
xlnet-base,26,19,84.36268068331144,84.51443569553805,1258704141,1.3094626680340508e-05,0.0001570383848304,0.0560210677364068,6,,
xlnet-base,26,20,82.65440210249672,86.48293963254594,2049796123,3.671834986163957e-05,0.003806206279869,0.1308207055897961,9,,
xlnet-base,26,21,84.23127463863338,85.03937007874016,691416287,4.899880995631709e-05,0.0437203889903687,0.0087161511450435,10,,
xlnet-base,26,22,83.18002628120894,85.95800524934383,62749190,2.484973166761083e-05,0.0248097782752012,0.0317549661932896,8,,
xlnet-base,26,23,81.99737187910644,82.67716535433071,73712553,8.617182849869036e-06,0.0011096740027751,0.0316926791959444,4,,
xlnet-base,26,24,84.36268068331144,84.64566929133858,2085531179,9.591010721554578e-06,0.0163197573781992,0.1061854975846628,7,,
xlnet-base,26,25,83.5742444152431,85.95800524934383,882924722,1.076884533027014e-05,1.856597670819669e-05,0.0359127110997363,6,,
xlnet-base,26,26,83.70565045992116,85.30183727034121,606189703,3.370797159036239e-05,0.0018726806449062,0.0217643575264765,7,,
xlnet-base,26,27,83.311432325887,84.12073490813648,1475671187,2.216836200770155e-05,0.0001403167205875,0.100602803547468,2,,
xlnet-base,26,28,81.86596583442838,85.56430446194226,1292728630,4.930723850094472e-05,1.3281433175002894e-05,0.0221053093054872,9,,
xlnet-base,26,29,82.1287779237845,84.64566929133858,963311235,4.693476485185726e-05,0.0275151481176785,0.0672866997996366,10,,
xlnet-base,27,0,84.7769028871391,84.64566929133858,1925229078,3.4887588296580585e-05,1.6938369895142927e-05,0.0693095361720585,6,,
xlnet-base,27,1,84.64566929133858,82.02099737532808,769785878,1.0017828888361805e-05,0.0153756852587001,0.1967304007689621,5,,
xlnet-base,27,2,83.72703412073491,83.33333333333333,593777690,8.25101793695075e-06,0.0003557965612979,0.0853095885243455,6,,
xlnet-base,27,3,84.64566929133858,83.46456692913385,764412538,1.722638670968421e-05,1.752085580244466e-05,0.1067448413972983,10,,
xlnet-base,27,4,85.69553805774278,83.85826771653544,63726705,4.293012170952683e-05,0.0045248477220627,0.0249785134996165,10,,
xlnet-base,27,5,83.2020997375328,81.62729658792651,1215534698,1.269121244305608e-05,0.009831986426045,0.0986843811856095,4,,
xlnet-base,27,6,79.92125984251969,81.23359580052494,289440701,1.5953352589461657e-05,0.0130153109622071,0.0880703530230241,2,,
xlnet-base,27,7,81.10236220472441,81.75853018372703,1798532770,1.6287109229279865e-05,8.337018609959561e-05,0.0054519123288155,2,,
xlnet-base,27,8,82.67716535433071,82.54593175853019,1592614984,7.072878743513435e-06,0.0104330284438822,0.0435400529528036,9,,
xlnet-base,27,9,85.43307086614173,81.10236220472441,663023573,3.695057965118487e-05,0.0002051372877463,0.0302914035642952,2,,
xlnet-base,27,10,85.03937007874016,83.98950131233596,1050207727,6.91801861810402e-05,0.0004632638903787,0.0749095196731993,6,,
xlnet-base,27,11,78.87139107611549,80.05249343832021,423357446,1.1755548872894922e-05,0.0907248108070201,0.0237881309885224,4,,
xlnet-base,27,12,84.90813648293964,83.72703412073491,1596225978,5.805714795395917e-05,0.000180071687688,0.1284575889513476,6,,
xlnet-base,27,13,82.54593175853019,81.10236220472441,1184056623,9.32658084686204e-05,0.0003329594877427,0.0514001908301887,7,,
xlnet-base,27,14,85.69553805774278,85.03937007874016,2000149298,7.29527992610081e-05,4.722971253154675e-05,0.0223531474616786,3,,
xlnet-base,27,15,85.69553805774278,83.85826771653544,171700467,3.852689805526966e-05,0.0001825957538167,0.1063859531378951,8,,
xlnet-base,27,16,84.25196850393701,83.72703412073491,376435518,1.7414939010651834e-05,0.0106289203664619,0.1145992708764337,5,,
xlnet-base,27,17,84.25196850393701,84.7769028871391,1852790053,5.140394981190756e-05,0.0445010466551356,0.1872296495126012,4,,
xlnet-base,27,18,85.56430446194226,83.46456692913385,2136614435,6.442441318555941e-05,3.510634213912362e-05,0.165159361390203,7,,
xlnet-base,27,19,84.64566929133858,84.51443569553805,1351488709,6.529195532906309e-05,1.736922250255462e-05,0.1651170069948235,2,,
xlnet-base,27,20,85.8267716535433,83.2020997375328,1325906918,7.785208880409694e-05,0.0003974642634229,0.0028701209909084,10,,
xlnet-base,27,21,84.51443569553805,82.93963254593176,334808745,3.992480085488282e-05,0.012521354760404,0.1983339830255425,5,,
xlnet-base,27,22,83.33333333333333,82.54593175853019,1406217315,9.163283959951922e-06,0.0021302280368375,0.0764503114742433,10,,
xlnet-base,27,23,86.22047244094489,84.25196850393701,275554345,2.09075453172026e-05,3.426214844772827e-05,0.0371399327166515,9,,
xlnet-base,27,24,85.03937007874016,84.64566929133858,510761917,2.8127841925291715e-05,0.0020961805041703,0.1497432352127611,3,,
xlnet-base,27,25,82.54593175853019,82.54593175853019,918104842,6.609032758713348e-06,9.240968714437629e-05,0.0816089361901177,6,,
xlnet-base,27,26,84.64566929133858,85.17060367454069,995802187,3.816326313452429e-05,0.0356482565252969,0.0143986145112212,6,,
xlnet-base,27,27,83.98950131233596,84.25196850393701,1481808154,8.40366837943181e-05,1.4875122020272176e-05,0.1606589847916419,2,,
xlnet-base,27,28,82.67716535433071,82.93963254593176,314881661,5.6184959362406575e-06,0.0133999651883756,0.0525142736730604,9,,
xlnet-base,27,29,83.33333333333333,84.25196850393701,1148006690,3.765656787257247e-05,0.0976975875873433,0.0055927691683399,2,,
xlnet-base,28,0,82.94270833333333,83.09492847854357,718902134,1.139194198080708e-05,1.267962486953466e-05,0.1825411197541471,9,,
xlnet-base,28,1,82.16145833333333,83.87516254876464,1485360373,5.762027310450641e-05,0.0001035747476062,0.1537285388584044,9,,
xlnet-base,28,2,82.421875,83.87516254876464,295816980,1.8448342404752514e-05,0.0003448328048522,0.1716403903709066,7,,
xlnet-base,28,3,81.51041666666667,82.18465539661898,386234964,1.4488773723761244e-05,0.0007249397596634,0.1151221298034364,4,,
xlnet-base,28,4,83.59375,84.13524057217165,28531413,1.2932711114329196e-05,0.0001820302477594,0.1943409539670949,5,,
xlnet-base,28,5,82.68229166666667,83.35500650195058,1478488471,2.233831186876433e-05,1.1328139404536545e-05,0.1244657793374156,7,,
xlnet-base,28,6,80.859375,81.2743823146944,909924097,8.831787188900279e-06,0.0002605514195363,0.0541054690831002,7,,
xlnet-base,28,7,78.64583333333333,77.6332899869961,433164914,5.7257301742700685e-06,0.0013043916141155,0.189222545607385,2,,
xlnet-base,28,8,82.94270833333333,84.39531859557867,1940881240,4.582735481083778e-05,0.0493952240671338,0.1602721469527676,2,,
xlnet-base,28,9,82.94270833333333,84.26527958387516,1554215184,4.879968290053144e-05,0.0006981917648796,0.133162791248872,4,,
xlnet-base,28,10,81.38020833333333,81.14434330299089,1032000218,7.408552760548184e-06,0.0002406718836209,0.1960842393413779,7,,
xlnet-base,28,11,83.46354166666667,83.74512353706112,1530334953,3.0260338542583844e-05,0.0672916659743432,0.0475012230129322,8,,
xlnet-base,28,12,82.55208333333333,82.57477243172951,816615633,7.616216889336351e-06,0.0015465653350794,0.1338383425265067,10,,
xlnet-base,28,13,81.77083333333333,81.92457737321196,350049124,8.805979047863124e-06,0.0151739872493146,0.1161866213071678,10,,
xlnet-base,28,14,78.25520833333333,80.1040312093628,1416050679,5.684711332684468e-06,7.834714420696114e-05,0.0041804039838152,2,,
xlnet-base,28,15,81.38020833333333,83.74512353706112,1697440417,2.4359601727830447e-05,6.415141906672352e-05,0.0814786286028368,9,,
xlnet-base,28,16,83.59375,84.13524057217165,255904214,2.5119053944725e-05,0.0105113842574925,0.1435192741237973,6,,
xlnet-base,28,17,82.68229166666667,83.09492847854357,570396496,1.2495434759257803e-05,0.0547504686018905,0.1055470433778996,9,,
xlnet-base,28,18,82.03125,84.00520156046814,952287620,1.6974682256328253e-05,1.2630520360211588e-05,0.1932269212928178,10,,
xlnet-base,28,19,79.42708333333333,81.92457737321196,2016443860,9.969032430862862e-05,0.0132429228653346,0.0113743661086552,7,,
xlnet-base,28,20,80.20833333333333,81.92457737321196,899781714,9.986614688906444e-05,0.0002258771687943,0.1352889536156585,2,,
xlnet-base,28,21,83.984375,85.30559167750324,634116904,5.0854271079057176e-05,0.0267190047238818,0.129858422832899,8,,
xlnet-base,28,22,82.421875,80.88426527958387,872217793,1.0327832137646803e-05,1.8262385952687103e-05,0.002550863640408,10,,
xlnet-base,28,23,83.85416666666667,84.26527958387516,1833445055,2.4576522010206314e-05,0.003587058643635,0.1321760182076033,8,,
xlnet-base,28,24,83.203125,85.04551365409623,43613307,6.471725867822421e-05,0.0048471229253195,0.1345441197643129,5,,
xlnet-base,28,25,80.859375,83.22496749024707,319962167,1.0338206928065005e-05,0.0306628343188208,0.0613879645521304,5,,
xlnet-base,28,26,83.203125,83.74512353706112,1966910946,2.2731426269117077e-05,0.0010090516200589,0.1441196080692544,6,,
xlnet-base,28,27,82.29166666666667,82.83485045513655,1241318724,1.1271925102954728e-05,0.0073490474100723,0.0594075864966793,8,,
xlnet-base,28,28,81.51041666666667,83.4850455136541,357463640,6.587496400561237e-06,0.0199770377463656,0.0550794641492735,5,,
xlnet-base,28,29,83.59375,85.04551365409623,1758304052,4.571163821548194e-05,0.0048567555059849,0.0112037811691052,6,,
xlnet-base,29,0,85.48812664907652,84.18972332015811,1268767410,3.538682937623673e-05,0.0011167992554926,0.004062761225489,7,,
xlnet-base,29,1,83.24538258575198,80.76416337285903,1353605648,7.049853414713144e-06,0.0912610871538672,0.0725598058984087,4,,
xlnet-base,29,2,82.32189973614776,81.81818181818181,260433057,6.03798523070584e-06,0.0019135635195692,0.1597943619295277,5,,
xlnet-base,29,3,85.88390501319262,83.79446640316206,1030773428,2.9775686738394008e-05,0.0505626776285171,0.0152814318821781,6,,
xlnet-base,29,4,80.34300791556728,78.12911725955205,43999889,5.570404983902374e-06,1.1759132186129385e-05,0.0967167397850199,2,,
xlnet-base,29,5,85.75197889182058,83.13570487483531,278888472,9.565693276114075e-05,6.295040033048194e-05,0.1342141422805082,9,,
xlnet-base,29,6,84.82849604221636,81.02766798418972,488517517,8.747502684184059e-06,0.000690533438402,0.0144845523414316,4,,
xlnet-base,29,7,80.87071240105541,76.81159420289855,1463357934,7.879267707732281e-06,4.5535037258809465e-05,0.1611149736922981,2,,
xlnet-base,29,8,87.20316622691293,83.79446640316206,1130884937,3.674957426479895e-05,0.002903425128779,0.1880977224012362,8,,
xlnet-base,29,9,85.35620052770449,83.26745718050066,1248816605,1.3551631849395196e-05,0.0194975121357529,0.1304935455755166,5,,
xlnet-base,29,10,85.75197889182058,81.81818181818181,1962798714,8.007338043039161e-06,0.0019636740527527,0.1510043104666057,6,,
xlnet-base,29,11,85.88390501319262,82.87220026350461,493456394,1.4047098609931306e-05,0.0004343726799756,0.0024440729201542,9,,
xlnet-base,29,12,86.2796833773087,82.74044795783927,1981764570,1.3541843266339182e-05,0.0042390586380383,0.1523947268675846,10,,
xlnet-base,29,13,86.93931398416886,83.79446640316206,786199745,5.374303152634705e-05,3.073139225789241e-05,0.1273718045419599,7,,
xlnet-base,29,14,86.14775725593668,84.7167325428195,1265093308,3.132363737915055e-05,1.301440584329223e-05,0.0606573057532732,9,,
xlnet-base,29,15,86.6754617414248,83.9262187088274,1534991512,2.6692833282014693e-05,2.630082302123846e-05,0.0039235353824979,10,,
xlnet-base,29,16,86.14775725593668,84.4532279314888,1768211027,1.1865884207827549e-05,2.682668583691018e-05,0.0209243666607251,9,,
xlnet-base,29,17,81.79419525065963,79.18313570487483,949954294,9.72478823864195e-06,0.0002160905348434,0.0219020411340979,2,,
xlnet-base,29,18,85.09234828496042,81.29117259552042,1444595634,6.74061618533678e-06,0.0108702255236237,0.0815389205689446,6,,
xlnet-base,29,19,86.2796833773087,82.74044795783927,693600233,9.642341816444636e-06,0.0593149750841491,0.1309015669552278,5,,
xlnet-base,29,20,85.09234828496042,82.74044795783927,389310624,7.86428115800836e-05,1.922038420704809e-05,0.1983186984941654,7,,
xlnet-base,29,21,86.2796833773087,83.26745718050066,209012331,1.185880365140171e-05,3.068144244933372e-05,0.0742727100388531,6,,
xlnet-base,29,22,87.33509234828496,84.9802371541502,1640112063,1.3388487098908673e-05,2.617182349286581e-05,0.1994790530501244,10,,
xlnet-base,29,23,85.22427440633246,83.00395256916995,1729177511,4.536688482157263e-05,0.0001301923011785,0.0303259911816451,8,,
xlnet-base,29,24,85.88390501319262,83.79446640316206,430193859,2.013819627063171e-05,0.0047620899021684,0.1506440588183143,9,,
xlnet-base,29,25,84.96042216358839,82.47694334650856,908772830,3.842003971543403e-05,0.0652336551608113,0.1616352807294113,2,,
xlnet-base,29,26,86.2796833773087,84.4532279314888,750154642,4.541919599501667e-05,0.0003879643353253,0.1669489193879499,6,,
xlnet-base,29,27,86.14775725593668,82.08168642951252,1682372239,3.403804679397381e-05,0.0012091276613166,0.1802424229786175,2,,
xlnet-base,29,28,88.12664907651715,84.05797101449275,168900326,2.2847005097292803e-05,0.0007517919317125,0.0066921221682894,8,,
xlnet-base,29,29,85.75197889182058,84.05797101449275,1937035251,1.7641507871820394e-05,0.0935706497789774,0.1876984261690135,9,,
roberta-base,0,0,84.98659517426273,87.14859437751004,691468165,4.609429969608073e-05,0.0007256960688185,0.0572080840549967,9,,
roberta-base,0,1,85.25469168900804,86.47925033467202,953688191,7.137687945237657e-06,3.786867894717027e-05,0.1214348868529638,7,,
roberta-base,0,2,84.71849865951742,87.01472556894244,1251410725,1.7883312013911434e-05,0.0248553101422678,0.0026996183165396,7,,
roberta-base,0,3,84.1823056300268,86.21151271753682,793791589,7.947504085669646e-06,0.0007685879742809,0.0085884916178374,7,,
roberta-base,0,4,84.98659517426273,86.21151271753682,1824426333,7.094638213455572e-06,0.0013083446513352,0.1681284546961088,8,,
roberta-base,0,5,79.08847184986595,80.85676037483266,847000796,9.692122573343627e-06,0.0027970511365969,0.0943955436862937,2,,
roberta-base,0,6,84.98659517426273,87.01472556894244,1123473354,2.420725247384558e-05,0.0002156153155319,0.0201518348956571,10,,
roberta-base,0,7,85.25469168900804,85.809906291834,347047958,1.6889521716956753e-05,0.0001029890507002,0.1180224767376184,3,,
roberta-base,0,8,86.99731903485255,87.41633199464525,1673537077,1.8397796708175117e-05,0.0126205282810632,0.1857090738581793,5,,
roberta-base,0,9,86.05898123324397,85.809906291834,1807741769,3.324530394550527e-05,0.0050411263630801,0.04751657002351,2,,
roberta-base,0,10,83.51206434316354,85.14056224899599,1875503171,7.661790190746981e-05,0.0014025263577667,0.115031846682115,6,,
roberta-base,0,11,85.12064343163539,86.34538152610442,686126830,9.512575396588448e-06,1.1632207327883624e-05,0.0359421647517084,10,,
roberta-base,0,12,85.3887399463807,85.809906291834,539822178,4.084324013437009e-05,0.0001040677427731,0.1375264814676718,6,,
roberta-base,0,13,85.92493297587131,85.00669344042838,2038188246,5.781101704197226e-05,2.078911538902017e-05,0.1221914136960901,2,,
roberta-base,0,14,84.1823056300268,85.809906291834,1695507768,6.007305925928423e-06,0.0005571260465748,0.0056353137222695,8,,
roberta-base,0,15,81.90348525469169,86.34538152610442,1792889506,8.268413347153329e-05,0.000208505514002,0.1606699596539311,10,,
roberta-base,0,16,83.78016085790885,84.60508701472557,1648142527,5.25743147166e-06,1.2374664472995642e-05,0.0187679961076938,5,,
roberta-base,0,17,86.59517426273459,87.14859437751004,547424862,2.473660112478089e-05,0.0064840633946071,0.0832578443973422,9,,
roberta-base,0,18,83.24396782841823,86.61311914323963,1992648557,4.8534717913580986e-05,0.009039911825654,0.0644261174802471,7,,
roberta-base,0,19,86.32707774798928,87.68406961178046,1019926784,3.4177476390766206e-05,0.0490182873518771,0.0199939943800317,8,,
roberta-base,0,20,83.6461126005362,83.26639892904953,1453347848,1.8237014422882205e-05,0.0039898705573963,0.1545043816810887,2,,
roberta-base,0,21,84.85254691689008,85.94377510040161,153843710,1.4112878889527977e-05,0.0040438970639901,0.1109995908979141,4,,
roberta-base,0,22,85.656836461126,86.88085676037483,426888100,1.4043433039117156e-05,7.614596257316633e-05,0.1466231781029619,10,,
roberta-base,0,23,83.91420911528151,85.14056224899599,879290490,2.1360051152116968e-05,0.0006833301979642,0.1492802295267657,2,,
roberta-base,0,24,85.25469168900804,85.6760374832664,1245383663,4.8013835797454e-05,0.0018877577604976,0.0170369617056539,10,,
roberta-base,0,25,84.71849865951742,85.94377510040161,56898513,6.383957576467027e-05,0.0025731544178602,0.0703896315233844,4,,
roberta-base,0,26,85.25469168900804,86.34538152610442,1020296042,5.65219813512187e-05,0.001102608740485,0.0793354212678036,5,,
roberta-base,0,27,69.16890080428955,68.54082998661312,1036344947,4.274776316697823e-05,1.321816637063113e-05,0.0148593827702252,8,,
roberta-base,0,28,83.78016085790885,85.94377510040161,799355342,4.811220610179803e-05,0.0113871470342388,0.0032309172763962,3,,
roberta-base,0,29,85.25469168900804,87.01472556894244,1229381179,4.5219395224357976e-05,0.0240642700937949,0.175091967583453,5,,
roberta-base,1,0,85.86525759577279,87.33509234828496,288033935,3.801124353302904e-05,0.0036841190311917,0.1315795275528283,7,,
roberta-base,1,1,84.5442536327609,85.35620052770449,1152448790,9.240223604606938e-05,4.004683581953618e-05,0.0560331289762204,9,,
roberta-base,1,2,86.65785997357992,85.35620052770449,2136730667,1.7507320411402797e-05,0.0066149191955366,0.1210576326711498,8,,
roberta-base,1,3,86.52575957727873,85.48812664907652,1879696892,2.762088830741367e-05,0.0002922920076953,0.0383643171014874,7,,
roberta-base,1,4,85.73315719947159,84.69656992084433,1223574976,6.778653555990947e-05,0.0001493923351695,0.1396816722551755,9,,
roberta-base,1,5,85.33685601056803,83.64116094986808,978413359,1.0726105160690267e-05,0.0014205041986329,0.0065990387682936,5,,
roberta-base,1,6,85.86525759577279,86.14775725593668,1123234516,1.832101071430345e-05,0.0001327659744991,0.1146409033376782,3,,
roberta-base,1,7,86.52575957727873,85.22427440633246,1557696031,5.037060929567072e-05,0.0577351731183626,0.040765046415443,10,,
roberta-base,1,8,87.31836195508586,84.03693931398416,1770648689,7.073609910172107e-05,0.0148850251472438,0.0261560491957719,8,,
roberta-base,1,9,85.99735799207397,85.48812664907652,1637527750,1.0770630940944791e-05,0.0057788955417031,0.1864845703014771,6,,
roberta-base,1,10,85.33685601056803,85.35620052770449,1690567962,3.583317391104218e-05,0.000689384415044,0.0832574448706935,3,,
roberta-base,1,11,85.33685601056803,86.01583113456465,1836523299,1.9555771284678545e-05,0.0010027755152858,0.0772272907326184,6,,
roberta-base,1,12,83.88375165125495,85.09234828496042,1812126718,6.036742054376006e-06,0.0051128482195301,0.154232271762372,7,,
roberta-base,1,13,85.33685601056803,86.41160949868073,1581803853,2.5330552300636445e-05,5.7138180218248406e-05,0.0473031296517676,3,,
roberta-base,1,14,82.69484808454425,84.82849604221636,1286495168,7.72499154873826e-06,0.0001429413535509,0.024789613060976,4,,
roberta-base,1,15,86.65785997357992,84.30079155672823,875613213,1.1545827641220832e-05,0.0003950891545793,0.1958878652627609,8,,
roberta-base,1,16,84.01585204755614,85.22427440633246,1810256603,9.41917860364011e-06,0.0106492087442392,0.0101035535649026,3,,
roberta-base,1,17,87.18626155878468,85.48812664907652,1737899054,1.174701808324914e-05,0.0005591566891549,0.078447415993979,8,,
roberta-base,1,18,85.86525759577279,85.75197889182058,647480480,9.03516532657075e-06,0.0537044139028394,0.1024449137865851,7,,
roberta-base,1,19,84.41215323645972,86.41160949868073,1964484378,1.0734270285170682e-05,1.24808968561259e-05,0.1351498592040491,5,,
roberta-base,1,20,85.86525759577279,85.75197889182058,1825010568,6.45867951749198e-05,4.5113826259527926e-05,0.1794315076135419,3,,
roberta-base,1,21,85.46895640686922,85.88390501319262,1200608819,1.533719816066303e-05,0.0007734709544344,0.1755776627018108,6,,
roberta-base,1,22,84.5442536327609,84.30079155672823,850613982,5.786667434296575e-06,0.0029163496228221,0.1803043944789099,9,,
roberta-base,1,23,86.12945838837517,86.2796833773087,2015838884,8.787876039431944e-06,0.0002743568450547,0.0798601990264842,10,,
roberta-base,1,24,86.9220607661823,87.33509234828496,245268988,1.9567720618866626e-05,0.0604391772503074,0.1051495412556944,7,,
roberta-base,1,25,85.07265521796566,84.30079155672823,1735436467,8.42278818554259e-05,0.0070275558462643,0.1910109859068213,2,,
roberta-base,1,26,86.65785997357992,84.30079155672823,401652947,1.146507302922368e-05,0.0027722278605498,0.0304776544486846,5,,
roberta-base,1,27,85.86525759577279,86.54353562005277,1891004608,2.811711956963773e-05,1.2763950950846986e-05,0.1886792250830563,2,,
roberta-base,1,28,85.20475561426684,84.5646437994723,1915618228,7.79485448676778e-06,0.0388492696972745,0.0656647077742406,6,,
roberta-base,1,29,85.20475561426684,85.62005277044855,1818133841,2.856395673822734e-05,0.0037348813461268,0.1327170564897617,3,,
roberta-base,2,0,84.19654714475432,84.88063660477454,46124774,4.601993914497763e-05,0.0016210129342279,0.0239117833063784,5,,
roberta-base,2,1,85.65737051792829,85.54376657824933,522584086,8.018184170202585e-06,2.0621395180883203e-05,0.079884949291874,5,,
roberta-base,2,2,86.18857901726427,86.73740053050398,1696828243,2.3441168931405087e-05,1.8489615278980236e-05,0.020128923819418,10,,
roberta-base,2,3,87.38379814077025,85.80901856763926,764781637,1.1927190252578678e-05,0.0015923077056216,0.1045874447555544,10,,
roberta-base,2,4,87.51660026560425,84.74801061007958,193424928,3.072008618215757e-05,1.787873272169551e-05,0.047468412454885,9,,
roberta-base,2,5,86.85258964143426,86.07427055702918,1585157253,3.487340537043623e-05,0.0003787232270642,0.0986354755154889,6,,
roberta-base,2,6,87.11819389110225,85.0132625994695,977493945,1.3594476078183454e-05,8.417029712842926e-05,0.0417303303710356,6,,
roberta-base,2,7,86.32138114209828,84.21750663129974,440916684,5.499681310437811e-05,0.0011280255675644,0.168269908487788,3,,
roberta-base,2,8,86.45418326693228,85.27851458885942,417109688,3.010802582013825e-05,6.007864199185658e-05,0.1511949102026661,3,,
roberta-base,2,9,85.52456839309428,84.21750663129974,627364685,1.563976212013751e-05,0.0250239516207767,0.068433891637163,10,,
roberta-base,2,10,86.98539176626826,86.3395225464191,1149249871,2.0528156784497237e-05,0.0052696088087718,0.0734898709441655,5,,
roberta-base,2,11,84.72775564409031,84.74801061007958,930725939,6.49848215747041e-06,0.0037493859798956,0.1856843501602243,8,,
roberta-base,2,12,86.32138114209828,84.61538461538461,2139866822,5.665094335872861e-05,0.0033398390308057,0.1607698121753699,9,,
roberta-base,2,13,86.45418326693228,85.41114058355437,80240795,3.080845953930988e-05,0.0206674547410759,0.1043586735804425,3,,
roberta-base,2,14,86.05577689243027,85.6763925729443,1720867035,2.8413296570610582e-05,0.029414552409309,0.1881808987071803,3,,
roberta-base,2,15,83.79814077025232,83.55437665782493,329856337,8.704659645706981e-06,0.0056694745225344,0.1553400216593375,3,,
roberta-base,2,16,84.72775564409031,83.95225464190982,2088370657,8.659760646072627e-05,0.0002750778175047,0.0334845874535689,3,,
roberta-base,2,17,86.32138114209828,83.28912466843501,1483979526,7.201693416943759e-05,0.0707625210910564,0.0621714246880576,3,,
roberta-base,2,18,86.05577689243027,86.20689655172414,1253731324,1.1698271963638324e-05,0.0002049548084784,0.082473121241402,4,,
roberta-base,2,19,84.9933598937583,84.48275862068965,1042159529,1.082451327747592e-05,0.0172882516781518,0.1242166410601362,3,,
roberta-base,2,20,86.71978751660026,85.6763925729443,1099951291,2.085467808511048e-05,3.064733711057871e-05,0.071744798323699,6,,
roberta-base,2,21,88.18061088977424,85.27851458885942,153796878,1.367008546942536e-05,0.0009345760318571,0.0471676225323007,4,,
roberta-base,2,22,84.72775564409031,85.6763925729443,1739973016,1.1065758846834711e-05,6.094539845655513e-05,0.012780044058901,3,,
roberta-base,2,23,86.58698539176626,85.41114058355437,2144731719,8.537484051976219e-06,0.0040328514016404,0.0486801251037545,5,,
roberta-base,2,24,86.18857901726427,84.74801061007958,1609883418,6.432345344139534e-05,3.7775313902355325e-05,0.1172539675919309,8,,
roberta-base,2,25,86.05577689243027,86.47214854111405,1810962834,5.028815224901535e-05,0.0006037354298411,0.1500931829892994,9,,
roberta-base,2,26,85.1261620185923,82.75862068965517,1920007380,7.268344928878583e-05,0.0020069691394289,0.0480172952297581,2,,
roberta-base,2,27,85.3917662682603,85.54376657824933,926347404,6.640227476501962e-06,0.0073145750782134,0.087513293824095,4,,
roberta-base,2,28,87.64940239043824,85.0132625994695,1754370522,6.374419313603558e-05,0.0017564261310545,0.0766277087634437,5,,
roberta-base,2,29,86.45418326693228,85.14588859416446,380669883,7.518123393307766e-05,0.000508812426757,0.0704386920143449,6,,
roberta-base,3,0,85.96256684491979,85.29411764705883,149154828,7.721009735218395e-05,0.061447596303672,0.1288682402016401,4,,
roberta-base,3,1,84.22459893048128,85.29411764705883,1692831249,1.5778837819458847e-05,1.175394371028925e-05,0.1510698625727065,3,,
roberta-base,3,2,83.68983957219251,84.89304812834224,1040765448,6.443846721715164e-06,0.0051029208408112,0.0230903475025909,6,,
roberta-base,3,3,84.35828877005348,86.49732620320856,1689013346,4.341374391519511e-05,4.2683761126156273e-05,0.0425774823973815,6,,
roberta-base,3,4,83.9572192513369,85.56149732620321,151669215,9.138643379018875e-06,0.0835618324653434,0.1760449823428408,4,,
roberta-base,3,5,76.47058823529412,78.20855614973262,897007947,6.377136956324341e-06,0.000346650665313,0.108226564452607,2,,
roberta-base,3,6,84.0909090909091,85.8288770053476,1666502383,6.36098643246877e-05,0.0019208006875106,0.1506022864680055,6,,
roberta-base,3,7,85.02673796791444,86.22994652406418,1435764530,5.108525525401055e-05,6.827450954157194e-05,0.0096544568975945,8,,
roberta-base,3,8,84.49197860962566,86.09625668449198,1103428013,5.706634640430997e-05,7.720770064178958e-05,0.1204865949213905,9,,
roberta-base,3,9,84.0909090909091,85.29411764705883,1004690787,4.781499769463413e-05,0.0069369688974825,0.1013012573524433,3,,
roberta-base,3,10,86.09625668449198,86.63101604278074,180912188,2.122311644745852e-05,0.0002357287981085,0.1836779796495421,5,,
roberta-base,3,11,86.63101604278074,86.22994652406418,2127385829,1.6987147584722518e-05,0.0340136551713933,0.0860062234621647,7,,
roberta-base,3,12,85.56149732620321,86.36363636363636,970901118,3.666202616816234e-05,0.0002331254432459,0.1680875845236154,7,,
roberta-base,3,13,85.96256684491979,85.96256684491979,926944712,2.3105982123347387e-05,0.0135135221385861,0.1708194170722398,10,,
roberta-base,3,14,85.42780748663101,86.76470588235294,251659385,5.535690920818069e-05,0.0001212214899555,0.1581352961808459,5,,
roberta-base,3,15,83.9572192513369,85.96256684491979,1058215201,9.865355512462311e-05,0.0046517463505631,0.1930623415995346,5,,
roberta-base,3,16,83.9572192513369,86.22994652406418,516556593,3.680982614140524e-05,0.0200887620567753,0.0117073001662176,6,,
roberta-base,3,17,84.62566844919786,86.49732620320856,846249809,3.6583320767172615e-05,0.0001995717244441,0.0826636296968619,6,,
roberta-base,3,18,85.16042780748663,86.76470588235294,1670788593,4.037991830579627e-05,0.0005301620087661,0.0150995618222794,7,,
roberta-base,3,19,84.75935828877006,85.29411764705883,343484143,5.82616254460967e-05,0.0011153924202289,0.1590775323721782,10,,
roberta-base,3,20,85.56149732620321,85.8288770053476,302927999,5.887158468262649e-05,0.0001935150211592,0.1062788715183836,7,,
roberta-base,3,21,85.02673796791444,85.96256684491979,940395189,3.774741838939759e-05,0.0550195796421575,0.0209357715997964,5,,
roberta-base,3,22,85.02673796791444,84.89304812834224,313261414,2.281334037131069e-05,0.0002391076828125,0.0791527571961435,2,,
roberta-base,3,23,85.16042780748663,86.09625668449198,1883564522,1.8353801383794325e-05,0.0012277620530875,0.0217243417537735,5,,
roberta-base,3,24,83.82352941176471,83.82352941176471,1592728665,1.4785796499354277e-05,0.0008126812232438,0.028815881198362,2,,
roberta-base,3,25,82.88770053475936,83.9572192513369,1725782996,1.6976557190815854e-05,0.0922700729356073,0.1825809117997331,3,,
roberta-base,3,26,76.60427807486631,78.475935828877,1680355989,6.180351338415304e-06,3.5194580977781904e-05,0.0492975517770582,2,,
roberta-base,3,27,83.68983957219251,85.96256684491979,1148618119,4.133370317212751e-05,0.0089858956543976,0.0130705522619531,3,,
roberta-base,3,28,83.9572192513369,86.36363636363636,66038378,1.809383238029741e-05,0.0069299738529691,0.0149661859101986,10,,
roberta-base,3,29,85.42780748663101,87.03208556149733,1458438823,1.0724226547992525e-05,0.0006720126572987,0.0862321716475015,5,,
roberta-base,4,0,81.69582772543741,84.52220726783311,11414028,7.856772014362488e-05,0.0029907011999962,0.0497193296777358,5,,
roberta-base,4,1,83.04172274562585,82.90713324360699,1621622930,9.397287305938506e-06,0.0536163316571889,0.0184817910216509,5,,
roberta-base,4,2,84.92597577388963,84.65679676985195,2114921287,1.4945020097685516e-05,0.000242575513309,0.0673283389809948,10,,
roberta-base,4,3,82.63795423956931,84.79138627187079,892335206,8.925815465002458e-06,0.0016040798899364,0.0342311154216642,9,,
roberta-base,4,4,84.52220726783311,84.65679676985195,1942001227,3.95382147093708e-05,6.696368167133864e-05,0.0014047764296664,9,,
roberta-base,4,5,82.90713324360699,84.25302826379543,853491444,7.976032367215106e-05,1.1935612782254858e-05,0.0281859688591157,6,,
roberta-base,4,6,81.9650067294751,82.50336473755047,1088842767,5.2580558638897575e-06,0.0006202641542398,0.0270085268769956,7,,
roberta-base,4,7,84.52220726783311,84.92597577388963,1669393439,9.023408903347236e-06,0.0192227844944785,0.1292858581465514,9,,
roberta-base,4,8,81.9650067294751,83.31090174966353,1836497394,6.375168949087308e-06,0.0214826081921629,0.0732879385765171,6,,
roberta-base,4,9,82.90713324360699,86.13728129205921,1353454905,2.81784253682231e-05,0.0002509071278257,0.1832633936307787,10,,
roberta-base,4,10,84.52220726783311,85.32974427994617,866958284,4.945725429372058e-05,3.347554019149763e-05,0.0792968692090532,8,,
roberta-base,4,11,82.90713324360699,84.52220726783311,312276888,7.442820179728924e-06,0.0764487468003542,0.1897769811576373,8,,
roberta-base,4,12,80.34993270524899,80.88829071332437,686896366,8.826295496447078e-06,0.0011987006975183,0.1202327076400564,2,,
roberta-base,4,13,82.36877523553163,83.98384925975773,133061023,2.418339457529601e-05,0.058188258193862,0.184234789613896,2,,
roberta-base,4,14,84.79138627187079,83.98384925975773,1582259054,7.718893951079077e-05,0.0111674293956327,0.1006571356451028,5,,
roberta-base,4,15,82.23418573351279,85.06056527590847,1840148891,5.569559614031004e-05,3.563484699938417e-05,0.1719302916965612,4,,
roberta-base,4,16,84.38761776581427,86.81022880215343,1251769369,1.5443638654497493e-05,1.1081981605659172e-05,0.1173872406712017,7,,
roberta-base,4,17,83.31090174966353,84.65679676985195,640392627,4.926933652765669e-05,5.558145656060552e-05,0.102934729600767,8,,
roberta-base,4,18,82.90713324360699,83.04172274562585,1648246363,6.960486659611775e-06,0.0195684710261123,0.1626134798100615,6,,
roberta-base,4,19,83.58008075370121,85.59892328398385,2101281766,5.95597357458127e-05,0.0001165093709049,0.1318242653206737,10,,
roberta-base,4,20,83.04172274562585,84.11843876177659,1591221903,9.343717259377451e-06,0.0028037670455383,0.11073869131269,7,,
roberta-base,4,21,84.65679676985195,84.65679676985195,711925636,2.5373278899556237e-05,0.0079729869394712,0.0838876198814434,7,,
roberta-base,4,22,84.92597577388963,85.46433378196501,1948732861,4.253268303087139e-05,0.0791026029724507,0.1013185655939899,7,,
roberta-base,4,23,82.50336473755047,82.90713324360699,365844726,2.2875219986352604e-05,0.00834728456227,0.0320645395420614,2,,
roberta-base,4,24,81.9650067294751,82.63795423956931,1877076373,1.1981692833141116e-05,8.169174761612209e-05,0.0635708437209489,4,,
roberta-base,4,25,83.71467025572005,84.38761776581427,77702005,1.621811479806369e-05,0.0115567754431715,0.1602073863534301,9,,
roberta-base,4,26,81.83041722745625,83.84925975773889,1068736787,8.783472857953448e-06,3.949537215039654e-05,0.0514536158349636,7,,
roberta-base,4,27,82.50336473755047,84.52220726783311,2009236537,6.936228494879002e-06,3.695369474068137e-05,0.1611746226350473,9,,
roberta-base,4,28,81.9650067294751,84.38761776581427,1191852571,3.392915612979429e-05,0.0203870061493911,0.0823552693124149,3,,
roberta-base,4,29,81.29205921938089,84.92597577388963,2005012929,3.339312245981797e-05,0.0001538238962234,0.0787161849321996,3,,
roberta-base,5,0,86.09625668449198,86.91588785046729,745818767,4.15763870570018e-05,0.0917144600733407,0.0985615413434306,3,,
roberta-base,5,1,85.29411764705883,84.913217623498,1561224114,5.104016954504366e-05,0.0404369436986404,0.0027347891183943,2,,
roberta-base,5,2,86.22994652406418,86.91588785046729,1845808501,9.306254199059434e-06,0.00010920344666,0.0306261405463618,10,,
roberta-base,5,3,82.62032085561498,86.24833110814419,852166200,6.185580790977418e-06,0.0046716163242127,0.0365794670845211,8,,
roberta-base,5,4,84.35828877005348,86.91588785046729,1434489195,1.2420875572558526e-05,0.0071910085606744,0.1961895607803986,4,,
roberta-base,5,5,85.02673796791444,86.11481975967958,633561822,2.76858965611592e-05,0.0165726869642623,0.1028891804509542,8,,
roberta-base,5,6,85.42780748663101,86.24833110814419,1590591209,1.8375473510943786e-05,0.0277505808704831,0.1139426969432772,4,,
roberta-base,5,7,85.02673796791444,86.64886515353805,575143737,8.023066407799741e-05,0.0027245857455962,0.0518312253421706,4,,
roberta-base,5,8,84.0909090909091,85.44726301735648,1470350858,2.849241850676121e-05,6.762492544869546e-05,0.1069108904494249,9,,
roberta-base,5,9,84.22459893048128,85.84779706275033,1601036912,6.0174869042785454e-06,0.008265884222418,0.1294068203377689,7,,
roberta-base,5,10,83.9572192513369,86.24833110814419,682071447,5.565445312468643e-06,0.0108080194399156,0.1144782635328191,7,,
roberta-base,5,11,85.42780748663101,84.913217623498,1126928843,6.650084264571529e-05,0.0136784690510331,0.0241060670825253,4,,
roberta-base,5,12,85.02673796791444,85.44726301735648,751479549,1.47255146502266e-05,0.000870168533842,0.1785969123935815,10,,
roberta-base,5,13,83.55614973262033,85.71428571428571,351930582,8.608457888706983e-05,0.0007164520652606,0.1312420836715131,2,,
roberta-base,5,14,85.42780748663101,86.78237650200268,800221052,1.5215300658238798e-05,0.0457865924665901,0.1833847291868816,7,,
roberta-base,5,15,86.36363636363636,87.04939919893191,1482402661,1.0306886149392688e-05,7.260792243191527e-05,0.0357229818199812,9,,
roberta-base,5,16,85.56149732620321,84.913217623498,1239642514,2.3167453554667843e-05,0.0009304417097566,0.1227045911374709,4,,
roberta-base,5,17,86.36363636363636,86.11481975967958,1901934586,3.641746648635878e-05,0.0001354448738184,0.1040276380375565,7,,
roberta-base,5,18,84.75935828877006,86.51535380507343,1959259760,7.404761059728376e-06,0.0032414148413383,0.1969191451134703,9,,
roberta-base,5,19,86.22994652406418,87.98397863818424,1147470179,3.708930357251898e-05,0.0085611432450629,0.0124163238895521,6,,
roberta-base,5,20,84.62566844919786,87.18291054739653,859297389,2.0550103425604064e-05,8.65795913330082e-05,0.0675376358658536,3,,
roberta-base,5,21,83.55614973262033,85.98130841121495,1179005750,2.72041447040926e-05,1.6918388351480202e-05,0.0772964209967112,9,,
roberta-base,5,22,84.62566844919786,84.51268357810414,1689176452,7.57643078325695e-05,0.0517586487141594,0.1243503487952333,3,,
roberta-base,5,23,79.27807486631016,77.83711615487316,1903262393,7.208934880684748e-06,0.0002170213301997,0.1345248744849367,2,,
roberta-base,5,24,82.88770053475936,84.2456608811749,1317640431,9.644294603529448e-05,0.0008370149973646,0.1199348025601454,4,,
roberta-base,5,25,84.35828877005348,86.24833110814419,2136837446,1.388389735330565e-05,0.0742099202521569,0.126470425601783,2,,
roberta-base,5,26,85.56149732620321,86.38184245660881,933588395,1.577359723337094e-05,0.0221738273242173,0.1976602167155395,10,,
roberta-base,5,27,85.16042780748663,83.84512683578104,1296732055,4.563181394585735e-05,2.856115819915524e-05,0.1290488001524762,5,,
roberta-base,5,28,85.29411764705883,84.11214953271028,1626339814,3.920460164492219e-05,0.0024347271774547,0.1700137472586764,10,,
roberta-base,5,29,85.6951871657754,85.71428571428571,1730518151,3.485257029799078e-05,1.3957760678928328e-05,0.022514934003646,10,,
roberta-base,6,0,86.61311914323963,83.28877005347593,1126102188,1.868761963749108e-05,0.0426378064758755,0.0619643212129278,6,,
roberta-base,6,1,85.40829986613119,83.02139037433155,116728645,2.7342362148027712e-05,3.30422255350862e-05,0.0700791800795884,5,,
roberta-base,6,2,83.40026773761714,81.68449197860963,267746597,6.083621799652947e-05,0.0007505960557295,0.0909929199202484,10,,
roberta-base,6,3,85.27443105756359,82.3529411764706,763217410,1.4459134343441533e-05,0.0003820040459887,0.0831307682362618,3,,
roberta-base,6,4,83.26639892904953,83.28877005347593,2041626686,6.889789660053455e-05,0.0003919219775686,0.146557805131519,9,,
roberta-base,6,5,83.40026773761714,83.28877005347593,2023132078,4.143343261555376e-05,2.1419643619558995e-05,0.1010543809373071,8,,
roberta-base,6,6,86.61311914323963,84.62566844919786,16163063,6.980016233501931e-06,0.0003273465030431,0.1277953921723043,9,,
roberta-base,6,7,85.40829986613119,81.68449197860963,1536917939,3.499112815232118e-05,3.054960860196239e-05,0.1548283530881516,9,,
roberta-base,6,8,87.01472556894244,84.89304812834224,2092511681,2.970112564805565e-05,0.0678939501467267,0.1021825185576647,8,,
roberta-base,6,9,84.87282463186078,83.55614973262033,802124571,9.054636548852708e-05,0.0947921313693938,0.1577566389718694,5,,
roberta-base,6,10,87.55020080321285,83.9572192513369,1248045373,4.350561087070828e-05,0.0033429348197979,0.0799141333151049,9,,
roberta-base,6,11,85.6760374832664,82.2192513368984,560184294,7.044167111518167e-06,0.0001651366837532,0.1705627788495821,6,,
roberta-base,6,12,85.27443105756359,84.22459893048128,1876822655,3.562290652391678e-05,0.0009245772654783,0.0493986729493918,10,,
roberta-base,6,13,83.13253012048193,82.75401069518716,709070940,8.534684633839567e-05,0.0823272489170043,0.1616268508306761,4,,
roberta-base,6,14,86.21151271753682,83.15508021390374,721088549,5.606259021408732e-05,0.0724115208226832,0.1130335124293611,6,,
roberta-base,6,15,84.60508701472557,83.15508021390374,801368108,4.087064491346122e-05,0.0007228005938988,0.1603620369818559,6,,
roberta-base,6,16,84.73895582329317,81.81818181818181,2047984797,7.580888742829909e-06,6.849590800907147e-05,0.1045922245008868,10,,
roberta-base,6,17,84.60508701472557,83.68983957219251,1249578652,9.994593524863097e-06,0.0004013865511028,0.0250089977034383,6,,
roberta-base,6,18,82.99866131191432,81.68449197860963,461968810,1.588991291466704e-05,0.0044084493681252,0.1024789341279657,2,,
roberta-base,6,19,85.40829986613119,82.75401069518716,2062098040,2.7987393787390196e-05,8.134346552095342e-05,0.085129169451435,7,,
roberta-base,6,20,86.61311914323963,84.0909090909091,823398580,2.24603061038804e-05,1.1844019504915636e-05,0.1020215186349163,7,,
roberta-base,6,21,83.80187416331995,83.15508021390374,1291990884,8.485479927861928e-05,1.6321202830151548e-05,0.1112044974743144,8,,
roberta-base,6,22,86.74698795180723,84.89304812834224,1045212339,3.012907684621475e-05,0.0062305787892769,0.1715757330949066,6,,
roberta-base,6,23,83.53413654618474,81.14973262032086,397211367,6.178730126321649e-06,3.940029015412421e-05,0.0169160080480975,7,,
roberta-base,6,24,87.14859437751004,82.48663101604278,1148412352,1.0168735464891116e-05,0.0024060085556284,0.0215714294376948,10,,
roberta-base,6,25,85.6760374832664,83.42245989304813,1170412967,3.439266537319427e-05,0.0871488834258873,0.1183702719659729,6,,
roberta-base,6,26,86.07764390896921,83.02139037433155,16234928,2.0703022035815014e-05,0.0096046139096396,0.1438721218848768,3,,
roberta-base,6,27,86.07764390896921,81.95187165775401,90014591,3.8093689546133126e-05,0.0108843233370417,0.1418569040690597,5,,
roberta-base,6,28,86.61311914323963,83.28877005347593,246138075,1.201733194510542e-05,0.0032861468863772,0.0623664515009612,8,,
roberta-base,6,29,84.73895582329317,83.82352941176471,886309629,3.673580871308018e-05,5.512237258638509e-05,0.0430508608486505,9,,
roberta-base,7,0,85.46895640686922,85.60105680317041,2768841,4.789435092608982e-05,0.0422979083608328,0.0272593118425175,2,,
roberta-base,7,1,86.52575957727873,87.31836195508586,337371415,3.682222762782297e-05,1.0189984100318849e-05,0.1219020377581421,9,,
roberta-base,7,2,82.56274768824306,84.80845442536328,2067809093,9.04534037798826e-06,4.7970023949460846e-05,0.0882089953531592,5,,
roberta-base,7,3,85.07265521796566,86.26155878467635,1929051111,2.4761315693978533e-05,3.555700123021831e-05,0.1350336832165891,3,,
roberta-base,7,4,84.5442536327609,86.9220607661823,396456615,7.500933627413723e-06,1.0547880874430324e-05,0.001303058181912,6,,
roberta-base,7,5,84.80845442536328,85.33685601056803,1956773077,4.065664532013309e-05,0.0043202321372205,0.0418447639897245,10,,
roberta-base,7,6,86.39365918097754,86.78996036988111,1532134952,2.9601379352701894e-05,1.4009563680032988e-05,0.1447526652929003,7,,
roberta-base,7,7,85.99735799207397,86.26155878467635,20688143,3.691522162942282e-05,0.0021451968863204,0.0754470081066343,10,,
roberta-base,7,8,84.94055482166446,86.9220607661823,1643920212,4.517711428970862e-05,0.0005125434050952,0.0504703915520793,10,,
roberta-base,7,9,86.12945838837517,85.20475561426684,860433345,8.026624509316764e-05,9.087999676352698e-05,0.1811509858180592,8,,
roberta-base,7,10,84.01585204755614,85.60105680317041,431286883,5.073719947734332e-06,0.0019573331589962,0.0523038670797283,6,,
roberta-base,7,11,84.67635402906208,87.05416116248348,982012993,2.00280447283032e-05,0.0056303805079775,0.1003778903435431,3,,
roberta-base,7,12,86.12945838837517,85.73315719947159,1067596021,7.583540506418008e-05,0.000955658067217,0.1304258671886899,2,,
roberta-base,7,13,87.05416116248348,87.05416116248348,1344238180,4.674970288004435e-05,0.0004222065192076,0.1398468562976913,8,,
roberta-base,7,14,86.78996036988111,87.45046235138706,1888704607,1.4512680164290732e-05,0.0001444026832454,0.0773852756214307,8,,
roberta-base,7,15,84.28005284015852,83.88375165125495,899139440,7.123886995728043e-05,0.0062971864928471,0.0044202956710347,9,,
roberta-base,7,16,84.5442536327609,88.77146631439895,114260747,3.444820999407607e-05,4.42822121964118e-05,0.0061685591258575,9,,
roberta-base,7,17,84.01585204755614,85.46895640686922,1547782728,1.292705695336649e-05,0.0363033443063909,0.0426432003287906,4,,
roberta-base,7,18,85.20475561426684,86.52575957727873,883309480,8.739026187815187e-06,0.0100796686041616,0.123815091069368,5,,
roberta-base,7,19,85.33685601056803,84.28005284015852,422144126,4.62467918653854e-05,0.0227881445831978,0.1612163310265486,6,,
roberta-base,7,20,84.28005284015852,86.26155878467635,1440866083,8.21880357485108e-06,2.8397027163253312e-05,0.0072612698998056,9,,
roberta-base,7,21,85.33685601056803,85.73315719947159,215978234,6.704190518159187e-05,2.2365382227541427e-05,0.0997428868036047,7,,
roberta-base,7,22,84.14795244385733,86.52575957727873,1810125290,6.053353537562426e-06,5.691004954181218e-05,0.1954407296571082,10,,
roberta-base,7,23,86.39365918097754,87.18626155878468,2075587606,2.582659176783841e-05,0.0008133152975432,0.1526950437222035,4,,
roberta-base,7,24,84.01585204755614,86.78996036988111,1045848461,8.07687409222478e-06,6.318983204444443e-05,0.1560991427789821,6,,
roberta-base,7,25,84.14795244385733,85.07265521796566,1589470593,7.084265196100036e-05,0.001327660966386,0.0631145155913338,2,,
roberta-base,7,26,85.07265521796566,85.86525759577279,1725451474,5.961309677539235e-05,1.3424031294339714e-05,0.02912950326606,9,,
roberta-base,7,27,84.41215323645972,87.05416116248348,1026729310,2.0638443331229957e-05,0.0131614800799973,0.1533139012058065,8,,
roberta-base,7,28,84.14795244385733,84.01585204755614,2107425395,6.044739423432361e-05,0.0006698443390124,0.0484308170912709,4,,
roberta-base,7,29,86.12945838837517,87.45046235138706,2049625733,3.0193987861707827e-05,0.0102144712928471,0.1887558704350794,5,,
roberta-base,8,0,84.35374149659864,81.65760869565217,1806406031,1.1241630665655708e-05,0.0044048719257453,0.0838191196329505,2,,
roberta-base,8,1,86.80272108843538,83.83152173913044,1272304348,2.291939817870297e-05,0.0192197247288572,0.0338161376090264,10,,
roberta-base,8,2,85.98639455782313,83.42391304347827,1208471250,2.019619895982908e-05,4.938238202324006e-05,0.1655486117174777,6,,
roberta-base,8,3,86.12244897959184,84.64673913043478,1743528037,1.594012192735552e-05,1.5911838689413573e-05,0.1340510270309172,10,,
roberta-base,8,4,84.08163265306122,82.06521739130434,1323335396,1.3689188766660329e-05,0.0013846219364594,0.108899107692344,2,,
roberta-base,8,5,83.94557823129252,82.8804347826087,1442642517,5.934074992321757e-05,0.0381895833757834,0.1628771037074937,7,,
roberta-base,8,6,86.66666666666667,84.23913043478261,1269508800,1.747042532387459e-05,0.0002949736978088,0.1418725214608138,7,,
roberta-base,8,7,84.76190476190476,81.38586956521739,1155212765,4.141574505033966e-05,0.0001072259058225,0.0387560299800159,4,,
roberta-base,8,8,84.76190476190476,82.33695652173913,1840651605,5.217916770493507e-06,0.0007055176255062,0.0722093956460272,10,,
roberta-base,8,9,86.12244897959184,83.42391304347827,1301415578,6.226388143717784e-05,0.0008092935565907,0.0529249770800485,4,,
roberta-base,8,10,84.35374149659864,82.7445652173913,2134773697,7.118166066389998e-05,2.6131269075619795e-05,0.1678160891075785,4,,
roberta-base,8,11,85.4421768707483,82.06521739130434,1171422433,7.040710909186262e-05,0.0004786202512638,0.0404818642996482,3,,
roberta-base,8,12,86.12244897959184,81.65760869565217,2023139329,4.051697793340906e-05,0.0627863003931342,0.166910283532439,4,,
roberta-base,8,13,85.17006802721089,81.52173913043478,1944083321,7.1460186095240855e-06,0.0008906277282808,0.1372922365511142,7,,
roberta-base,8,14,85.17006802721089,83.28804347826087,1947158133,2.8634244979101685e-05,0.0001978695117369,0.0496714957259508,4,,
roberta-base,8,15,85.71428571428571,84.78260869565217,1396691781,1.5449434247802627e-05,5.707360443800364e-05,0.055319264596784,7,,
roberta-base,8,16,84.62585034013605,81.52173913043478,1265890632,5.976004497357929e-06,3.923706694752762e-05,0.1140154030603396,9,,
roberta-base,8,17,82.04081632653062,78.125,1874058492,9.687521496093251e-05,0.0003206206758416,0.0981061393328374,7,,
roberta-base,8,18,84.21768707482993,81.52173913043478,1912606813,1.2307787238862089e-05,0.0041876333853747,0.0172473125265864,3,,
roberta-base,8,19,86.53061224489795,82.6086956521739,1450063604,5.684473907749022e-05,0.000132897183884,0.0846636741129066,9,,
roberta-base,8,20,86.80272108843538,83.55978260869566,2042036330,3.822615665815684e-05,0.0010570360837913,0.0036257565349123,4,,
roberta-base,8,21,85.578231292517,82.7445652173913,102832086,1.6406372095701766e-05,0.0009220351334975,0.0248910188456642,8,,
roberta-base,8,22,85.98639455782313,82.8804347826087,943423808,5.655827296046706e-06,0.00875958349799,0.0751558927157306,10,,
roberta-base,8,23,85.578231292517,83.0163043478261,506311500,1.1927977280062622e-05,0.0117500451239606,0.0401505740435159,10,,
roberta-base,8,24,85.4421768707483,82.7445652173913,1037675088,1.2337271004429247e-05,0.0024438037813422,0.1973687698123575,8,,
roberta-base,8,25,84.89795918367346,81.38586956521739,867828234,8.006420828708965e-05,0.0008759406842639,0.1167586942401663,2,,
roberta-base,8,26,84.62585034013605,81.92934782608695,852329853,1.3353790548788166e-05,0.0032121402371666,0.1629895673686853,3,,
roberta-base,8,27,86.25850340136054,83.15217391304348,2064052880,1.795907666380918e-05,1.3874745023062994e-05,0.1715112254148766,4,,
roberta-base,8,28,84.62585034013605,82.6086956521739,544227527,6.991109265161612e-05,9.477008456708592e-05,0.0388612769565717,4,,
roberta-base,8,29,84.48979591836735,83.42391304347827,1654326514,1.0908316016427112e-05,0.0002053577060758,0.0308066218037216,7,,
roberta-base,9,0,87.81793842034806,85.00669344042838,314587753,3.678385631147085e-05,0.0015087905734752,0.0145011350759158,7,,
roberta-base,9,1,86.61311914323963,81.92771084337349,967166956,7.269408343701887e-05,8.658017443405513e-05,0.1908028763624048,3,,
roberta-base,9,2,85.6760374832664,84.73895582329317,1155548298,2.4721753192034854e-05,2.3079872608108703e-05,0.0698455815365875,4,,
roberta-base,9,3,85.809906291834,83.13253012048193,2075454242,7.880984058171244e-06,0.0613161794729382,0.1518975222498619,7,,
roberta-base,9,4,86.21151271753682,84.60508701472557,1317194962,1.3222426971026296e-05,0.0013007513662969,0.0563258859208813,7,,
roberta-base,9,5,86.61311914323963,85.94377510040161,470278098,4.59077992124466e-05,0.0001352950604397,0.0799050588973512,10,,
roberta-base,9,6,85.809906291834,83.93574297188755,1914611083,4.062677085317792e-05,0.0309944188495739,0.0402529337282435,4,,
roberta-base,9,7,85.94377510040161,84.33734939759036,1630052542,5.485497916136272e-06,7.506342082122468e-05,0.1704279822780423,8,,
roberta-base,9,8,77.64390896921017,76.84069611780455,1677339217,9.214394511646076e-05,0.0007156064564185,0.0044603647945065,2,,
roberta-base,9,9,88.08567603748327,85.809906291834,323393421,3.380308969899122e-05,0.0004927685274728,0.1089635336329185,4,,
roberta-base,9,10,85.14056224899599,84.06961178045515,1378144818,7.020054995336461e-05,0.0003020588186521,0.1244368516873832,7,,
roberta-base,9,11,86.21151271753682,83.93574297188755,908887982,8.721229775084861e-05,2.2947660079757423e-05,0.0552868011835565,3,,
roberta-base,9,12,87.14859437751004,85.6760374832664,1312655978,1.9911823158480465e-05,0.0042544964972632,0.1266792708601539,6,,
roberta-base,9,13,88.35341365461848,85.14056224899599,1064596076,2.079231974244153e-05,0.0034734219507668,0.1208936466209696,9,,
roberta-base,9,14,85.00669344042838,82.0615796519411,1429133565,5.172338333212448e-06,4.932743798734097e-05,0.0806299416224632,5,,
roberta-base,9,15,86.47925033467202,83.80187416331995,907903366,4.904080821152114e-05,2.658333381943217e-05,0.0944583490156367,9,,
roberta-base,9,16,87.01472556894244,84.33734939759036,1688593571,1.7622454745358985e-05,0.0081605399804063,0.1705792473293376,5,,
roberta-base,9,17,85.94377510040161,83.80187416331995,2113542722,4.589638603958512e-05,0.001421007352658,0.0090986740995973,5,,
roberta-base,9,18,81.79384203480589,80.32128514056225,612910148,7.797572489005624e-06,0.004198454470317,0.1062264733210923,2,,
roberta-base,9,19,87.41633199464525,85.27443105756359,1030828779,3.9883894689981136e-05,0.0006880838951878,0.0938266313113564,10,,
roberta-base,9,20,87.14859437751004,84.60508701472557,600292519,2.1134998647864915e-05,0.0240982230666015,0.1935075453229494,7,,
roberta-base,9,21,87.81793842034806,84.47121820615797,626459154,4.537006981680177e-05,0.0015362381334041,0.0628312801725658,5,,
roberta-base,9,22,84.87282463186078,84.73895582329317,1635514734,9.087640988933206e-06,0.0664118987683474,0.0693031499057431,8,,
roberta-base,9,23,87.41633199464525,84.60508701472557,1067351745,3.275278959685242e-05,0.0012135388467356,0.1788180700064032,8,,
roberta-base,9,24,87.28246318607765,85.5421686746988,1481902599,8.993873361702493e-06,4.047986739580627e-05,0.0448267006381649,9,,
roberta-base,9,25,86.61311914323963,85.5421686746988,775037180,8.058332896565208e-06,0.0711909771128829,0.1881516804843889,10,,
roberta-base,9,26,87.55020080321285,85.6760374832664,287865614,6.598615315073541e-05,0.0018873131317225,0.1046621234665187,4,,
roberta-base,9,27,87.68406961178046,84.73895582329317,507160557,3.208222546365492e-05,2.3876597315271707e-05,0.1217880129003178,6,,
roberta-base,9,28,87.68406961178046,85.14056224899599,2059412486,2.902266119295319e-05,0.0001867470812698,0.1607421165421023,7,,
roberta-base,9,29,87.68406961178046,84.87282463186078,1818490534,2.172663810642545e-05,0.0006909708603702,0.1636361307905358,6,,
roberta-base,10,0,83.79814077025232,86.20689655172414,716789133,6.382066510680741e-05,0.008126608471433,0.1764278321013822,8,,
roberta-base,10,1,64.8074369189907,69.62864721485411,357778710,8.90433394618216e-05,2.31576981297834e-05,0.0349735041507362,6,,
roberta-base,10,2,86.18857901726427,86.60477453580901,852091964,1.94603416321526e-05,1.6995649825215067e-05,0.1923754586210991,4,,
roberta-base,10,3,85.2589641434263,86.73740053050398,207643480,5.215328771447778e-05,0.0983594280863008,0.1190792260512767,3,,
roberta-base,10,4,81.67330677290836,83.6870026525199,233211627,5.101993354422131e-06,3.824685737054225e-05,0.0767539269804347,3,,
roberta-base,10,5,85.3917662682603,86.47214854111405,14146483,2.8663926059529434e-05,1.184112132431846e-05,0.1886940452991045,10,,
roberta-base,10,6,86.05577689243027,86.20689655172414,668836754,1.856429908514496e-05,4.226577445136976e-05,0.1613283115799217,7,,
roberta-base,10,7,86.32138114209828,87.13527851458886,1701620744,1.9271869157775617e-05,0.0007093949263842,0.0216231145073349,10,,
roberta-base,10,8,86.18857901726427,86.73740053050398,1340380313,3.270493161129439e-05,0.0002786295617408,0.1808298602347258,9,,
roberta-base,10,9,83.93094289508632,85.14588859416446,671315597,1.212632273508612e-05,0.0032811894751656,0.1500672314939002,5,,
roberta-base,10,10,85.52456839309428,86.3395225464191,1599783132,5.806028341110543e-05,0.0001236683323331,0.1214514567685185,3,,
roberta-base,10,11,84.72775564409031,85.80901856763926,1384858893,5.2539216427362495e-05,0.0002522030175323,0.032813257624048,4,,
roberta-base,10,12,84.06374501992032,85.94164456233422,122568272,1.603162582932175e-05,0.0018724549061342,0.1253266612788652,3,,
roberta-base,10,13,85.1261620185923,87.13527851458886,1607533122,1.2375290549029286e-05,0.0223472148035079,0.1642452144209842,10,,
roberta-base,10,14,85.1261620185923,86.60477453580901,899848016,5.723469098431237e-05,6.525511910536354e-05,0.0831933074808876,10,,
roberta-base,10,15,84.86055776892431,85.94164456233422,981079989,6.306517284049355e-05,3.721441109701456e-05,0.0244437714410294,7,,
roberta-base,10,16,82.60292164674635,85.94164456233422,13442653,4.72985258235006e-05,0.0077830748036804,0.0221987653266413,8,,
roberta-base,10,17,85.3917662682603,85.54376657824933,815209650,3.627018836118988e-05,0.0137265411877288,0.0280999104681165,7,,
roberta-base,10,18,83.13413014608234,85.14588859416446,118689910,9.765327766636712e-05,0.0209382718683973,0.0061691615213167,9,,
roberta-base,10,19,74.7675962815405,74.6684350132626,944584550,8.929446849945055e-05,0.0019561297555987,0.005913975440816,5,,
roberta-base,10,20,85.2589641434263,86.20689655172414,1880913509,2.8789691290869605e-05,0.0007894981725247,0.0483780905648151,4,,
roberta-base,10,21,86.58698539176626,87.0026525198939,203119631,1.4298869954430907e-05,0.001778786014712,0.1151774751644614,9,,
roberta-base,10,22,84.86055776892431,86.47214854111405,1983830943,7.184931585607578e-06,2.3361695191804224e-05,0.0860228365545034,8,,
roberta-base,10,23,86.58698539176626,87.93103448275862,1396282637,6.1852844768352125e-06,0.0033028232429452,0.1067231923739169,9,,
roberta-base,10,24,84.86055776892431,85.54376657824933,29757770,5.025565986547223e-05,0.019713363520797,0.1013706733739969,2,,
roberta-base,10,25,84.86055776892431,84.74801061007958,569780770,7.429911563601029e-05,0.0950314591188827,0.0652511669857808,4,,
roberta-base,10,26,84.9933598937583,85.6763925729443,717038645,6.462788549069767e-05,1.9683013666360515e-05,0.0467573735320952,2,,
roberta-base,10,27,87.51660026560425,85.80901856763926,57389617,2.318965225805272e-05,1.2349624749006177e-05,0.0475373349551506,7,,
roberta-base,10,28,86.32138114209828,86.87002652519894,1776084999,1.2167572227258874e-05,7.38119854251281e-05,0.119009952751262,9,,
roberta-base,10,29,85.3917662682603,85.0132625994695,1332532273,3.510202995892824e-05,3.316211244429036e-05,0.1178851239466419,10,,
roberta-base,11,0,87.34525447042641,84.47802197802197,1444755161,1.995121743882172e-05,0.0082236359288735,0.1123928534930011,2,,
roberta-base,11,1,87.62035763411279,85.02747252747253,96945234,2.0920096480042694e-05,0.0074274388346435,0.0330806858258121,4,,
roberta-base,11,2,86.10729023383769,84.34065934065934,538273937,8.922330982143809e-05,0.001632380048304,0.138952702416911,5,,
roberta-base,11,3,87.20770288858321,87.77472527472527,322946037,7.74242312333876e-06,0.0138461158991427,0.0063017935291689,9,,
roberta-base,11,4,87.20770288858321,85.71428571428571,1208347169,1.728221037164252e-05,0.0495234680017186,0.1920510558162829,4,,
roberta-base,11,5,86.79504814305365,85.71428571428571,1938250765,1.0691714959260325e-05,0.0067508003283731,0.1440398437272164,5,,
roberta-base,11,6,88.17056396148556,88.04945054945055,593383431,2.85213232265866e-05,0.081052986517898,0.1483758017053905,8,,
roberta-base,11,7,87.07015130674003,86.26373626373626,351499347,6.234516533617788e-05,6.993211061384296e-05,0.0525871943583276,10,,
roberta-base,11,8,88.17056396148556,85.43956043956044,783842289,5.2534112810512304e-05,0.000930295608987,0.0405041080427344,6,,
roberta-base,11,9,86.79504814305365,85.85164835164835,764062567,1.0609779271338184e-05,0.004797006250424,0.1061243642075689,4,,
roberta-base,11,10,87.07015130674003,85.02747252747253,805945550,9.250642286036403e-06,0.025335530254018,0.1201457303617452,7,,
roberta-base,11,11,86.51994497936727,85.43956043956044,1372263786,5.32701764451488e-06,1.3877358125021066e-05,0.1969419389882829,10,,
roberta-base,11,12,87.4828060522696,87.36263736263736,1404928469,8.239327440234368e-06,0.08246772431377,0.1350610012775248,8,,
roberta-base,11,13,87.07015130674003,84.89010989010988,767915944,6.929630506898014e-05,0.0002899215651961,0.0742844872860117,7,,
roberta-base,11,14,87.62035763411279,86.95054945054945,2051995583,1.1790666485363166e-05,0.00015082280289,0.1920755233134511,9,,
roberta-base,11,15,86.79504814305365,87.08791208791209,142857283,8.2984519163729e-06,0.0027588897317686,0.1687633966081388,9,,
roberta-base,11,16,80.74277854195323,81.5934065934066,1768880434,9.559122053710955e-06,0.0001717864698171,0.1247961333571729,2,,
roberta-base,11,17,87.34525447042641,85.85164835164835,1130868616,1.3533740762733745e-05,0.002233261689212,0.1285210867365757,8,,
roberta-base,11,18,82.66850068775791,81.18131868131869,685279612,1.1570187832589905e-05,0.0001924710490966,0.0743001387911704,2,,
roberta-base,11,19,87.75790921595599,85.71428571428571,1868052919,4.85764530909163e-05,0.0035420912258598,0.0131300858043083,3,,
roberta-base,11,20,85.69463548830811,84.06593406593407,1266472056,8.500194231448414e-05,0.010826781948282,0.108400071535029,5,,
roberta-base,11,21,86.10729023383769,84.61538461538461,1392583738,2.0801597857774192e-05,0.0001549286830437,0.0970108978552617,3,,
roberta-base,11,22,86.79504814305365,85.98901098901099,1756421430,1.4748682642564888e-05,1.0024140538034034e-05,0.0010712207335366,3,,
roberta-base,11,23,86.10729023383769,86.67582417582418,297186231,1.3423895530870271e-05,6.625380588121403e-05,0.1319166474127852,6,,
roberta-base,11,24,85.00687757909216,84.2032967032967,534146685,8.343721066611821e-05,0.0015385252247461,0.0699273646325008,3,,
roberta-base,11,25,88.17056396148556,86.4010989010989,1940346752,5.631011744040608e-05,0.005709432580291,0.0943116607231364,9,,
roberta-base,11,26,86.51994497936727,85.85164835164835,2085280075,3.9042354684196655e-05,0.0004004154103228,0.0999150642908228,10,,
roberta-base,11,27,88.17056396148556,86.95054945054945,1275448327,2.7659425368442645e-05,0.0032477948312615,0.1510047138365026,5,,
roberta-base,11,28,87.07015130674003,85.85164835164835,1771017419,5.6850519125487625e-05,0.000146249722817,0.1225241347106166,3,,
roberta-base,11,29,87.07015130674003,85.16483516483517,1417480600,1.6672778933869976e-05,0.0464649861018152,0.1387300960246567,4,,
roberta-base,12,0,87.77173913043478,84.375,5851624,3.013687284065023e-05,3.855941314646208e-05,0.1631205409501306,4,,
roberta-base,12,1,86.54891304347827,84.64673913043478,1279172287,5.2944603692237645e-05,0.0165514245307883,0.0959556664666843,5,,
roberta-base,12,2,86.82065217391305,85.19021739130434,1638719739,2.097876513458232e-05,0.0001001053792975,0.18149022213809,8,,
roberta-base,12,3,85.8695652173913,85.19021739130434,28438943,5.0636322719135806e-05,0.0028643130436817,0.110298209617677,7,,
roberta-base,12,4,84.78260869565217,83.96739130434783,1201540394,1.2448977708907164e-05,0.0001257788578991,0.0391720131001954,8,,
roberta-base,12,5,86.95652173913044,85.05434782608695,1541920488,3.150168266920347e-05,0.0001513580481525,0.1960771821191309,3,,
roberta-base,12,6,79.7554347826087,79.6195652173913,372328009,5.612694144585229e-06,0.0031057302763116,0.0758276514178294,3,,
roberta-base,12,7,87.36413043478261,84.51086956521739,216997854,3.224461323392914e-05,1.8843430964426745e-05,0.0087971475612939,8,,
roberta-base,12,8,84.64673913043478,82.6086956521739,251060297,9.333722416384773e-05,4.35708691272362e-05,0.1541346278738842,8,,
roberta-base,12,9,85.7336956521739,86.41304347826087,278393371,1.2606776137315888e-05,0.00642944753232,0.1302259230291937,9,,
roberta-base,12,10,86.0054347826087,85.7336956521739,505687171,2.094504156626599e-05,0.0022634626490813,0.1179889572716386,2,,
roberta-base,12,11,84.10326086956522,83.0163043478261,131891703,7.424119975961815e-06,0.0001887283493129,0.1284836690837156,3,,
roberta-base,12,12,84.91847826086956,83.55978260869566,1657468602,2.007070384040089e-05,0.0535114673492616,0.0787181108262775,2,,
roberta-base,12,13,85.32608695652173,83.83152173913044,533912189,5.854763265231272e-05,0.0992227300181028,0.1947685738189324,4,,
roberta-base,12,14,88.31521739130434,85.7336956521739,677750172,1.0033156852280378e-05,4.022825432265636e-05,0.1810770832419956,9,,
roberta-base,12,15,87.22826086956522,85.32608695652173,896164775,5.112466151467992e-05,2.4320684492868582e-05,0.1640314501016122,5,,
roberta-base,12,16,86.82065217391305,84.10326086956522,1049043601,2.394499980578807e-05,0.0003747856861412,0.072452715638074,9,,
roberta-base,12,17,84.10326086956522,84.51086956521739,1736270311,7.778172095924165e-06,0.0307745600695185,0.0336429514845521,5,,
roberta-base,12,18,83.55978260869566,83.15217391304348,1402244755,6.122650030053772e-06,0.003223457268883,0.1612147438818735,6,,
roberta-base,12,19,84.10326086956522,83.0163043478261,900019441,7.614643658548333e-06,1.6024103915513155e-05,0.0691897825305921,4,,
roberta-base,12,20,86.0054347826087,86.0054347826087,1513360182,1.850705101503259e-05,0.0040237339793884,0.1166905391224354,4,,
roberta-base,12,21,86.82065217391305,83.55978260869566,233775315,1.751924343562242e-05,4.4397174242643584e-05,0.0215367428211168,3,,
roberta-base,12,22,86.41304347826087,84.51086956521739,1108325214,5.622669580701804e-05,0.0021750309150207,0.1197748897742081,6,,
roberta-base,12,23,87.22826086956522,85.59782608695652,1911512988,1.894142057804559e-05,0.0176186027493182,0.1026034369940139,6,,
roberta-base,12,24,84.375,84.23913043478261,872775057,5.3879710181937575e-06,0.0304062981185563,0.1614162413271039,10,,
roberta-base,12,25,84.375,83.28804347826087,1644807607,2.2704296047555883e-05,0.0012538521887934,0.0077048267374568,4,,
roberta-base,12,26,83.55978260869566,82.20108695652173,1452189650,9.842331008060674e-06,0.0069437713210993,0.1247771111384581,3,,
roberta-base,12,27,86.82065217391305,85.59782608695652,338477559,1.666082790989288e-05,0.0005206522685498,0.1649693319011446,7,,
roberta-base,12,28,84.51086956521739,82.47282608695652,1647191097,7.576993412716952e-05,0.0004300191746533,0.0193109607903614,9,,
roberta-base,12,29,85.19021739130434,84.375,1327161659,5.5338710117929294e-05,0.0192992391926673,0.0712195376137334,3,,
roberta-base,13,0,85.61917443408788,85.63829787234043,1762356367,5.046342545108642e-05,0.0687906477076899,0.0872655726787211,6,,
roberta-base,13,1,85.61917443408788,86.70212765957447,2081384200,3.3021301726251685e-05,0.0936804642207469,0.0150586201790587,5,,
roberta-base,13,2,86.15179760319575,86.30319148936171,1118955621,2.1166735245474056e-05,0.0012825461424175,0.1778475799577976,8,,
roberta-base,13,3,82.9560585885486,86.0372340425532,1330381342,5.7082172391567526e-05,1.627623757966586e-05,0.0095218600564628,9,,
roberta-base,13,4,84.15446071904128,84.30851063829788,347277280,1.1263829918286856e-05,3.076148070166633e-05,0.0483363946153244,2,,
roberta-base,13,5,84.8202396804261,85.63829787234043,1376129584,7.600764289580069e-06,0.0008119422211283,0.010779431357095,8,,
roberta-base,13,6,83.75499334221038,85.90425531914893,1570530713,1.1261289419073628e-05,8.589358547413917e-05,0.042841801120352,3,,
roberta-base,13,7,83.62183754993342,84.57446808510639,1192478067,9.368635185585407e-05,0.0001450559622328,0.1108945260444099,5,,
roberta-base,13,8,84.55392809587217,84.57446808510639,649683587,7.200912514536608e-05,0.0761068339344632,0.0221081308081194,5,,
roberta-base,13,9,85.219707057257,86.83510638297872,611569287,2.4183403703338684e-05,0.0006743079752234,0.0188735050091549,3,,
roberta-base,13,10,84.55392809587217,86.96808510638297,1224175544,1.5382851809959817e-05,0.0583296872257406,0.1240738036717608,9,,
roberta-base,13,11,83.88814913448735,87.76595744680851,414158368,5.274579499420157e-05,0.0303055288771787,0.1294246985827212,10,,
roberta-base,13,12,82.9560585885486,86.43617021276596,504845465,5.906075531788473e-05,3.9958028662416725e-05,0.0470437038174577,10,,
roberta-base,13,13,71.23834886817576,69.14893617021276,674942653,5.4305308184622425e-06,0.0009664813438195,0.0998304746131719,2,,
roberta-base,13,14,83.22237017310253,84.84042553191489,1780439602,9.723226165870186e-06,1.0144077929767014e-05,0.034712230775297,4,,
roberta-base,13,15,84.95339547270306,86.56914893617021,1465900930,6.33039080289659e-06,3.011234401649672e-05,0.1424495273018459,6,,
roberta-base,13,16,82.02396804260985,82.57978723404256,942458597,7.611252283510735e-05,0.0187478857170576,0.0094827845861827,7,,
roberta-base,13,17,84.55392809587217,86.96808510638297,1159939380,5.8659627842274e-05,1.136802847304002e-05,0.1924068079728642,5,,
roberta-base,13,18,84.95339547270306,86.0372340425532,339180843,1.0940329995369006e-05,0.0005003187599251,0.1577523598416775,6,,
roberta-base,13,19,84.02130492676432,85.63829787234043,207242289,5.942085248541803e-05,0.005708439213816,0.1520251370404861,2,,
roberta-base,13,20,84.8202396804261,84.44148936170212,138354524,5.602297184965438e-06,0.0006198932593424,0.0334608293168486,10,,
roberta-base,13,21,84.4207723035952,85.90425531914893,1212134537,1.1457236804068917e-05,0.0003710394312912,0.1433597534823558,3,,
roberta-base,13,22,84.8202396804261,85.50531914893617,1890806278,1.0726890024083266e-05,1.4411873950246253e-05,0.0831417448263994,9,,
roberta-base,13,23,86.2849533954727,85.63829787234043,1998899273,7.287501384246414e-05,0.0002285239787899,0.0166457246471121,7,,
roberta-base,13,24,70.43941411451398,68.21808510638297,107225923,9.470840424490588e-05,0.0001144437913293,0.0029030023682796,10,,
roberta-base,13,25,85.08655126498003,85.50531914893617,1678663050,6.297501931331362e-06,0.0128202594500784,0.1400489875256102,10,,
roberta-base,13,26,85.35286284953395,86.0372340425532,1035303210,5.4677273460009504e-05,0.0002771388555266,0.0670350869397612,4,,
roberta-base,13,27,84.02130492676432,83.90957446808511,1294145706,6.611671769154708e-06,0.0006536556693145,0.189457090271276,3,,
roberta-base,13,28,84.02130492676432,85.37234042553192,1604642260,5.727792957581197e-06,0.084168844498486,0.1677344040819318,7,,
roberta-base,13,29,86.95073235685753,85.50531914893617,1311626891,2.4966593205010843e-05,0.0553232055979512,0.1669268244833205,10,,
roberta-base,14,0,84.9933598937583,84.9933598937583,1268420800,7.547603498502251e-06,0.0001686278553311,0.1846443531975426,3,,
roberta-base,14,1,85.2589641434263,84.19654714475432,420243676,9.68613218590416e-05,0.0004419787344571,0.1487360847251472,10,,
roberta-base,14,2,84.32934926958832,85.79017264276229,1552672246,7.665426782125672e-06,0.0016355771136269,0.0710427056612149,5,,
roberta-base,14,3,87.11819389110225,86.71978751660026,1869840757,8.792215886469156e-06,0.0042727181101519,0.1528318747261225,9,,
roberta-base,14,4,86.45418326693228,85.79017264276229,1614396039,2.027840028517374e-05,0.0430777224075318,0.1901246252670926,4,,
roberta-base,14,5,85.1261620185923,86.45418326693228,1889830099,9.853040177847764e-06,0.0001214703506434,0.0481582787626974,4,,
roberta-base,14,6,85.1261620185923,85.79017264276229,2139622658,7.243160266208689e-05,0.00304428895007,0.1047510077576706,5,,
roberta-base,14,7,84.9933598937583,85.65737051792829,1008212473,5.962147584493478e-06,3.38236104260776e-05,0.0818801788407461,4,,
roberta-base,14,8,85.52456839309428,85.92297476759629,361747142,1.1268759959891193e-05,0.0302993265659526,0.0505193010994918,9,,
roberta-base,14,9,86.85258964143426,86.45418326693228,373649927,2.2052882941843443e-05,3.363252321984539e-05,0.0176083469351011,10,,
roberta-base,14,10,86.32138114209828,85.52456839309428,1251418068,4.397994464163558e-05,0.0036383473506761,0.0778561932556538,9,,
roberta-base,14,11,85.3917662682603,85.79017264276229,570502727,3.831446980084686e-05,0.0017187643767115,0.0903821024242579,8,,
roberta-base,14,12,84.19654714475432,85.3917662682603,1266403960,9.160220850857272e-05,0.0002485703073515,0.129960610508533,6,,
roberta-base,14,13,85.1261620185923,86.45418326693228,2048173874,2.7027997777159964e-05,0.035640229577529,0.0945949122493144,10,,
roberta-base,14,14,84.72775564409031,85.3917662682603,1091065955,5.75619383738486e-05,0.0123641367487126,0.1822832315005403,7,,
roberta-base,14,15,85.79017264276229,86.05577689243027,1424201597,5.755276676171922e-05,0.0104013028389019,0.1781204595430464,2,,
roberta-base,14,16,85.1261620185923,85.92297476759629,1670627004,6.381843817352433e-06,4.197926966815415e-05,0.1755623662842339,7,,
roberta-base,14,17,85.3917662682603,85.2589641434263,88650855,6.452209966055339e-06,0.0018227662771639,0.1912697499763577,6,,
roberta-base,14,18,85.2589641434263,85.65737051792829,650786359,1.8402912330424516e-05,0.0101031122493272,0.003840862224963,10,,
roberta-base,14,19,85.52456839309428,85.1261620185923,1049423317,9.9582286157206e-06,1.0485650882243536e-05,0.003657672942252,5,,
roberta-base,14,20,84.9933598937583,86.18857901726427,1552597525,1.3594709902674675e-05,0.0026305206747479,0.0486662941154948,2,,
roberta-base,14,21,86.58698539176626,86.18857901726427,657999865,1.0191276487577212e-05,0.0080297113596908,0.1227971078237765,8,,
roberta-base,14,22,86.45418326693228,85.1261620185923,398747344,1.1210983284733498e-05,7.681625819902159e-05,0.1196012096626972,8,,
roberta-base,14,23,86.45418326693228,86.32138114209828,1560423004,7.372852346362122e-06,0.0006044178725704,0.0373932522408362,10,,
roberta-base,14,24,87.64940239043824,87.64940239043824,55684070,1.0110998299551772e-05,0.0230262771280568,0.1869334094841528,7,,
roberta-base,14,25,86.45418326693228,86.18857901726427,1768722543,5.378928723069525e-05,0.0066795457874639,0.1474159301320282,9,,
roberta-base,14,26,85.1261620185923,85.52456839309428,1812460833,3.9504716667700025e-05,0.0009013097268803,0.0935987777680744,2,,
roberta-base,14,27,84.86055776892431,83.66533864541833,1885512361,9.24809032051188e-05,0.0013471107763822,0.0122449869357871,6,,
roberta-base,14,28,86.18857901726427,84.4621513944223,1376087159,3.937636113333703e-05,0.004965243176236,0.0565660600118819,10,,
roberta-base,14,29,85.52456839309428,87.11819389110225,1732714199,1.4283056175485764e-05,0.0277031850305063,0.1654344036460441,3,,
roberta-base,15,0,83.55614973262033,87.04939919893191,2112481026,7.656847706908262e-05,2.095763154211761e-05,0.1942484881428114,5,,
roberta-base,15,1,84.75935828877006,86.38184245660881,1251768895,3.705959866154362e-05,0.000504122163155,0.0789114564868632,9,,
roberta-base,15,2,83.02139037433155,84.2456608811749,792641698,8.346823134486488e-05,0.001111512399979,0.1590496188541678,9,,
roberta-base,15,3,84.0909090909091,85.98130841121495,608258960,8.430365187977537e-06,0.0055400672389966,0.1232232114382938,9,,
roberta-base,15,4,86.09625668449198,87.44993324432576,1499504974,4.03224640168769e-05,0.0344236311875095,0.0848693460013348,9,,
roberta-base,15,5,83.28877005347593,86.11481975967958,630085029,4.166575846158566e-05,0.0037091030682602,0.1459719046759187,5,,
roberta-base,15,6,84.49197860962566,86.11481975967958,1100053059,5.150271893040761e-06,0.0003818501481824,0.0740405224023737,9,,
roberta-base,15,7,85.29411764705883,86.38184245660881,1640712219,1.076255627674291e-05,3.1553364940514515e-05,0.0580307208574449,9,,
roberta-base,15,8,84.62566844919786,86.11481975967958,2062867642,7.625377376975809e-06,8.947238956614817e-05,0.1194701514495313,10,,
roberta-base,15,9,81.68449197860963,82.9105473965287,111840423,1.1253750002713211e-05,0.0023502855541101,0.0933538901350433,2,,
roberta-base,15,10,84.49197860962566,84.37917222963952,855809579,2.247554354379252e-05,0.0004087853519964,0.1727977523533639,4,,
roberta-base,15,11,84.35828877005348,86.38184245660881,970647284,3.582746950653976e-05,0.0001609909014116,0.1366752392969309,10,,
roberta-base,15,12,82.62032085561498,85.84779706275033,1303109603,7.509284502571983e-05,0.024384170162508,0.1252623064085078,3,,
roberta-base,15,13,82.88770053475936,86.24833110814419,1938887121,3.1454961846298674e-05,0.0007696117843532,0.0565840467060484,3,,
roberta-base,15,14,83.15508021390374,85.84779706275033,418716030,3.6443182217234645e-05,0.0040143760359696,0.1994844149108546,9,,
roberta-base,15,15,82.88770053475936,85.04672897196262,1586121436,9.912668765713948e-05,0.0003302584486576,0.1251155921425304,3,,
roberta-base,15,16,83.15508021390374,86.78237650200268,1168509071,9.254552467866032e-05,2.7875730700732397e-05,0.1956202987380746,9,,
roberta-base,15,17,83.28877005347593,86.64886515353805,54074412,2.8807788965956494e-05,0.0002313698194139,0.079527278761002,5,,
roberta-base,15,18,85.16042780748663,86.78237650200268,1127420135,6.434175178332046e-05,0.0061604562388848,0.1053995893568763,7,,
roberta-base,15,19,78.87700534759358,78.1041388518024,1681931293,6.626565070923404e-06,4.1203060851568974e-05,0.1500167629203089,2,,
roberta-base,15,20,84.0909090909091,85.84779706275033,632137724,6.745985696902263e-06,0.0005553776922195,0.1741948517875918,8,,
roberta-base,15,21,81.55080213903743,85.71428571428571,334618050,6.756472327445765e-05,0.0011502759625255,0.1854664779653416,6,,
roberta-base,15,22,84.49197860962566,86.51535380507343,460368046,4.193844696320755e-05,0.011315492284891,0.0127749800323885,9,,
roberta-base,15,23,83.82352941176471,84.2456608811749,1917018144,2.693491223208897e-05,0.0002116654662055,0.189077023360535,2,,
roberta-base,15,24,82.48663101604278,87.18291054739653,2118104924,3.453797385996732e-05,8.599442197052489e-05,0.1279289695581772,2,,
roberta-base,15,25,84.0909090909091,86.78237650200268,584442750,2.554083960727757e-05,1.0756466318549108e-05,0.037026921941754,10,,
roberta-base,15,26,82.62032085561498,85.84779706275033,51061382,6.116962228689633e-05,0.0985905786410113,0.0139408507209517,4,,
roberta-base,15,27,81.68449197860963,83.44459279038718,1993915789,5.527475542588578e-06,0.0047795916186683,0.1494879328567167,6,,
roberta-base,15,28,85.96256684491979,86.51535380507343,1760601742,2.855870754053169e-05,1.1648346039606982e-05,0.0800499641838495,3,,
roberta-base,15,29,84.89304812834224,87.44993324432576,1597526028,3.0396720394480263e-05,0.0136620979503691,0.1367644255523531,5,,
roberta-base,16,0,83.55795148247978,82.61455525606469,1650260248,7.875721847998624e-05,0.025916723922954,0.0766102315230169,10,,
roberta-base,16,1,83.82749326145553,83.42318059299191,942601840,8.133304098275425e-05,0.0001043743226415,0.1121556766660087,9,,
roberta-base,16,2,84.63611859838275,84.50134770889488,237057745,7.5125203051763395e-06,0.0119862641208972,0.121625011089045,5,,
roberta-base,16,3,83.28840970350404,85.84905660377359,1045440,1.6589053091916293e-05,2.337490104070393e-05,0.1016214435409655,8,,
roberta-base,16,4,66.30727762803234,67.78975741239893,191934519,9.945711615902908e-05,2.5750791961212968e-05,0.0422454881243009,2,,
roberta-base,16,5,84.50134770889488,85.3099730458221,349371473,6.280726219327456e-05,0.0004076234748671,0.159162265683143,3,,
roberta-base,16,6,83.82749326145553,86.38814016172506,1842008158,2.4688207417252026e-05,1.587110674274809e-05,0.0359166959901766,8,,
roberta-base,16,7,78.4366576819407,81.26684636118598,1921098995,5.174131143805862e-06,0.0040813900661934,0.0028915702210126,3,,
roberta-base,16,8,84.23180592991913,85.04043126684635,1943393930,3.409064271457639e-05,0.000165960081671,0.0462969508219193,10,,
roberta-base,16,9,85.04043126684635,85.84905660377359,223381613,2.288222349034999e-05,0.0034033918296292,0.1579132341903316,7,,
roberta-base,16,10,83.69272237196766,85.71428571428571,22698200,2.348022926180469e-05,0.0001569095644603,0.0393373889983187,6,,
roberta-base,16,11,84.63611859838275,84.23180592991913,1084564593,6.473676010733005e-06,0.00015550723734,0.0199122809869208,8,,
roberta-base,16,12,66.30727762803234,67.78975741239893,279781117,5.12919345498766e-06,0.0011196128733633,0.0417002072192204,3,,
roberta-base,16,13,84.50134770889488,84.90566037735849,1928322154,5.056390069600551e-05,0.0032111603810894,0.1730645069853048,3,,
roberta-base,16,14,83.15363881401618,85.71428571428571,549728171,4.7419223468305487e-05,0.0040504154797005,0.1017796378988944,5,,
roberta-base,16,15,83.55795148247978,84.23180592991913,1619901420,7.904337757515954e-05,0.0002620148978708,0.1428728443132051,8,,
roberta-base,16,16,81.80592991913747,83.01886792452831,597593262,1.0692677494144294e-05,0.0070995966136469,0.0366459634658095,3,,
roberta-base,16,17,83.55795148247978,85.04043126684635,1023325889,5.906856571044047e-05,0.0048586114255458,0.1248769310197779,8,,
roberta-base,16,18,84.366576819407,84.90566037735849,101529221,1.937960060452709e-05,0.0001627812047888,0.0119105248752543,10,,
roberta-base,16,19,85.44474393530997,83.69272237196766,590125357,5.684499990686617e-06,7.582229380795234e-05,0.1759397659095625,6,,
roberta-base,16,20,84.50134770889488,84.50134770889488,334635798,1.1816766032799693e-05,0.000765203396794,0.0169659921733242,10,,
roberta-base,16,21,83.82749326145553,85.57951482479784,191385779,5.463386426633829e-05,1.6282755930318336e-05,0.0361033185724549,9,,
roberta-base,16,22,83.01886792452831,83.15363881401618,1929418776,5.771938137698007e-06,6.014018727786999e-05,0.1396419897952266,4,,
roberta-base,16,23,84.77088948787062,83.28840970350404,901202018,9.086192969882196e-06,0.0064407475214819,0.1257038020941678,6,,
roberta-base,16,24,84.77088948787062,85.17520215633424,2070988385,5.849223574631765e-05,0.0295002354434682,0.1957484064051374,10,,
roberta-base,16,25,85.84905660377359,85.84905660377359,1490353709,2.7030361775726896e-05,0.0008089908921369,0.0362591917974879,7,,
roberta-base,16,26,83.42318059299191,83.9622641509434,295209281,9.1518979931603e-06,0.0564052580399322,0.0447776298838919,7,,
roberta-base,16,27,84.23180592991913,85.04043126684635,1058672401,9.66953999820478e-06,0.01120339080363,0.184979211814459,3,,
roberta-base,16,28,83.42318059299191,85.17520215633424,1193047474,9.683914533315397e-06,3.512528620538423e-05,0.1044762461633977,10,,
roberta-base,16,29,83.55795148247978,84.77088948787062,829371939,1.19272149258368e-05,0.0600603961573577,0.0456871204232615,4,,
roberta-base,17,0,85.82781456953643,85.03311258278146,94100197,4.803457354608112e-05,0.0196974366111708,0.13724406844786,4,,
roberta-base,17,1,85.96026490066225,85.43046357615894,1501393252,1.120587650489842e-05,1.115843395772144e-05,0.1439073028057331,10,,
roberta-base,17,2,83.70860927152317,84.37086092715232,1033763007,5.90108738058954e-06,0.015727127706041,0.0548274120146377,6,,
roberta-base,17,3,83.44370860927152,83.84105960264901,68432523,5.304412497159682e-06,0.0259346541946911,0.0317809211532514,5,,
roberta-base,17,4,86.35761589403974,85.29801324503312,477354460,1.073345177140918e-05,0.0023102338778161,0.0524102149979472,7,,
roberta-base,17,5,85.82781456953643,85.82781456953643,664783430,6.230892844561341e-05,0.0008100390955874,0.0837706569006142,9,,
roberta-base,17,6,83.84105960264901,84.10596026490066,1624029130,5.241159052406413e-06,0.0045823219839284,0.0120723217068283,5,,
roberta-base,17,7,84.10596026490066,83.17880794701986,1932656357,5.748265251250677e-06,0.0002279386535367,0.0481727556203418,5,,
roberta-base,17,8,87.54966887417218,84.23841059602648,663346913,2.184637816330529e-05,8.932703352909525e-05,0.0311265510211204,6,,
roberta-base,17,9,75.76158940397352,78.54304635761589,140515570,5.080122650163542e-06,0.0005893533571453,0.0211893443315602,4,,
roberta-base,17,10,86.88741721854305,85.03311258278146,2020086468,1.9789250847270534e-05,0.0002028437122885,0.1813855735258568,6,,
roberta-base,17,11,85.43046357615894,85.03311258278146,996250843,6.919444705784979e-06,0.0001222431392489,0.1015239805690007,6,,
roberta-base,17,12,85.69536423841059,83.3112582781457,1869046964,5.0303369227696285e-05,0.0217064817291704,0.0181550140013193,10,,
roberta-base,17,13,84.50331125827815,84.76821192052981,1821687418,5.397865726647592e-06,0.01603170705258,0.0302545958214298,10,,
roberta-base,17,14,87.1523178807947,84.50331125827815,1342329448,1.1392890600811869e-05,0.0575801131612694,0.17234017930672,8,,
roberta-base,17,15,86.62251655629139,85.96026490066225,2105517076,4.507470433601202e-05,0.0402791885858912,0.1847455279415457,4,,
roberta-base,17,16,84.23841059602648,85.82781456953643,1562649836,1.0494228267331205e-05,0.0229076380260248,0.0359290895743612,7,,
roberta-base,17,17,87.01986754966887,85.56291390728477,1082939884,2.5028540562808567e-05,0.0008775064770092,0.0220897584489935,10,,
roberta-base,17,18,86.75496688741723,86.62251655629139,1930768395,1.539944051268844e-05,0.0089614542434159,0.0141101890165618,7,,
roberta-base,17,19,86.49006622516556,86.75496688741723,683142464,2.3448023497781008e-05,0.0062501482930958,0.056976885574292,8,,
roberta-base,17,20,87.81456953642385,86.49006622516556,504321933,3.479608436071402e-05,0.0241084132192542,0.0573011038390131,3,,
roberta-base,17,21,86.35761589403974,85.16556291390728,1779210798,4.84879663671318e-05,0.0002540891094832,0.0509744997476144,2,,
roberta-base,17,22,84.37086092715232,85.56291390728477,433316945,5.023185963393726e-06,0.0001173680007761,0.0986502795542292,6,,
roberta-base,17,23,85.82781456953643,85.29801324503312,1783809001,1.0975893448265931e-05,0.0004136817769839,0.1536096241249828,8,,
roberta-base,17,24,85.29801324503312,85.16556291390728,1337556910,5.166146979385098e-06,0.0338231898361747,0.1467713053841338,7,,
roberta-base,17,25,85.03311258278146,84.23841059602648,1639806475,2.506210891154393e-05,0.0084428851059324,0.0584116117766982,3,,
roberta-base,17,26,84.63576158940397,85.29801324503312,416902031,6.464511780420086e-06,0.0003813734219471,0.1059586971116956,5,,
roberta-base,17,27,84.10596026490066,84.50331125827815,542053342,6.702687927950316e-06,0.0003898061722673,0.0911598405001425,4,,
roberta-base,17,28,85.96026490066225,84.10596026490066,718034160,1.7675589096215395e-05,1.342728469624702e-05,0.1067319811643142,3,,
roberta-base,17,29,82.3841059602649,82.78145695364239,1898032550,5.160310402803266e-06,1.8239018302283052e-05,0.1649452254943944,3,,
roberta-base,18,0,84.52380952380952,84.39153439153439,1130988618,7.218923717501538e-05,0.0006199579297832,0.1672020419765767,2,,
roberta-base,18,1,82.14285714285714,83.46560846560847,591027305,1.1768287342411036e-05,0.0018579930104053,0.1407567379183847,2,,
roberta-base,18,2,84.12698412698413,85.84656084656085,543625455,1.9497698135064376e-05,0.0009394841315306,0.1100921967940018,6,,
roberta-base,18,3,84.39153439153439,83.33333333333333,1983152282,9.24890044805325e-06,0.0910592254370845,0.0020677046695041,6,,
roberta-base,18,4,85.18518518518519,84.65608465608466,2139820051,7.490821419502963e-05,0.0035582535273852,0.0606057725233153,8,,
roberta-base,18,5,85.71428571428571,85.71428571428571,162917332,3.638374099060673e-05,0.0004084352987837,0.1215625405440966,3,,
roberta-base,18,6,85.18518518518519,85.05291005291005,549775670,9.233698558595503e-06,0.0003037537844898,0.0172479559595608,8,,
roberta-base,18,7,87.03703703703704,86.77248677248677,1474432066,6.333761818077296e-05,0.0343680810311176,0.1323221030523212,10,,
roberta-base,18,8,85.18518518518519,85.05291005291005,11331888,1.5131718916846287e-05,2.0071039365618023e-05,0.0215314355575073,7,,
roberta-base,18,9,86.11111111111111,84.78835978835978,641207299,3.071356074553177e-05,0.0713527030133294,0.0978717390320112,8,,
roberta-base,18,10,85.84656084656085,84.78835978835978,451479483,6.678111896905325e-05,0.0268128625478276,0.0192074660489766,10,,
roberta-base,18,11,85.84656084656085,85.58201058201058,520588105,3.450031085066155e-05,4.643087273015379e-05,0.1481219614579506,3,,
roberta-base,18,12,84.12698412698413,83.73015873015873,246809178,1.896377765147654e-05,0.0004341326463404,0.1048310418511342,2,,
roberta-base,18,13,86.24338624338624,85.71428571428571,1298757092,6.26441352617908e-05,0.006539156156203,0.1879667155991898,9,,
roberta-base,18,14,85.84656084656085,86.37566137566138,891777352,1.709249913876001e-05,0.003889613614342,0.1995929058010103,4,,
roberta-base,18,15,85.31746031746032,86.77248677248677,1183444916,1.2566766002765696e-05,0.0001677684914959,0.1951461713953629,7,,
roberta-base,18,16,85.97883597883597,84.78835978835978,477058793,8.268258746536347e-06,0.0192219141523305,0.0613378082696092,9,,
roberta-base,18,17,86.24338624338624,84.92063492063492,127135311,1.4226056847846548e-05,1.4414072263751951e-05,0.1341976171468196,8,,
roberta-base,18,18,85.44973544973546,86.64021164021165,629414113,2.4559075136561835e-05,0.0016546726670882,0.1090464834885364,10,,
roberta-base,18,19,84.12698412698413,84.25925925925925,2020704539,1.97384997684774e-05,0.0075391235965535,0.0328046091675764,2,,
roberta-base,18,20,86.11111111111111,85.31746031746032,2135838541,1.8536867367799143e-05,0.0009792237340156,0.0258674465923997,6,,
roberta-base,18,21,86.37566137566138,85.58201058201058,569548524,1.8890444737156984e-05,0.0098748497207535,0.1788994610992522,7,,
roberta-base,18,22,86.24338624338624,84.52380952380952,1632881543,2.15187630264858e-05,0.0844554668021595,0.0069236600421631,7,,
roberta-base,18,23,84.65608465608466,86.77248677248677,2128250382,6.928448082271736e-05,3.653432510687259e-05,0.0259701982284039,8,,
roberta-base,18,24,86.11111111111111,83.5978835978836,567201553,1.412736590935313e-05,0.0014594712229573,0.1413224887671049,2,,
roberta-base,18,25,86.24338624338624,86.5079365079365,113266361,4.102930445120212e-05,0.0358112854075821,0.089738469092903,3,,
roberta-base,18,26,86.77248677248677,88.0952380952381,1441883346,3.843622231440987e-05,9.011381870295764e-05,0.1241906224253898,10,,
roberta-base,18,27,85.97883597883597,85.58201058201058,1483607953,1.3748925591979844e-05,0.0002186769511943,0.1083509024614341,6,,
roberta-base,18,28,84.39153439153439,84.25925925925925,1640689374,1.2053243281242876e-05,0.0005287254775011,0.1113953491805957,8,,
roberta-base,18,29,85.44973544973546,85.18518518518519,317741213,2.1242020591277423e-05,0.0038883165445032,0.0952702300749718,8,,
roberta-base,19,0,85.6,86.55126498002663,2046519484,3.846794558243427e-05,1.2384655739466596e-05,0.1606235542289757,10,,
roberta-base,19,1,84.8,85.61917443408788,1610562664,7.811726404918516e-05,0.0013219063028175,0.1720022174358016,5,,
roberta-base,19,2,84.13333333333334,84.55392809587217,743329850,9.922145132074336e-05,4.227493531560456e-05,0.0537756467613731,3,,
roberta-base,19,3,85.6,86.01864181091878,2091952317,2.6892253296327475e-05,0.0007331296310486,0.067940764021591,10,,
roberta-base,19,4,86.8,86.2849533954727,836741975,1.957846189823973e-05,0.0001016288655305,0.125106973974064,9,,
roberta-base,19,5,86.0,85.88548601864181,221198573,2.441816508146297e-05,0.0405225027382579,0.1706320892166777,5,,
roberta-base,19,6,84.4,84.8202396804261,2117018598,8.255909019501173e-05,0.074453806411977,0.18112431953593,10,,
roberta-base,19,7,86.53333333333333,84.8202396804261,1544685637,2.968925383250211e-05,0.0220805189359654,0.1611786990926372,10,,
roberta-base,19,8,84.93333333333334,85.61917443408788,145735527,2.247147436481054e-05,0.0155715869545412,0.1916168898182214,8,,
roberta-base,19,9,84.53333333333333,85.35286284953395,1302125974,2.7703129537620792e-05,0.0002350617371372,0.1163775960745503,7,,
roberta-base,19,10,85.2,86.41810918774966,1078735669,2.1165549663569016e-05,0.0340947593344817,0.0851197787318885,5,,
roberta-base,19,11,84.13333333333334,85.219707057257,523812416,3.935925543399779e-05,0.0005286046825566,0.0442197422505499,5,,
roberta-base,19,12,86.26666666666667,86.81757656458056,602620057,2.60553180135542e-05,0.0232946899151762,0.0623103682091776,5,,
roberta-base,19,13,85.2,85.08655126498003,1630048453,6.322852959601271e-05,5.124222565586193e-05,0.0673083249851688,2,,
roberta-base,19,14,84.53333333333333,84.28761651131825,1237681469,7.601601461691237e-05,1.5189949074261392e-05,0.1693764159454641,2,,
roberta-base,19,15,85.6,87.21704394141145,2085569698,3.381357328751043e-05,1.5872166334154807e-05,0.1219431798180726,8,,
roberta-base,19,16,84.4,84.8202396804261,1831861880,6.299760726994281e-06,3.145856555047922e-05,0.1756568470014278,7,,
roberta-base,19,17,83.6,82.55659121171772,301324738,1.0199998467157282e-05,1.4214904182351089e-05,0.0215541449982092,2,,
roberta-base,19,18,85.2,84.55392809587217,984216076,4.61517411334612e-05,0.0020991262674368,0.1526513219634019,3,,
roberta-base,19,19,85.73333333333333,85.08655126498003,589096446,1.7453970158651193e-05,0.0041079563938079,0.1977016884639766,10,,
roberta-base,19,20,83.73333333333333,83.3555259653795,1782064091,1.7413812486667796e-05,1.7225718435297194e-05,0.169083758706886,2,,
roberta-base,19,21,84.93333333333334,85.61917443408788,1138626333,4.088240644618318e-05,0.000166242800909,0.1321289615917401,9,,
roberta-base,19,22,84.93333333333334,86.01864181091878,1805323779,4.742979416394208e-05,0.0006915115482453,0.0026617139551528,8,,
roberta-base,19,23,84.53333333333333,84.55392809587217,737439027,1.1868895427359874e-05,0.0661271302796875,0.1433658722904912,3,,
roberta-base,19,24,83.73333333333333,86.41810918774966,2048244022,1.946191816780401e-05,0.0111376589725518,0.0930937260597211,10,,
roberta-base,19,25,85.86666666666666,85.75233022636485,670562295,3.144496633668989e-05,3.729937563944674e-05,0.0487776403996169,10,,
roberta-base,19,26,84.8,86.15179760319575,2116589215,4.687602011461878e-05,0.0012694312460616,0.1219625487007339,7,,
roberta-base,19,27,85.86666666666666,86.55126498002663,275034591,3.5141843765543635e-05,0.008834196170938,0.096365882370744,10,,
roberta-base,19,28,86.8,86.01864181091878,25861441,2.0093513562525004e-05,0.000610536478646,0.0717424990548988,9,,
roberta-base,19,29,85.73333333333333,84.55392809587217,879110839,6.015382911026031e-06,0.000463932069228,0.1943014914205008,7,,
roberta-base,20,0,86.81462140992167,85.13689700130378,1071848441,1.44960527028721e-05,8.217248432124072e-05,0.0587490263587362,8,,
roberta-base,20,1,87.33681462140993,86.3102998696219,1890183759,2.7244436262878852e-05,2.6206735581285837e-05,0.0644309713648147,9,,
roberta-base,20,2,85.63968668407311,84.48500651890483,286777368,1.6450902167791566e-05,0.008812907577845,0.1313227900680309,3,,
roberta-base,20,3,87.85900783289817,85.91916558018254,1708395510,3.892707418732907e-05,2.258100997523982e-05,0.030137234795898,6,,
roberta-base,20,4,86.16187989556136,85.00651890482399,591511418,7.750141066787995e-05,0.0038005869792513,0.0415152563920232,7,,
roberta-base,20,5,87.33681462140993,84.7457627118644,1091084689,2.7062707776169144e-05,0.0161491218408597,0.1185213072861886,6,,
roberta-base,20,6,78.06788511749347,77.18383311603651,868721544,5.383078961338388e-06,0.0356273342289909,0.1723069835853258,2,,
roberta-base,20,7,69.32114882506528,68.44850065189048,1031455944,9.301125754855112e-05,0.0004707230213452,0.122023860553243,3,,
roberta-base,20,8,87.0757180156658,84.8761408083442,350010262,1.954283731116252e-05,0.0004193210879783,0.1663788700298358,3,,
roberta-base,20,9,87.46736292428199,85.26727509778357,1900685223,7.295375522419196e-05,0.0543991135718795,0.1700485663328225,4,,
roberta-base,20,10,86.94516971279373,85.78878748370273,1021001954,1.1933837927547732e-05,5.507862855429253e-05,0.158578692701483,5,,
roberta-base,20,11,84.46475195822454,84.7457627118644,1125304229,8.653055057376239e-05,0.0201334929355234,0.0043910326434855,9,,
roberta-base,20,12,85.90078328981723,83.18122555410692,523805902,5.92227028185112e-06,0.0099467971896304,0.011896025625459,6,,
roberta-base,20,13,86.16187989556136,85.26727509778357,1364428217,6.237427057029382e-06,0.0004722281781729,0.1534722541484094,7,,
roberta-base,20,14,85.24804177545693,84.48500651890483,1052989702,8.342024309574479e-06,0.0216059099815674,0.0105129310545908,6,,
roberta-base,20,15,86.55352480417754,86.04954367666232,2017699650,5.177843451814538e-05,0.06203029635278,0.1033518397438918,10,,
roberta-base,20,16,87.72845953002611,84.8761408083442,1155119162,8.2851349179932e-06,4.256336073731753e-05,0.1118882517263609,9,,
roberta-base,20,17,86.94516971279373,84.7457627118644,51467131,1.12752931331601e-05,0.0010767013711942,0.042410674450228,8,,
roberta-base,20,18,86.94516971279373,85.26727509778357,174058039,1.9862086945192955e-05,0.0148446033115981,0.1974652888689726,4,,
roberta-base,20,19,86.94516971279373,86.17992177314211,1573265642,9.152758638185753e-06,3.661796458769615e-05,0.1937273081912641,9,,
roberta-base,20,20,86.68407310704961,84.8761408083442,981021218,5.261152576550351e-06,0.0019676645790243,0.1738206763161849,8,,
roberta-base,20,21,86.29242819843343,85.39765319426337,2000411888,8.49561812787281e-06,0.0001533115824286,0.036017170781828,4,,
roberta-base,20,22,86.68407310704961,85.00651890482399,1016591248,1.2783534166592451e-05,0.0005740106928569,0.1329504467071703,4,,
roberta-base,20,23,87.46736292428199,85.52803129074316,1417108926,2.385632228884065e-05,0.0004604645656551,0.1289851729736867,8,,
roberta-base,20,24,85.24804177545693,85.26727509778357,1649345822,1.0349732720231938e-05,0.0096180762701678,0.0751277056194223,10,,
roberta-base,20,25,86.0313315926893,85.00651890482399,567075116,4.724277971675917e-05,0.0001520569754133,0.1372145984032143,3,,
roberta-base,20,26,85.11749347258485,85.52803129074316,227846504,5.619021609509142e-05,0.000180201044787,0.1812378770774877,2,,
roberta-base,20,27,87.98955613577023,84.7457627118644,544119745,3.2234224217430914e-05,0.0086489506876477,0.021606163395243,7,,
roberta-base,20,28,88.38120104438643,86.57105606258149,208609189,2.3765864254789463e-05,0.0008055481835563,0.0874882400790587,10,,
roberta-base,20,29,87.72845953002611,85.91916558018254,986602733,2.4574934504516727e-05,6.53485084700344e-05,0.1048698722324845,9,,
roberta-base,21,0,86.15591397849462,84.13978494623656,1248568871,6.90486647839128e-05,0.0315773332028861,0.0782974003371481,4,,
roberta-base,21,1,85.61827956989248,87.5,1943710242,1.8149646285816075e-05,6.381316131264629e-05,0.1550785291969697,8,,
roberta-base,21,2,86.29032258064517,85.34946236559139,1797194738,2.610610196594425e-05,0.0008334493741062,0.0261179389814651,5,,
roberta-base,21,3,86.02150537634408,84.94623655913979,687703092,2.7069071960313303e-05,9.494917419799208e-05,0.1992410360916946,3,,
roberta-base,21,4,86.55913978494624,84.54301075268818,1321571008,6.074431939504895e-05,3.9972171504873165e-05,0.1246443468151592,3,,
roberta-base,21,5,86.96236559139786,86.96236559139786,782971347,2.4676835145411467e-05,0.0001249065010099,0.0755925657477172,9,,
roberta-base,21,6,85.61827956989248,83.87096774193549,194527850,5.604023381940982e-06,0.0143862578063268,0.0938101416371477,10,,
roberta-base,21,7,86.69354838709677,85.75268817204301,1096811123,3.196112524419134e-05,0.0409080376446558,0.0721946070760366,9,,
roberta-base,21,8,85.88709677419355,83.87096774193549,1986271145,7.5389554315732515e-06,0.0582805197730795,0.1035428093724262,5,,
roberta-base,21,9,86.15591397849462,86.29032258064517,2100303555,1.6149516760232354e-05,0.0362724656602906,0.1299594087646742,6,,
roberta-base,21,10,87.63440860215054,84.94623655913979,1715632875,3.232180349417676e-05,0.0148675677757196,0.1972986560166561,8,,
roberta-base,21,11,86.4247311827957,84.40860215053763,1701483733,5.258312941997008e-06,8.659890840126735e-05,0.1148077045710681,8,,
roberta-base,21,12,87.23118279569893,83.73655913978494,1036672085,1.8531181599150247e-05,0.041904333777132,0.1564042177989319,3,,
roberta-base,21,13,69.75806451612904,68.27956989247312,1717947704,5.149069509870232e-06,0.0003862417833496,0.0786028501665241,2,,
roberta-base,21,14,86.4247311827957,83.60215053763442,1312313454,5.961828805108466e-05,0.0006441682401883,0.0185128015061635,4,,
roberta-base,21,15,86.15591397849462,85.08064516129032,109685069,6.326962370066555e-06,0.0036704071846841,0.1600488831936992,7,,
roberta-base,21,16,84.00537634408602,81.85483870967742,816164498,8.717169364204203e-05,0.0252972355570122,0.040193106015437,7,,
roberta-base,21,17,86.82795698924731,85.48387096774194,843064238,4.0044357832498514e-05,0.014239656192227,0.0233699590968083,10,,
roberta-base,21,18,86.15591397849462,84.00537634408602,1760049558,9.164003932585717e-06,0.0016990398270078,0.0951235720736531,3,,
roberta-base,21,19,85.61827956989248,84.6774193548387,93353213,1.0952267030675047e-05,1.339690441332462e-05,0.1717628929583275,5,,
roberta-base,21,20,85.48387096774194,85.61827956989248,187599971,7.522086837262252e-06,0.019363175011863,0.0070088547579073,5,,
roberta-base,21,21,67.33870967741936,66.53225806451613,102413304,9.335701089291722e-05,0.0002359637590128,0.0682062944442006,5,,
roberta-base,21,22,87.36559139784946,85.08064516129032,1939996030,5.3774613285771685e-05,0.0016610216093797,0.154821670095975,9,,
roberta-base,21,23,88.03763440860214,85.08064516129032,2059432559,3.63604891487349e-05,0.0030196904406084,0.0741029307728962,8,,
roberta-base,21,24,85.08064516129032,85.21505376344086,1460925821,1.1560058131278192e-05,7.164558186828276e-05,0.1827362938823792,5,,
roberta-base,21,25,85.61827956989248,83.60215053763442,1664447555,1.0492974194941976e-05,0.0016198945133551,0.1110797464089304,2,,
roberta-base,21,26,86.69354838709677,86.4247311827957,1328645790,2.65783942178722e-05,4.972126643842176e-05,0.1546191553622288,5,,
roberta-base,21,27,87.23118279569893,85.48387096774194,400898436,4.787681588825727e-05,0.0019368632265831,0.0192123026085369,6,,
roberta-base,21,28,86.29032258064517,85.61827956989248,399053472,2.333356127899332e-05,0.000594715827565,0.0219754590875999,3,,
roberta-base,21,29,86.96236559139786,85.08064516129032,1518662447,3.340076462367873e-05,8.237940495555022e-05,0.13741762148744,4,,
roberta-base,22,0,85.6,86.55126498002663,906489631,1.4655087165721407e-05,1.859965179518065e-05,0.0494262769369656,8,,
roberta-base,22,1,84.0,85.48601864181092,1952241594,1.170273703108402e-05,6.364473772084648e-05,0.0467314657665602,5,,
roberta-base,22,2,84.8,85.08655126498003,1408117864,4.7153118538600194e-05,0.0017542838769908,0.0810496300202628,10,,
roberta-base,22,3,84.26666666666667,86.55126498002663,919433750,9.928061665893282e-06,0.0209059585605008,0.1619505630540505,9,,
roberta-base,22,4,86.26666666666667,86.01864181091878,1476645674,2.3286343551883184e-05,0.000984924838777,0.0925051670885007,8,,
roberta-base,22,5,85.46666666666667,85.61917443408788,496584429,1.1161269988851836e-05,4.246731982116285e-05,0.1657868252508016,3,,
roberta-base,22,6,84.0,84.28761651131825,1991472859,6.611656116158344e-05,0.0550696325549937,0.1820991597023121,2,,
roberta-base,22,7,84.53333333333333,86.41810918774966,575577189,4.733254002826141e-05,0.0001976153506145,0.102891287725132,10,,
roberta-base,22,8,83.33333333333333,87.21704394141145,1134804890,5.043509277751381e-05,0.0001184232558549,0.0465885684826594,8,,
roberta-base,22,9,85.73333333333333,85.75233022636485,1163725275,7.364611732559084e-06,7.193010547928223e-05,0.0293968772143396,9,,
roberta-base,22,10,84.93333333333334,86.2849533954727,374311171,3.5344837997038046e-05,2.756957432090233e-05,0.0930220040177634,3,,
roberta-base,22,11,80.66666666666667,79.89347536617844,422788824,1.052607031184729e-05,1.771810915589034e-05,0.1558886350662983,2,,
roberta-base,22,12,83.73333333333333,85.219707057257,1276622225,4.702120026755116e-05,0.0002643806061043,0.1300679227828976,4,,
roberta-base,22,13,84.53333333333333,85.88548601864181,1518531613,2.3245618246694737e-05,0.0047333147280526,0.1957083487261741,6,,
roberta-base,22,14,86.4,87.21704394141145,788097350,2.0511480352321305e-05,0.0616207606939434,0.1392457860842416,5,,
roberta-base,22,15,85.33333333333333,85.48601864181092,564491165,1.487329842789934e-05,0.0098043929253982,0.0212034418529536,6,,
roberta-base,22,16,85.06666666666666,84.95339547270306,1761700273,6.969948234560104e-05,0.0627934960298144,0.1399159301347201,7,,
roberta-base,22,17,83.46666666666667,83.48868175765645,39730463,9.018006582685823e-06,0.0100672507794774,0.167188093448606,3,,
roberta-base,22,18,85.6,86.6844207723036,1517563209,2.53701405210911e-05,0.0009590222165136,0.0539692736911419,8,,
roberta-base,22,19,84.4,84.68708388814913,2136670128,1.262884203354842e-05,0.0003575887009447,0.0510582072482118,4,,
roberta-base,22,20,81.86666666666666,84.15446071904128,1410195107,8.326246831776117e-05,0.0437963214751675,0.0151400366269056,6,,
roberta-base,22,21,84.0,85.88548601864181,1930350168,7.280450845561365e-05,0.0873763812671429,0.1896082274944809,8,,
roberta-base,22,22,85.73333333333333,86.55126498002663,1301230119,1.7047303422412278e-05,0.0003208101193097,0.0951912151308847,9,,
roberta-base,22,23,83.86666666666666,84.8202396804261,1205230043,8.048910828247197e-05,0.0003293275580164,0.1658858726975768,7,,
roberta-base,22,24,86.0,85.88548601864181,1915327309,1.615536666651861e-05,0.0001308409812152,0.0154285933582346,6,,
roberta-base,22,25,83.06666666666666,86.81757656458056,633440482,3.278994665636188e-05,2.375712790693345e-05,0.0312541327707371,2,,
roberta-base,22,26,83.33333333333333,84.95339547270306,1582904499,5.9670974663385214e-05,0.0005976095047351,0.0341611682548139,6,,
roberta-base,22,27,84.93333333333334,86.41810918774966,453226219,1.626407215029884e-05,1.636332506362689e-05,0.0844962483113851,10,,
roberta-base,22,28,84.8,85.61917443408788,1436070576,1.1785155087078774e-05,0.0017740571042912,0.0466706318152739,6,,
roberta-base,22,29,84.4,84.4207723035952,1352396312,1.1026100037787725e-05,0.0019600284545372,0.1567579536971189,5,,
roberta-base,23,0,84.78260869565217,84.64673913043478,900388890,9.96749534045916e-05,0.0014047481563201,0.1398712073477361,6,,
roberta-base,23,1,84.91847826086956,84.78260869565217,152185785,2.2772041776555788e-05,4.721723223193295e-05,0.0740658192228097,6,,
roberta-base,23,2,83.96739130434783,82.7445652173913,1728612379,7.523208953245419e-05,1.6896652207010623e-05,0.0133722964602413,5,,
roberta-base,23,3,84.78260869565217,85.7336956521739,1102563548,2.905734463582127e-05,0.0007982164490209,0.0832885819271504,9,,
roberta-base,23,4,84.64673913043478,85.46195652173913,79226170,7.656365643479307e-05,6.034688360018591e-05,0.1357161852753301,9,,
roberta-base,23,5,86.68478260869566,84.91847826086956,1567034544,6.217630532424024e-06,0.0335732551608783,0.0371570830137917,10,,
roberta-base,23,6,85.7336956521739,83.69565217391305,1648834963,5.3567416866586766e-05,0.0083887432424965,0.0672539852919592,3,,
roberta-base,23,7,85.59782608695652,84.10326086956522,1146060829,4.244416910522357e-05,0.0021838354599399,0.1798630632263361,5,,
roberta-base,23,8,87.09239130434783,86.41304347826087,1265921122,1.320274849990831e-05,0.0003806281249791,0.1423246933252502,10,,
roberta-base,23,9,84.78260869565217,84.10326086956522,208080686,1.2662268335611306e-05,0.0161787458718706,0.1336673424255299,7,,
roberta-base,23,10,84.23913043478261,84.23913043478261,1914039192,6.318876524974002e-05,0.0001700746576427,0.0341892821766187,6,,
roberta-base,23,11,84.375,84.23913043478261,1983047610,2.363050604444679e-05,0.0017895258168601,0.1611663792764856,5,,
roberta-base,23,12,85.46195652173913,86.1413043478261,93706087,7.685632815642413e-06,0.0457637198524855,0.1562709624814427,9,,
roberta-base,23,13,85.7336956521739,85.32608695652173,336055264,7.541488626591134e-06,0.000118224361551,0.0550574188838099,7,,
roberta-base,23,14,85.8695652173913,85.7336956521739,1237510701,3.580913861360177e-05,0.0001410916214966,0.0044801958532644,8,,
roberta-base,23,15,86.27717391304348,84.64673913043478,900755054,1.6250374247179354e-05,0.0004070634490481,0.1799653264234335,8,,
roberta-base,23,16,86.0054347826087,85.7336956521739,1823753332,4.152886897042815e-05,0.014543880636652,0.0358934388771922,7,,
roberta-base,23,17,85.32608695652173,86.82065217391305,1806566331,9.086833313036992e-06,1.788318612955768e-05,0.079606680725387,9,,
roberta-base,23,18,86.0054347826087,85.8695652173913,1319910074,2.6961686547287165e-05,0.0831874988281957,0.1815314967237233,4,,
roberta-base,23,19,84.51086956521739,84.10326086956522,51856994,2.481872820573373e-05,0.0143843333253935,0.0861024142330689,8,,
roberta-base,23,20,86.68478260869566,84.10326086956522,1983630950,7.604725012824127e-05,0.0004399763139561,0.0025813373317927,6,,
roberta-base,23,21,86.68478260869566,84.91847826086956,1765936763,3.3262828791355025e-05,0.0003236030305737,0.1629681047870169,9,,
roberta-base,23,22,84.51086956521739,82.47282608695652,1942647014,9.80242121499859e-06,0.0011921931415573,0.1604272319774112,3,,
roberta-base,23,23,85.46195652173913,86.27717391304348,964033998,8.531323175502911e-06,0.0001573163512444,0.1708250621030221,8,,
roberta-base,23,24,84.78260869565217,85.8695652173913,411372916,3.0593464882943545e-05,0.0015823329775162,0.045145586887916,3,,
roberta-base,23,25,84.91847826086956,85.8695652173913,1605602073,5.155755694115184e-06,0.0001884520529803,0.1608360856284261,9,,
roberta-base,23,26,85.59782608695652,83.83152173913044,2032913863,7.186629716302121e-06,0.0031983512790538,0.0233450899010612,6,,
roberta-base,23,27,85.05434782608695,84.10326086956522,1637109511,7.0564069125899e-06,7.023488772792382e-05,0.0441390922912192,10,,
roberta-base,23,28,86.1413043478261,83.42391304347827,919482481,5.32245228035464e-05,9.331915461939235e-05,0.0045955472891683,3,,
roberta-base,23,29,83.69565217391305,83.42391304347827,1850846639,8.572488043527738e-06,1.289380061012347e-05,0.1050771907523051,4,,
roberta-base,24,0,84.84848484848484,83.15789473684211,816804663,6.251965029509322e-06,0.0008379732552508,0.0086004136340615,8,,
roberta-base,24,1,85.24374176548089,84.34210526315789,843118184,3.1314288935329735e-05,0.0002848141284015,0.1373755301734992,9,,
roberta-base,24,2,84.58498023715416,82.23684210526316,930945915,5.685286776538372e-06,0.008779425352721,0.0370864195198829,5,,
roberta-base,24,3,85.24374176548089,83.15789473684211,68274608,1.970362878781306e-05,1.08001750904626e-05,0.1030456811409565,10,,
roberta-base,24,4,84.05797101449275,83.8157894736842,2027673282,1.9248785551967943e-05,0.0008547840454384,0.0506809739252308,2,,
roberta-base,24,5,85.63899868247694,83.8157894736842,1024623611,4.806889855324212e-05,0.0013859853344537,0.0175352333223127,4,,
roberta-base,24,6,84.84848484848484,84.07894736842105,953321353,3.506077673462045e-05,8.986819665497717e-05,0.1280410071385334,6,,
roberta-base,24,7,85.37549407114625,83.28947368421052,239591822,9.104458701626312e-06,0.0008195252170363,0.0733852208043754,9,,
roberta-base,24,8,85.5072463768116,83.55263157894737,695910231,2.788824988165754e-05,0.0001447278711432,0.1357712554054448,5,,
roberta-base,24,9,83.79446640316206,83.28947368421052,946809247,8.485295278060777e-05,4.939283006840948e-05,0.1755412619412771,6,,
roberta-base,24,10,84.05797101449275,84.86842105263158,2019955605,1.2819591521897184e-05,0.0066901409430018,0.0844643321747082,8,,
roberta-base,24,11,84.84848484848484,83.15789473684211,565530163,2.0035036270213728e-05,0.0049000828037668,0.1150626166485411,8,,
roberta-base,24,12,86.56126482213439,82.63157894736842,2122274697,3.230601430986401e-05,0.0001526905840449,0.152034010936033,3,,
roberta-base,24,13,83.9262187088274,83.02631578947368,804957463,8.02360549036885e-06,0.0130461539730337,0.0291487879076117,5,,
roberta-base,24,14,83.6627140974967,83.42105263157895,793878155,6.027280127652329e-06,0.0005441329172468,0.1379730919533517,6,,
roberta-base,24,15,83.9262187088274,82.76315789473684,936356224,6.791697200773997e-06,0.0007312498424578,0.0306819978248155,7,,
roberta-base,24,16,84.7167325428195,83.8157894736842,603985184,8.156680085006776e-06,0.0035605780779992,0.0675172578953168,4,,
roberta-base,24,17,85.5072463768116,84.47368421052632,2051009401,3.973514041944992e-05,0.0037131276701958,0.1829190012037336,8,,
roberta-base,24,18,84.4532279314888,83.42105263157895,1174207372,3.6851228117244e-05,0.0001073972212006,0.0068307955013689,8,,
roberta-base,24,19,84.58498023715416,83.6842105263158,856657617,1.8770056580336948e-05,4.813838876162036e-05,0.059174818920621,3,,
roberta-base,24,20,84.7167325428195,83.42105263157895,1761223294,3.190640642301335e-05,6.188145588661385e-05,0.0255625730790737,9,,
roberta-base,24,21,86.03425559947298,83.8157894736842,821596616,3.643558581429701e-05,0.0016711579581102,0.1905766427272054,7,,
roberta-base,24,22,83.9262187088274,83.94736842105263,1989659784,7.066524386051244e-06,0.0014941842760015,0.019459613680105,10,,
roberta-base,24,23,83.53096179183136,81.05263157894737,1187745675,1.168148911481498e-05,0.0029363138583389,0.0171433135081307,2,,
roberta-base,24,24,85.90250329380764,84.07894736842105,112004686,2.600078686088024e-05,0.0157879467083299,0.1843981228363297,8,,
roberta-base,24,25,84.32147562582345,83.42105263157895,1172361671,8.167054501752367e-05,0.002183762276308,0.0361037005267723,5,,
roberta-base,24,26,84.7167325428195,83.42105263157895,762319973,4.914629082443306e-05,1.4820386110284862e-05,0.1133755141835686,4,,
roberta-base,24,27,84.32147562582345,82.10526315789474,513608278,6.805377576279525e-05,0.0907323908062034,0.0292148195724707,2,,
roberta-base,24,28,84.9802371541502,83.55263157894737,1650056132,5.225709249199479e-05,0.0005925200444025,0.142700689234594,3,,
roberta-base,24,29,83.6627140974967,80.65789473684211,1890861109,8.649049275373832e-06,0.000213007793434,0.046896186988827,2,,
roberta-base,25,0,87.18291054739653,85.18024032042723,223043159,3.310263553277641e-05,0.0033971031009599,0.0446889209373322,6,,
roberta-base,25,1,86.24833110814419,84.64619492656875,311966510,2.2960624722073653e-05,1.3420879765772926e-05,0.1246776508028264,3,,
roberta-base,25,2,86.11481975967958,85.18024032042723,1456339612,5.106122422666568e-05,7.638068679491252e-05,0.1954446834693439,2,,
roberta-base,25,3,86.64886515353805,82.10947930574099,1672009734,8.963508925242616e-05,0.0059369516968235,0.1115717357329442,2,,
roberta-base,25,4,86.51535380507343,84.64619492656875,1601814229,1.774750372114837e-05,0.022394258434983,0.0008324486882526,3,,
roberta-base,25,5,85.04672897196262,83.17757009345794,1585072744,7.010908237020114e-06,0.0020257562207597,0.1330820349855191,4,,
roberta-base,25,6,86.64886515353805,84.51268357810414,1277584927,2.806175220170253e-05,0.0572690528186103,0.0722350830101898,8,,
roberta-base,25,7,86.24833110814419,84.64619492656875,880576611,8.958605197229816e-05,0.0269613975893993,0.0802546515921046,4,,
roberta-base,25,8,70.89452603471295,70.62750333778371,1340509341,6.346878418111066e-06,0.0026277254588537,0.0443138018506904,2,,
roberta-base,25,9,85.44726301735648,85.04672897196262,300113041,7.624883502979417e-06,7.149220746600421e-05,0.199811122613329,10,,
roberta-base,25,10,84.913217623498,83.5781041388518,155302806,6.395635160794488e-05,0.0065691500395908,0.0701051465790838,8,,
roberta-base,25,11,86.91588785046729,86.24833110814419,1311452483,1.8106023473773448e-05,0.0032412560347293,0.160601389030195,7,,
roberta-base,25,12,84.64619492656875,83.97863818424567,2115793139,1.5351933195899942e-05,0.0091898098924424,0.055390126592464,4,,
roberta-base,25,13,86.91588785046729,85.04672897196262,331867140,5.2592533034951546e-05,0.0003484816259667,0.1878291895747436,10,,
roberta-base,25,14,85.71428571428571,84.11214953271028,1914650515,4.988157136050643e-05,6.222957092627096e-05,0.0255728256208354,3,,
roberta-base,25,15,85.04672897196262,84.913217623498,470749626,7.371907551828221e-06,0.0008059345496469,0.0397249251492569,9,,
roberta-base,25,16,85.98130841121495,87.18291054739653,364866085,6.01668334138604e-06,0.0006460727951441,0.1504633830718094,10,,
roberta-base,25,17,87.18291054739653,86.91588785046729,1342248897,3.1566374640418706e-05,0.0003312684170458,0.0617204353699761,4,,
roberta-base,25,18,86.11481975967958,85.5807743658211,1028659698,1.645013280338835e-05,8.546699131960652e-05,0.0738011562964309,3,,
roberta-base,25,19,85.84779706275033,84.913217623498,632348094,7.365409096128513e-06,1.1707075782311553e-05,0.1958557061606148,9,,
roberta-base,25,20,87.31642189586115,85.5807743658211,1054391922,4.8659906936126185e-05,0.0639651233397431,0.1233465100606732,8,,
roberta-base,25,21,87.18291054739653,85.44726301735648,311887782,2.805721847586359e-05,1.027308422163722e-05,0.0621184165066696,5,,
roberta-base,25,22,86.51535380507343,86.24833110814419,1965862735,1.0465070985261938e-05,4.242627588264884e-05,0.0495949365376731,10,,
roberta-base,25,23,87.18291054739653,85.44726301735648,2054810161,2.239406950994336e-05,0.0025173461015934,0.1663354100512744,4,,
roberta-base,25,24,86.38184245660881,83.71161548731642,1562844494,6.67461445096467e-05,0.0091388466166531,0.0414413154583695,8,,
roberta-base,25,25,86.78237650200268,84.37917222963952,1671243446,3.2913742886973896e-05,9.543526641397698e-05,0.0975462726381135,4,,
roberta-base,25,26,86.24833110814419,85.04672897196262,1453408397,6.301162796343616e-05,0.0002582600435214,0.0720516199622822,3,,
roberta-base,25,27,84.37917222963952,83.97863818424567,1434688053,2.634041108636778e-05,0.0303482209430539,0.1013321799437065,2,,
roberta-base,25,28,86.11481975967958,82.51001335113484,473512961,2.0840977165318567e-05,0.0008710156608145,0.0908738095567596,2,,
roberta-base,25,29,86.64886515353805,85.84779706275033,2044505786,1.6572977282237926e-05,0.0207589601390337,0.0638105875295395,6,,
roberta-base,26,0,83.62652232746956,87.68606224627875,1646215950,1.339406805378924e-05,0.0281124929443025,0.0596278155691345,3,,
roberta-base,26,1,84.97970230040596,86.73883626522327,167604312,1.712114958974351e-05,0.0001069715661998,0.0586072023968999,9,,
roberta-base,26,2,82.13802435723952,87.68606224627875,122144437,1.2053659218006686e-05,0.0361441440006888,0.1166770590726831,4,,
roberta-base,26,3,83.085250338295,86.87415426251691,958583098,8.385855234913087e-05,0.0076223859523672,0.1793554510416659,6,,
roberta-base,26,4,84.03247631935048,89.71583220568336,1923945076,4.5250079826462506e-05,0.0004199165623843,0.1348950721663494,10,,
roberta-base,26,5,84.57374830852504,87.95669824086603,362777114,2.7437255442853005e-05,0.0013346018312188,0.1570034024464053,6,,
roberta-base,26,6,82.4086603518268,86.33288227334235,1937065282,1.5279346948027115e-05,0.0035486808066781,0.0957474553464464,3,,
roberta-base,26,7,85.38565629228687,88.63328822733423,474891353,2.1281729973716305e-05,0.000516360204989,0.0491029291807982,6,,
roberta-base,26,8,83.89715832205684,86.87415426251691,1935856096,7.907386140390503e-05,0.002998781848161,0.1223578131877628,4,,
roberta-base,26,9,83.7618403247632,87.00947225981055,615783151,1.6731232222903074e-05,1.4298844201325166e-05,0.1966717376427287,4,,
roberta-base,26,10,84.30311231393776,87.28010825439783,170910690,4.485265886087378e-05,2.264342325065205e-05,0.0287009578118199,3,,
roberta-base,26,11,82.13802435723952,85.11502029769959,283821513,2.262619139850001e-05,0.0006098457903619,0.1121899157813555,2,,
roberta-base,26,12,83.49120433017592,86.60351826792963,25585832,6.539169070999455e-06,0.0007676263366837,0.1999451632084061,6,,
roberta-base,26,13,83.22056833558864,86.46820027063599,842097068,1.55699666160465e-05,1.9532967861052868e-05,0.1326897965493257,3,,
roberta-base,26,14,71.58322056833559,74.15426251691476,1144886784,5.668378037087966e-06,0.0012603797896268,0.0781557873451148,2,,
roberta-base,26,15,84.03247631935048,86.46820027063599,1444416808,1.1978028882270424e-05,0.0007816027941253,0.1821521497602018,7,,
roberta-base,26,16,83.89715832205684,87.00947225981055,1254419554,5.325525726141914e-05,0.0198761383674785,0.1264130193712156,6,,
roberta-base,26,17,82.67929634641408,87.00947225981055,1783009107,8.80327059838952e-05,0.0002064662677505,0.0125173452867857,3,,
roberta-base,26,18,84.03247631935048,86.87415426251691,223195116,1.932240774455597e-05,0.0185862056248503,0.0842390545271674,7,,
roberta-base,26,19,85.11502029769959,87.14479025710419,1338243759,1.275081557711966e-05,0.0933086183567784,0.0829794447663988,9,,
roberta-base,26,20,84.03247631935048,86.46820027063599,946790651,2.57771563046529e-05,1.9635718081636343e-05,0.1484919590532959,4,,
roberta-base,26,21,81.7320703653586,84.97970230040596,1365284836,1.447236216883774e-05,0.0750042915906471,0.0501972475281939,2,,
roberta-base,26,22,82.4086603518268,86.60351826792963,117030934,1.4449294598843416e-05,5.45915683006407e-05,0.0074009763405305,3,,
roberta-base,26,23,80.24357239512855,85.52097428958051,105129168,2.5252072053275155e-05,2.3622456072858287e-05,0.1752671705829966,2,,
roberta-base,26,24,83.89715832205684,86.87415426251691,2127146473,5.054253163709609e-06,4.430167617644796e-05,0.0781775489916144,10,,
roberta-base,26,25,80.64952638700947,82.27334235453316,1149542486,1.1935416690959374e-05,8.89564031342468e-05,0.1229525477798114,2,,
roberta-base,26,26,83.49120433017592,87.00947225981055,82805782,7.657786222185348e-05,0.0928702252726075,0.0819088364777173,9,,
roberta-base,26,27,82.4086603518268,85.25033829499323,1477232074,1.1357360658654929e-05,0.0008962012334254,0.0722134410567854,3,,
roberta-base,26,28,82.94993234100136,86.87415426251691,1688856384,5.766008253303256e-06,0.0084447103799739,0.1328520771946827,7,,
roberta-base,26,29,84.16779431664412,87.95669824086603,826773896,9.351792488295704e-06,0.0080619044882185,0.1141720362152913,9,,
roberta-base,27,0,86.05263157894737,84.73684210526316,1983097232,7.694889959978764e-05,0.0001250334503097,0.0818070140274684,2,,
roberta-base,27,1,75.0,72.63157894736842,1071444267,8.275249806344761e-06,0.0337413844553692,0.0600088956375602,2,,
roberta-base,27,2,88.15789473684211,85.0,412911586,1.6019513908580127e-05,0.0937054473772588,0.1788934389238933,3,,
roberta-base,27,3,85.39473684210526,85.52631578947368,1722261842,5.535691194278574e-05,0.0119032871372765,0.1359319635495663,7,,
roberta-base,27,4,88.55263157894737,85.78947368421052,1514411323,1.896464912901381e-05,0.0008153704370224,0.1766030747760865,7,,
roberta-base,27,5,88.15789473684211,86.71052631578948,702081687,3.721134722135191e-05,0.0009716046498461,0.1563433090885315,5,,
roberta-base,27,6,85.65789473684211,83.02631578947368,1866117911,8.276466352155149e-06,3.335635966015616e-05,0.1402893592577858,4,,
roberta-base,27,7,87.36842105263158,84.21052631578948,318543399,8.440079549989499e-06,0.002537132235845,0.0745793713318139,8,,
roberta-base,27,8,87.63157894736842,84.60526315789474,1726959282,5.574230696707224e-05,0.0735531855459072,0.0431483270157774,10,,
roberta-base,27,9,86.57894736842105,85.52631578947368,1567029277,4.298779865647241e-05,0.0001304925059881,0.1968437085901948,3,,
roberta-base,27,10,87.23684210526316,85.52631578947368,551037645,1.5156291101670543e-05,0.0001075710480884,0.0708930404915561,5,,
roberta-base,27,11,86.1842105263158,84.07894736842105,67364254,1.2546191116811075e-05,0.0350458938213347,0.0098358394921101,8,,
roberta-base,27,12,84.86842105263158,84.60526315789474,587613835,6.693409326867564e-05,0.0002838983198317,0.187589565814988,5,,
roberta-base,27,13,88.94736842105263,84.86842105263158,1125603163,8.983216762831541e-06,4.773126195113614e-05,0.019864061215519,8,,
roberta-base,27,14,86.05263157894737,85.39473684210526,244878012,6.137957861029657e-05,0.0125148171390526,0.1396798031225151,4,,
roberta-base,27,15,69.07894736842105,67.5,778598839,5.76991115676878e-06,0.0004965581111531,0.1868598821402086,2,,
roberta-base,27,16,86.05263157894737,85.78947368421052,1793829218,3.679776832838448e-05,0.0007828784019628,0.0114438809459399,2,,
roberta-base,27,17,88.02631578947368,85.65789473684211,912814476,2.8445235227118613e-05,0.0420016903548406,0.0891591654572738,7,,
roberta-base,27,18,78.28947368421052,75.26315789473684,1076386695,5.474054455077872e-06,0.0007493845575787,0.0614451349677252,3,,
roberta-base,27,19,86.97368421052632,82.76315789473684,1537948931,1.3264950115863196e-05,6.855215148195586e-05,0.0627269458203337,3,,
roberta-base,27,20,86.05263157894737,84.73684210526316,531400701,7.642301860375783e-05,0.0018158456487825,0.0043310024106943,9,,
roberta-base,27,21,84.73684210526316,85.92105263157895,1766277510,6.450318362309727e-05,0.0002385653803522,0.0824777419370356,4,,
roberta-base,27,22,86.05263157894737,85.13157894736842,1026157720,4.79490542047592e-05,4.540527577890799e-05,0.1575721599596711,5,,
roberta-base,27,23,86.44736842105263,86.84210526315789,1369434625,3.758651458307618e-05,0.0013992299007645,0.1567385584604396,5,,
roberta-base,27,24,86.84210526315789,85.52631578947368,951875126,7.569506715191809e-05,2.7243410895804696e-05,0.1361432012872574,9,,
roberta-base,27,25,85.52631578947368,81.97368421052632,1106117442,8.87222489882687e-06,0.0003205731723958,0.0036461458610383,4,,
roberta-base,27,26,87.89473684210526,85.92105263157895,1847393912,2.6953577166897227e-05,4.164085421812951e-05,0.0223579001356723,5,,
roberta-base,27,27,86.05263157894737,86.05263157894737,778235011,1.4790551251544712e-05,0.000799033117806,0.127552052630697,7,,
roberta-base,27,28,86.57894736842105,82.76315789473684,2101219862,1.753317481966817e-05,0.0007541363952603,0.0605145541614446,2,,
roberta-base,27,29,88.28947368421052,85.52631578947368,576503032,1.9375286011273835e-05,0.0002890653230242,0.0728102066135291,7,,
roberta-base,28,0,85.05291005291005,83.46560846560847,1774963641,1.3032718308273088e-05,0.0003074089284939,0.0789568340327904,4,,
roberta-base,28,1,85.71428571428571,85.44973544973546,1860398048,4.681961906270816e-05,0.0007766312708407,0.0823252161920818,8,,
roberta-base,28,2,84.39153439153439,85.18518518518519,2071070129,1.2718969651754665e-05,0.0111509092099246,0.1065659117044766,10,,
roberta-base,28,3,87.16931216931216,85.05291005291005,2098674793,8.078461829456968e-05,0.0846142643404271,0.1129924998205311,7,,
roberta-base,28,4,83.5978835978836,85.84656084656085,1897851454,2.789669184239783e-05,0.0435240975104738,0.1423528920461177,10,,
roberta-base,28,5,83.06878306878306,86.37566137566138,1758838424,4.070403413649635e-05,0.0020777630418779,0.1157393633438307,3,,
roberta-base,28,6,85.18518518518519,85.58201058201058,988007976,4.260235075308983e-05,5.794472928300163e-05,0.1480992929980245,7,,
roberta-base,28,7,84.39153439153439,86.5079365079365,748047995,1.8874435165351205e-05,0.0218814271156932,0.149421757664042,10,,
roberta-base,28,8,85.84656084656085,84.25925925925925,532523929,5.178981667617163e-05,1.2978721469848128e-05,0.0208992945750804,7,,
roberta-base,28,9,85.18518518518519,87.3015873015873,52403455,6.932411694388999e-05,3.992540491587714e-05,0.0692957045266669,3,,
roberta-base,28,10,83.73015873015873,84.78835978835978,1002172654,4.360163474525949e-05,0.0005189301128453,0.0788477343341897,9,,
roberta-base,28,11,85.84656084656085,83.86243386243386,108784002,1.1153352872914624e-05,0.0020371016946931,0.1983286144457159,5,,
roberta-base,28,12,84.12698412698413,86.24338624338624,523481018,4.664939961956972e-05,0.0430197341967219,0.0731155122193269,3,,
roberta-base,28,13,86.24338624338624,84.92063492063492,1891455675,2.736485584990893e-05,0.019914764678063,0.0496165036481353,7,,
roberta-base,28,14,85.44973544973546,84.92063492063492,184517109,1.990025986376939e-05,5.1668494095512e-05,0.0822532360850685,5,,
roberta-base,28,15,82.01058201058201,81.48148148148148,1206522620,6.577671850478116e-06,0.0001166793183305,0.1454890131466535,2,,
roberta-base,28,16,85.18518518518519,84.39153439153439,1506430424,4.955370468030637e-05,0.0108720618766168,0.1021640192440277,2,,
roberta-base,28,17,83.73015873015873,84.12698412698413,1338464845,8.125790556277726e-06,0.0010636336299913,0.1668665410636835,4,,
roberta-base,28,18,85.58201058201058,85.71428571428571,994838641,1.0171716492605964e-05,0.066168078344128,0.0888774974203913,7,,
roberta-base,28,19,83.86243386243386,84.25925925925925,255487090,2.0183658477942623e-05,0.0945302450428503,0.1765712762206765,3,,
roberta-base,28,20,85.58201058201058,84.65608465608466,1526479517,7.093615479895431e-06,0.0008050371840069,0.0095771065339341,8,,
roberta-base,28,21,86.5079365079365,85.58201058201058,1058883429,3.417491299233632e-05,0.0410425681513052,0.1942882145614757,7,,
roberta-base,28,22,85.44973544973546,83.86243386243386,357392347,6.893216500144501e-05,1.4873232011508377e-05,0.1521707542759637,7,,
roberta-base,28,23,84.78835978835978,85.58201058201058,265690549,6.083332862161272e-05,9.853766184670118e-05,0.1855713456565592,5,,
roberta-base,28,24,86.11111111111111,84.25925925925925,1322335287,6.157228778003644e-05,0.0895744022217875,0.1563036473189421,8,,
roberta-base,28,25,84.39153439153439,84.78835978835978,1038973952,3.542690588808957e-05,0.0001070210634248,0.0289577738327184,8,,
roberta-base,28,26,85.31746031746032,83.86243386243386,1573030072,7.114676490923019e-06,0.0002079636994793,0.1190248835832116,5,,
roberta-base,28,27,85.97883597883597,84.12698412698413,1995443143,5.574091212707971e-05,0.0002294051987356,0.1497536052166299,10,,
roberta-base,28,28,86.5079365079365,85.05291005291005,944003465,3.1337441128959995e-05,3.31976899981564e-05,0.1889020781661629,4,,
roberta-base,28,29,86.64021164021165,85.05291005291005,348559006,3.782348415194304e-05,1.1418894888779986e-05,0.1691858048000481,6,,
roberta-base,29,0,77.59784075573549,76.68463611859838,1832524079,5.790264322568766e-06,0.0158667663104031,0.1096817139881859,2,,
roberta-base,29,1,84.34547908232119,84.63611859838275,894850608,9.200810181649216e-06,0.0036726678254581,0.0648522940355608,4,,
roberta-base,29,2,84.4804318488529,86.79245283018868,2069263916,2.147083338208935e-05,1.4454039376435109e-05,0.1478072587265489,9,,
roberta-base,29,3,84.4804318488529,86.79245283018868,660302016,5.524708499509904e-05,0.0003231350842768,0.0559883689255148,10,,
roberta-base,29,4,83.67071524966262,88.27493261455525,803984972,7.635486368894043e-05,0.0073525961022843,0.0998123342144881,4,,
roberta-base,29,5,84.07557354925775,85.04043126684635,252155977,8.988594766865924e-05,1.6279019526390156e-05,0.1512514362397602,3,,
roberta-base,29,6,83.94062078272604,87.1967654986523,1026583726,5.652716730541193e-05,0.000489256321549,0.1527279658392895,3,,
roberta-base,29,7,82.45614035087719,83.82749326145553,763116509,2.4904078289169365e-05,0.0011706557214038,0.1728566444366256,2,,
roberta-base,29,8,84.88529014844805,87.33153638814017,1481100892,2.180055643049789e-05,0.0403340614995196,0.1449963727678857,7,,
roberta-base,29,9,83.80566801619433,85.57951482479784,1365884775,4.390652369626575e-05,0.0963213139182463,0.1999986257781485,3,,
roberta-base,29,10,85.4251012145749,86.38814016172506,2112731099,4.405371212261957e-05,9.853006970178795e-05,0.112734253394835,2,,
roberta-base,29,11,84.34547908232119,86.11859838274933,515623562,2.040931509294296e-05,0.0576065800785182,0.1961857100148859,10,,
roberta-base,29,12,85.29014844804318,85.44474393530997,245194603,6.812637045380541e-06,0.0020382927140225,0.1943169444347305,9,,
roberta-base,29,13,83.80566801619433,85.98382749326146,48524101,9.839388887023288e-05,2.507362722476048e-05,0.1538277503901565,5,,
roberta-base,29,14,85.29014844804318,85.3099730458221,1592917170,9.636073513979753e-05,7.479445583989013e-05,0.0599487954124159,7,,
roberta-base,29,15,85.82995951417004,86.38814016172506,364683280,5.999526256659416e-05,0.005284341707158,0.1445879410920809,6,,
roberta-base,29,16,83.80566801619433,84.23180592991913,2093427679,6.433270696736993e-06,2.401830625091853e-05,0.0852428586087844,5,,
roberta-base,29,17,84.34547908232119,84.09703504043127,330241750,8.223419690994301e-06,0.0002638476972284,0.0461113999972695,5,,
roberta-base,29,18,84.07557354925775,83.55795148247978,1573416636,2.2790500083442505e-05,0.004018625223806,0.0256192217663344,2,,
roberta-base,29,19,85.29014844804318,87.06199460916442,1323022133,9.013504899570247e-06,1.366171087812768e-05,0.1903719216537791,9,,
roberta-base,29,20,84.21052631578948,87.06199460916442,148080325,1.6145089649558707e-05,0.0030648656046111,0.1611466871770837,9,,
roberta-base,29,21,83.53576248313091,85.71428571428571,349507708,1.0839864147788158e-05,0.0016818589245727,0.1255665851010921,8,,
roberta-base,29,22,83.67071524966262,86.92722371967655,1257535802,3.655716079039237e-05,0.0001527329893119,0.1315961700703309,5,,
roberta-base,29,23,84.34547908232119,86.2533692722372,1616413867,8.33605723835303e-05,0.0273341779795679,0.1058247721904825,10,,
roberta-base,29,24,83.80566801619433,85.84905660377359,761517107,4.11450932861278e-05,0.0042405906548626,0.1998961830766281,6,,
roberta-base,29,25,84.07557354925775,87.6010781671159,582247201,3.704217443047154e-05,0.0004876914114815,0.1855620638296661,9,,
roberta-base,29,26,84.4804318488529,85.98382749326146,271139230,2.92891643613346e-05,0.0891604913052325,0.0094074619551078,2,,
roberta-base,29,27,83.67071524966262,85.84905660377359,1647711875,6.072433069504668e-05,0.0010376337285798,0.1905726203153089,8,,
roberta-base,29,28,85.02024291497976,86.65768194070081,2119167720,5.777277506372765e-05,0.0087167565444412,0.113168285495398,7,,
roberta-base,29,29,84.34547908232119,86.11859838274933,1215670365,9.800439891480109e-06,1.3281492883133367e-05,0.0321642409331699,10,,
deberta-v3-small,0,0,83.80952380952381,86.0054347826087,867012771,4.671807263855279e-05,1.5553931050164244e-05,0.1772862022632808,5,,
deberta-v3-small,0,1,83.6734693877551,86.0054347826087,367037843,2.289872015092308e-05,0.0042238228852103,0.1958311249523358,5,,
deberta-v3-small,0,2,81.63265306122449,85.19021739130434,668344952,5.764787129564898e-06,0.0035505254672215,0.0264978069644666,8,,
deberta-v3-small,0,3,83.40136054421768,84.10326086956522,373873687,7.488284427564328e-06,0.0002839424103179,0.1151540961290627,5,,
deberta-v3-small,0,4,84.76190476190476,86.41304347826087,1592078059,3.295600580288655e-05,3.553983956947478e-05,0.1099054200964469,3,,
deberta-v3-small,0,5,85.17006802721089,86.41304347826087,1879226070,7.285877143644599e-05,0.0668644746665725,0.1125650647215829,6,,
deberta-v3-small,0,6,83.94557823129252,85.32608695652173,1582429878,1.7809530655416905e-05,0.0037583516128729,0.1360329359940601,4,,
deberta-v3-small,0,7,83.26530612244898,84.375,151351276,1.1393010215316244e-05,7.161299960368359e-05,0.0812752979269065,8,,
deberta-v3-small,0,8,82.58503401360544,85.32608695652173,1998750083,1.834573910138272e-05,5.439105962026679e-05,0.0759511043241626,4,,
deberta-v3-small,0,9,84.76190476190476,86.1413043478261,900396645,3.644574526690932e-05,0.0001635865416373,0.0036537038209236,8,,
deberta-v3-small,0,10,81.49659863945578,83.42391304347827,1857096931,8.61851255869063e-06,8.871199986275619e-05,0.0151170239819098,8,,
deberta-v3-small,0,11,85.03401360544218,85.59782608695652,1639063283,3.9337900724820616e-05,0.0013447727979416,0.0148245512750307,5,,
deberta-v3-small,0,12,72.10884353741497,72.82608695652173,322902692,5.108455361232137e-06,0.0012548945920126,0.0929387059349557,2,,
deberta-v3-small,0,13,84.35374149659864,86.95652173913044,1132804277,2.7119800870738026e-05,2.855019418670905e-05,0.1906546591798421,6,,
deberta-v3-small,0,14,85.578231292517,85.32608695652173,977063222,1.9119765499696337e-05,0.0001379711693605,0.1848497293851317,10,,
deberta-v3-small,0,15,85.3061224489796,85.19021739130434,306132602,5.521194105714499e-05,3.618305071461722e-05,0.0086844710170969,8,,
deberta-v3-small,0,16,84.62585034013605,86.54891304347827,1928815934,8.089297701824955e-05,0.0001445405802838,0.1036285861100588,4,,
deberta-v3-small,0,17,82.17687074829932,84.91847826086956,2054035121,9.838352662919444e-06,0.000218610230009,0.1072717708456477,4,,
deberta-v3-small,0,18,85.85034013605443,86.27717391304348,1778850559,3.729177452749676e-05,0.0012090148376735,0.0929673342348661,7,,
deberta-v3-small,0,19,84.62585034013605,85.32608695652173,1667128119,3.478922422730098e-05,0.0047551383088004,0.1837011061406916,3,,
deberta-v3-small,0,20,83.26530612244898,84.51086956521739,904035122,1.213339826216132e-05,0.0938819391593466,0.1701624400413882,6,,
deberta-v3-small,0,21,81.49659863945578,81.52173913043478,1936028048,6.43088180345942e-06,0.0729001979165037,0.1976329081182468,4,,
deberta-v3-small,0,22,83.40136054421768,86.27717391304348,1942997584,6.641150525418833e-05,0.0013537849941394,0.0720515667572148,6,,
deberta-v3-small,0,23,83.12925170068027,84.78260869565217,1973156930,1.513302577785116e-05,0.0053424405604937,0.0213831570786938,10,,
deberta-v3-small,0,24,83.6734693877551,85.05434782608695,927862234,9.53947130314328e-06,1.2830206496327737e-05,0.1033764977700765,9,,
deberta-v3-small,0,25,81.9047619047619,84.64673913043478,276197405,1.2617248301062296e-05,0.0184387141893771,0.1706794197331191,4,,
deberta-v3-small,0,26,80.40816326530613,84.375,795201647,6.8386292344046505e-06,0.0030957189045389,0.1246110197703718,3,,
deberta-v3-small,0,27,85.4421768707483,86.82065217391305,418719809,2.239190045486254e-05,0.0101312047771952,0.0352347447357816,9,,
deberta-v3-small,0,28,85.03401360544218,85.46195652173913,1927404760,3.1955593627226736e-05,0.0005477335466529,0.1536654465308736,4,,
deberta-v3-small,0,29,85.71428571428571,85.7336956521739,2031897169,3.8841798261657394e-05,0.0011488793496087,0.0220557537841026,9,,
deberta-v3-small,1,0,78.0952380952381,82.47282608695652,292827532,7.462807286903284e-06,0.0597087501159479,0.101652422977709,3,,
deberta-v3-small,1,1,84.62585034013605,86.1413043478261,939897167,7.735926725818652e-05,2.9577842680578784e-05,0.0905959153762243,8,,
deberta-v3-small,1,2,85.3061224489796,86.82065217391305,1766738442,3.65705420534884e-05,0.0232107283702331,0.1062663800649109,6,,
deberta-v3-small,1,3,82.17687074829932,86.54891304347827,317023167,6.970955796465718e-06,0.0003925883569241,0.0685661798484176,6,,
deberta-v3-small,1,4,84.35374149659864,86.95652173913044,669026986,8.977676007603086e-05,0.010991942332558,0.1528568054449162,4,,
deberta-v3-small,1,5,79.18367346938776,84.51086956521739,1601224499,7.44205421654417e-06,0.0003781829536735,0.0210792694943072,3,,
deberta-v3-small,1,6,84.08163265306122,86.54891304347827,1533977766,6.28887380374341e-05,0.0035145253308103,0.132661356906931,3,,
deberta-v3-small,1,7,82.99319727891157,86.41304347826087,1261087029,9.02273260430895e-05,0.0008298898653878,0.1435773325573305,7,,
deberta-v3-small,1,8,84.89795918367346,86.27717391304348,286601397,9.052441189204624e-05,2.8849827114873328e-05,0.1142291289544999,5,,
deberta-v3-small,1,9,85.17006802721089,87.90760869565217,1836319000,4.240939460205638e-05,0.0001326804288646,0.1172192498969334,6,,
deberta-v3-small,1,10,80.95238095238095,86.54891304347827,429464218,1.204283516803744e-05,6.67178499394896e-05,0.0181871914518648,4,,
deberta-v3-small,1,11,82.99319727891157,86.82065217391305,676139519,3.230270837289945e-05,8.735729665270399e-05,0.0113554532171912,4,,
deberta-v3-small,1,12,83.5374149659864,86.0054347826087,1034000334,4.74623932781366e-05,0.0035069399231581,0.0602073551623753,3,,
deberta-v3-small,1,13,85.578231292517,87.22826086956522,1688474526,3.081125375036312e-05,0.0680967876125486,0.0750553852108638,8,,
deberta-v3-small,1,14,84.35374149659864,84.23913043478261,160980082,8.76057494236147e-05,0.0152103952943449,0.0832051704160127,7,,
deberta-v3-small,1,15,85.85034013605443,87.63586956521739,959092234,2.5957286154149345e-05,0.0006094844371339,0.1473059621739618,7,,
deberta-v3-small,1,16,83.40136054421768,85.7336956521739,739896498,7.433358672332509e-06,0.0002909624129263,0.0547134325512834,7,,
deberta-v3-small,1,17,81.08843537414965,84.78260869565217,2061660105,7.2487862935371935e-06,0.026091729923516,0.1305971395062734,4,,
deberta-v3-small,1,18,78.50340136054422,83.28804347826087,687298241,1.560000714943482e-05,0.0006412446004968,0.0710772228695199,2,,
deberta-v3-small,1,19,82.99319727891157,85.46195652173913,1277637726,8.319885832402513e-05,0.0013558596843476,0.106843674369763,3,,
deberta-v3-small,1,20,83.40136054421768,86.82065217391305,1110063433,1.3599089560054227e-05,0.0001351033052635,0.1852083589376268,6,,
deberta-v3-small,1,21,85.4421768707483,87.90760869565217,332675042,4.5900003644248814e-05,0.0045597006148884,0.0067513766321794,7,,
deberta-v3-small,1,22,85.03401360544218,85.59782608695652,1519568237,5.7360654096162026e-05,0.0002709664397589,0.0886039123865207,9,,
deberta-v3-small,1,23,84.21768707482993,87.90760869565217,1349425634,2.484946422261233e-05,0.0136972762780908,0.0404502404815372,8,,
deberta-v3-small,1,24,82.04081632653062,86.1413043478261,922515412,2.9614214476056023e-05,0.0192965585143167,0.0809683758048417,2,,
deberta-v3-small,1,25,82.85714285714286,87.09239130434783,785755977,1.4892494758289162e-05,0.0412951199572456,0.0823951364313855,5,,
deberta-v3-small,1,26,82.04081632653062,84.64673913043478,2088092508,1.0805578497064116e-05,0.0002474593483067,0.0585364572389152,3,,
deberta-v3-small,1,27,77.68707482993197,83.55978260869566,1221293157,1.045039160968326e-05,0.0001902624559189,0.094920426998046,2,,
deberta-v3-small,1,28,82.31292517006803,86.82065217391305,1514529003,1.2753180713376758e-05,3.5199975624534204e-05,0.144636321728769,8,,
deberta-v3-small,1,29,82.31292517006803,85.8695652173913,529369253,7.712173784521008e-06,0.0009622916519106,0.0429632482539276,8,,
deberta-v3-small,2,0,86.5079365079365,87.71466314398943,410964199,5.4538440523087936e-05,0.0032697604160588,0.1989509259541934,4,,
deberta-v3-small,2,1,85.44973544973546,85.86525759577279,353562205,7.743588115812031e-05,0.0152298305809758,0.1916384940261356,9,,
deberta-v3-small,2,2,87.03703703703704,87.45046235138706,1865434005,2.2017252130808594e-05,0.0024576785948002,0.0422050896545391,6,,
deberta-v3-small,2,3,84.12698412698413,84.5442536327609,1381425035,1.9696577866913936e-05,0.0005586428066935,0.1409145692689732,2,,
deberta-v3-small,2,4,85.71428571428571,87.31836195508586,1380717776,9.79684238077254e-05,0.0320369035638632,0.1390822599729637,2,,
deberta-v3-small,2,5,85.71428571428571,86.12945838837517,2022274491,3.004433552879276e-05,6.567307231446483e-05,0.1589596667612315,3,,
deberta-v3-small,2,6,83.73015873015873,85.07265521796566,1505890444,8.076930899521398e-06,0.0425466127307762,0.1154185066870693,7,,
deberta-v3-small,2,7,84.52380952380952,84.67635402906208,452783597,1.0685504016087994e-05,0.00271997703414,0.1359829510524894,7,,
deberta-v3-small,2,8,79.4973544973545,82.82694848084545,1155801965,8.59222649939143e-06,0.0028115022458253,0.163210883609516,3,,
deberta-v3-small,2,9,78.70370370370371,80.58124174372523,1982565722,6.633398213160144e-06,1.84534081804778e-05,0.0761430984776856,3,,
deberta-v3-small,2,10,81.87830687830687,82.43064729194188,583450046,9.210516762664024e-06,0.0005863596976524,0.0964607384338628,3,,
deberta-v3-small,2,11,86.24338624338624,87.31836195508586,1541018461,4.5243428758159314e-05,0.0001416272034899,0.1687513550135458,10,,
deberta-v3-small,2,12,85.84656084656085,87.18626155878468,680853764,8.703791230160624e-05,0.0138634050174908,0.0732508438018357,4,,
deberta-v3-small,2,13,87.03703703703704,85.60105680317041,1890999148,2.5750286477786493e-05,0.0041283600971252,0.0080406587810867,9,,
deberta-v3-small,2,14,85.44973544973546,87.31836195508586,1981759551,3.0641850962949025e-05,0.0028277563717794,0.099157209654497,9,,
deberta-v3-small,2,15,86.37566137566138,85.86525759577279,310955970,1.808038818793294e-05,0.0293907042624088,0.0767710073060028,6,,
deberta-v3-small,2,16,82.53968253968254,84.01585204755614,1782528045,5.623457067175498e-06,0.056250974440514,0.1312248281423793,4,,
deberta-v3-small,2,17,86.9047619047619,86.39365918097754,205486238,2.456778646417537e-05,0.0144954752722942,0.0627379370445385,8,,
deberta-v3-small,2,18,84.92063492063492,86.65785997357992,1914354049,6.31746229951677e-05,0.0070831385284643,0.0349133083897357,5,,
deberta-v3-small,2,19,84.52380952380952,83.61955085865257,1815996966,5.998658600849548e-06,0.0839012991800736,0.0745699342539809,9,,
deberta-v3-small,2,20,85.05291005291005,85.46895640686922,617153856,1.3703575660719531e-05,0.0007730619482899,0.0166913391123936,10,,
deberta-v3-small,2,21,81.21693121693121,84.28005284015852,134674861,5.227074793350066e-06,0.0104873954394028,0.0211251722538222,6,,
deberta-v3-small,2,22,86.77248677248677,88.110964332893,2048831816,7.072285133748014e-05,0.0262641323146231,0.1028241329136787,3,,
deberta-v3-small,2,23,85.84656084656085,86.26155878467635,1177829284,1.5217419582608971e-05,0.0157235322787159,0.1735228638637264,6,,
deberta-v3-small,2,24,82.27513227513228,83.48745046235139,1315923733,5.51568981789388e-06,0.0478913052215127,0.1891372526591899,7,,
deberta-v3-small,2,25,85.58201058201058,85.20475561426684,1777499006,3.912697753199767e-05,2.0978299473282823e-05,0.1950918759071035,8,,
deberta-v3-small,2,26,86.11111111111111,88.24306472919419,785251071,5.7356937335905614e-05,0.0012579899066753,0.0509201088153087,7,,
deberta-v3-small,2,27,84.78835978835978,85.07265521796566,2046662889,1.7806776197139476e-05,1.3068564914181442e-05,0.1554338854088363,3,,
deberta-v3-small,2,28,86.64021164021165,87.18626155878468,2141180741,9.658252024725164e-05,1.462398624136831e-05,0.0810628517949265,5,,
deberta-v3-small,2,29,86.64021164021165,86.9220607661823,2144379705,2.9473030428957948e-05,0.0002939772060381,0.1393941065698888,7,,
deberta-v3-small,3,0,86.44295302013423,84.45040214477211,640341175,1.0466145861755924e-05,3.2272588023456986e-05,0.1561574891849313,8,,
deberta-v3-small,3,1,88.59060402684564,86.19302949061662,498612377,4.052385676145936e-05,0.0001885088139987,0.0346854455683239,7,,
deberta-v3-small,3,2,82.5503355704698,77.7479892761394,1379835180,5.754402819023017e-06,0.0001299276456756,0.0916247777725785,3,,
deberta-v3-small,3,3,87.78523489932886,85.52278820375335,642356538,4.454735499982433e-05,0.0005300427629401,0.047087180978719,6,,
deberta-v3-small,3,4,88.05369127516778,84.45040214477211,380109745,1.6594522136830185e-05,0.0101131789621491,0.1529867793943656,8,,
deberta-v3-small,3,5,87.78523489932886,87.26541554959786,1844835897,4.410777344685785e-05,0.0003587522332436,0.0295737463340945,3,,
deberta-v3-small,3,6,86.57718120805369,84.58445040214477,996727260,7.538665913811643e-06,0.0135668614372435,0.1269131382155302,8,,
deberta-v3-small,3,7,88.7248322147651,86.19302949061662,1730471570,6.964928856814862e-05,0.0115914119060003,0.0318046033039714,7,,
deberta-v3-small,3,8,81.61073825503355,77.7479892761394,1188702654,8.36121416969573e-06,0.0154495113766977,0.1789164848590343,2,,
deberta-v3-small,3,9,87.6510067114094,83.78016085790885,1456793935,1.0823312623366105e-05,0.00406142969331,0.0825917432567481,8,,
deberta-v3-small,3,10,88.99328859060402,85.656836461126,1917373002,2.9496111190360782e-05,0.0012566816069906,0.0633457845356862,6,,
deberta-v3-small,3,11,87.6510067114094,86.05898123324397,643389670,4.618705588177917e-05,4.42893338605853e-05,0.0986971748505664,9,,
deberta-v3-small,3,12,85.36912751677852,80.6970509383378,1963969374,6.2625336726687655e-06,8.915128656816648e-05,0.0353800713212726,4,,
deberta-v3-small,3,13,88.32214765100672,84.1823056300268,837347328,4.049945357576084e-05,0.0208856194104113,0.0566440979202819,10,,
deberta-v3-small,3,14,87.24832214765101,83.10991957104558,1591447522,9.664592411297022e-05,0.0008233999559443,0.0096594827035392,10,,
deberta-v3-small,3,15,88.32214765100672,84.31635388739946,2010295852,3.205332641179258e-05,2.316484535428677e-05,0.0020361221247007,2,,
deberta-v3-small,3,16,88.85906040268456,85.656836461126,393989887,2.3497140143976236e-05,2.793222424583117e-05,0.1911414847760461,10,,
deberta-v3-small,3,17,86.71140939597315,84.71849865951742,1659449761,1.365330301053162e-05,0.000858233647143,0.0014726635923595,7,,
deberta-v3-small,3,18,88.59060402684564,84.04825737265415,385182091,1.0725058117612253e-05,0.0030489743415892,0.1961805296126677,9,,
deberta-v3-small,3,19,88.32214765100672,84.58445040214477,1932747090,3.8410535709957446e-05,4.601356820497084e-05,0.0929282052149674,10,,
deberta-v3-small,3,20,86.97986577181209,86.05898123324397,419339687,6.063973239418555e-05,0.0014552371710116,0.0820242462283314,7,,
deberta-v3-small,3,21,87.38255033557047,84.45040214477211,170197791,7.277893163623999e-06,0.0909780985365094,0.0628705175652697,9,,
deberta-v3-small,3,22,88.05369127516778,85.52278820375335,2069549513,7.285265497974034e-05,0.0019984946450915,0.153412161275382,2,,
deberta-v3-small,3,23,89.12751677852349,85.12064343163539,1560563362,3.131807628456893e-05,2.0837513164948788e-05,0.1610344124936261,9,,
deberta-v3-small,3,24,87.6510067114094,85.52278820375335,487061565,5.670503016130412e-05,0.0008061435666868,0.0472549380149681,7,,
deberta-v3-small,3,25,87.51677852348993,83.10991957104558,136844578,2.286026045787989e-05,0.0356281764873631,0.0281002405488959,2,,
deberta-v3-small,3,26,89.39597315436242,83.6461126005362,898775401,1.813057655957916e-05,0.0050266279102562,0.0224488113698654,7,,
deberta-v3-small,3,27,86.57718120805369,83.78016085790885,2004068549,1.4220047173613265e-05,0.0163938141582395,0.0288833795074784,5,,
deberta-v3-small,3,28,86.84563758389261,84.98659517426273,783042519,8.974070700932687e-05,0.0025078523102559,0.099755444195307,2,,
deberta-v3-small,3,29,86.71140939597315,85.656836461126,252435985,9.134132915320271e-06,0.0442899014466618,0.0506190186095425,8,,
deberta-v3-small,4,0,85.48812664907652,85.90250329380764,1901319828,3.728158881285555e-05,0.0009688927859403,0.1095006902036617,6,,
deberta-v3-small,4,1,84.82849604221636,84.18972332015811,828071723,8.742843606173814e-05,0.0940485852238192,0.0626335599752315,9,,
deberta-v3-small,4,2,87.33509234828496,85.5072463768116,1446380177,3.655967870848679e-05,0.0063387344271252,0.0200628629432243,5,,
deberta-v3-small,4,3,86.14775725593668,85.37549407114625,1577491372,5.6411509047246046e-05,0.0091567971014073,0.1556064066855098,7,,
deberta-v3-small,4,4,86.6754617414248,83.79446640316206,1311542962,1.30932496286169e-05,1.1575738189577345e-05,0.0762756435041183,8,,
deberta-v3-small,4,5,84.5646437994723,83.79446640316206,1173773022,6.919799325899108e-06,0.0016840417063307,0.0199704336869693,7,,
deberta-v3-small,4,6,87.0712401055409,85.5072463768116,133020445,3.431988680986478e-05,0.0003318120026113,0.1253105274599317,5,,
deberta-v3-small,4,7,84.5646437994723,83.9262187088274,403581355,6.158420231513344e-06,8.088032135840987e-05,0.1910880709627098,6,,
deberta-v3-small,4,8,83.7730870712401,82.34519104084322,776063679,6.8580972847351335e-06,0.0001512893217729,0.0486695713141188,4,,
deberta-v3-small,4,9,85.35620052770449,85.5072463768116,447573589,6.873710328448931e-05,0.000156169500825,0.1914288080054639,9,,
deberta-v3-small,4,10,81.53034300791556,81.55467720685112,1525344939,5.744011019746223e-06,0.0038949379988008,0.149084431666904,3,,
deberta-v3-small,4,11,84.82849604221636,85.37549407114625,1291085799,4.0853501554899273e-05,0.0165587531662829,0.1709227445370708,2,,
deberta-v3-small,4,12,85.22427440633246,83.39920948616601,1379370603,9.497879131089237e-06,2.217676104566966e-05,0.0007545045487246,6,,
deberta-v3-small,4,13,86.01583113456465,85.24374176548089,377222432,1.821903090386505e-05,0.0085499715205206,0.0972659259999418,6,,
deberta-v3-small,4,14,86.14775725593668,83.39920948616601,31495406,1.0368021772212408e-05,0.0001358306388549,0.0910712345204012,5,,
deberta-v3-small,4,15,84.69656992084433,84.9802371541502,349464997,5.1798804583064034e-05,0.0172195042628872,0.0258326989286835,8,,
deberta-v3-small,4,16,86.01583113456465,83.79446640316206,1431826745,1.4187911867105404e-05,1.7955742747846927e-05,0.1059369497590144,4,,
deberta-v3-small,4,17,85.88390501319262,84.58498023715416,1618731755,9.144743543990074e-05,0.005293357298252,0.1980709695507644,4,,
deberta-v3-small,4,18,86.54353562005277,85.11198945981555,779838593,1.1753468179558282e-05,0.0264716959763936,0.1656926989986929,7,,
deberta-v3-small,4,19,80.87071240105541,81.55467720685112,1470294541,8.674820733923144e-06,0.0001204687176212,0.0111470226823741,3,,
deberta-v3-small,4,20,87.46701846965699,83.9262187088274,405456881,3.255992199098521e-05,0.0632943460337485,0.0293385761681775,4,,
deberta-v3-small,4,21,84.96042216358839,84.58498023715416,1648544210,9.737303016711055e-05,0.034106925404573,0.0899050579869088,10,,
deberta-v3-small,4,22,85.88390501319262,84.58498023715416,126858425,4.571704385238259e-05,0.0465093749414251,0.0182208983395236,8,,
deberta-v3-small,4,23,86.2796833773087,86.56126482213439,451614730,4.279733042128205e-05,0.001353340877225,0.0216240540486716,9,,
deberta-v3-small,4,24,85.09234828496042,83.39920948616601,1478437643,1.0052815336002175e-05,1.196107178700696e-05,0.1045443328588914,9,,
deberta-v3-small,4,25,86.41160949868073,83.6627140974967,1673541517,8.163586198904812e-05,3.355562861683302e-05,0.1365180841698236,8,,
deberta-v3-small,4,26,86.14775725593668,85.5072463768116,2028799716,6.109446250364036e-05,0.0028374789328679,0.157015031937497,5,,
deberta-v3-small,4,27,83.64116094986808,84.7167325428195,8359298,2.297380407819265e-05,2.166577530290017e-05,0.0181343160874479,10,,
deberta-v3-small,4,28,86.41160949868073,84.7167325428195,749489463,8.732286643766981e-06,0.0004138607009683,0.0957435440148403,10,,
deberta-v3-small,4,29,84.30079155672823,81.02766798418972,1341962096,6.202243342509378e-06,6.862109726499461e-05,0.1952827996527523,8,,
deberta-v3-small,5,0,87.0712401055409,87.87878787878788,582918278,8.99094213459943e-05,2.4713623089244373e-05,0.1315538181427405,4,,
deberta-v3-small,5,1,85.35620052770449,86.42951251646903,1834358284,1.8300566354024463e-05,0.0767405324071,0.0137827340605185,7,,
deberta-v3-small,5,2,85.22427440633246,88.01054018445323,68185150,9.305845513448388e-05,1.2237905353318602e-05,0.1921873290496935,9,,
deberta-v3-small,5,3,84.5646437994723,86.42951251646903,2137203309,2.0699880079598685e-05,1.6565404120051704e-05,0.1701379653084503,10,,
deberta-v3-small,5,4,87.0712401055409,86.82476943346508,226977323,7.787237917109177e-05,0.0269558969688884,0.0320249495566503,5,,
deberta-v3-small,5,5,85.62005277044855,86.82476943346508,37286841,1.7273153801463402e-05,0.0118308258336401,0.1120451245708643,9,,
deberta-v3-small,5,6,85.35620052770449,87.22002635046114,1682478898,8.683841987719417e-05,0.0133505502078298,0.0443943057698913,2,,
deberta-v3-small,5,7,86.54353562005277,87.22002635046114,1069566743,9.0770201187135e-05,0.0012453045277087,0.098337396211368,2,,
deberta-v3-small,5,8,84.30079155672823,86.82476943346508,1621343011,1.074976904057985e-05,2.1179162389368853e-05,0.0138026349350387,4,,
deberta-v3-small,5,9,86.6754617414248,85.90250329380764,914819622,1.848231515224282e-05,2.1858431309714177e-05,0.1468943025726619,7,,
deberta-v3-small,5,10,84.5646437994723,86.69301712779973,887757592,1.2298464704858966e-05,0.0002360241665753,0.091081581627772,10,,
deberta-v3-small,5,11,86.01583113456465,87.48353096179183,729587660,3.609566566343328e-05,2.492278686998017e-05,0.0961797782429472,10,,
deberta-v3-small,5,12,83.7730870712401,85.5072463768116,1293570252,5.662673214673595e-06,0.0003396469431882,0.1295255056635248,8,,
deberta-v3-small,5,13,85.35620052770449,86.16600790513834,1208191589,4.839069973115812e-05,0.0023960473478583,0.0118232990128227,3,,
deberta-v3-small,5,14,83.37730870712402,85.37549407114625,1878088181,1.850084881711921e-05,0.0069162294526772,0.1742643501097113,2,,
deberta-v3-small,5,15,83.7730870712401,84.7167325428195,68624420,8.32603483768356e-06,5.116678820991068e-05,0.1351000409616504,10,,
deberta-v3-small,5,16,84.1688654353562,86.29776021080369,681454679,6.90152324918203e-05,0.0001709939586068,0.0682960665540849,2,,
deberta-v3-small,5,17,84.30079155672823,86.16600790513834,1591292707,6.767762612114069e-05,0.0064631511896464,0.0505278210598994,10,,
deberta-v3-small,5,18,84.96042216358839,86.03425559947298,1035986777,7.832767121916246e-05,0.0001703753184534,0.0092309390161012,3,,
deberta-v3-small,5,19,84.1688654353562,86.69301712779973,703461113,9.11832996910669e-05,0.0001610181824832,0.1493841064293253,8,,
deberta-v3-small,5,20,82.98153034300792,86.42951251646903,238872340,9.41262357252237e-06,0.001705719342377,0.1896333274225325,5,,
deberta-v3-small,5,21,85.48812664907652,87.74703557312253,2019634712,9.186223652798144e-05,0.0142274456141141,0.115537553577273,7,,
deberta-v3-small,5,22,86.54353562005277,88.53754940711462,1821132037,1.8350189667907335e-05,2.41365144608505e-05,0.0961187163468065,7,,
deberta-v3-small,5,23,83.37730870712402,86.42951251646903,1151051029,5.905630135374888e-06,2.30293288423614e-05,0.0982285510525519,9,,
deberta-v3-small,5,24,81.79419525065963,82.87220026350461,1886844354,1.10222994010963e-05,0.0341467609027272,0.1181695971898049,2,,
deberta-v3-small,5,25,86.14775725593668,87.35177865612648,1711731760,2.197207449864105e-05,8.965643394755928e-05,0.177756056687952,6,,
deberta-v3-small,5,26,82.32189973614776,84.18972332015811,1444992343,6.746028023615205e-06,1.077471287834194e-05,0.0942346708422303,5,,
deberta-v3-small,5,27,81.53034300791556,82.08168642951252,270999398,5.685802873793519e-06,0.0579256047330107,0.1677336861523802,3,,
deberta-v3-small,5,28,76.64907651715039,76.81159420289855,1148725871,7.096422052694616e-06,0.0002544458045916,0.0531886138620957,2,,
deberta-v3-small,5,29,84.69656992084433,88.01054018445323,183627580,9.892499314636844e-05,0.013687288239557,0.044376283357819,4,,
deberta-v3-small,6,0,85.44726301735648,85.44726301735648,419021423,8.245406128817331e-05,0.0903876446925946,0.1349416781837164,7,,
deberta-v3-small,6,1,83.84512683578104,84.2456608811749,1742481050,1.1310978828381602e-05,0.0054526212364885,0.130056108379725,5,,
deberta-v3-small,6,2,81.70894526034714,82.51001335113484,1183262597,1.0113136926246731e-05,0.0020266726644748,0.1164565014332645,2,,
deberta-v3-small,6,3,84.2456608811749,85.31375166889185,461896752,6.475285040954844e-06,0.0695325693936662,0.0843352757018273,8,,
deberta-v3-small,6,4,83.44459279038718,84.51268357810414,1658138394,8.280894102673833e-06,0.0003007139660719,0.0738137590632866,5,,
deberta-v3-small,6,5,87.31642189586115,85.44726301735648,2023718636,3.147803366620021e-05,0.0014803360943928,0.0067277102239098,9,,
deberta-v3-small,6,6,85.31375166889185,84.77970627503338,890212246,1.4998297918920342e-05,5.557983701493088e-05,0.1817760314184032,7,,
deberta-v3-small,6,7,85.04672897196262,84.913217623498,489632527,1.3284324624586767e-05,8.254480067155441e-05,0.1500704754767372,4,,
deberta-v3-small,6,8,84.37917222963952,84.37917222963952,1903769833,6.184834451858838e-05,0.0237350982265117,0.0425522414226901,6,,
deberta-v3-small,6,9,82.9105473965287,83.17757009345794,963476780,7.91398308395878e-06,3.944636838963711e-05,0.0143457388979034,9,,
deberta-v3-small,6,10,85.98130841121495,85.18024032042723,2039255592,3.75583789723078e-05,0.0369096387390015,0.0138191904754845,4,,
deberta-v3-small,6,11,85.98130841121495,86.51535380507343,2068204423,2.4519374606544576e-05,0.0006464559603385,0.0912959710785206,5,,
deberta-v3-small,6,12,84.64619492656875,84.913217623498,876670821,1.0341144441396808e-05,4.5073325344403206e-05,0.1910267292035578,7,,
deberta-v3-small,6,13,84.64619492656875,83.97863818424567,1684403132,4.961884603273696e-05,1.278386317090402e-05,0.1583672557138734,10,,
deberta-v3-small,6,14,84.51268357810414,85.04672897196262,402005286,1.086511218681514e-05,0.0008458617738548,0.1426736415223836,3,,
deberta-v3-small,6,15,83.31108144192257,83.97863818424567,594917010,5.101416094468376e-06,0.0002731776648368,0.1945573633273593,6,,
deberta-v3-small,6,16,85.5807743658211,85.31375166889185,536684556,6.14066869070682e-05,6.139905495148568e-05,0.0253671749924856,4,,
deberta-v3-small,6,17,84.51268357810414,84.913217623498,829120958,3.5221318095424343e-05,0.0014593471637702,0.1722645873752989,6,,
deberta-v3-small,6,18,85.44726301735648,85.04672897196262,1571258768,4.159969694477377e-05,0.0012907117520075,0.0553353015891985,5,,
deberta-v3-small,6,19,83.31108144192257,83.04405874499332,695209509,6.2508046089414925e-06,1.050485028041844e-05,0.0647698090943097,8,,
deberta-v3-small,6,20,85.04672897196262,84.77970627503338,500958856,2.166667984851781e-05,0.0014881464489198,0.0337108745523933,7,,
deberta-v3-small,6,21,86.64886515353805,85.31375166889185,293791175,5.082887935998567e-05,0.0001530080692184,0.0141599285659729,9,,
deberta-v3-small,6,22,84.37917222963952,84.51268357810414,499084106,6.454341360406365e-06,0.021509057516325,0.0562431796387167,6,,
deberta-v3-small,6,23,85.44726301735648,84.913217623498,1542240370,3.5523547400662666e-05,8.59367563641074e-05,0.1320201382126889,6,,
deberta-v3-small,6,24,72.36315086782376,72.76368491321762,1452770454,5.836017574913574e-06,7.897346108357993e-05,0.176459741755166,2,,
deberta-v3-small,6,25,85.18024032042723,83.71161548731642,1509020059,2.3805025300616355e-05,0.0583062322537284,0.1492848040000243,3,,
deberta-v3-small,6,26,85.04672897196262,85.18024032042723,307336689,7.323150642430992e-06,2.466769226957464e-05,0.1581532518977005,8,,
deberta-v3-small,6,27,84.37917222963952,84.2456608811749,539469011,2.947933878169423e-05,0.0015694858414393,0.1591911820713219,10,,
deberta-v3-small,6,28,77.70360480640855,79.03871829105474,1439845268,9.424699685649547e-06,0.0370662499551782,0.0217893423466352,2,,
deberta-v3-small,6,29,86.11481975967958,83.71161548731642,1640521024,1.485246257658115e-05,1.445883236329501e-05,0.0567638512528985,10,,
deberta-v3-small,7,0,85.11502029769959,81.62162162162163,2018619437,7.477676272170409e-06,0.0767707332403912,0.0005273249340242,8,,
deberta-v3-small,7,1,85.11502029769959,80.4054054054054,984083788,8.036507098423588e-06,0.0069811410323434,0.1095323759401511,8,,
deberta-v3-small,7,2,85.11502029769959,83.78378378378379,1483590588,9.058650058905316e-05,0.002987545195533,0.1376151175269539,2,,
deberta-v3-small,7,3,87.28010825439783,86.08108108108108,1443660612,4.224814667627865e-05,0.0481860557659957,0.0958489908650981,7,,
deberta-v3-small,7,4,85.65629228687415,82.70270270270271,492816119,5.768123640866594e-05,0.0120519651632279,0.1374035549360847,10,,
deberta-v3-small,7,5,86.19756427604871,84.1891891891892,59212093,1.746103093335795e-05,3.8093391639847705e-05,0.1628848544946601,4,,
deberta-v3-small,7,6,87.00947225981055,83.78378378378379,228238576,2.0373661921953416e-05,0.0023780114788696,0.0059168391501508,4,,
deberta-v3-small,7,7,85.92692828146143,82.70270270270271,1377116891,5.638020643213707e-05,0.0021973974231292,0.1582295159733608,10,,
deberta-v3-small,7,8,86.33288227334235,84.05405405405405,324942334,2.510699831656384e-05,0.0378313202030679,0.1324880389882287,3,,
deberta-v3-small,7,9,87.00947225981055,84.32432432432432,863870858,2.666858903744043e-05,1.6184175930549923e-05,0.0154877534966363,7,,
deberta-v3-small,7,10,85.38565629228687,83.51351351351352,1083026168,1.150989704208376e-05,0.0374791580207009,0.1355714104902528,7,,
deberta-v3-small,7,11,85.52097428958051,82.97297297297297,1142078073,6.36607186497583e-06,0.0057435056981971,0.1112847983673415,10,,
deberta-v3-small,7,12,84.57374830852504,82.16216216216216,1985595564,5.433121405651192e-06,3.4946507382352435e-05,0.0489281875172136,10,,
deberta-v3-small,7,13,86.19756427604871,83.37837837837837,974628679,5.797733945971307e-06,0.0002026813324442,0.1299446076572935,10,,
deberta-v3-small,7,14,86.87415426251691,85.27027027027027,392322550,3.585227766888696e-05,0.0008635752702489,0.174236822865608,8,,
deberta-v3-small,7,15,84.4384303112314,83.37837837837837,1485867347,6.0642525429976326e-06,0.0007610057193694,0.0775710477040853,9,,
deberta-v3-small,7,16,86.06224627875507,85.0,182021462,4.8221364723726e-05,0.0060214622643952,0.1805458087008559,10,,
deberta-v3-small,7,17,87.28010825439783,85.27027027027027,2131534696,6.532780042425354e-05,0.0009047599108659,0.1300157864698986,4,,
deberta-v3-small,7,18,85.25033829499323,83.10810810810811,1868730068,1.01625451526198e-05,0.0002949497775876,0.0719536072099802,4,,
deberta-v3-small,7,19,86.60351826792963,81.89189189189189,330497499,6.446767597880266e-06,0.0004671029614307,0.1704605928913471,8,,
deberta-v3-small,7,20,84.84438430311232,83.91891891891892,557064920,9.593645156122072e-05,0.003624429585944,0.0177766517693294,7,,
deberta-v3-small,7,21,84.16779431664412,81.08108108108108,310986690,6.365606517074573e-06,0.0011141649007639,0.0173701637699303,4,,
deberta-v3-small,7,22,85.38565629228687,83.51351351351352,1455695491,4.6253421981099456e-05,0.0049470152437343,0.0793601474391745,8,,
deberta-v3-small,7,23,85.52097428958051,82.97297297297297,1214521123,1.7986831381791556e-05,0.0031433149734082,0.1734081335847292,3,,
deberta-v3-small,7,24,84.97970230040596,84.45945945945945,1621664776,9.13458199670314e-06,0.0003986982206028,0.108786660976784,10,,
deberta-v3-small,7,25,83.89715832205684,82.16216216216216,1513519963,6.4951905286281965e-06,3.651021044736085e-05,0.0867274503200988,8,,
deberta-v3-small,7,26,85.38565629228687,83.37837837837837,166501170,1.9214762016432053e-05,0.0290182368338943,0.0442756877431146,3,,
deberta-v3-small,7,27,86.06224627875507,84.72972972972973,49021894,1.5056782059966995e-05,0.0746190787862496,0.153192676125896,10,,
deberta-v3-small,7,28,83.085250338295,84.45945945945945,1850145228,8.707064336402646e-05,0.0002403976337848,0.0656474719624849,6,,
deberta-v3-small,7,29,85.38565629228687,84.5945945945946,731601290,1.0139154220351258e-05,0.0301589168026712,0.1707331271689813,9,,
deberta-v3-small,8,0,86.70212765957447,86.96808510638297,1888043036,1.977115459881644e-05,0.001111702716825,0.1284098433532433,3,,
deberta-v3-small,8,1,85.90425531914893,85.90425531914893,893616938,1.3860372548418589e-05,0.0007692572760499,0.1751256149945223,7,,
deberta-v3-small,8,2,85.63829787234043,85.37234042553192,1647635047,1.64451664917555e-05,0.0409225092031603,0.1133862329072277,8,,
deberta-v3-small,8,3,85.23936170212765,85.23936170212765,947475887,6.872275895695887e-06,0.0006569646168909,0.1988174141288767,8,,
deberta-v3-small,8,4,83.90957446808511,84.44148936170212,393310312,9.657658457826384e-06,0.0001546382276986,0.0857299595085415,5,,
deberta-v3-small,8,5,83.90957446808511,87.23404255319149,1212016402,9.906843859391768e-05,0.0002977928134189,0.1489466639453996,4,,
deberta-v3-small,8,6,84.97340425531915,88.82978723404256,1774221193,5.378792196365109e-05,0.0723164726183342,0.0692160610330183,4,,
deberta-v3-small,8,7,83.90957446808511,84.97340425531915,332706495,2.4580824998119253e-05,0.0292983654634942,0.0319850973756963,6,,
deberta-v3-small,8,8,85.50531914893617,85.90425531914893,1070029799,1.702629075908738e-05,0.0018547509240629,0.1255409735121332,7,,
deberta-v3-small,8,9,84.70744680851064,84.70744680851064,1414648862,1.559704561485712e-05,0.023166742927339,0.073897852448269,4,,
deberta-v3-small,8,10,85.1063829787234,86.17021276595744,1783984340,1.552485022840701e-05,0.0299798750512208,0.0640361705510269,10,,
deberta-v3-small,8,11,85.1063829787234,85.50531914893617,778375955,1.1654321794253334e-05,0.0934882300111079,0.1682424650121359,4,,
deberta-v3-small,8,12,85.90425531914893,87.76595744680851,1001306887,5.818743228572008e-05,5.5774906542159006e-05,0.1960643171217883,4,,
deberta-v3-small,8,13,87.36702127659575,87.63297872340425,142370363,1.8505668415774136e-05,2.497947374659564e-05,0.1679767156554896,6,,
deberta-v3-small,8,14,85.23936170212765,85.50531914893617,363816822,1.3975670825657483e-05,0.0757992451322871,0.1420738340331793,6,,
deberta-v3-small,8,15,86.0372340425532,86.30319148936171,1022920771,9.35989520051171e-05,0.0494697198472667,0.1815009361002346,2,,
deberta-v3-small,8,16,83.90957446808511,84.17553191489361,2145355984,6.006018545908692e-05,0.060659636327974,0.1283100499629871,3,,
deberta-v3-small,8,17,84.97340425531915,86.30319148936171,292842711,2.188197802103508e-05,1.120631237990782e-05,0.1623786325872016,7,,
deberta-v3-small,8,18,84.97340425531915,87.76595744680851,496648076,6.277460396939665e-05,1.3639489471225347e-05,0.0687019978752293,9,,
deberta-v3-small,8,19,85.23936170212765,86.0372340425532,2146113611,7.081988392558134e-06,1.0755493383493975e-05,0.0722010865744631,10,,
deberta-v3-small,8,20,86.17021276595744,86.83510638297872,852835842,6.724637974643302e-05,0.0065332287542121,0.0316845815550475,7,,
deberta-v3-small,8,21,84.97340425531915,84.57446808510639,1676550953,6.72234261758623e-06,0.0027267520108499,0.1150499308294,10,,
deberta-v3-small,8,22,86.83510638297872,87.10106382978724,824733946,1.2755229027465311e-05,0.0390094583004914,0.1232442457998101,7,,
deberta-v3-small,8,23,86.43617021276596,88.03191489361703,750171475,5.740750938412297e-05,0.0012674756577227,0.0772286783475083,3,,
deberta-v3-small,8,24,81.51595744680851,82.44680851063829,1739173081,1.0337921843684882e-05,0.0300594131548991,0.1433743868813612,2,,
deberta-v3-small,8,25,82.97872340425532,83.11170212765957,255359456,1.308136770009504e-05,0.0413861813748873,0.1215243087008589,10,,
deberta-v3-small,8,26,85.50531914893617,86.17021276595744,933186434,5.204055032340015e-05,0.0008961846165399,0.1320489932914181,4,,
deberta-v3-small,8,27,87.36702127659575,87.10106382978724,1719015360,4.813430101009682e-05,0.049513798243475,0.1305333860460575,10,,
deberta-v3-small,8,28,86.17021276595744,88.82978723404256,1411286139,5.1112716164612654e-05,1.5998013015244788e-05,0.1919450580632425,3,,
deberta-v3-small,8,29,83.6436170212766,85.63829787234043,1186574543,1.2868521360185151e-05,0.0857497956566402,0.0739582474151845,6,,
deberta-v3-small,9,0,87.35019973368841,86.95073235685753,717158104,6.432298595739174e-05,0.0003090837507252,0.0279642039142276,6,,
deberta-v3-small,9,1,82.55659121171772,83.48868175765645,724143230,8.445096783729734e-06,0.0960169483867626,0.0388223105146136,4,,
deberta-v3-small,9,2,85.48601864181092,86.81757656458056,1996159675,1.5492671344977833e-05,0.0006906954835178,0.1910162955013801,7,,
deberta-v3-small,9,3,85.35286284953395,86.15179760319575,736702090,2.127127745238709e-05,2.032837376000459e-05,0.0153441667442194,3,,
deberta-v3-small,9,4,81.35818908122504,82.68974700399467,689683400,6.480795298753474e-06,0.0001058052548886,0.0554934241068102,3,,
deberta-v3-small,9,5,85.48601864181092,86.15179760319575,302053890,5.138482436995982e-05,2.2733428484545053e-05,0.1343727589357558,2,,
deberta-v3-small,9,6,86.95073235685753,87.48335552596538,1367363062,1.6619117596688244e-05,2.6739143719262558e-05,0.0582144066267548,7,,
deberta-v3-small,9,7,85.219707057257,86.41810918774966,1035533209,7.243073553505967e-05,0.0001059170869023,0.0637412719779651,5,,
deberta-v3-small,9,8,82.68974700399467,85.48601864181092,1682037514,1.3065019077984765e-05,0.0001110316085152,0.1324467787536538,3,,
deberta-v3-small,9,9,85.48601864181092,84.95339547270306,1161980771,9.94923552093079e-06,5.961349366713102e-05,0.0939179212850282,8,,
deberta-v3-small,9,10,86.81757656458056,86.55126498002663,1162164101,8.716632749435756e-05,0.0002179875170262,0.0584411823668364,10,,
deberta-v3-small,9,11,86.6844207723036,85.08655126498003,214015363,1.0645379326799356e-05,0.0043376517765684,0.1619127203329955,10,,
deberta-v3-small,9,12,85.48601864181092,87.35019973368841,154393034,2.0718536511451253e-05,0.0108684503803721,0.1653812654267729,9,,
deberta-v3-small,9,13,85.219707057257,84.4207723035952,112781723,9.407948901921754e-05,2.297961158473137e-05,0.0988674539908727,3,,
deberta-v3-small,9,14,84.55392809587217,86.41810918774966,147136557,4.284950515188973e-05,0.0431917061920876,0.1568241765262196,2,,
deberta-v3-small,9,15,85.35286284953395,86.6844207723036,1200369320,8.913990949801763e-06,0.0018476970086259,0.1175809059396338,5,,
deberta-v3-small,9,16,83.48868175765645,84.8202396804261,331424185,1.3306152269346762e-05,0.0196537991812399,0.1465489075462805,3,,
deberta-v3-small,9,17,84.4207723035952,86.01864181091878,1003405101,5.34377224834069e-05,0.000234571333045,0.057446590626426,7,,
deberta-v3-small,9,18,85.35286284953395,86.15179760319575,1677023317,3.633703540403654e-05,4.625956982403193e-05,0.1286234305235238,7,,
deberta-v3-small,9,19,84.15446071904128,85.35286284953395,785846202,6.603317082558877e-06,0.0003491453250873,0.1031098058138826,6,,
deberta-v3-small,9,20,78.02929427430094,76.43142476697736,1032793123,7.905491343215886e-06,1.624161842722772e-05,0.0511233209463413,2,,
deberta-v3-small,9,21,82.68974700399467,82.9560585885486,1371524693,1.3078391033769735e-05,1.980106596569841e-05,0.0478462965489726,2,,
deberta-v3-small,9,22,86.55126498002663,86.41810918774966,2126075530,5.961926579297748e-05,0.0015345481682268,0.1678831825372691,3,,
deberta-v3-small,9,23,84.4207723035952,84.55392809587217,1748592257,8.961537611678155e-06,0.0169423715365931,0.1126950573377824,4,,
deberta-v3-small,9,24,86.15179760319575,86.55126498002663,119977639,4.5888659911911945e-05,0.0506886407341383,0.1270591029796563,10,,
deberta-v3-small,9,25,83.3555259653795,84.8202396804261,421611174,7.908877080172983e-06,0.0041472393458982,0.0357966506524179,6,,
deberta-v3-small,9,26,84.68708388814913,86.55126498002663,1700926223,3.104965177544935e-05,2.3818642551079223e-05,0.1201392742283641,5,,
deberta-v3-small,9,27,85.61917443408788,86.6844207723036,563422800,2.370174425634708e-05,0.0001265614053443,0.0386809435103446,8,,
deberta-v3-small,9,28,85.219707057257,85.88548601864181,1979463708,6.724947002656406e-05,0.006262098368258,0.1959024391955983,5,,
deberta-v3-small,9,29,85.61917443408788,86.55126498002663,1839021067,4.84148716203548e-05,0.0021646438155173,0.0506320027623641,4,,
deberta-v3-small,10,0,84.68586387434554,86.79738562091504,1455997605,4.053774254337925e-05,0.0052428043699697,0.0623286855140783,2,,
deberta-v3-small,10,1,83.50785340314137,85.09803921568627,2061267035,3.753162735476573e-05,0.0054987107919903,0.0010302525563143,2,,
deberta-v3-small,10,2,85.20942408376963,85.49019607843137,193595348,1.368129051736363e-05,0.0132416758919903,0.1799840357405971,10,,
deberta-v3-small,10,3,85.07853403141361,85.22875816993464,1266981298,1.998097637385647e-05,0.019544422883143,0.1130623173405191,6,,
deberta-v3-small,10,4,84.94764397905759,85.7516339869281,91377475,4.627082964981079e-05,1.1593665679030122e-05,0.0445802638255625,5,,
deberta-v3-small,10,5,84.81675392670157,83.52941176470588,1779620204,8.540045154000591e-06,0.0149245564043947,0.1248500971232052,5,,
deberta-v3-small,10,6,86.38743455497382,85.88235294117646,1342500449,3.6571100050197056e-05,1.3558010710814417e-05,0.0323895079697219,9,,
deberta-v3-small,10,7,84.68586387434554,86.9281045751634,43477370,9.775434095891396e-05,0.0718129323849964,0.0432845334936404,8,,
deberta-v3-small,10,8,86.91099476439791,86.40522875816994,1786187202,1.854753793328532e-05,1.633047938191021e-05,0.1779566734766358,7,,
deberta-v3-small,10,9,82.98429319371728,84.18300653594771,345690111,5.29773786764904e-06,0.0078597223441709,0.1939076103244583,10,,
deberta-v3-small,10,10,84.29319371727749,85.22875816993464,1185609925,5.947910613433594e-05,0.000674464584867,3.5545520220847675e-05,7,,
deberta-v3-small,10,11,83.50785340314137,86.5359477124183,1829047109,9.137347008837892e-05,1.0057006250631992e-05,0.0110292024099817,8,,
deberta-v3-small,10,12,81.80628272251309,84.70588235294117,1530349122,6.548762590874382e-06,0.0765499918562431,0.1748392556703633,5,,
deberta-v3-small,10,13,68.717277486911,69.80392156862744,1667158671,5.087401149309212e-06,0.0013170023920239,0.1083727150186217,2,,
deberta-v3-small,10,14,84.94764397905759,86.40522875816994,1644414434,1.7498579329144885e-05,0.0382873604641817,0.0418399002827188,8,,
deberta-v3-small,10,15,86.91099476439791,86.9281045751634,420609120,1.1881590740823284e-05,0.0002466757394785,0.0158242045957135,8,,
deberta-v3-small,10,16,87.17277486910994,87.58169934640523,2076570435,1.4762248904191912e-05,0.0005879782070422,0.0649213501716667,10,,
deberta-v3-small,10,17,84.16230366492147,84.18300653594771,1619956765,8.332851689635143e-05,0.0004890451870196,0.1300010983547976,10,,
deberta-v3-small,10,18,80.49738219895288,78.56209150326798,978148421,8.962666792213487e-06,9.27470160389034e-05,0.1465727029049463,2,,
deberta-v3-small,10,19,86.38743455497382,87.18954248366013,1457060999,1.802232102801656e-05,4.710905016119137e-05,0.1310805663476931,10,,
deberta-v3-small,10,20,84.55497382198953,85.22875816993464,143670646,1.9809083964062556e-05,0.0010571259795289,0.1994374274292331,5,,
deberta-v3-small,10,21,86.2565445026178,86.40522875816994,1450868971,1.7466917001408806e-05,9.707044548241644e-05,0.1240741977091088,9,,
deberta-v3-small,10,22,85.6020942408377,86.9281045751634,455963319,3.3063389531690566e-05,0.000764238794149,0.0989688583314425,8,,
deberta-v3-small,10,23,79.84293193717278,80.3921568627451,410070020,5.196185402194427e-06,0.0001676962678859,0.100090837471686,4,,
deberta-v3-small,10,24,86.2565445026178,86.14379084967321,187652061,2.5822207380690428e-05,0.01418250131215,0.1483932375399811,6,,
deberta-v3-small,10,25,79.9738219895288,79.6078431372549,2123097457,6.054572349783229e-06,0.0223368984380463,0.1393709251198099,5,,
deberta-v3-small,10,26,83.37696335078535,85.49019607843137,1893741802,7.665851873944027e-06,1.0867014572721056e-05,0.0043948861693624,10,,
deberta-v3-small,10,27,83.7696335078534,85.359477124183,144941283,8.978014385409523e-05,0.0055989128377019,0.1817194451247622,3,,
deberta-v3-small,10,28,85.86387434554973,86.27450980392157,948442703,1.885824902398873e-05,0.0021430422045898,0.1729760095156176,8,,
deberta-v3-small,10,29,84.68586387434554,85.359477124183,1736334936,1.64953873675602e-05,0.0001706788078124,0.1358459491127686,8,,
deberta-v3-small,11,0,68.43501326259947,69.5364238410596,1136297570,5.029376884759291e-06,0.0010657841296911,0.1822755891232896,2,,
deberta-v3-small,11,1,84.61538461538461,86.49006622516556,1030650935,2.1063828762197952e-05,0.000145990528158,0.0619236704736123,10,,
deberta-v3-small,11,2,83.28912466843501,83.44370860927152,1340373202,1.4161525186655846e-05,0.0309224442727511,0.1387614706315325,2,,
deberta-v3-small,11,3,84.88063660477454,86.75496688741723,851251236,3.543448117974965e-05,0.0195726660877143,0.034416951567818,3,,
deberta-v3-small,11,4,84.74801061007958,84.50331125827815,866507139,5.021822269543017e-05,1.3371823544578476e-05,0.1926031771575986,3,,
deberta-v3-small,11,5,86.20689655172414,85.03311258278146,2123561139,3.15956498041013e-05,0.029218480784181,0.1968575365793664,10,,
deberta-v3-small,11,6,82.22811671087533,83.04635761589404,1610543712,7.697205709713128e-06,0.0407541308776446,0.1444828949185286,6,,
deberta-v3-small,11,7,85.41114058355437,86.09271523178808,1835959052,2.540055992888321e-05,2.117286225788252e-05,0.1311119205052906,6,,
deberta-v3-small,11,8,84.88063660477454,85.69536423841059,1793177627,9.387778153847404e-06,0.0023604702595429,0.185792998988124,10,,
deberta-v3-small,11,9,84.35013262599469,85.29801324503312,1545618578,8.908093313894646e-06,0.0338811927971602,0.0010181860324109,9,,
deberta-v3-small,11,10,86.20689655172414,85.03311258278146,1488118383,9.380409665564087e-05,0.0030247283109954,0.013863544893166,8,,
deberta-v3-small,11,11,81.83023872679045,82.3841059602649,1915343026,6.36561592705076e-06,1.5716859281579637e-05,0.1582108797837423,3,,
deberta-v3-small,11,12,86.07427055702918,84.63576158940397,703593616,6.509303017836744e-05,0.0005084016118758,0.1746190688699685,8,,
deberta-v3-small,11,13,84.61538461538461,85.16556291390728,977341583,1.7157921289087406e-05,0.001807775550204,0.1441667770825536,6,,
deberta-v3-small,11,14,84.88063660477454,85.43046357615894,756181286,2.3119518244735097e-05,0.018126014558352,0.1055477783610381,6,,
deberta-v3-small,11,15,84.74801061007958,85.03311258278146,1250212414,7.416321102440777e-06,1.3686651054890793e-05,0.0972588699774052,10,,
deberta-v3-small,11,16,84.61538461538461,86.09271523178808,1074255988,3.649088580941469e-05,0.0065248448294267,0.1503436334923751,3,,
deberta-v3-small,11,17,85.80901856763926,87.01986754966887,1557506068,7.169163665659694e-05,0.0091165069582432,0.0508270405182933,10,,
deberta-v3-small,11,18,84.35013262599469,85.29801324503312,558331023,7.4670937902228355e-06,0.0290941177427565,0.0312039705924373,9,,
deberta-v3-small,11,19,82.49336870026525,85.43046357615894,351104420,8.736423697246427e-06,0.0001077183807025,0.0484430110582772,6,,
deberta-v3-small,11,20,85.27851458885942,86.75496688741723,1865442212,1.5277099509451626e-05,9.871252766055089e-05,0.1231735933974331,10,,
deberta-v3-small,11,21,83.81962864721486,83.70860927152317,883003427,9.81905407979661e-05,0.006485447986951,0.1240838279829454,8,,
deberta-v3-small,11,22,82.22811671087533,82.11920529801324,2111567480,1.828108374565863e-05,0.0179470463866775,0.1708175621712006,2,,
deberta-v3-small,11,23,83.6870026525199,84.63576158940397,574055915,1.3661127185574211e-05,0.0131446371466036,0.0446499541082719,3,,
deberta-v3-small,11,24,85.0132625994695,86.09271523178808,364397225,2.2552879106588103e-05,0.0127328168733041,0.1976779104953871,10,,
deberta-v3-small,11,25,83.55437665782493,85.16556291390728,926470461,1.5425375521800025e-05,0.0031306973114472,0.0241231101615412,4,,
deberta-v3-small,11,26,84.48275862068965,85.16556291390728,586480406,2.9238388874259915e-05,0.0002894854303434,0.057679672845154,6,,
deberta-v3-small,11,27,84.48275862068965,86.09271523178808,1604245441,3.1601452387577524e-05,2.4911886825602895e-05,0.018904538715972,4,,
deberta-v3-small,11,28,87.26790450928382,85.56291390728477,1750988662,2.316219485359007e-05,0.0001405807811536,0.1148956417329644,10,,
deberta-v3-small,11,29,83.6870026525199,84.50331125827815,230718114,2.054791329647162e-05,0.008836692158278,0.047035855450415,2,,
deberta-v3-small,12,0,86.36959370904324,82.04456094364352,1692097959,7.444039830106685e-05,0.0360537195657016,0.1508575188560728,5,,
deberta-v3-small,12,1,87.1559633027523,84.14154652686763,133880518,2.024110160641952e-05,2.550270113656513e-05,0.169122445264863,7,,
deberta-v3-small,12,2,87.94233289646134,85.5832241153342,1622375545,5.208969022538593e-05,0.0140048685773782,0.1544536502668302,7,,
deberta-v3-small,12,3,86.89384010484928,85.5832241153342,1467201869,9.25092231466734e-05,0.0026229427611896,0.0854399612910453,4,,
deberta-v3-small,12,4,84.53473132372216,82.17562254259502,260369382,5.674977165478696e-06,0.0081527004851486,0.1290225837873238,5,,
deberta-v3-small,12,5,86.63171690694627,85.05897771952817,1262625865,4.968222300087642e-05,9.80300256046094e-05,0.1985756753993753,5,,
deberta-v3-small,12,6,85.84534731323723,81.913499344692,1273032353,9.100920884848024e-06,0.0006326712764598,0.0833993172568592,5,,
deberta-v3-small,12,7,87.68020969855833,86.23853211009174,222305311,4.655791574979287e-05,0.0053171184235816,0.0898796163666102,4,,
deberta-v3-small,12,8,88.07339449541284,84.92791612057667,1581041330,1.4507144039242636e-05,0.0471157640723398,0.1704607332438893,8,,
deberta-v3-small,12,9,85.84534731323723,85.5832241153342,1308706359,8.785902456370209e-05,8.46411206336801e-05,0.0627794159173465,5,,
deberta-v3-small,12,10,84.40366972477064,81.65137614678899,339492656,7.710773240663607e-06,0.0015834950183636,0.1037905706349998,4,,
deberta-v3-small,12,11,86.50065530799476,85.5832241153342,1162618250,1.7177763289528254e-05,0.002138786846693,0.0783875475182258,8,,
deberta-v3-small,12,12,87.4180865006553,85.71428571428571,2121508448,1.9692037489961e-05,0.0001185980804076,0.085256071946124,6,,
deberta-v3-small,12,13,86.36959370904324,85.84534731323723,497754106,5.3564070631333285e-05,0.0252066411981528,0.0546555964079546,5,,
deberta-v3-small,12,14,85.05897771952817,82.83093053735256,297419563,1.3077683240774208e-05,0.0052780229186329,0.132360936325604,10,,
deberta-v3-small,12,15,86.50065530799476,82.69986893840105,531879541,9.588403662947348e-05,0.000414352665872,0.1993311970727115,10,,
deberta-v3-small,12,16,85.71428571428571,84.79685452162516,2073012537,6.762133686935883e-05,0.003890677870635,0.0834620422127164,4,,
deberta-v3-small,12,17,86.76277850589777,83.87942332896462,498980727,8.000248171235135e-05,0.0016586630379583,0.0266985048491561,5,,
deberta-v3-small,12,18,88.59764089121887,85.4521625163827,314261053,5.249794988781077e-05,9.90308057402234e-05,0.1363125355925651,6,,
deberta-v3-small,12,19,74.4429882044561,68.41415465268676,1770860270,5.964518943989729e-06,0.0141441680477151,0.1969098527745082,2,,
deberta-v3-small,12,20,84.27260812581913,84.53473132372216,1629650154,6.172973259193717e-06,0.0007044312067435,0.1500942938234159,9,,
deberta-v3-small,12,21,87.02490170380078,83.7483617300131,622987303,8.402878261256842e-05,0.0018172038387482,0.037888099616438,10,,
deberta-v3-small,12,22,85.97640891218873,84.14154652686763,20302553,1.2820726263332388e-05,0.0765752460465492,0.155172789571453,7,,
deberta-v3-small,12,23,84.53473132372216,80.99606815203146,1688016237,5.349478779785554e-06,0.0003622172711689,0.121294329019995,9,,
deberta-v3-small,12,24,87.4180865006553,84.27260812581913,1858110510,2.478004214453815e-05,2.6377498139576245e-05,0.1089778540747928,8,,
deberta-v3-small,12,25,86.89384010484928,85.5832241153342,990551042,3.9768775508233344e-05,1.636567749052601e-05,0.1465075006911357,7,,
deberta-v3-small,12,26,87.54914809960681,85.4521625163827,379769747,2.704179222410608e-05,1.2913702795430643e-05,0.1650116647352077,5,,
deberta-v3-small,12,27,86.10747051114024,84.40366972477064,2010005373,7.897335306653737e-06,0.031349651046446,0.1994376728821112,8,,
deberta-v3-small,12,28,87.1559633027523,83.35517693315859,356648242,7.724376817095262e-05,6.738841040242843e-05,0.1314300927967668,10,,
deberta-v3-small,12,29,85.84534731323723,85.71428571428571,1521456466,6.10412000614883e-05,4.649214544687741e-05,0.0823204239086503,3,,
deberta-v3-small,13,0,86.60351826792963,85.92692828146143,1582563313,5.1506360413355855e-05,0.0010691462074365,0.0866341291102764,5,,
deberta-v3-small,13,1,83.89715832205684,85.38565629228687,1458937618,1.269682201961722e-05,0.000674600842147,0.0224250310364534,5,,
deberta-v3-small,13,2,86.73883626522327,85.92692828146143,60757665,5.077760787150585e-05,0.0013498516442408,0.1385895216145194,9,,
deberta-v3-small,13,3,86.46820027063599,85.52097428958051,2095531681,2.2233839941684973e-05,4.474427831466708e-05,0.1263052663698165,8,,
deberta-v3-small,13,4,83.7618403247632,85.65629228687415,49841322,9.49654882761589e-05,0.0935826505564845,0.1772727741261141,10,,
deberta-v3-small,13,5,85.25033829499323,86.73883626522327,1990038763,4.0004538238471966e-05,0.0214052108966422,0.0800343502953958,3,,
deberta-v3-small,13,6,85.25033829499323,86.06224627875507,1334163755,2.316476133825672e-05,0.0007962135962653,0.1419543958270283,4,,
deberta-v3-small,13,7,87.28010825439783,86.19756427604871,345232997,5.044517547271781e-05,0.0295633553162639,0.1460339484985582,3,,
deberta-v3-small,13,8,84.16779431664412,85.92692828146143,1111851329,1.1039130396758457e-05,4.957629113866379e-05,0.1516480933358679,8,,
deberta-v3-small,13,9,85.52097428958051,85.65629228687415,1103055157,3.786684649323208e-05,1.1651585467494862e-05,0.1032974295210248,10,,
deberta-v3-small,13,10,84.70906630581868,84.57374830852504,247863025,9.142276712800971e-06,0.0747059464887299,0.1841386495107519,10,,
deberta-v3-small,13,11,81.32611637347767,81.59675236806495,1852674403,6.801681177385709e-06,0.0976387776163702,0.0072845661130253,3,,
deberta-v3-small,13,12,83.49120433017592,83.62652232746956,784673919,6.217792955112114e-06,0.0010972643707796,0.1766845495943741,6,,
deberta-v3-small,13,13,83.35588633288228,84.70906630581868,1314268740,5.267603846569905e-06,0.0058158464731033,0.1664814651798994,7,,
deberta-v3-small,13,14,83.89715832205684,83.89715832205684,192337678,7.711130813228789e-06,0.0018793841824431,0.0861526884992287,5,,
deberta-v3-small,13,15,84.4384303112314,85.38565629228687,482148612,6.965553845133514e-06,0.006259916397747,0.1424154450999778,6,,
deberta-v3-small,13,16,85.11502029769959,85.38565629228687,190626681,1.2701086717625393e-05,0.0072852979263611,0.0763426619112677,3,,
deberta-v3-small,13,17,83.7618403247632,85.25033829499323,1700646208,7.04051735730513e-06,0.0011316962978291,0.1393682541811313,8,,
deberta-v3-small,13,18,84.30311231393776,85.38565629228687,121659412,6.75271060478408e-05,0.0922239300279265,0.1872949152825062,10,,
deberta-v3-small,13,19,86.06224627875507,84.97970230040596,2097577616,5.987292329517786e-05,0.0682389893548166,0.0953834123888638,3,,
deberta-v3-small,13,20,71.85385656292287,73.47767253044655,1603261061,6.243367547969283e-06,0.0066123824131235,0.1726560152523321,2,,
deberta-v3-small,13,21,84.84438430311232,85.92692828146143,2080090263,3.7993280292954686e-05,0.0001796556848554,0.1711873896963663,3,,
deberta-v3-small,13,22,84.70906630581868,86.33288227334235,653990198,6.855274056167292e-05,0.0016100826286463,0.1282098081359788,3,,
deberta-v3-small,13,23,84.57374830852504,85.92692828146143,1914367415,9.742679339424544e-06,0.0263929783020323,0.0484403107153854,6,,
deberta-v3-small,13,24,85.52097428958051,86.19756427604871,1033845425,9.743498941709655e-05,0.0544940831770853,0.1234229729405159,8,,
deberta-v3-small,13,25,83.62652232746956,83.7618403247632,108787814,9.005958558926776e-06,0.0911575588150974,0.1813943728261082,4,,
deberta-v3-small,13,26,85.11502029769959,85.52097428958051,1412464144,1.592526971857163e-05,0.0004084065364833,0.0629527537853393,10,,
deberta-v3-small,13,27,87.00947225981055,86.46820027063599,556314942,7.98725196752297e-05,0.0035133308953639,0.0418711770927849,3,,
deberta-v3-small,13,28,86.19756427604871,86.06224627875507,150379242,3.864978574440518e-05,4.287651869175462e-05,0.1935364958486336,9,,
deberta-v3-small,13,29,86.33288227334235,86.46820027063599,95137540,3.1074036490306024e-05,0.0001477652153274,0.1457189459840558,4,,
deberta-v3-small,14,0,83.9262187088274,85.63899868247694,1494397962,2.267697132218772e-05,4.722099723793362e-05,0.1386278368342155,3,,
deberta-v3-small,14,1,84.05797101449275,85.11198945981555,367628494,7.001537676063753e-05,0.0057404292335638,0.060813753040868,8,,
deberta-v3-small,14,2,83.00395256916995,85.37549407114625,1335000463,6.622442828157058e-06,0.0006322012202323,0.0031755674519226,9,,
deberta-v3-small,14,3,80.76416337285903,82.6086956521739,606718456,7.25426841572354e-06,0.000810529359962,0.0234527037690341,3,,
deberta-v3-small,14,4,83.79446640316206,84.7167325428195,1361818289,9.620439293008798e-05,0.0001565167336096,0.0539089565155543,3,,
deberta-v3-small,14,5,82.6086956521739,84.7167325428195,675188859,5.213696528347456e-06,0.0001145555470916,0.1407394495485049,10,,
deberta-v3-small,14,6,83.79446640316206,84.84848484848484,2071382167,8.677463894087519e-05,0.0011781325113527,0.1887918732796568,6,,
deberta-v3-small,14,7,84.58498023715416,84.58498023715416,463243784,1.0509709171478993e-05,0.000395976092949,0.1152053633695747,9,,
deberta-v3-small,14,8,85.90250329380764,87.22002635046114,1791068425,5.008868761827953e-05,0.0003855991694235,0.0445039235318251,10,,
deberta-v3-small,14,9,85.5072463768116,85.24374176548089,1715852658,4.766701267003388e-05,0.0005148847010533,0.0948567156208079,8,,
deberta-v3-small,14,10,85.11198945981555,84.18972332015811,815797959,6.301712216353018e-06,0.0513545837895141,0.0912121796893243,7,,
deberta-v3-small,14,11,80.23715415019763,82.6086956521739,360875616,1.0829569048355602e-05,0.0702219910335049,0.0244692543865123,2,,
deberta-v3-small,14,12,85.24374176548089,85.7707509881423,727649731,6.281942177434834e-05,0.0753814913565964,0.1047122549752319,3,,
deberta-v3-small,14,13,84.05797101449275,85.5072463768116,1301102229,1.0014133710635718e-05,0.0011713979644896,0.1903023558716688,4,,
deberta-v3-small,14,14,86.56126482213439,87.22002635046114,1004587771,2.0990618287379944e-05,0.0036323632881019,0.0699476955317532,6,,
deberta-v3-small,14,15,86.42951251646903,85.63899868247694,36519261,2.2055769373300896e-05,0.0459425540875972,0.0343907937529671,4,,
deberta-v3-small,14,16,84.32147562582345,86.69301712779973,1557648273,5.040605997113996e-05,0.0585367157036873,0.0449904266620221,7,,
deberta-v3-small,14,17,82.6086956521739,84.84848484848484,2038441197,7.168038542238057e-06,0.006855588995551,0.1637088721010408,7,,
deberta-v3-small,14,18,85.90250329380764,87.48353096179183,1863378838,4.155144094482911e-05,4.382779334801384e-05,0.0388162951173254,6,,
deberta-v3-small,14,19,85.63899868247694,86.95652173913044,481161963,1.5038007664743136e-05,0.0101566673994491,0.1672472904808892,9,,
deberta-v3-small,14,20,81.42292490118577,83.26745718050066,1579926460,5.201675256885051e-06,0.0294356098292855,0.1920906898346383,3,,
deberta-v3-small,14,21,86.29776021080369,86.95652173913044,1422973368,4.614173785088071e-05,0.0003888201038909,0.0286508029246435,10,,
deberta-v3-small,14,22,82.47694334650856,85.24374176548089,1197503324,9.890131770284278e-06,4.829778535690414e-05,0.0442110192934656,5,,
deberta-v3-small,14,23,84.05797101449275,86.56126482213439,1462917855,2.0542645086661044e-05,0.000273297023189,0.155030501722059,10,,
deberta-v3-small,14,24,83.6627140974967,86.03425559947298,356143838,1.6790271395065543e-05,0.046728728995328,0.0783050025072414,4,,
deberta-v3-small,14,25,84.7167325428195,84.7167325428195,1941677960,1.955478683800344e-05,0.0001882941136088,0.0811620937145887,6,,
deberta-v3-small,14,26,85.24374176548089,85.37549407114625,973134869,9.53812430513939e-06,1.7901075976429843e-05,0.1597525952297004,6,,
deberta-v3-small,14,27,84.84848484848484,86.42951251646903,1655292587,2.9460109332574023e-05,0.0004391689454562,0.0568032488291148,10,,
deberta-v3-small,14,28,85.5072463768116,88.40579710144928,1181149257,2.175605226490373e-05,0.0594536065455744,0.1541243133996176,4,,
deberta-v3-small,14,29,81.42292490118577,85.7707509881423,856360213,7.423717692267728e-06,0.0019126537266119,0.1605877636931157,4,,
deberta-v3-small,15,0,78.61885790172643,79.44297082228117,2045184719,6.715233096316493e-06,0.0762761265242505,0.0018011033293093,2,,
deberta-v3-small,15,1,80.74369189907038,82.89124668435014,21471241,5.230199744633083e-06,1.79661675355881e-05,0.1598703355545568,3,,
deberta-v3-small,15,2,85.2589641434263,85.6763925729443,1070264716,4.158589166059572e-05,1.2476001757436196e-05,0.0008986403096357,9,,
deberta-v3-small,15,3,72.11155378486056,74.13793103448276,786359270,5.847133610485118e-06,5.928379635327963e-05,0.0096653373600796,2,,
deberta-v3-small,15,4,85.3917662682603,86.20689655172414,1654203629,8.727296714118551e-05,0.0001245184866215,0.0202317616844482,6,,
deberta-v3-small,15,5,84.19654714475432,86.3395225464191,291494345,9.750455252232511e-05,0.0029090461653795,0.138357593739179,5,,
deberta-v3-small,15,6,84.59495351925631,85.80901856763926,2139235432,9.893985680668984e-05,0.0002759661210958,0.1382539334192015,2,,
deberta-v3-small,15,7,83.39973439575033,84.88063660477454,1677626693,7.91604793877658e-05,0.0032432613415248,0.0607348079310342,2,,
deberta-v3-small,15,8,86.85258964143426,86.20689655172414,1715065765,7.404905395385548e-05,0.0004305541185138,0.0093943789438473,2,,
deberta-v3-small,15,9,85.2589641434263,86.07427055702918,1359340056,1.3882640437719504e-05,6.339707377147147e-05,0.1754169332310165,7,,
deberta-v3-small,15,10,84.4621513944223,85.14588859416446,2066470894,3.183699208726699e-05,0.0004783872335028,0.0221405916428829,5,,
deberta-v3-small,15,11,86.32138114209828,84.74801061007958,793033137,8.933760956587948e-05,2.746438671802076e-05,0.1178739348175671,10,,
deberta-v3-small,15,12,85.92297476759629,85.80901856763926,219173264,6.341897880285589e-05,2.039286611029768e-05,0.0030890095070292,6,,
deberta-v3-small,15,13,84.86055776892431,85.94164456233422,847261658,8.282769682723868e-06,0.0002322573503489,0.163759877042312,8,,
deberta-v3-small,15,14,84.4621513944223,86.60477453580901,2085727990,6.507546998243829e-06,0.0001231890365722,0.1149194344295928,9,,
deberta-v3-small,15,15,85.65737051792829,85.80901856763926,1843189308,4.776898212867458e-05,1.9215039622959063e-05,0.1656133917479776,2,,
deberta-v3-small,15,16,85.3917662682603,86.47214854111405,1404744068,1.617563588875624e-05,0.0001947579203449,0.0342863649337667,6,,
deberta-v3-small,15,17,86.45418326693228,86.20689655172414,369284700,4.014533304934826e-05,0.0386139441652399,0.1567415151577202,2,,
deberta-v3-small,15,18,81.40770252324037,83.0238726790451,1252640696,7.455548700271011e-06,0.0008521858658393,0.1408843950811355,4,,
deberta-v3-small,15,19,85.92297476759629,85.6763925729443,1366355126,3.0569267700292345e-05,0.0014919931029249,0.1864363195670441,6,,
deberta-v3-small,15,20,85.52456839309428,86.47214854111405,667718812,4.172695956586659e-05,0.0051597479114578,0.0259759197780549,10,,
deberta-v3-small,15,21,82.60292164674635,85.54376657824933,556964244,5.378297757062832e-06,0.0008212247325275,0.1979666656958506,6,,
deberta-v3-small,15,22,85.52456839309428,85.14588859416446,1046090632,4.88210070077739e-05,1.7520991600047104e-05,0.113605231320716,6,,
deberta-v3-small,15,23,85.2589641434263,85.27851458885942,1158067512,1.6307680445971322e-05,0.0001784124534664,0.0786953003461733,5,,
deberta-v3-small,15,24,84.72775564409031,86.3395225464191,593022769,1.202466188731967e-05,1.3315627099346618e-05,0.0311746368036611,7,,
deberta-v3-small,15,25,86.05577689243027,85.80901856763926,1665935260,7.897127875846375e-06,0.0001911215224777,0.1717880387652467,9,,
deberta-v3-small,15,26,83.66533864541833,85.0132625994695,1787164730,5.584071422310544e-06,0.000104940195093,0.124390415494981,7,,
deberta-v3-small,15,27,86.05577689243027,86.87002652519894,1318148462,5.889726914546542e-05,8.90324289146722e-05,0.0630690815105088,2,,
deberta-v3-small,15,28,84.86055776892431,86.73740053050398,932104859,5.137166958049029e-05,0.0026172603664258,0.1016467208619314,8,,
deberta-v3-small,15,29,80.74369189907038,81.83023872679045,1741283043,5.382688228134058e-06,0.0025732192562639,0.0072000905076143,7,,
deberta-v3-small,16,0,85.359477124183,82.61437908496733,1042720015,9.536775155220164e-05,0.0001315501965721,0.1540898611506562,6,,
deberta-v3-small,16,1,86.01307189542484,82.87581699346406,1843013962,9.432758958698415e-05,0.0036040166029712,0.076090977365011,8,,
deberta-v3-small,16,2,84.83660130718954,82.87581699346406,293525804,2.661973638738601e-05,5.678398528222731e-05,0.1228588475454687,2,,
deberta-v3-small,16,3,85.49019607843137,82.87581699346406,1219985704,1.7797837421913635e-05,0.0006508935433361,0.0207747027494767,6,,
deberta-v3-small,16,4,86.27450980392157,81.96078431372548,1664482278,3.635352445923508e-05,1.1695715464593204e-05,0.1590578176161722,3,,
deberta-v3-small,16,5,85.49019607843137,84.31372549019608,893646601,1.8390815487049967e-05,0.0960795594135826,0.184060043211525,6,,
deberta-v3-small,16,6,86.01307189542484,82.48366013071896,258686771,9.585895188063634e-06,0.0084227008725811,0.0892443899424131,7,,
deberta-v3-small,16,7,86.9281045751634,83.39869281045752,1735898093,2.4130007634510822e-05,0.0292521080236096,0.1963549130942056,4,,
deberta-v3-small,16,8,85.49019607843137,80.52287581699346,917727360,6.832912431716479e-06,0.0483442573487087,0.0086016776956132,7,,
deberta-v3-small,16,9,85.09803921568627,83.00653594771242,45624944,1.803117317664127e-05,0.0846117097497509,0.0925382719431444,7,,
deberta-v3-small,16,10,85.62091503267973,83.26797385620915,1528008040,3.480942595390235e-05,0.0004212584573334,0.1406796546791671,6,,
deberta-v3-small,16,11,87.18954248366013,83.39869281045752,266774094,3.321942337248328e-05,0.0029788599866361,0.0855178921244243,2,,
deberta-v3-small,16,12,83.26797385620915,82.09150326797386,436929301,7.305205561781387e-06,0.0671268088667185,0.0161712456529403,7,,
deberta-v3-small,16,13,86.9281045751634,83.66013071895425,555326015,8.531839019202039e-05,2.1810568044002786e-05,0.0341295314449148,3,,
deberta-v3-small,16,14,86.5359477124183,84.05228758169935,873922260,7.648453709254001e-05,0.0391360665538128,0.1776557349976753,9,,
deberta-v3-small,16,15,85.62091503267973,83.26797385620915,570823393,8.017450439515437e-05,0.0043290533120133,0.0970065847571655,3,,
deberta-v3-small,16,16,86.79738562091504,84.57516339869281,1849613988,3.423172978646194e-05,1.2245759715849043e-05,0.069426005816742,7,,
deberta-v3-small,16,17,83.92156862745098,82.87581699346406,1062256919,9.71399270729775e-06,0.0055394753249349,0.1524575897342913,7,,
deberta-v3-small,16,18,85.09803921568627,83.92156862745098,4501457,3.946656321548001e-05,0.0039312637141537,0.0628305006155422,6,,
deberta-v3-small,16,19,86.9281045751634,84.05228758169935,944908567,5.859021363864837e-05,0.0128759578275679,0.1198351370293424,3,,
deberta-v3-small,16,20,85.49019607843137,84.57516339869281,1193621761,1.9924606430253057e-05,0.0001715104732977,0.1501220485594508,7,,
deberta-v3-small,16,21,85.22875816993464,83.13725490196079,1825555430,1.806822354936337e-05,0.0175620798356834,0.0277009903038651,2,,
deberta-v3-small,16,22,85.7516339869281,83.00653594771242,2121142108,9.515491962857042e-06,1.193131304488788e-05,0.115628032919764,5,,
deberta-v3-small,16,23,86.5359477124183,82.09150326797386,1335057293,2.216247535301472e-05,0.000136431953039,0.0122846744146583,3,,
deberta-v3-small,16,24,85.88235294117646,84.31372549019608,52241169,4.511606831310401e-05,0.0011212319000604,0.0658383281860223,10,,
deberta-v3-small,16,25,85.62091503267973,83.79084967320262,1824134636,1.6446446514415314e-05,0.0029616256558271,0.0386629797675581,7,,
deberta-v3-small,16,26,85.49019607843137,82.09150326797386,2047078753,1.4955064295175158e-05,0.0564720832970837,0.1626338265670489,3,,
deberta-v3-small,16,27,86.5359477124183,83.52941176470588,599504102,2.011508157459274e-05,0.0036714480566999,0.0462641378292643,4,,
deberta-v3-small,16,28,85.49019607843137,83.79084967320262,1404603660,5.898604649974111e-05,0.0065212077164327,0.1043949520222773,6,,
deberta-v3-small,16,29,83.92156862745098,80.3921568627451,2105006586,8.895008582726484e-06,0.0106626997051791,0.1426247027019667,4,,
deberta-v3-small,17,0,87.36413043478261,85.19021739130434,580383859,8.171811159186785e-05,4.207644183877232e-05,0.0052620593593964,4,,
deberta-v3-small,17,1,86.41304347826087,85.32608695652173,636908434,6.569877030756609e-05,0.0006558060061186,0.1552767136930699,3,,
deberta-v3-small,17,2,86.27717391304348,85.32608695652173,855726670,1.990959763884223e-05,9.6600595700223e-05,0.1584901585570409,5,,
deberta-v3-small,17,3,85.7336956521739,85.59782608695652,547006433,1.8905426626996168e-05,0.0139854671995672,0.1345305699953658,3,,
deberta-v3-small,17,4,87.09239130434783,85.59782608695652,1470624136,1.9132202229527577e-05,1.3490534139974584e-05,0.1307775013452463,10,,
deberta-v3-small,17,5,86.68478260869566,84.78260869565217,459077592,3.553003508895035e-05,0.0142098561169586,0.1821571659300433,10,,
deberta-v3-small,17,6,85.32608695652173,85.59782608695652,1304225373,8.631037260810949e-05,0.0004514754574236,0.1236457687652255,8,,
deberta-v3-small,17,7,86.68478260869566,86.1413043478261,2100180963,6.900108695563359e-06,0.0001883834150217,0.1301000460100375,8,,
deberta-v3-small,17,8,87.77173913043478,86.54891304347827,1411597269,1.6422731582949683e-05,0.004605921917579,0.1111037892227082,8,,
deberta-v3-small,17,9,83.69565217391305,86.1413043478261,1173611364,1.8987356322115056e-05,0.0003734986695382,0.0367174693353264,2,,
deberta-v3-small,17,10,86.95652173913044,86.0054347826087,2019403919,1.2091037260489012e-05,0.0130685813392989,0.1978319830136524,7,,
deberta-v3-small,17,11,87.90760869565217,85.19021739130434,1764208668,4.7016664859682254e-05,0.0075853158291992,0.1047574869159317,5,,
deberta-v3-small,17,12,86.54891304347827,84.23913043478261,536051714,8.621891755266912e-06,3.967024225562736e-05,0.0577145656028677,8,,
deberta-v3-small,17,13,84.23913043478261,82.6086956521739,1501956212,1.4385543269438767e-05,0.0001844983025517,0.072566079066139,2,,
deberta-v3-small,17,14,87.63586956521739,84.64673913043478,661478623,3.09480255354803e-05,0.0004504718914929,0.1663870423587886,7,,
deberta-v3-small,17,15,84.64673913043478,85.7336956521739,1807517562,1.3215522735233015e-05,0.0146638316066706,0.116364038864392,4,,
deberta-v3-small,17,16,85.32608695652173,83.96739130434783,1199495063,1.1534534730917148e-05,0.0009512129665616,0.1235671640959681,3,,
deberta-v3-small,17,17,88.31521739130434,85.7336956521739,615479108,1.401822868409976e-05,0.0921486278515834,0.0698565253130868,8,,
deberta-v3-small,17,18,86.1413043478261,85.59782608695652,1134327597,1.5257762019427549e-05,0.0086415610076251,0.1124684600056792,10,,
deberta-v3-small,17,19,87.36413043478261,85.8695652173913,953036816,2.1783504520455546e-05,0.0211697516114547,0.0846439232841116,6,,
deberta-v3-small,17,20,87.36413043478261,86.95652173913044,40919370,3.0807455866178985e-05,0.003024346852263,0.1668168125905176,6,,
deberta-v3-small,17,21,81.52173913043478,79.6195652173913,1337620685,9.388726838729454e-06,8.063575178445419e-05,0.0364757190401401,2,,
deberta-v3-small,17,22,85.32608695652173,85.19021739130434,568213913,8.9839495419103e-06,0.014975363357869,0.033973297635094,5,,
deberta-v3-small,17,23,87.36413043478261,86.41304347826087,1350866381,5.538166500845104e-05,0.041796842007319,0.1665840520574961,4,,
deberta-v3-small,17,24,85.32608695652173,85.19021739130434,106876048,6.990031067513564e-06,0.0088118632099361,0.1678516387024672,7,,
deberta-v3-small,17,25,86.54891304347827,85.7336956521739,2047801712,2.8020721309569016e-05,0.001737974981027,0.1556852229239594,4,,
deberta-v3-small,17,26,85.32608695652173,83.96739130434783,418773759,7.596487522391542e-05,0.0009285823301484,0.1336449428944081,9,,
deberta-v3-small,17,27,86.68478260869566,84.375,367061857,2.3436783228132145e-05,2.3510270770255088e-05,0.088904407068057,2,,
deberta-v3-small,17,28,85.19021739130434,84.23913043478261,1540873384,9.996183650479727e-06,0.0377009056476341,0.1671859848834454,7,,
deberta-v3-small,17,29,80.70652173913044,80.29891304347827,593814208,8.968725595212325e-06,7.665454553786234e-05,0.0430313500737457,2,,
deberta-v3-small,18,0,83.46560846560847,82.95904887714663,1633121754,1.2931225215490648e-05,1.4236848068317671e-05,0.0876465903600274,4,,
deberta-v3-small,18,1,82.67195767195767,85.86525759577279,1878772345,5.4182793068705885e-05,0.0063028885943474,0.1660464450479044,10,,
deberta-v3-small,18,2,83.5978835978836,86.26155878467635,1647399984,4.6911909418265295e-05,1.3461629331195428e-05,0.0294039665314999,2,,
deberta-v3-small,18,3,81.74603174603175,81.24174372523117,228003910,9.043852764341503e-06,5.927886104956491e-05,0.1357171895478065,5,,
deberta-v3-small,18,4,82.53968253968254,86.52575957727873,835582513,9.410314393241302e-06,0.0003223722283427,0.1369582714342063,6,,
deberta-v3-small,18,5,78.96825396825396,79.12813738441216,917891104,6.219422829423976e-06,0.0594263456009163,0.1490097557522099,3,,
deberta-v3-small,18,6,85.31746031746032,85.46895640686922,2097241672,2.908638447070385e-05,0.0010197131382438,0.0672290782711077,8,,
deberta-v3-small,18,7,84.92063492063492,85.07265521796566,1782979517,3.029648802991931e-05,0.0330399237688615,0.1827012112985622,6,,
deberta-v3-small,18,8,83.06878306878306,86.65785997357992,466412961,8.958745119607155e-05,4.211461491942226e-05,0.1535527213104787,9,,
deberta-v3-small,18,9,82.67195767195767,87.05416116248348,1995879466,8.491457227720213e-05,0.0395958214279545,0.0589828770229907,6,,
deberta-v3-small,18,10,84.52380952380952,85.99735799207397,1113039172,3.9186410858496456e-05,0.0043732481979652,0.0336530989410924,4,,
deberta-v3-small,18,11,83.06878306878306,83.09114927344783,490992669,6.360092446969257e-05,0.0044143861799687,0.0670494500242586,10,,
deberta-v3-small,18,12,84.52380952380952,84.94055482166446,1464489929,2.531162625513954e-05,0.0143138077812213,0.1625331056537214,7,,
deberta-v3-small,18,13,84.78835978835978,87.71466314398943,318427554,2.4024826538658997e-05,0.0082371122464721,0.1203053176222825,5,,
deberta-v3-small,18,14,65.60846560846561,70.80581241743725,1576117240,5.343141968852885e-06,0.0007476633563092,0.0988041555200368,2,,
deberta-v3-small,18,15,79.1005291005291,79.6565389696169,1669396764,5.0779399318148205e-06,5.812399640802944e-05,0.1972016267800274,4,,
deberta-v3-small,18,16,83.5978835978836,84.01585204755614,406334625,3.135717853636661e-05,0.00367728525608,0.1359936912042124,4,,
deberta-v3-small,18,17,84.12698412698413,85.73315719947159,1302810953,2.244380683483542e-05,0.0139824753163806,0.1116902860091613,4,,
deberta-v3-small,18,18,80.42328042328042,84.01585204755614,382833359,6.78757167530063e-06,0.000536550317358,0.1582512144294576,5,,
deberta-v3-small,18,19,84.92063492063492,84.80845442536328,1564401538,3.269988105113131e-05,2.2211273169811517e-05,0.1961295799599971,7,,
deberta-v3-small,18,20,82.4074074074074,84.14795244385733,882102874,8.988312747126752e-06,3.5535392786434784e-05,0.0340069469024791,5,,
deberta-v3-small,18,21,83.86243386243386,85.33685601056803,300781261,3.902827008744124e-05,0.0094612020168027,0.1543079698498101,8,,
deberta-v3-small,18,22,85.05291005291005,85.99735799207397,1592521261,4.13568921714038e-05,0.0213469262167426,0.1553510135342301,8,,
deberta-v3-small,18,23,82.14285714285714,86.39365918097754,1836410121,3.756440509330195e-05,0.0330268114894597,0.1053592366861522,9,,
deberta-v3-small,18,24,82.27513227513228,85.60105680317041,1438084214,9.523368570282085e-05,0.0164611204028375,0.0786645338900229,3,,
deberta-v3-small,18,25,82.4074074074074,84.67635402906208,714517289,3.021843557289405e-05,0.0571001477843003,0.1965659481418119,10,,
deberta-v3-small,18,26,80.82010582010582,81.77014531043594,466225845,1.0716369412681296e-05,3.539754243527041e-05,0.079197524190801,2,,
deberta-v3-small,18,27,82.4074074074074,84.14795244385733,1544371147,1.4419851207541985e-05,0.0001436025604477,0.121995447192739,3,,
deberta-v3-small,18,28,84.78835978835978,85.86525759577279,1698475691,6.505924152551934e-05,0.0048677518943658,0.0957540519205771,5,,
deberta-v3-small,18,29,82.67195767195767,84.28005284015852,811133648,2.03330730421862e-05,0.0214929849391095,0.0729762480909631,2,,
deberta-v3-small,19,0,83.75838926174497,85.3887399463807,978145851,1.2477878290845272e-05,0.000158003911166,0.0306327931535827,6,,
deberta-v3-small,19,1,84.69798657718121,85.3887399463807,92880977,2.7436594058214583e-05,0.0001367736862522,0.0764953246594221,3,,
deberta-v3-small,19,2,83.6241610738255,83.51206434316354,1602617813,2.2139074453527185e-05,0.0001512443790631,0.0785763423978882,2,,
deberta-v3-small,19,3,86.30872483221476,85.656836461126,1001956480,1.785778295942433e-05,0.0442285678637185,0.1817847137453154,6,,
deberta-v3-small,19,4,85.1006711409396,85.3887399463807,31446563,5.751011434501439e-05,0.000166974590041,0.020052776477314,10,,
deberta-v3-small,19,5,84.96644295302013,85.79088471849866,1731430965,5.593641152112383e-05,0.0001076967866614,0.0331740795639059,6,,
deberta-v3-small,19,6,83.75838926174497,84.04825737265415,1695129691,1.1022068105271542e-05,0.0002838981141936,0.0051185668760672,6,,
deberta-v3-small,19,7,85.23489932885906,85.3887399463807,1297963057,8.888673089335077e-06,0.0260506610698658,0.1421179135562508,7,,
deberta-v3-small,19,8,84.16107382550335,84.45040214477211,1564988910,3.308347004206688e-05,0.0004078303202887,0.0161212752448445,2,,
deberta-v3-small,19,9,81.87919463087249,82.70777479892762,2030722265,1.046479010690388e-05,0.0207730806073704,0.1070784036252683,2,,
deberta-v3-small,19,10,79.06040268456375,78.82037533512064,1326946400,6.645886891401844e-06,0.0020959174587147,0.0120615027726191,3,,
deberta-v3-small,19,11,84.69798657718121,85.25469168900804,2114081041,2.944474236225222e-05,0.0056219091062018,0.0004983624991967,3,,
deberta-v3-small,19,12,83.89261744966443,85.79088471849866,1669885894,9.892041331999216e-05,0.0023363874561421,0.0056996005020163,4,,
deberta-v3-small,19,13,84.83221476510067,85.52278820375335,56524074,9.557817754358214e-06,3.4732827736005706e-05,0.1524506886415788,5,,
deberta-v3-small,19,14,78.9261744966443,79.22252010723861,1226839395,7.444842672770758e-06,0.0002202778104227,0.0265723087332326,3,,
deberta-v3-small,19,15,85.50335570469798,86.72922252010724,930862591,2.695040296692193e-05,2.0544403057296345e-05,0.1995300531558611,5,,
deberta-v3-small,19,16,84.69798657718121,85.79088471849866,1208861829,1.1630094468644106e-05,0.0676643988892417,0.1672791991572798,9,,
deberta-v3-small,19,17,83.48993288590604,84.98659517426273,1846964406,7.672078970404567e-06,0.0836250591088719,0.1323210921233671,9,,
deberta-v3-small,19,18,84.56375838926175,86.05898123324397,1875605745,3.171564718909358e-05,0.0055325390778342,0.1231258359968398,4,,
deberta-v3-small,19,19,84.96644295302013,85.52278820375335,65063985,2.154920413189097e-05,0.0042734942720925,0.1527799612322562,6,,
deberta-v3-small,19,20,87.11409395973155,87.39946380697052,899948922,2.999837748413256e-05,0.0919415778858285,0.025518966277408,9,,
deberta-v3-small,19,21,85.50335570469798,85.52278820375335,117947550,6.017609923436856e-05,0.0508099335143043,0.0329454634182515,6,,
deberta-v3-small,19,22,86.97986577181209,85.92493297587131,1096050036,3.367459328011976e-05,0.0076063137062832,0.0395416811557205,3,,
deberta-v3-small,19,23,85.36912751677852,87.1313672922252,1657738066,3.1489812407899074e-05,4.9466717345445344e-05,0.060573565731415,10,,
deberta-v3-small,19,24,84.29530201342281,86.05898123324397,1555827629,9.785959316798762e-06,0.0003868509433628,0.0577977482044029,9,,
deberta-v3-small,19,25,83.75838926174497,85.25469168900804,1975938651,6.554976063825296e-05,0.0578794099186889,0.0152021928464214,10,,
deberta-v3-small,19,26,84.96644295302013,85.12064343163539,736523143,1.0310722843432806e-05,0.0004671675817753,0.0431492928063271,8,,
deberta-v3-small,19,27,84.16107382550335,84.85254691689008,1508813203,1.276565980819396e-05,0.0001726578641498,0.1647714598123293,6,,
deberta-v3-small,19,28,86.30872483221476,85.656836461126,902672535,2.229690464447145e-05,0.0455904908561013,0.132053141720618,10,,
deberta-v3-small,19,29,83.08724832214764,84.58445040214477,113715939,7.581151875072703e-06,0.0140999728122851,0.0524864249112076,8,,
deberta-v3-small,20,0,86.1842105263158,85.41392904073588,121928589,2.2374541672502896e-05,0.0360129770229552,0.110002517370571,9,,
deberta-v3-small,20,1,84.60526315789474,83.96846254927726,1898264706,2.2762805896021235e-05,6.775959350558613e-05,0.123922492867259,2,,
deberta-v3-small,20,2,85.78947368421052,83.5742444152431,637606341,8.152039432508492e-06,1.7264007299564395e-05,0.0503521540838478,5,,
deberta-v3-small,20,3,87.23684210526316,86.59658344283837,404673732,5.1381451342715055e-05,0.0001068862195912,0.0078358399519955,3,,
deberta-v3-small,20,4,84.07894736842105,85.80814717477004,642893396,3.801704029819687e-05,0.0163049732709687,0.0276123650336255,3,,
deberta-v3-small,20,5,84.86842105263158,86.46517739816032,177770972,5.4054776045934025e-05,0.0010609342144426,0.1405412932430394,4,,
deberta-v3-small,20,6,83.8157894736842,81.99737187910644,275978423,1.0353698729307714e-05,0.0095009850932443,0.1711668171645511,2,,
deberta-v3-small,20,7,85.92105263157895,86.2023653088042,150756724,5.637055820871535e-05,0.0002990662105514,0.1785762382991138,6,,
deberta-v3-small,20,8,86.97368421052632,86.33377135348226,857454304,6.489107405584936e-05,0.0003221647548879,0.1738256428110899,5,,
deberta-v3-small,20,9,85.65789473684211,84.88830486202366,688711993,1.8225867866271265e-05,0.0005526579002949,0.1258037933041525,4,,
deberta-v3-small,20,10,84.34210526315789,83.5742444152431,337786933,7.977621075196363e-06,0.0569158550116069,0.1406580953080267,5,,
deberta-v3-small,20,11,86.97368421052632,85.0197109067017,796577398,1.9767555561442264e-05,0.0139211789680003,0.045936617188943,3,,
deberta-v3-small,20,12,85.39473684210526,84.23127463863338,123348404,1.597111019800088e-05,0.0563248669728172,0.0858676327489528,4,,
deberta-v3-small,20,13,86.57894736842105,84.88830486202366,295508303,6.508303446810028e-05,1.520505455137664e-05,0.0568461984457177,9,,
deberta-v3-small,20,14,86.44736842105263,86.07095926412615,267595264,3.3669147135180124e-05,0.0004454419314768,0.0910601973307221,8,,
deberta-v3-small,20,15,86.05263157894737,86.07095926412615,568678450,1.875022731968103e-05,0.0011035011572947,0.1572511602667248,5,,
deberta-v3-small,20,16,86.05263157894737,85.15111695137976,635622217,1.4666396486447406e-05,7.177431495534732e-05,0.0103881722318924,7,,
deberta-v3-small,20,17,85.65789473684211,83.70565045992116,1424282352,6.118421176450115e-06,0.0001602577266775,0.0544569478312878,8,,
deberta-v3-small,20,18,87.36842105263158,87.3850197109067,944751311,4.680440584075449e-05,0.0065589383199424,0.1142171636639125,5,,
deberta-v3-small,20,19,86.97368421052632,86.2023653088042,464005345,1.7463493161965595e-05,0.0001464314415996,0.0111072681315187,5,,
deberta-v3-small,20,20,87.36842105263158,86.85939553219448,438421557,3.1484346406132225e-05,0.0057445453466391,0.1912250029230308,5,,
deberta-v3-small,20,21,87.23684210526316,86.99080157687254,1584756089,4.034474229147872e-05,2.3084787318743947e-05,0.0556602738675031,3,,
deberta-v3-small,20,22,86.1842105263158,84.7568988173456,1114298223,1.003805783273074e-05,0.0267319253274367,0.0928234478340349,9,,
deberta-v3-small,20,23,83.55263157894737,83.04862023653088,310393847,8.360091936589743e-06,0.0059087264123114,0.0885890071289428,4,,
deberta-v3-small,20,24,87.23684210526316,86.46517739816032,140406312,5.835671395205677e-05,0.0002519545419196,0.0096645957129141,3,,
deberta-v3-small,20,25,85.92105263157895,85.0197109067017,1710468862,1.6273071526428984e-05,0.0007750175677722,0.0133097324045017,3,,
deberta-v3-small,20,26,80.0,79.23784494086728,898897431,6.634166981007757e-06,0.0009264930468092,0.0631364907333548,3,,
deberta-v3-small,20,27,85.92105263157895,87.3850197109067,389524196,2.9288842298759062e-05,0.0002193415616729,0.1699946636227956,9,,
deberta-v3-small,20,28,85.65789473684211,85.0197109067017,249643716,3.527782756966377e-05,0.0014147206937717,0.1109181634676454,3,,
deberta-v3-small,20,29,85.92105263157895,85.28252299605782,471438445,8.19494445091799e-06,0.0649381239223829,0.1409149593204855,6,,
deberta-v3-small,21,0,82.6265389876881,84.69945355191257,1185823517,5.265965134912908e-06,0.0003638981285709,0.138874038301935,7,,
deberta-v3-small,21,1,84.54172366621067,88.79781420765028,1389405239,5.223352035150113e-05,0.0191405661599269,0.0015327428907775,3,,
deberta-v3-small,21,2,83.58413132694939,86.6120218579235,629128821,8.429033213764208e-06,1.3231492320691997e-05,0.113847603711575,7,,
deberta-v3-small,21,3,84.67852257181943,87.1584699453552,857293440,1.214432487375629e-05,5.158102961343166e-05,0.1287764031767956,4,,
deberta-v3-small,21,4,83.85772913816689,88.25136612021858,1967097313,6.954506304606277e-05,0.0144452712735296,0.0899417770943019,8,,
deberta-v3-small,21,5,84.95212038303694,88.66120218579235,607272296,1.871364349762812e-05,0.006949730597438,0.0854389278077064,9,,
deberta-v3-small,21,6,84.1313269493844,86.47540983606558,131765227,6.149252682198183e-05,7.658564238569601e-05,0.1437555756955927,8,,
deberta-v3-small,21,7,82.21614227086184,84.15300546448087,691831712,7.421218239485678e-06,0.0001233213028692,0.1132749974271551,6,,
deberta-v3-small,21,8,84.67852257181943,88.66120218579235,987291998,3.625708490534596e-05,0.0548188074586843,0.0565033869623782,6,,
deberta-v3-small,21,9,83.85772913816689,87.8415300546448,325233526,9.54354495653982e-05,2.456039908482829e-05,0.1102826724054713,5,,
deberta-v3-small,21,10,78.9329685362517,80.8743169398907,895165830,1.009263042545736e-05,0.0005801303368739,0.1722152191629913,2,,
deberta-v3-small,21,11,82.76333789329685,86.06557377049181,735410488,6.104438557848501e-06,0.0892546074621332,0.018228246667311,9,,
deberta-v3-small,21,12,82.9001367989056,86.74863387978142,1145925071,1.2436887640075672e-05,5.004079357627205e-05,0.0205050207050366,6,,
deberta-v3-small,21,13,84.54172366621067,87.56830601092896,2094178097,4.190287143461107e-05,0.0003312827024596,0.1108115598041337,10,,
deberta-v3-small,21,14,84.1313269493844,88.11475409836065,1559738674,9.369178638874646e-05,0.070540720905766,0.113147021561512,2,,
deberta-v3-small,21,15,84.67852257181943,87.56830601092896,360872874,2.1000711255146046e-05,0.0011891826830947,0.0015734228525578,10,,
deberta-v3-small,21,16,83.44733242134063,87.70491803278688,1251140159,1.4230961661121909e-05,8.899804992970035e-05,0.1234833476507005,9,,
deberta-v3-small,21,17,84.54172366621067,87.8415300546448,704352612,2.474485039459993e-05,0.0024409431142265,0.155661483827381,2,,
deberta-v3-small,21,18,83.31053351573188,88.93442622950819,1415600109,4.636917740422314e-05,2.142673726070069e-05,0.0160728732388561,3,,
deberta-v3-small,21,19,81.66894664842681,85.24590163934427,106073059,1.5605663784859822e-05,0.0014337543738591,0.1487291364270211,2,,
deberta-v3-small,21,20,84.81532147742818,86.74863387978142,371248262,8.737325172186054e-06,0.0014802965775016,0.137552437349581,4,,
deberta-v3-small,21,21,82.6265389876881,88.25136612021858,1714949463,2.9652003087354415e-05,0.0004097777701422,0.0745162057366785,8,,
deberta-v3-small,21,22,77.4281805745554,79.91803278688525,1717282821,8.095915926247153e-06,0.0350246269778195,0.0225740831591572,2,,
deberta-v3-small,21,23,83.58413132694939,88.11475409836065,417073645,4.930855516011791e-05,2.562970886788393e-05,0.1454877854301843,9,,
deberta-v3-small,21,24,84.95212038303694,88.79781420765028,2033672565,6.908194571729876e-05,2.127791739574068e-05,0.1748241349011351,2,,
deberta-v3-small,21,25,84.54172366621067,88.3879781420765,1679697948,1.979093768400608e-05,5.879690634365474e-05,0.0795113149549379,10,,
deberta-v3-small,21,26,82.76333789329685,87.02185792349727,1710653646,7.844575518468764e-05,1.1793813596063547e-05,0.0149813494175323,8,,
deberta-v3-small,21,27,83.44733242134063,87.97814207650273,451056081,2.81600878624915e-05,6.729050192257384e-05,0.1593803483369212,6,,
deberta-v3-small,21,28,82.48974008207934,85.79234972677595,2102956124,9.140494734426612e-05,5.5549868699572914e-05,0.1863072845844748,5,,
deberta-v3-small,21,29,82.9001367989056,86.88524590163935,1770600447,5.841752624395706e-06,0.0064168157245446,0.1191723111003421,8,,
deberta-v3-small,22,0,85.30183727034121,85.17060367454069,2051904338,7.539794574342807e-05,0.0012611774506163,0.1048097412507896,9,,
deberta-v3-small,22,1,86.22047244094489,85.03937007874016,574528860,1.4806930728453736e-05,1.640381688169863e-05,0.0478581116985091,4,,
deberta-v3-small,22,2,86.48293963254594,84.12073490813648,799876680,4.4953844361187504e-05,0.0015012461235135,0.0148282170902258,2,,
deberta-v3-small,22,3,83.85826771653544,85.17060367454069,1637816991,1.2014743765641764e-05,0.0012677643977409,0.0037080558083261,4,,
deberta-v3-small,22,4,85.43307086614173,85.69553805774278,1177947153,7.724341874621013e-05,5.335947634723706e-05,0.0353841335348569,8,,
deberta-v3-small,22,5,87.53280839895014,84.64566929133858,1157941193,3.756711929980729e-05,0.0048039614882531,0.1063803372867251,3,,
deberta-v3-small,22,6,84.90813648293964,85.17060367454069,537303473,1.4586936630896373e-05,0.0006440471380187,0.0661087938131666,8,,
deberta-v3-small,22,7,85.69553805774278,83.07086614173228,1803951288,2.1899230012126185e-05,5.7924648066719466e-05,0.0497712582893276,2,,
deberta-v3-small,22,8,86.48293963254594,83.98950131233596,373979769,1.6938811615967778e-05,0.0006568300818007,0.1321724013861195,7,,
deberta-v3-small,22,9,85.69553805774278,85.95800524934383,108903221,3.1204795814506234e-05,0.0007181345014209,0.0005562488328229,6,,
deberta-v3-small,22,10,86.35170603674541,84.90813648293964,1117932554,5.329220479856335e-05,2.948004811713165e-05,0.0452199961644076,9,,
deberta-v3-small,22,11,86.74540682414698,84.64566929133858,932204764,1.9159870960121e-05,0.0003652876459125,0.1741900607942176,4,,
deberta-v3-small,22,12,83.98950131233596,84.12073490813648,1967132891,7.847728236525068e-06,0.007251664094258,0.1043089057468809,8,,
deberta-v3-small,22,13,87.00787401574803,84.7769028871391,1874080062,2.798098917650965e-05,0.0172386705569032,0.1019643399366499,7,,
deberta-v3-small,22,14,78.74015748031496,78.87139107611549,1022243295,6.946372527440466e-06,0.0001928865832787,0.0076441513582258,2,,
deberta-v3-small,22,15,84.51443569553805,84.12073490813648,642580479,2.644186799290303e-05,0.0231152713228501,0.0163413221730411,10,,
deberta-v3-small,22,16,86.35170603674541,83.98950131233596,1315795597,4.304322078585807e-05,4.686132020649919e-05,0.1784876593669135,4,,
deberta-v3-small,22,17,85.17060367454069,84.7769028871391,1666466748,1.4630318741512183e-05,2.133136672140045e-05,0.023749569799469,10,,
deberta-v3-small,22,18,85.30183727034121,85.17060367454069,2077029389,1.6562516545264805e-05,0.0384723653549842,0.1981707853714229,5,,
deberta-v3-small,22,19,85.56430446194226,85.43307086614173,2133691077,5.692578700493822e-05,0.0001637693827938,0.1290476233431876,2,,
deberta-v3-small,22,20,82.54593175853019,81.62729658792651,717305740,1.6132006713096446e-05,1.1922548975644098e-05,0.142731650475534,2,,
deberta-v3-small,22,21,85.30183727034121,83.72703412073491,147585475,2.9663732223517137e-05,5.2064518509861554e-05,0.0133690013373382,2,,
deberta-v3-small,22,22,82.54593175853019,81.49606299212599,1057050003,5.541758844204683e-06,4.3009809714236274e-05,0.1770246950880403,4,,
deberta-v3-small,22,23,86.22047244094489,84.51443569553805,573016776,5.151411000932741e-05,0.0008160122838362,0.0755080114719109,4,,
deberta-v3-small,22,24,86.35170603674541,83.72703412073491,305513588,1.8742931020673148e-05,0.0114987290012221,0.1257908939479196,5,,
deberta-v3-small,22,25,86.74540682414698,84.12073490813648,161866968,5.526259276406269e-05,0.0007812759986873,0.0207375389187594,5,,
deberta-v3-small,22,26,86.48293963254594,84.90813648293964,1707787725,4.659282168961508e-05,0.0011920166562195,0.1121325087302129,6,,
deberta-v3-small,22,27,83.98950131233596,83.2020997375328,291008912,1.6669836072665536e-05,0.002815474363606,0.1567270560405251,2,,
deberta-v3-small,22,28,85.17060367454069,83.46456692913385,1209400873,7.885790958715883e-05,0.0002392752126218,0.1532708241089481,7,,
deberta-v3-small,22,29,83.46456692913385,83.59580052493439,765054039,8.299682812925973e-06,0.0004066134273067,0.1103664068491093,4,,
deberta-v3-small,23,0,84.76821192052981,86.5079365079365,28011347,7.114103951405097e-06,0.0001754790958164,0.070020797026222,8,,
deberta-v3-small,23,1,85.43046357615894,87.43386243386243,168676767,3.301111532081587e-05,0.0101824524528303,0.151378535922269,9,,
deberta-v3-small,23,2,83.04635761589404,86.9047619047619,1669840424,9.286094042800662e-05,0.0072153893712671,0.0318441362402532,2,,
deberta-v3-small,23,3,85.96026490066225,85.97883597883597,874928674,2.115055071507255e-05,0.0276721912691871,0.0287927125244801,6,,
deberta-v3-small,23,4,84.90066225165563,86.9047619047619,298740265,3.025116634931312e-05,0.0013694505620349,0.0549631215515328,7,,
deberta-v3-small,23,5,85.96026490066225,86.5079365079365,873599656,5.52571446056621e-05,0.0007751439593872,0.1794647500041754,5,,
deberta-v3-small,23,6,84.50331125827815,84.39153439153439,542840989,6.606369167897603e-06,0.003530693526449,0.0363492693105924,8,,
deberta-v3-small,23,7,85.96026490066225,85.71428571428571,1574460886,5.769197187006589e-05,0.0004751073573674,0.1495813112032339,3,,
deberta-v3-small,23,8,84.90066225165563,85.18518518518519,1312652297,1.2542213481956825e-05,0.0001728219264666,0.1643902812740006,6,,
deberta-v3-small,23,9,84.76821192052981,86.64021164021165,1041386749,1.7707684062134874e-05,0.000359670542208,0.1823282993449219,6,,
deberta-v3-small,23,10,86.09271523178808,87.16931216931216,1253886756,8.837371699234683e-05,1.2532707375519652e-05,0.1528793057516491,8,,
deberta-v3-small,23,11,83.97350993377484,83.5978835978836,800878475,6.839816524743504e-06,1.4863514715703553e-05,0.0049654751360432,4,,
deberta-v3-small,23,12,86.75496688741723,86.24338624338624,1924513338,2.459596206154394e-05,0.0048181900375939,0.1666836544839123,8,,
deberta-v3-small,23,13,84.90066225165563,86.24338624338624,72763509,3.570555202489679e-05,0.0449474586980821,0.1165366126910307,3,,
deberta-v3-small,23,14,83.44370860927152,84.52380952380952,1341856243,1.6824039443280985e-05,2.8793700155826075e-05,0.0578886658689617,3,,
deberta-v3-small,23,15,86.49006622516556,86.77248677248677,815934895,5.769930969025426e-05,0.001751190371289,0.0410089574722293,6,,
deberta-v3-small,23,16,82.11920529801324,82.93650793650794,1198342835,8.828053880051434e-06,0.0011464589451128,0.1293492845112269,4,,
deberta-v3-small,23,17,85.29801324503312,86.37566137566138,1858301080,7.366882681795542e-05,0.0001202570575253,0.1275141580550738,5,,
deberta-v3-small,23,18,85.03311258278146,85.05291005291005,1067496752,1.204271341831697e-05,0.0002588879363843,0.1582306116577752,7,,
deberta-v3-small,23,19,84.50331125827815,84.65608465608466,1953453289,3.461825706526477e-05,0.0049841920126943,0.1025228184975592,7,,
deberta-v3-small,23,20,83.57615894039735,86.24338624338624,811467551,1.1012978816732742e-05,2.62330543301326e-05,0.186401768734097,5,,
deberta-v3-small,23,21,85.43046357615894,85.84656084656085,1030348912,1.7253949734899658e-05,0.0263812835334668,0.0922309134162199,6,,
deberta-v3-small,23,22,83.70860927152317,85.84656084656085,150419381,1.7698204285036657e-05,0.0001015042782949,0.1659394837820273,7,,
deberta-v3-small,23,23,85.56291390728477,86.11111111111111,1030787313,4.231271835563391e-05,0.0127497317105923,0.1826663202404947,6,,
deberta-v3-small,23,24,86.35761589403974,85.31746031746032,942315294,3.160304935538269e-05,0.0006687415479275,0.0695653814649261,7,,
deberta-v3-small,23,25,85.82781456953643,86.77248677248677,496201632,2.9963145813685187e-05,0.0005986326958727,0.0355592746927978,4,,
deberta-v3-small,23,26,84.50331125827815,84.12698412698413,204089524,9.89086736074926e-06,0.0026957039136449,0.0713067429881342,4,,
deberta-v3-small,23,27,84.63576158940397,85.31746031746032,1505444202,1.587836841899244e-05,8.896074624645602e-05,0.1239736509095789,7,,
deberta-v3-small,23,28,85.56291390728477,85.71428571428571,1398284734,2.290928593124227e-05,5.145046912623873e-05,0.035658706372496,9,,
deberta-v3-small,23,29,83.84105960264901,84.12698412698413,1885066089,7.678205820784114e-06,1.1843413546483836e-05,0.0089805130553135,10,,
deberta-v3-small,24,0,85.92105263157895,86.3157894736842,1652563050,7.867282172354763e-05,0.006086074820778,0.1069745054326582,2,,
deberta-v3-small,24,1,85.13157894736842,85.92105263157895,2134816555,9.335920028272424e-05,6.899932091101381e-05,0.1492131776868095,8,,
deberta-v3-small,24,2,65.78947368421052,70.0,1861577881,5.020632433462552e-06,0.0111105116625456,0.1195774873121063,2,,
deberta-v3-small,24,3,82.23684210526316,82.76315789473684,905590744,1.3441490032747286e-05,0.0354686357248658,0.0578079935126143,2,,
deberta-v3-small,24,4,85.52631578947368,83.6842105263158,722954822,1.9307197865555744e-05,0.0013993626118101,0.0638679738616979,3,,
deberta-v3-small,24,5,86.84210526315789,85.0,1730144489,5.010734647196227e-05,7.787605520220511e-05,0.1591546842112046,4,,
deberta-v3-small,24,6,86.57894736842105,85.26315789473684,939876724,1.3276422264207383e-05,0.000202344175597,0.1340375463558958,7,,
deberta-v3-small,24,7,83.28947368421052,83.94736842105263,179429325,7.363647792353447e-06,1.4895587530941296e-05,0.0647732449316025,5,,
deberta-v3-small,24,8,83.28947368421052,80.92105263157895,1834303353,1.1995150232291193e-05,0.0002637250396527,0.0643805568101389,2,,
deberta-v3-small,24,9,85.39473684210526,85.78947368421052,245371591,7.651101169550332e-05,0.0029023201520262,0.1491613819538024,7,,
deberta-v3-small,24,10,84.21052631578948,84.86842105263158,1406736319,1.1703738807849932e-05,0.0735410801033896,0.1764317806940038,4,,
deberta-v3-small,24,11,85.65789473684211,84.21052631578948,70690382,2.2123204553269883e-05,3.135641664442944e-05,0.0502744352113334,5,,
deberta-v3-small,24,12,87.23684210526316,85.65789473684211,2103707109,2.508813085434112e-05,0.0001569949678762,0.1925729232384124,6,,
deberta-v3-small,24,13,84.47368421052632,82.89473684210526,1411493853,1.0119174336237931e-05,0.0029024535965014,0.0917835766310811,4,,
deberta-v3-small,24,14,85.78947368421052,84.73684210526316,1241161000,1.4036845948773194e-05,0.0001781849024317,0.0097877657912768,6,,
deberta-v3-small,24,15,85.78947368421052,86.1842105263158,1436006866,2.336023354317109e-05,6.0520312006120745e-05,0.1861944978381079,5,,
deberta-v3-small,24,16,85.39473684210526,86.44736842105263,255916233,4.001103320199344e-05,4.005920525485647e-05,0.0705480942773658,9,,
deberta-v3-small,24,17,83.15789473684211,82.36842105263158,1902082183,6.239790415350369e-06,2.667335637169418e-05,0.1659259223306886,6,,
deberta-v3-small,24,18,86.84210526315789,88.02631578947368,439992128,6.779911712462778e-05,0.0003246694977608,0.1433148571206743,4,,
deberta-v3-small,24,19,84.47368421052632,83.94736842105263,877298231,9.756043863730937e-06,0.0005358701346009,0.0527808274615126,5,,
deberta-v3-small,24,20,83.28947368421052,81.97368421052632,398300103,8.616329772889045e-06,0.0009927741082978,0.0760821704749548,3,,
deberta-v3-small,24,21,86.71052631578948,85.78947368421052,1861581265,5.980336160766627e-05,0.0002292552906806,0.1379778546550319,7,,
deberta-v3-small,24,22,85.52631578947368,86.05263157894737,134727837,9.438581485818956e-05,0.0001889233611754,0.0630421351964382,9,,
deberta-v3-small,24,23,85.78947368421052,84.73684210526316,1850606661,3.7987952656474615e-05,0.0302139424240999,0.1700397988501368,2,,
deberta-v3-small,24,24,83.94736842105263,83.02631578947368,919739690,1.6901538243482217e-05,0.0009165320087887,0.1900306038989995,2,,
deberta-v3-small,24,25,86.1842105263158,86.71052631578948,1673678125,1.7889348792280046e-05,0.0016662797567253,0.0217742871187125,8,,
deberta-v3-small,24,26,86.97368421052632,86.84210526315789,251646253,6.189253779962236e-05,0.0044732747903683,0.043664763874579,7,,
deberta-v3-small,24,27,86.3157894736842,86.84210526315789,159897995,6.326181907826724e-05,6.607114376917644e-05,0.139036704896517,8,,
deberta-v3-small,24,28,86.57894736842105,86.3157894736842,1345553001,3.0253262749622725e-05,0.0006479732941668,0.1220173279963812,7,,
deberta-v3-small,24,29,86.97368421052632,85.92105263157895,917861776,9.435618390414928e-05,0.0776770915223862,0.1705800931504548,4,,
deberta-v3-small,25,0,81.8543046357616,85.96026490066225,1101554991,1.3653171273163342e-05,0.0269854020075014,0.0914067326961942,3,,
deberta-v3-small,25,1,84.23841059602648,86.49006622516556,1434949947,3.369352148442092e-05,0.0082065099583748,0.0400846308710673,3,,
deberta-v3-small,25,2,83.3112582781457,85.69536423841059,274842371,1.2016920936933988e-05,0.0009978496530746,0.0063658090878752,4,,
deberta-v3-small,25,3,83.97350993377484,84.90066225165563,133904039,5.038806413954413e-06,1.2877567754625486e-05,0.1505963296794928,10,,
deberta-v3-small,25,4,86.09271523178808,86.88741721854305,1456920437,6.217104461306163e-05,0.0009754218388745,0.0554046065635519,7,,
deberta-v3-small,25,5,79.60264900662251,83.04635761589404,627577997,5.842957996669636e-06,0.0611321616813627,0.0043968084452016,4,,
deberta-v3-small,25,6,85.56291390728477,86.49006622516556,1821725040,2.3694263400758917e-05,0.0525487260458659,0.1590181200748407,6,,
deberta-v3-small,25,7,85.03311258278146,85.29801324503312,1823099238,1.916113246691544e-05,0.0003369737852484,0.0410493760390829,10,,
deberta-v3-small,25,8,84.37086092715232,86.35761589403974,444793895,1.4816515585180229e-05,0.0487788818138444,0.1179205562118645,4,,
deberta-v3-small,25,9,82.25165562913908,84.37086092715232,742962243,1.7381807745753613e-05,3.7601841642767335e-05,0.1519332006379648,2,,
deberta-v3-small,25,10,81.45695364238411,83.44370860927152,1832006744,1.6169627089589315e-05,0.0177086204656249,0.0465502243161722,2,,
deberta-v3-small,25,11,82.91390728476821,84.90066225165563,803892756,1.1456083875680432e-05,1.6545966749354362e-05,0.160683300800622,6,,
deberta-v3-small,25,12,84.23841059602648,86.2251655629139,1884601921,8.585032959019569e-06,0.0231183408945862,0.0682677014909396,9,,
deberta-v3-small,25,13,81.32450331125828,83.17880794701986,432440141,8.557800990025302e-06,0.0001067704685543,0.0396235980320297,3,,
deberta-v3-small,25,14,70.06622516556291,71.78807947019868,660384755,6.076738433280334e-06,0.0024749922500724,0.1458968627327219,2,,
deberta-v3-small,25,15,85.82781456953643,87.01986754966887,329900101,2.5461084507068327e-05,0.0005069368057853,0.0932596021919811,9,,
deberta-v3-small,25,16,86.09271523178808,86.75496688741723,1775304694,4.2875049619362965e-05,8.558632119531827e-05,0.1415668124342572,9,,
deberta-v3-small,25,17,81.32450331125828,83.97350993377484,1515398127,7.2256007295395485e-06,0.056478799424948,0.0554094099725853,4,,
deberta-v3-small,25,18,83.84105960264901,85.96026490066225,781747652,9.957650303476316e-06,7.380190278411505e-05,0.0040906278381881,9,,
deberta-v3-small,25,19,83.70860927152317,85.69536423841059,1955019707,1.5582449098598717e-05,0.0003521288464424,0.0324515222223282,3,,
deberta-v3-small,25,20,74.83443708609272,76.42384105960265,1266436857,5.659264087333693e-06,0.0107468638597945,0.1086653994151305,2,,
deberta-v3-small,25,21,84.90066225165563,87.01986754966887,1583307680,1.6878211905620614e-05,2.366569069172981e-05,0.0374285692315592,9,,
deberta-v3-small,25,22,84.37086092715232,86.88741721854305,595440246,2.876972149208228e-05,0.0002306819067038,0.1930919302249817,9,,
deberta-v3-small,25,23,83.04635761589404,85.69536423841059,1802943108,3.842269824837421e-05,0.0014113082144025,0.117739133912144,2,,
deberta-v3-small,25,24,83.84105960264901,85.69536423841059,170471420,8.703476015750522e-06,0.0593820793380165,0.1163813994468363,5,,
deberta-v3-small,25,25,81.8543046357616,85.43046357615894,289835439,5.12893500583987e-06,0.0170766107856094,0.1826683732537287,8,,
deberta-v3-small,25,26,83.04635761589404,85.03311258278146,1784330716,1.5240264353557956e-05,0.0879625952157368,0.0115559263084005,2,,
deberta-v3-small,25,27,85.43046357615894,87.68211920529801,1671267334,6.804403408447124e-05,1.151807606832854e-05,0.0235147195011061,5,,
deberta-v3-small,25,28,83.84105960264901,87.94701986754967,703515238,1.4704645088120132e-05,0.0002437189666234,0.1711913728026877,5,,
deberta-v3-small,25,29,83.57615894039735,86.35761589403974,1901783165,5.793753685305145e-06,1.9347351049858717e-05,0.1543557270149834,10,,
deberta-v3-small,26,0,85.08064516129032,82.14765100671141,503678800,8.51275494856912e-06,0.0004816736578829,0.0021484571549625,7,,
deberta-v3-small,26,1,85.08064516129032,83.89261744966443,1894790912,1.0006745300554053e-05,0.0017900548547681,0.1147497297500179,8,,
deberta-v3-small,26,2,85.61827956989248,82.68456375838926,818387585,1.043572214171911e-05,7.607428153668947e-05,0.1657776467428765,7,,
deberta-v3-small,26,3,85.34946236559139,82.68456375838926,662809555,3.365144239016434e-05,1.5339259269040875e-05,0.1751793193378281,2,,
deberta-v3-small,26,4,85.61827956989248,82.68456375838926,1007202384,1.2391294415288436e-05,0.0001621558413907,0.0162069322531679,5,,
deberta-v3-small,26,5,85.88709677419355,84.96644295302013,297898794,2.1106888982558937e-05,1.900591457926541e-05,0.1732885630725065,9,,
deberta-v3-small,26,6,85.08064516129032,80.80536912751678,259480380,6.598845594448762e-06,0.0052591369992872,0.191912992062093,8,,
deberta-v3-small,26,7,86.82795698924731,85.1006711409396,1782459296,5.622811338080415e-05,3.352072468775724e-05,0.1649220688189568,7,,
deberta-v3-small,26,8,84.00537634408602,80.53691275167785,1624461704,2.010410916938228e-05,6.802166677977643e-05,0.1991139635947746,2,,
deberta-v3-small,26,9,85.48387096774194,84.96644295302013,1655909597,1.5899442551761928e-05,5.499252306443181e-05,0.0294226272087537,10,,
deberta-v3-small,26,10,87.76881720430107,84.56375838926175,848131348,1.926911845984268e-05,0.012908413025561,0.0989800639108574,10,,
deberta-v3-small,26,11,87.36559139784946,84.29530201342281,255759410,4.953109155257071e-05,0.0007514513534881,0.1745453563304632,8,,
deberta-v3-small,26,12,87.36559139784946,84.83221476510067,1461650646,3.658036085619434e-05,0.0004194299908368,0.0345358718818614,10,,
deberta-v3-small,26,13,81.98924731182795,79.46308724832215,1839578512,6.40412553108086e-06,0.0090054316623285,0.1352890443686018,4,,
deberta-v3-small,26,14,86.29032258064517,83.08724832214764,658583932,6.019286596262195e-05,5.304733488365495e-05,0.0830477854942244,2,,
deberta-v3-small,26,15,84.40860215053763,83.35570469798658,1424064777,1.3445154265710907e-05,0.0003645011034484,0.008621696289009,6,,
deberta-v3-small,26,16,82.93010752688173,81.0738255033557,262099385,6.4231691909936925e-06,8.127941676407887e-05,0.139891871335498,6,,
deberta-v3-small,26,17,87.09677419354838,82.95302013422818,860739716,1.587306846608787e-05,0.0002199110950318,0.1792384877606244,7,,
deberta-v3-small,26,18,84.94623655913979,83.6241610738255,48363641,8.45079150858476e-05,0.0013614019377282,0.1336236394959817,8,,
deberta-v3-small,26,19,81.72043010752688,79.86577181208054,1998500701,6.195498580556498e-06,0.0334667364312434,0.0150870240683293,4,,
deberta-v3-small,26,20,83.60215053763442,83.48993288590604,1644411278,6.367907756298007e-05,0.0029179005893204,0.1973936554843202,2,,
deberta-v3-small,26,21,85.88709677419355,84.16107382550335,1404811903,1.27456292776358e-05,6.512709706446057e-05,0.0027073716134753,7,,
deberta-v3-small,26,22,86.69354838709677,84.16107382550335,739356151,3.007484026678002e-05,0.0033770909190955,0.07106373754452,5,,
deberta-v3-small,26,23,84.6774193548387,83.6241610738255,1737908554,1.1243434023715131e-05,7.440096289844951e-05,0.0373227775691427,8,,
deberta-v3-small,26,24,85.75268817204301,82.95302013422818,1604400025,1.5567415688213166e-05,0.063659145721203,0.0455099756302505,7,,
deberta-v3-small,26,25,85.34946236559139,82.68456375838926,1977585546,1.596706030731385e-05,1.7326690081680147e-05,0.0143052224900008,5,,
deberta-v3-small,26,26,83.46774193548387,80.93959731543625,1445720806,7.499779540013754e-06,0.0004262115389318,0.1411271750556968,3,,
deberta-v3-small,26,27,86.82795698924731,83.48993288590604,379469215,3.0935005033984325e-05,0.0028491002223133,0.1154758612997249,4,,
deberta-v3-small,26,28,86.69354838709677,84.42953020134229,2112620637,4.68870388202142e-05,0.0579351402202849,0.1262155039552516,4,,
deberta-v3-small,26,29,85.61827956989248,81.47651006711409,316694224,6.807253652671572e-06,4.344575424179335e-05,0.1912606072627917,5,,
deberta-v3-small,27,0,85.05291005291005,84.92063492063492,2027637555,6.341712660234609e-06,0.021371626296888,0.0560114376525018,7,,
deberta-v3-small,27,1,85.58201058201058,86.64021164021165,868977162,3.884322569524408e-05,0.06595522699844,0.0343751339857777,3,,
deberta-v3-small,27,2,85.84656084656085,86.64021164021165,1482487270,4.944013675868444e-05,0.0001535311477972,0.118564213244744,3,,
deberta-v3-small,27,3,87.16931216931216,85.58201058201058,1363763302,3.802343531752495e-05,0.0002703482000161,0.0816768897299471,7,,
deberta-v3-small,27,4,87.56613756613757,86.11111111111111,2000639938,4.232654937347383e-05,0.0070592283903803,0.1348317640365975,4,,
deberta-v3-small,27,5,85.58201058201058,84.39153439153439,1561516712,1.0133098924124784e-05,0.0337816491992185,0.0995803798287791,8,,
deberta-v3-small,27,6,85.18518518518519,85.31746031746032,2126433363,6.422638978260979e-05,0.0314039376327042,0.1748958211361724,2,,
deberta-v3-small,27,7,86.5079365079365,85.05291005291005,1635335552,6.903650152744031e-05,0.0826782495001652,0.1961775881255204,10,,
deberta-v3-small,27,8,86.5079365079365,85.18518518518519,1797987455,5.7185561044517365e-05,0.0032285925248156,0.0808850053850704,5,,
deberta-v3-small,27,9,84.65608465608466,81.74603174603175,637062615,1.3333111485583246e-05,9.775238063231346e-05,0.031961398943867,2,,
deberta-v3-small,27,10,85.97883597883597,85.31746031746032,749716254,9.920724680375265e-06,8.523998168653023e-05,0.1050571819794816,7,,
deberta-v3-small,27,11,84.65608465608466,83.33333333333333,1817939247,8.56199819826953e-06,3.70641446690825e-05,0.0669834067599644,4,,
deberta-v3-small,27,12,85.97883597883597,86.77248677248677,782112445,3.624386330634174e-05,0.0002162195383628,0.1476393413944572,3,,
deberta-v3-small,27,13,86.5079365079365,85.05291005291005,1389820643,1.592196512439709e-05,2.0471064838049512e-05,0.0144048763303681,9,,
deberta-v3-small,27,14,86.77248677248677,86.24338624338624,294959277,4.835699271893663e-05,0.001457812537463,0.0817139116185956,2,,
deberta-v3-small,27,15,86.24338624338624,84.92063492063492,1774972888,7.138842582882228e-05,2.2187224799115893e-05,0.0023594256100458,5,,
deberta-v3-small,27,16,85.18518518518519,85.05291005291005,307886250,2.793532591596755e-05,0.0006123737744882,0.0681340465995035,2,,
deberta-v3-small,27,17,85.18518518518519,85.84656084656085,54820612,3.254436587300695e-05,6.103466681959665e-05,0.1261971008292324,4,,
deberta-v3-small,27,18,86.37566137566138,85.84656084656085,1496440790,2.8355774588258547e-05,0.0140561579260032,0.1129621498901581,5,,
deberta-v3-small,27,19,85.97883597883597,84.92063492063492,1119042494,1.2492711273388894e-05,0.0014970421999891,0.1944148886370923,7,,
deberta-v3-small,27,20,85.71428571428571,83.73015873015873,1562380556,5.595092071808308e-05,2.5928281593032688e-05,0.1518441680180409,6,,
deberta-v3-small,27,21,86.77248677248677,85.18518518518519,1927048196,4.432396152184947e-05,0.0001077540187776,0.011291209570486,10,,
deberta-v3-small,27,22,86.11111111111111,85.18518518518519,379170652,5.634245433078148e-06,0.0002587916497234,0.0707164234817419,10,,
deberta-v3-small,27,23,84.78835978835978,83.73015873015873,984892814,1.609223294576794e-05,0.023130182322969,0.1418639282613337,2,,
deberta-v3-small,27,24,86.77248677248677,85.97883597883597,1606549941,2.444415805414984e-05,3.798970030424236e-05,0.0043386755324754,10,,
deberta-v3-small,27,25,81.48148148148148,84.12698412698413,1977018726,6.4348136168879294e-06,0.0087076950390836,0.0477225952869679,8,,
deberta-v3-small,27,26,87.16931216931216,85.31746031746032,1387984927,2.1648494644439263e-05,9.15873046615118e-05,0.1882072487988579,10,,
deberta-v3-small,27,27,84.92063492063492,85.97883597883597,1371216027,3.877811068944938e-05,0.0052803890063816,0.1611693807084245,4,,
deberta-v3-small,27,28,85.58201058201058,83.46560846560847,2043350811,9.268845164532044e-05,4.52357849358241e-05,0.0651150954380494,10,,
deberta-v3-small,27,29,84.12698412698413,83.994708994709,2187705,9.495184971937584e-05,0.0712852932082238,0.0710646444981654,8,,
deberta-v3-small,28,0,85.37234042553192,85.63829787234043,1405875629,2.848083434355157e-05,3.8591531747374936e-05,0.1655833245465623,7,,
deberta-v3-small,28,1,84.30851063829788,85.1063829787234,419475981,9.555093327210504e-05,0.0016838508075542,0.1672740432698137,9,,
deberta-v3-small,28,2,87.10106382978724,85.90425531914893,686056011,6.572573011774152e-05,8.550187245433555e-05,0.0799547221431334,5,,
deberta-v3-small,28,3,85.37234042553192,85.1063829787234,2093889914,1.4229480793694676e-05,0.0090757688313637,0.1967204036865614,10,,
deberta-v3-small,28,4,85.50531914893617,85.37234042553192,869712457,3.83327368767515e-05,0.0005645970993313,0.0099632867941073,3,,
deberta-v3-small,28,5,85.37234042553192,85.1063829787234,1005367171,3.494115771042025e-05,0.019383697258448,0.0226244295964573,5,,
deberta-v3-small,28,6,82.7127659574468,82.97872340425532,1873723638,8.0859887969697e-06,1.4471849430209896e-05,0.0542032997489669,4,,
deberta-v3-small,28,7,85.50531914893617,86.0372340425532,1698436253,3.3857122818868226e-05,0.0061287890877552,0.0921418696942062,6,,
deberta-v3-small,28,8,83.51063829787235,85.77127659574468,1055021720,8.647846857506747e-05,2.1696977133098413e-05,0.1195410692918726,3,,
deberta-v3-small,28,9,84.70744680851064,82.97872340425532,1201982139,1.0596919516370968e-05,0.0001303255065116,0.1885441342711066,7,,
deberta-v3-small,28,10,85.37234042553192,86.56914893617021,1193323544,9.609579443795598e-05,0.0118743303278559,0.1489338519705408,3,,
deberta-v3-small,28,11,84.17553191489361,83.77659574468085,2111619111,1.335104201560565e-05,0.0131750631084115,0.1216835774324412,9,,
deberta-v3-small,28,12,85.90425531914893,85.50531914893617,982424640,2.5507687822244952e-05,7.433116529600962e-05,0.163674351361058,7,,
deberta-v3-small,28,13,81.38297872340425,81.64893617021276,640879203,1.3868753035800904e-05,0.0002335478985282,0.1220565676381769,2,,
deberta-v3-small,28,14,85.37234042553192,86.30319148936171,1947563200,2.073472433193065e-05,0.0079627676845452,0.0987151555796477,9,,
deberta-v3-small,28,15,86.0372340425532,86.30319148936171,1463015617,1.8548841002728262e-05,0.0001478049916369,0.0415107053267865,5,,
deberta-v3-small,28,16,85.1063829787234,85.23936170212765,1288843742,5.403163332775506e-05,0.0003951917846249,0.1183110467465697,9,,
deberta-v3-small,28,17,84.04255319148936,84.97340425531915,985561943,1.112354586648144e-05,0.0085810858716471,0.105634209386722,8,,
deberta-v3-small,28,18,84.57446808510639,84.04255319148936,947200911,1.281728540780248e-05,0.0539861951949675,0.1559134432890477,3,,
deberta-v3-small,28,19,85.77127659574468,86.83510638297872,1551711358,8.291026014367679e-05,0.0005167280627313,0.1094509595113523,8,,
deberta-v3-small,28,20,84.57446808510639,84.44148936170212,1361464575,9.633525938940944e-06,2.1422845770400576e-05,0.18378314195386,7,,
deberta-v3-small,28,21,85.1063829787234,85.23936170212765,692094479,2.3814757844661275e-05,0.0196468375229769,0.0127709213243626,4,,
deberta-v3-small,28,22,86.83510638297872,86.30319148936171,186708759,3.405465571230867e-05,0.0002208730814906,0.1958651183634172,7,,
deberta-v3-small,28,23,82.04787234042553,82.18085106382979,1642491450,8.113439115331641e-06,0.0542133839565265,0.041564203701321,3,,
deberta-v3-small,28,24,85.1063829787234,85.90425531914893,1193975703,4.417330777471825e-05,0.0928130383191806,0.0734868067407843,9,,
deberta-v3-small,28,25,85.23936170212765,84.84042553191489,472372585,8.603904081284497e-06,0.0001729123182583,0.0856499658909897,6,,
deberta-v3-small,28,26,85.90425531914893,85.63829787234043,668043545,9.448492266976042e-05,1.0282197584117008e-05,0.1397431316715252,8,,
deberta-v3-small,28,27,86.17021276595744,84.44148936170212,1840587052,2.476270905390265e-05,0.0001508996558708,0.0849275971032087,5,,
deberta-v3-small,28,28,83.6436170212766,85.1063829787234,20791632,1.0020120072778682e-05,3.606101326971336e-05,0.161671172306984,10,,
deberta-v3-small,28,29,85.63829787234043,87.36702127659575,1115716925,9.43570493082482e-05,0.0162356309514152,0.1123292914169248,7,,
deberta-v3-small,29,0,87.05416116248348,86.12945838837517,2123932898,1.881795009231893e-05,2.077926306852744e-05,0.1771384697313735,9,,
deberta-v3-small,29,1,86.39365918097754,84.67635402906208,118150221,1.5292971526451354e-05,2.875583211445419e-05,0.0747439419538811,5,,
deberta-v3-small,29,2,83.48745046235139,81.63804491413474,1241637037,1.6196017758216923e-05,0.0036621744820798,0.1225631917932709,2,,
deberta-v3-small,29,3,87.71466314398943,86.9220607661823,2046658966,4.731660817144446e-05,0.0001555741022275,0.1216533427768445,6,,
deberta-v3-small,29,4,87.18626155878468,86.78996036988111,532295289,2.6211095649132305e-05,0.0001961929482626,0.0322140905098201,7,,
deberta-v3-small,29,5,87.97886393659181,86.65785997357992,2119479693,5.294219249691053e-05,0.0052158248812842,0.0158261196678854,9,,
deberta-v3-small,29,6,86.9220607661823,86.52575957727873,500719792,2.0489787542420763e-05,0.0001012414211955,0.0277403894866293,8,,
deberta-v3-small,29,7,84.80845442536328,83.35535006605019,1813964301,5.730290513721657e-06,0.01740597287289,0.0646203058787691,10,,
deberta-v3-small,29,8,87.58256274768824,85.60105680317041,1683033575,9.19902242885564e-06,8.76882652581886e-05,0.1904039545975424,10,,
deberta-v3-small,29,9,85.46895640686922,84.41215323645972,1855120513,1.785814726805222e-05,1.1005216312670388e-05,0.067668363527981,3,,
deberta-v3-small,29,10,88.110964332893,85.86525759577279,400227045,2.12013171992996e-05,0.0003041408600613,0.0931501722949667,10,,
deberta-v3-small,29,11,86.65785997357992,86.65785997357992,1569866417,5.920997387959471e-05,0.0003217509228041,0.1205458171658636,7,,
deberta-v3-small,29,12,87.71466314398943,87.31836195508586,1409928097,4.752419528024392e-05,9.03512834800213e-05,0.1991048370290785,6,,
deberta-v3-small,29,13,87.31836195508586,87.05416116248348,716512404,9.870766109160632e-05,0.0002261094687821,0.0708185541738565,4,,
deberta-v3-small,29,14,86.12945838837517,86.39365918097754,953570640,6.582118581382341e-05,0.0195623867681643,0.0180714434560834,5,,
deberta-v3-small,29,15,84.5442536327609,83.09114927344783,1277920012,1.8697028474502244e-05,0.0003458340788938,0.0476315406869702,2,,
deberta-v3-small,29,16,86.12945838837517,84.94055482166446,56486415,8.971883700434344e-06,1.388592680950352e-05,0.1277230334432523,8,,
deberta-v3-small,29,17,89.03566710700132,87.71466314398943,2023783185,5.5455553935195466e-05,0.0042741077031547,0.1861847448990246,8,,
deberta-v3-small,29,18,77.93923381770145,79.26023778071334,251094698,6.093592880858779e-06,0.0016828702660069,0.1248345923205216,3,,
deberta-v3-small,29,19,87.45046235138706,85.86525759577279,920155000,6.466280843455392e-05,0.0011363383882717,0.0064509919607426,3,,
deberta-v3-small,29,20,86.12945838837517,85.60105680317041,1203475962,9.280909886892386e-05,0.0007097864479752,0.0913389173139267,2,,
deberta-v3-small,29,21,85.73315719947159,84.14795244385733,1160472440,1.0590252210322956e-05,8.729023806915104e-05,0.0497466423588089,4,,
deberta-v3-small,29,22,87.84676354029062,86.12945838837517,1102963264,6.91403576913776e-05,0.0001520642777957,0.158604264975442,2,,
deberta-v3-small,29,23,78.07133421400265,77.54293262879789,785987569,6.8703328643374544e-06,0.0019124566383083,0.1928480492615343,2,,
deberta-v3-small,29,24,75.0330250990753,77.80713342140027,982542104,6.490131285314633e-06,0.0018795844534024,0.1250517005903033,2,,
deberta-v3-small,29,25,88.110964332893,85.60105680317041,1213091099,2.6956392220596653e-05,0.005651468770628,0.0027009271323726,5,,
deberta-v3-small,29,26,86.39365918097754,86.65785997357992,990070858,3.0013495639175663e-05,0.0040063595777763,0.0798283844113201,10,,
deberta-v3-small,29,27,87.71466314398943,86.26155878467635,2068516734,2.729608997387957e-05,0.000542414432243,0.0806379595933781,7,,
deberta-v3-small,29,28,87.31836195508586,87.45046235138706,1927801246,2.836798476545333e-05,0.0007540008865102,0.1413992876326681,7,,
deberta-v3-small,29,29,86.39365918097754,84.28005284015852,1790858603,1.0263996646090302e-05,0.0001078362270547,0.1402010634941374,4,,
