architecture,run,trial,val_acc,test_acc,train_seed,lr,weight_decay,warmup_ratio,num_epochs,selected_by_val,selected_by_test
albert-base,0,0,80.85106382978724,81.75713486289871,1224310197,8.875328751278933e-06,0.0022766236114423,0.089214634116964,9,,
albert-base,0,1,79.50727883538634,80.07834359261332,1966501037,5.146816276799649e-05,0.0019771236319104,0.1110698608835787,4,,
albert-base,0,2,73.06830907054871,73.53105763850029,2018032837,4.647747511081255e-05,1.6687194103848325e-05,0.0376952494778915,7,,
albert-base,0,3,81.91489361702128,81.81309457190822,740877097,1.531137285357862e-05,1.9219036436334862e-05,0.0231027613987575,5,,
albert-base,0,4,81.41097424412094,81.42137660884164,891845848,8.929873860996545e-06,0.000117452797497,0.0606356924437649,9,,
albert-base,0,5,79.84322508398657,81.42137660884164,924160728,6.1557282963712295e-06,0.0433980312230495,0.1554623251745332,4,,
albert-base,0,6,78.72340425531915,81.58925573587017,493538179,1.9078456480286424e-05,0.0022301424162724,0.1344172400125856,2,,
albert-base,0,7,70.49272116461366,70.11751538891998,681593269,8.075846082315382e-05,0.0067583277520832,0.1960453080132108,4,,
albert-base,0,8,82.13885778275476,81.64521544487968,1239346311,8.899019780898444e-06,0.0427082830197139,0.1157475420416301,5,,
albert-base,0,9,70.49272116461366,70.11751538891998,462974602,8.864321942572731e-05,1.4931405206159086e-05,0.0444781669811572,4,,
albert-base,0,10,70.49272116461366,70.11751538891998,1670918498,6.417406268484993e-05,0.0003023742319223,0.0241841040593395,6,,
albert-base,0,11,80.96304591265398,78.62339115836598,1964065894,5.161348949590601e-05,2.6451437369360995e-05,0.015316069191222,3,,
albert-base,0,12,81.57894736842105,81.47733631785114,673840323,2.454613769628497e-05,0.0034624282633681,0.1861787807164383,10,,
albert-base,0,13,75.53191489361703,77.56015668718523,77670980,8.559916344098974e-05,0.0003236154541893,0.1324280113977141,2,,
albert-base,0,14,80.51511758118701,82.26077224398433,502218221,6.51282374628257e-06,0.0003615587332165,0.0263746386192451,8,,
albert-base,0,15,77.54759238521837,80.41410184667039,646629893,7.220971115565036e-06,0.0021759066295777,0.0511030022797987,2,,
albert-base,0,16,70.49272116461366,70.11751538891998,2045989220,8.953408326987315e-05,0.0849817939899975,0.01404944742321,9,,
albert-base,0,17,80.01119820828667,81.14157806379407,576488015,5.721366760315894e-06,0.0010704944424812,0.1665298150357754,10,,
albert-base,0,18,80.73908174692049,82.1488528259653,761984693,2.4637701735047577e-05,1.5447138416818588e-05,0.0140886180838637,10,,
albert-base,0,19,81.8589025755879,81.19753777280359,1327093646,1.3149859974515857e-05,0.0004804785193836,0.1318421277797918,8,,
albert-base,0,20,78.83538633818588,78.67935086737549,1767442507,6.19812779920221e-05,0.0018733579470772,0.0934044056056856,4,,
albert-base,0,21,81.13101903695409,81.53329602686065,2035634109,8.34646166660604e-06,8.018162491656631e-05,0.1695239522695458,7,,
albert-base,0,22,70.49272116461366,70.11751538891998,228627383,5.55874730154399e-05,0.0471900286648358,0.0927497571861321,4,,
albert-base,0,23,79.17133258678611,80.97369893676553,1255531684,2.214926922076229e-05,6.993673444966572e-05,0.0968690275453855,2,,
albert-base,0,24,70.49272116461366,70.11751538891998,921798241,6.607028519099217e-05,0.0015407938718669,0.0153115673968553,5,,
albert-base,0,25,80.51511758118701,81.53329602686065,1901622938,1.9914130934854243e-05,0.0402903329578654,0.1908420033092549,2,,
albert-base,0,26,81.07502799552071,81.02965864577504,1071762664,2.9947897916343573e-05,4.249318150112391e-05,0.0062557799222628,6,,
albert-base,0,27,78.83538633818588,78.51147174034695,763718800,5.55763730061029e-05,0.0003179875429869,0.0264306187314064,5,,
albert-base,0,28,82.30683090705487,82.1488528259653,304963119,9.360234778752415e-06,0.0032980918778561,0.0588536268439465,10,,
albert-base,0,29,81.6909294512878,81.64521544487968,771839868,2.5059574350386805e-05,0.0003934923333483,0.0009007225268153,8,,
albert-base,1,0,77.84846732215154,77.05202312138728,1192313578,7.699291678861103e-05,0.0852973792879143,0.1981564168906575,8,,
albert-base,1,1,82.01272411798728,78.95953757225433,1583679731,3.385402704711433e-05,0.0824810903502765,0.0715652126455663,2,,
albert-base,1,2,81.43435511856565,81.21387283236994,1105710597,5.492770796466479e-06,0.013779689140946,0.0670839659855509,5,,
albert-base,1,3,80.91382301908618,80.46242774566474,726605756,1.9172661370201523e-05,9.592371503034362e-05,0.0467932823767352,10,,
albert-base,1,4,81.31868131868131,81.44508670520231,263001755,1.7600867220598932e-05,0.0027399812818142,0.168146650277672,6,,
albert-base,1,5,81.89705031810296,79.59537572254335,498963912,6.2147154678028325e-06,2.3312357442111008e-05,0.027277868602593,3,,
albert-base,1,6,82.35974551764025,82.25433526011561,984517969,1.5294914248113504e-05,0.0017935612765831,0.0270197240335302,3,,
albert-base,1,7,80.56680161943319,81.15606936416185,486661642,3.741909409592489e-05,0.0002340204608453,0.1877499494882897,3,,
albert-base,1,8,70.213996529786,70.86705202312139,1613749955,5.744072042032843e-05,0.0020225523959343,0.0307919549493216,8,,
albert-base,1,9,81.6657027183343,80.63583815028902,343725557,7.413124128422012e-06,1.8725836942330427e-05,0.0676597378702403,5,,
albert-base,1,10,81.43435511856565,81.15606936416185,1138752889,6.4879357253399466e-06,0.0005578039874448,0.0478307027702928,6,,
albert-base,1,11,70.213996529786,70.86705202312139,2058941745,9.60354786211728e-05,0.0002294470214648,0.1447773628583967,4,,
albert-base,1,12,77.15442452284557,76.1271676300578,1192500939,9.186997379244196e-05,0.0009570018866114,0.1149214266812882,10,,
albert-base,1,13,70.213996529786,70.86705202312139,334650130,7.818563258270555e-05,0.037747344478239,0.0874652784366902,10,,
albert-base,1,14,79.98843262001157,79.94219653179191,1771933211,3.836942595493223e-05,1.9893323628154417e-05,0.1540536683838948,7,,
albert-base,1,15,81.08733371891266,80.11560693641619,1964082115,1.562841023016575e-05,0.0012641940041654,0.0030706394468134,2,,
albert-base,1,16,81.78137651821862,81.38728323699422,5886533,7.606747862725239e-06,0.009304713207544,0.187792332681113,6,,
albert-base,1,17,82.01272411798728,80.86705202312139,1051321898,8.285658631701227e-06,0.011752332833678,0.1288808800592824,5,,
albert-base,1,18,81.08733371891266,79.76878612716763,1157361082,3.738559838650832e-05,0.0031989423421855,0.078419146809674,9,,
albert-base,1,19,82.1283979178716,80.92485549132948,504863679,2.194623697829116e-05,0.0117165732163041,0.1783009561401003,9,,
albert-base,1,20,78.19548872180451,77.45664739884393,313688029,4.313540556934502e-05,1.1551553288751422e-05,0.0837757079107607,10,,
albert-base,1,21,81.49219201850781,80.8092485549133,1375492773,1.439516936549977e-05,0.0002726639612327,0.0747291542476792,9,,
albert-base,1,22,80.33545401966455,80.40462427745665,1312606931,4.03860823319932e-05,0.0021544885449828,0.1129856252943692,7,,
albert-base,1,23,81.26084441873915,80.7514450867052,899817570,2.3923926150956237e-05,0.0016684083376904,0.0980680288691466,5,,
albert-base,1,24,79.87275882012725,79.30635838150289,1110400748,3.9762019964017937e-05,0.0199817252956982,0.0527792514396098,6,,
albert-base,1,25,70.213996529786,70.86705202312139,134339479,5.893618692230074e-05,1.2505959947422618e-05,0.0786600104382384,6,,
albert-base,1,26,81.60786581839213,82.02312138728324,719129635,1.0471426553194276e-05,2.8417672682394483e-05,0.1056848951492591,3,,
albert-base,1,27,81.55002891844997,81.73410404624278,1812048245,1.6651791048986288e-05,0.0002148857720956,0.192017727109039,2,,
albert-base,1,28,79.23655292076344,79.88439306358381,904362190,4.9074071896173136e-05,0.0006072424014878,0.0840282555006801,9,,
albert-base,1,29,80.97165991902834,80.63583815028902,313234921,3.554364645675033e-05,0.0021874296532675,0.1398802422331693,3,,
albert-base,2,0,82.13457076566125,81.84454756380511,467331872,2.726580444269256e-05,0.0004630471603918,0.0393321674743328,5,,
albert-base,2,1,81.14849187935035,81.61252900232019,1352068230,1.9126562954896583e-05,5.814112678307774e-05,0.1937157769462885,7,,
albert-base,2,2,71.17169373549883,69.89559164733178,1976009983,7.326282685994109e-05,0.0095529475001549,0.0011430589009315,3,,
albert-base,2,3,79.93039443155452,81.2645011600928,442653137,3.0820114590514926e-05,0.064227785787274,0.1377594399554407,4,,
albert-base,2,4,80.97447795823666,80.10440835266822,1371764408,3.866827964744087e-05,0.0526097542535716,0.082267776979802,3,,
albert-base,2,5,77.49419953596288,78.30626450116009,1583641936,4.662800561287491e-05,0.0050318045697801,0.1823410644106568,3,,
albert-base,2,6,80.22041763341068,80.33642691415314,1940750607,4.465565826558868e-05,5.8709575241586654e-05,0.1939852998414455,7,,
albert-base,2,7,78.77030162412993,78.65429234338747,1724272097,4.975261662041224e-05,0.0117133267600663,0.1952964882274461,4,,
albert-base,2,8,81.61252900232019,81.61252900232019,1109219610,1.3555417133570511e-05,4.0094795411411486e-05,0.1628272422024216,8,,
albert-base,2,9,81.4385150812065,80.62645011600928,1225461182,2.22796730609878e-05,1.15445758115165e-05,0.0106124322096477,5,,
albert-base,2,10,80.97447795823666,80.6844547563805,478987963,1.2898333411871704e-05,0.0028875235926343,0.1665588036854867,3,,
albert-base,2,11,80.51044083526682,81.32250580046404,2084875304,2.480636991693315e-05,5.829431750430525e-05,0.1608493874753032,10,,
albert-base,2,12,71.17169373549883,69.89559164733178,1334110835,9.51428602588923e-05,0.0002725065901976,0.1485901837399421,7,,
albert-base,2,13,79.98839907192576,78.82830626450117,940730348,4.39285594682269e-05,0.0021237515386377,0.0359118534803513,5,,
albert-base,2,14,78.7122969837587,80.51044083526682,1566120263,6.384170085662728e-06,0.0045465878157848,0.0729802501682193,5,,
albert-base,2,15,75.63805104408353,77.03016241299304,1584249621,3.3208953998989186e-05,0.0728716717240794,0.1708218836055183,2,,
albert-base,2,16,81.38051044083527,81.72853828306265,104616786,9.97521102245774e-06,0.0125726621096041,0.1706620862190657,2,,
albert-base,2,17,81.78654292343387,82.36658932714617,1763273327,1.2049715129694864e-05,0.0001328978261864,0.0086825667416675,10,,
albert-base,2,18,81.4385150812065,80.2784222737819,392461812,7.906303524277532e-06,1.191395162806542e-05,0.0570159195473988,7,,
albert-base,2,19,81.55452436194895,81.20649651972158,1678961824,1.7592416348970562e-05,2.430380029454542e-05,0.0107190293978947,6,,
albert-base,2,20,78.88631090487239,80.91647331786542,1661464394,6.971041840285761e-06,4.139832333404837e-05,0.0770527338760255,2,,
albert-base,2,21,79.69837587006961,79.17633410672853,1086826756,5.94479556900108e-05,0.0119247805081058,0.191422599184281,10,,
albert-base,2,22,81.72853828306265,81.78654292343387,414540397,2.1120957288583856e-05,9.970745305175372e-05,0.1050094282641763,5,,
albert-base,2,23,80.6844547563805,81.4385150812065,613666107,9.51292063959652e-06,0.0971226135648131,0.1420023601465817,9,,
albert-base,2,24,80.2784222737819,80.56844547563806,76210851,7.228328824407547e-06,8.526478788954865e-05,0.173676971944891,8,,
albert-base,2,25,71.17169373549883,69.89559164733178,514141324,7.863021676079578e-05,7.782965866787865e-05,0.1078685049060751,8,,
albert-base,2,26,78.88631090487239,78.53828306264501,793310824,6.075018213598839e-05,0.0002902902325104,0.1766984634753478,2,,
albert-base,2,27,80.10440835266822,81.14849187935035,835732694,1.1710095038944669e-05,0.0001088519968878,0.1006775067599798,10,,
albert-base,2,28,80.8584686774942,82.4245939675174,199064415,2.2744567741720327e-05,0.0147376164813963,0.0044963068131025,9,,
albert-base,2,29,82.13457076566125,81.55452436194895,1050672807,1.2665072207264698e-05,0.0001423847811201,0.0565561263532026,7,,
albert-base,3,0,76.44419517666853,75.99551318003365,353780111,6.826330223602373e-05,0.0002081947237981,0.0235244311382488,2,,
albert-base,3,1,80.70667414469995,82.27706113292204,1248275863,2.604084624247187e-05,0.0004547565000291,0.064150491144117,8,,
albert-base,3,2,77.50981491867638,79.80931015143017,1416917988,6.074658094818611e-05,1.2534905088139483e-05,0.1422378215631153,9,,
albert-base,3,3,80.87492989343802,81.26752664049356,1797810883,1.6974253177955035e-05,0.0002134592048537,0.1602223466171433,2,,
albert-base,3,4,79.80931015143017,79.75322490185081,2094034440,5.424833118606069e-05,0.0484121475418933,0.0303053901368847,2,,
albert-base,3,5,80.03365114974761,82.44531688166012,391744845,3.644180564292516e-05,0.0026869360697995,0.1821483136558935,4,,
albert-base,3,6,69.3774537296691,69.43353897924845,1775350769,8.35684958858366e-05,0.0802907262330489,0.1017688324774763,4,,
albert-base,3,7,75.99551318003365,77.95849691531127,717848230,7.057063340592124e-05,2.262206728269936e-05,0.1887849306008872,4,,
albert-base,3,8,80.4823331463825,80.7627593942793,378286726,5.261439496295837e-05,9.169699071472996e-05,0.137241638152935,4,,
albert-base,3,9,81.04318564217611,82.27706113292204,115790425,8.735622572330605e-06,0.015319901203617,0.0052876169700243,6,,
albert-base,3,10,80.7627593942793,82.27706113292204,1617557092,2.749738698838474e-05,0.0159466203557972,0.1466070505390992,7,,
albert-base,3,11,79.80931015143017,79.92148065058889,1975092057,2.5738718178973333e-05,0.0008909079634935,0.0079221650176579,5,,
albert-base,3,12,81.04318564217611,83.06225462703308,322201074,7.88660415549457e-06,1.3328447733909096e-05,0.0908115045711167,7,,
albert-base,3,13,80.42624789680315,81.82837913628715,804959563,2.1192174612119454e-05,0.032195678299353,0.1459874895181945,4,,
albert-base,3,14,69.3774537296691,69.43353897924845,1449004961,9.412661054101844e-05,0.0030029798642657,0.0737314672120851,10,,
albert-base,3,15,81.09927089175547,81.66012338754908,433985834,2.386237732974321e-05,0.0016744617571104,0.1737392240232379,8,,
albert-base,3,16,80.37016264722378,81.49186763881099,179259003,2.0615603638454287e-05,0.0014504866979417,0.0703744017574704,8,,
albert-base,3,17,80.7627593942793,83.28659562535053,1851652427,1.391062805482273e-05,0.0003249510181657,0.1176321257718949,7,,
albert-base,3,18,69.3774537296691,69.43353897924845,1758458005,3.817429279219483e-05,0.0008749203422769,0.1334142913781146,5,,
albert-base,3,19,81.21144139091419,82.38923163208077,1330691175,6.141123287201207e-06,0.000564064308898,0.1427434307340445,9,,
albert-base,3,20,80.03365114974761,82.10880538418397,1770532048,1.2403998503152448e-05,9.79179912108187e-05,0.0991335097540508,3,,
albert-base,3,21,81.32361189007291,81.71620863712843,1667697974,7.808565354106505e-06,0.0126283034473323,0.0722297678363174,8,,
albert-base,3,22,79.58496915311274,80.87492989343802,1104222188,2.675894921164835e-05,0.0108418226136119,0.1191775318649413,10,,
albert-base,3,23,81.49186763881099,81.82837913628715,726224200,5.574133696911235e-06,0.0009836148125275,0.0191475825289147,7,,
albert-base,3,24,74.9298934380258,76.5002804262479,434505505,6.173916823215741e-05,0.0031475624632883,0.0155145843329834,7,,
albert-base,3,25,81.04318564217611,81.94054963544588,1529308885,1.2462823932673833e-05,0.0001516986947557,0.1522859073155439,6,,
albert-base,3,26,80.81884464385867,82.22097588334267,890451152,2.2341976089146414e-05,0.0005297755286294,0.1939078012742052,7,,
albert-base,3,27,78.18283791362872,79.41671340437465,492777286,3.359470217980995e-05,1.0428720074940414e-05,0.1177446731780303,9,,
albert-base,3,28,76.16376892877173,77.7902411665732,2013171737,6.33770808078252e-05,4.494829165271753e-05,0.0706669418071973,10,,
albert-base,3,29,69.3774537296691,69.43353897924845,179837156,7.688756034896449e-05,0.0843477650178201,0.0377300652031029,2,,
albert-base,4,0,81.92154633314384,82.1590909090909,1340364332,1.2075015592280656e-05,0.0012294180062244,0.1975461979650795,7,,
albert-base,4,1,80.50028425241615,80.85227272727273,1707288623,7.297301976801166e-06,0.0032415822496705,0.1472213360455364,2,,
albert-base,4,2,79.19272313814668,80.85227272727273,1339038975,3.608936787821803e-05,0.0017078745918474,0.1516279878137185,6,,
albert-base,4,3,79.93177942012507,82.2159090909091,1065865150,2.398369013487167e-05,3.770555008714879e-05,0.1473838394084517,8,,
albert-base,4,4,79.4201250710631,80.625,1244230247,6.263755268997793e-06,0.0061956841886218,0.0101901198209874,4,,
albert-base,4,5,80.84138715179078,82.2159090909091,269067563,2.249016482878076e-05,0.0054426832976746,0.015026728357262,3,,
albert-base,4,6,80.8982376350199,82.1590909090909,1800908887,1.983844589593456e-05,0.010223669600507,0.1781961827753132,10,,
albert-base,4,7,79.98862990335418,81.70454545454545,1244581018,1.1290612403613393e-05,9.91512685869297e-05,0.0111896148643705,2,,
albert-base,4,8,80.38658328595793,81.875,157757164,2.6431295876374763e-05,6.296800727427996e-05,0.1549420204810301,7,,
albert-base,4,9,80.38658328595793,81.36363636363636,410090424,3.08465942616632e-05,0.0023756343812792,0.1386444409537288,9,,
albert-base,4,10,79.64752700397953,81.64772727272727,71351088,5.479755048249047e-06,4.5501665192055535e-05,0.0396549601049883,9,,
albert-base,4,11,81.75099488345651,82.04545454545455,1873877039,1.697422957468647e-05,0.0004505943693252,0.0369575884421494,6,,
albert-base,4,12,80.8982376350199,81.76136363636364,1829355146,1.1415213331556708e-05,1.0726304072904212e-05,0.0554783336473464,3,,
albert-base,4,13,80.10233086981239,80.9090909090909,1483578455,2.966097345806408e-05,0.0285340756022489,0.1556941090105345,10,,
albert-base,4,14,80.61398521887436,82.32954545454545,484816065,1.106291157856736e-05,4.068311825420995e-05,0.1077727080967556,3,,
albert-base,4,15,79.53382603752132,80.39772727272727,1848831987,6.940457966454167e-05,3.753086907259866e-05,0.1222145200430871,10,,
albert-base,4,16,82.26264923251847,82.2159090909091,1656257075,1.1322731538721265e-05,0.0184612095069976,0.1564642026621282,8,,
albert-base,4,17,69.81239340534394,70.45454545454545,1878866314,9.772695992118444e-05,5.247534989705767e-05,0.1841078461009284,2,,
albert-base,4,18,81.63729391699829,82.38636363636364,1063366519,5.467515363691769e-06,0.0518493668516786,0.0822026041991663,7,,
albert-base,4,19,69.81239340534394,70.45454545454545,1088519254,6.523808052509965e-05,0.0011807368719595,0.062106057145374,5,,
albert-base,4,20,80.95508811824901,82.44318181818181,288584815,9.59915945659988e-06,0.0946905407418681,0.1600294426370909,4,,
albert-base,4,21,69.81239340534394,70.45454545454545,2024413220,9.13300643966658e-05,4.892897114101616e-05,0.0454610227847091,7,,
albert-base,4,22,81.46674246731098,82.67045454545455,2076702401,2.448912677488205e-05,0.01880139014608,0.1425875180946632,2,,
albert-base,4,23,80.38658328595793,80.68181818181819,656447674,3.553126002934401e-05,0.0001901793258037,0.1385961763845759,7,,
albert-base,4,24,81.63729391699829,82.38636363636364,322341911,1.044110666183606e-05,0.0002295033062333,0.1988134875900865,3,,
albert-base,4,25,69.81239340534394,70.45454545454545,941771401,8.804424653070855e-05,0.0003709507449416,0.0909511214077448,2,,
albert-base,4,26,81.35304150085275,81.93181818181819,1656161097,1.3072076368695038e-05,1.896585223190957e-05,0.0224156048435483,7,,
albert-base,4,27,69.81239340534394,70.45454545454545,42530339,5.525825048270122e-05,2.486798262963576e-05,0.1132713934662304,6,,
albert-base,4,28,80.8982376350199,81.02272727272727,1303866169,5.371714843983742e-06,6.872080454312459e-05,0.1751362440367425,5,,
albert-base,4,29,78.51051733939738,79.94318181818181,1110565890,3.051421667849307e-05,0.000681500081186,0.1152030803892852,9,,
albert-base,5,0,81.92026951151038,83.04323413812465,2063222514,2.3854186850477096e-05,0.0009481358202746,0.1273849585755941,3,,
albert-base,5,1,82.20101066816396,82.03256597417182,1017175563,1.0344060182459317e-05,2.0681128910789992e-05,0.0363521979676253,7,,
albert-base,5,2,79.89893318360471,82.20101066816396,781612805,4.185485092494779e-05,0.0326503089369712,0.1217110446676738,5,,
albert-base,5,3,69.79225154407636,70.74677147669848,940237376,8.491055856505254e-05,0.0821177545230029,0.146416788393754,6,,
albert-base,5,4,81.30263896687255,82.65019651880965,549880122,2.931260266696512e-05,0.0016831190190352,0.0717376957185164,5,,
albert-base,5,5,77.76530039303762,78.71982032565974,1466196546,7.219448215345264e-05,0.0295735356818814,0.0732107466687087,4,,
albert-base,5,6,81.30263896687255,82.70634475014037,1154981537,2.0962494178653585e-05,0.0014201635524364,0.0049388516997563,10,,
albert-base,5,7,81.35878719820326,82.25715889949467,1357998163,1.5157792628222404e-05,0.0835230686314687,0.0273067831007326,8,,
albert-base,5,8,82.76249298147108,82.8186412128018,1057360672,3.5548223694548615e-05,7.3328389186918e-05,0.1525600666039919,2,,
albert-base,5,9,82.59404828747894,82.65019651880965,1316147706,1.8138297099981927e-05,0.0003543492238474,0.0574512915795183,7,,
albert-base,5,10,81.47108366086468,82.93093767546323,21239609,5.44937918168918e-06,0.0143641939960176,0.0267449749815895,10,,
albert-base,5,11,82.48175182481752,81.35878719820326,727877816,8.655405024177643e-06,0.001635434369939,0.0072704922776183,10,,
albert-base,5,12,81.1341942728804,81.97641774284111,1409015637,3.111353497726103e-05,2.931227198234287e-05,0.1708900928177573,8,,
albert-base,5,13,82.4256035934868,81.63952835485682,1068271821,6.825599983371686e-06,0.0005815804846118,0.024267705103438,9,,
albert-base,5,14,78.88826501965188,78.83211678832117,922917940,6.325697705358948e-05,5.746866109106859e-05,0.0663605117748241,9,,
albert-base,5,15,81.58338012352611,81.86412128017967,130079592,2.1831523747694508e-05,0.0094864345394533,0.1738420057571207,3,,
albert-base,5,16,79.67434025828186,79.11285794497473,1249850634,6.176750853540325e-05,0.0002980306451317,0.1256791522392756,6,,
albert-base,5,17,82.14486243683324,82.48175182481752,522202390,1.3029548439404985e-05,0.0218645242344479,0.0547012020730122,10,,
albert-base,5,18,80.06737787759685,79.842784952274,1138686022,5.745054130115885e-05,0.0101194800531123,0.0624953119823164,8,,
albert-base,5,19,82.14486243683324,80.90960134755755,1871483867,3.82876414832265e-05,2.664762795183241e-05,0.025580101203325,4,,
albert-base,5,20,81.24649073554183,82.20101066816396,957039375,5.471843189410236e-06,8.508293879899167e-05,0.0138955067262971,10,,
albert-base,5,21,80.85345311622685,80.40426726558114,970437050,5.406982744387425e-05,1.540651489760242e-05,0.1313922400873374,7,,
albert-base,5,22,77.65300393037619,77.42841100505333,1115842819,7.18384480043662e-05,0.0003180109123971,0.067501029151981,9,,
albert-base,5,23,80.235822571589,81.19034250421112,146037988,4.919824566378836e-05,0.0175449128119247,0.1625664117304774,10,,
albert-base,5,24,79.50589556428973,80.85345311622685,1752488628,4.890379396339378e-05,0.0780396580335173,0.0527019865919932,6,,
albert-base,5,25,82.14486243683324,83.2678270634475,1669126228,1.1202634326102428e-05,0.0017316967246039,0.0994395712853965,10,,
albert-base,5,26,82.31330713082538,83.82930937675464,615191463,1.3213636269200876e-05,0.0017482631504491,0.179462298678242,7,,
albert-base,5,27,80.06737787759685,80.46041549691185,455000070,4.042165951804385e-05,7.838631351277111e-05,0.1971854622037592,2,,
albert-base,5,28,79.67434025828186,81.02189781021897,559582972,5.673335028773204e-05,0.0006744284803281,0.1902373057684897,10,,
albert-base,5,29,80.06737787759685,77.82144862436833,1491973396,6.73515560341037e-05,1.4361324015828018e-05,0.1589650129681493,4,,
albert-base,6,0,82.26264923251847,80.2160318362706,648395551,5.730339088633395e-06,0.0004392432881411,0.143032403612399,5,,
albert-base,6,1,68.84593519044913,69.64184195565662,2027883513,9.956733553341672e-05,0.0059463176979647,0.0495187831344886,3,,
albert-base,6,2,78.73791927231382,76.12279704377487,1426257568,5.96283088610271e-05,0.0411650865319431,0.1677119938982626,2,,
albert-base,6,3,82.26264923251847,80.38658328595793,1507982002,9.458895411418033e-06,0.0034641445992546,0.1084336034522119,2,,
albert-base,6,4,81.29619101762366,79.53382603752132,1957213061,3.975585367132954e-05,0.0234692028392173,0.0686034531776138,2,,
albert-base,6,5,76.80500284252416,76.3501989766913,82695280,4.006422255390515e-05,0.0008465129988697,0.0163372700141158,2,,
albert-base,6,6,82.83115406480955,80.27288231949971,939537312,1.3128188779819685e-05,0.0019274516374266,0.1785194084567875,3,,
albert-base,6,7,82.94485503126776,78.85162023877203,821872201,3.367458847457431e-05,1.590409468544082e-05,0.017391096282605,7,,
albert-base,6,8,68.84593519044913,69.64184195565662,606129809,9.345059391421016e-05,0.0428809528635374,0.1987384181899132,4,,
albert-base,6,9,81.92154633314384,80.44343376918704,1809632869,6.246058327777632e-06,4.287072270251252e-05,0.0383448446037724,3,,
albert-base,6,10,79.98862990335418,77.99886299033541,793592198,6.38411812308774e-05,0.0017408019103562,0.1217269126811764,4,,
albert-base,6,11,83.45650938032973,80.44343376918704,798865149,1.872681951059484e-05,0.0366580465131616,0.0999413579892124,8,,
albert-base,6,12,81.46674246731098,80.50028425241615,564811078,2.8768064736815084e-05,0.0002676231895289,0.0398815884431523,7,,
albert-base,6,13,81.97839681637294,80.38658328595793,1966673861,6.677014775847676e-06,0.002358518244987,0.0847560017564436,6,,
albert-base,6,14,68.84593519044913,69.64184195565662,1596549094,9.335818926085691e-05,0.0006327856616097,0.098154789818782,4,,
albert-base,6,15,68.84593519044913,69.64184195565662,1595821607,9.285432404078054e-05,0.0049868040312172,0.1317706823791159,9,,
albert-base,6,16,81.46674246731098,79.363274587834,959494693,1.5760245141895605e-05,9.208414341762414e-05,0.1824932516969434,3,,
albert-base,6,17,77.8851620238772,76.80500284252416,2043107895,5.681936039147416e-05,4.549481575829234e-05,0.0111016021127572,7,,
albert-base,6,18,82.31949971574758,80.84138715179078,1780955010,1.4778756346935831e-05,2.9471114962990512e-05,0.0849588548048869,5,,
albert-base,6,19,80.32973280272883,79.59067652075042,661805348,5.463115658383937e-06,4.101510770190482e-05,0.158668313198548,3,,
albert-base,6,20,82.20579874928937,81.52359295054008,132487998,8.016748446877956e-06,2.822730643643637e-05,0.126077337617694,3,,
albert-base,6,21,82.66060261512223,80.38658328595793,294514197,2.0542299658357705e-05,4.646814733079496e-05,0.015891584496445,7,,
albert-base,6,22,81.12563956793633,80.50028425241615,1145104662,5.359547523611288e-05,0.000838663908719,0.0953486783210227,6,,
albert-base,6,23,78.73791927231382,77.14610574189881,1550632221,7.147894750536565e-05,8.926332909065854e-05,0.1218043520165433,10,,
albert-base,6,24,80.32973280272883,78.22626492325185,47003314,6.32109898027069e-05,0.0003251517232381,0.078016891908469,3,,
albert-base,6,25,79.81807845366686,76.06594656054577,1162745704,6.82223781938932e-05,8.229401936665445e-05,0.1863965896189215,6,,
albert-base,6,26,82.4900511654349,80.78453666856169,1106003743,1.768353332770319e-05,3.420521701033315e-05,0.0643226816156369,3,,
albert-base,6,27,68.84593519044913,69.64184195565662,811530577,5.633345447067226e-05,0.000438159711114,0.0054380971627507,2,,
albert-base,6,28,81.40989198408187,79.76122797043774,706723330,5.50528530202005e-06,0.089845487833465,0.0837888705079315,3,,
albert-base,6,29,81.6941444002274,80.0454803865833,675228634,7.1626243796362745e-06,0.0008793206640564,0.1847300099601633,9,,
albert-base,7,0,81.6909294512878,80.17917133258679,972279393,5.18646469797194e-06,0.0001152718954545,0.0745967031045277,5,,
albert-base,7,1,80.79507278835386,79.45128779395297,1017985719,5.588905737330775e-06,6.0500792813894335e-05,0.1166892971510122,2,,
albert-base,7,2,70.82866741321389,68.36506159014557,1418195590,7.395513633173512e-05,0.0004334407787528,0.0062412427503063,8,,
albert-base,7,3,79.22732362821948,79.05935050391938,1666491706,4.608472803592938e-05,0.0004123509808686,0.1277316773905193,10,,
albert-base,7,4,82.08286674132138,80.51511758118701,1734570413,2.984990636611973e-05,0.0222182194782116,0.0816103356513992,5,,
albert-base,7,5,81.57894736842105,79.89921612541993,988267365,5.049378871888763e-06,0.0002255682062814,0.0412035618312629,5,,
albert-base,7,6,81.07502799552071,80.40313549832027,1082014382,3.263489983624205e-05,0.0363991032973802,0.1681474636919022,10,,
albert-base,7,7,80.62709966405374,79.17133258678611,2116815269,5.643457043676135e-06,0.0006581664617386,0.1434321531392664,9,,
albert-base,7,8,83.53863381858902,80.29115341545352,407123871,1.1008031267598405e-05,0.0234065675900585,0.0595743842342926,4,,
albert-base,7,9,80.01119820828667,78.16349384098544,704105215,5.459371627733285e-05,5.603503454373243e-05,0.1564116900092135,7,,
albert-base,7,10,79.61926091825308,78.38745800671893,1418281540,6.4361603446794445e-06,0.0438103583135382,0.0018331732276512,3,,
albert-base,7,11,81.41097424412094,80.01119820828667,1735510034,2.361319873939631e-05,3.344275966577155e-05,0.1938769332219803,7,,
albert-base,7,12,70.82866741321389,68.36506159014557,1725975803,6.907822703250043e-05,1.387390687281569e-05,0.0282810675552809,10,,
albert-base,7,13,70.82866741321389,68.36506159014557,1225422068,6.214090313873564e-05,0.0077188035158425,0.0228526032593118,4,,
albert-base,7,14,82.97872340425532,79.9552071668533,1648696944,3.278068272573689e-05,0.0112279673544468,0.1884391580760344,3,,
albert-base,7,15,81.63493840985443,80.79507278835386,747753768,1.2025968320501208e-05,0.0014009070093068,0.04735806158903,10,,
albert-base,7,16,82.47480403135498,80.85106382978724,1358345069,1.894649599645321e-05,0.0157894956614694,0.140578500218988,4,,
albert-base,7,17,81.8589025755879,80.90705487122061,800666859,6.222834948666058e-06,1.651097867901042e-05,0.0734721363415425,10,,
albert-base,7,18,70.82866741321389,68.36506159014557,620319016,8.49481350483992e-05,0.0009577389860413,0.0702002227062422,7,,
albert-base,7,19,80.90705487122061,78.0515117581187,850661774,6.609549542219961e-05,1.7700683721185588e-05,0.1981950795749363,3,,
albert-base,7,20,83.25867861142217,80.57110862262039,320547693,1.6309573347520864e-05,9.059946409903224e-05,0.0495974999951365,7,,
albert-base,7,21,70.82866741321389,68.36506159014557,546381300,8.955175058912507e-05,0.000236012992496,0.0209724107877491,6,,
albert-base,7,22,83.09070548712207,79.33930571108623,1497744867,1.4373325191602864e-05,0.0369886461066268,0.013488219472721,5,,
albert-base,7,23,81.8589025755879,78.89137737961926,2050058482,5.240533538043015e-05,0.0030319368225336,0.0251372647739968,3,,
albert-base,7,24,81.46696528555431,79.05935050391938,753026543,2.870552823207607e-05,1.3292865239163336e-05,0.0393076041150081,2,,
albert-base,7,25,82.47480403135498,81.13101903695409,2126927732,7.011236866894379e-06,0.0003172608226068,0.0836955593798514,10,,
albert-base,7,26,79.67525195968645,77.88353863381859,103714006,6.865573322755188e-05,0.0005151983957198,0.0787815354224226,8,,
albert-base,7,27,82.30683090705487,81.13101903695409,1441481688,2.023277824662433e-05,0.0102863903404438,0.0923099459208429,8,,
albert-base,7,28,81.46696528555431,79.67525195968645,1518467516,3.348959539100552e-05,1.7692943802258114e-05,0.1413324411962131,7,,
albert-base,7,29,82.6427771556551,80.90705487122061,1601798893,2.6560343461863005e-05,0.0006938445032954,0.082528807830279,9,,
albert-base,8,0,81.77200902934537,80.58690744920993,1797847546,9.268272556395784e-06,0.0265911091971658,0.0356795230176296,4,,
albert-base,8,1,82.7313769751693,81.37697516930022,608787380,1.1957328019792874e-05,2.7428100337031034e-05,0.1458549748107241,5,,
albert-base,8,2,80.98194130925508,80.6433408577878,1460925174,7.46907693443191e-06,0.0349145538359762,0.1944333558917275,5,,
albert-base,8,3,81.77200902934537,80.53047404063206,1862899772,2.5683448639822674e-05,3.261627823514412e-05,0.1005059337423796,4,,
albert-base,8,4,81.32054176072235,79.96613995485328,1456288844,6.164756522475165e-06,1.3534261998270816e-05,0.1418212088372056,7,,
albert-base,8,5,71.78329571106094,69.80812641083521,1080231413,5.436485517506596e-05,8.95610688565356e-05,0.0030340915999177,9,,
albert-base,8,6,80.6433408577878,78.78103837471784,159481256,3.697009070988809e-05,0.0044532638823404,0.1221611604012736,10,,
albert-base,8,7,75.22573363431151,73.25056433408578,456537350,8.385428066644996e-05,0.0071922789425211,0.0193805904050669,4,,
albert-base,8,8,80.24830699774266,79.68397291196388,639828806,2.97175763830204e-05,1.623609695675091e-05,0.065831532438166,3,,
albert-base,8,9,80.98194130925508,80.24830699774266,1149820789,4.004795516720481e-05,0.0842564489399338,0.1434931124117592,3,,
albert-base,8,10,81.32054176072235,79.9097065462754,1739731588,2.3509955042096173e-05,0.0295945055318914,0.0489373274220088,8,,
albert-base,8,11,81.26410835214448,78.95033860045147,2026821497,3.491541419466529e-05,0.0004865833940659,0.0510201539618563,9,,
albert-base,8,12,78.49887133182844,77.65237020316027,1082787946,4.8270382772334896e-05,1.4620008988716434e-05,0.039887302401237,2,,
albert-base,8,13,80.36117381489842,78.6117381489842,660311109,4.13350917330973e-05,1.854204628631895e-05,0.127560905743629,7,,
albert-base,8,14,82.27990970654628,80.58690744920993,2080611670,1.550646005845059e-05,7.942856300509892e-05,0.1945057056213193,10,,
albert-base,8,15,81.09480812641084,79.45823927765237,1692281838,5.146437262104923e-06,0.0524894716286526,0.0295287090453844,3,,
albert-base,8,16,80.58690744920993,79.51467268623024,2082592816,1.6572629479474154e-05,0.0039731304298262,0.1662499036293038,2,,
albert-base,8,17,81.37697516930022,78.44243792325057,1616379144,4.329124200629986e-05,0.0317137839125813,0.1497579667815907,5,,
albert-base,8,18,81.60270880361173,79.74040632054177,1524170006,3.391371231556549e-05,0.0013031499074299,0.0723972230914581,3,,
albert-base,8,19,71.78329571106094,69.86455981941309,2024894599,3.931832108582224e-05,0.0023785173789828,0.1861594668492017,9,,
albert-base,8,20,82.39277652370203,80.58690744920993,1832289585,1.6771569458517616e-05,6.890632780521969e-05,0.1429033179624743,2,,
albert-base,8,21,79.9097065462754,79.51467268623024,884831437,5.04585991476596e-06,0.0074570372112183,0.160456844849912,7,,
albert-base,8,22,80.4176072234763,79.17607223476298,199481008,3.656420238206224e-05,0.0034541258926911,0.1523520437283212,4,,
albert-base,8,23,82.05417607223477,80.6433408577878,569168409,7.686314937877559e-06,0.0787137754805935,0.0735791958460972,3,,
albert-base,8,24,81.09480812641084,79.00677200902935,558783579,2.806850702176271e-05,0.0086303828607393,0.0701902056153248,9,,
albert-base,8,25,80.6433408577878,79.45823927765237,371749062,2.9858500603385487e-05,0.0092856432652262,0.0811818246403203,4,,
albert-base,8,26,81.26410835214448,81.15124153498871,395873381,8.488400965442071e-06,0.0012974446623527,0.1644789696485564,9,,
albert-base,8,27,81.941309255079,80.4176072234763,1116378609,9.460680260160137e-06,0.002740931305383,0.1944947136172856,9,,
albert-base,8,28,80.6997742663657,80.86907449209933,1881777439,1.206124694012805e-05,0.0089115820663311,0.1784281700077638,9,,
albert-base,8,29,80.19187358916479,78.83747178329571,1238682694,4.164384318728413e-05,0.0002275523562622,0.122983698391919,7,,
albert-base,9,0,67.55833807626637,69.03813318155947,110235343,2.525806701740284e-05,0.0644576570282425,0.03617513648404,6,,
albert-base,9,1,78.2014797951053,78.99829254410928,1182806411,7.932373752775787e-05,0.0001019598239091,0.1297391120676345,10,,
albert-base,9,2,69.43653955606146,70.46101309049516,1284803096,8.04476032052759e-05,0.0037197423716144,0.1681359021739002,6,,
albert-base,9,3,81.38873079112123,82.12862834376779,1090508924,2.663425190190445e-05,0.0082116023464538,0.1057654883966481,10,,
albert-base,9,4,80.19351166761525,82.12862834376779,837894265,2.3955641261957045e-05,2.069640440796225e-05,0.0991270407866532,9,,
albert-base,9,5,80.42117245304496,81.90096755833808,338003335,3.04463262947024e-05,3.201276765766133e-05,0.190108619517753,6,,
albert-base,9,6,78.31531018782015,79.28286852589642,868319072,5.992793213575937e-05,0.000124357419175,0.0604588589877976,6,,
albert-base,9,7,81.7302219692658,81.04723961297667,2134533330,6.491772531939664e-06,8.563708684614485e-05,0.1812717852742073,7,,
albert-base,9,8,81.61639157655094,81.04723961297667,2134176378,1.90724132297001e-05,0.0138713527180328,0.0493739772687269,9,,
albert-base,9,9,80.42117245304496,81.16107000569151,863846947,6.204337801022264e-06,4.670530999987223e-05,0.1361976207595133,3,,
albert-base,9,10,80.02276607854297,81.16107000569151,641580644,1.326278378817034e-05,0.0402693029743135,0.0810927666158561,2,,
albert-base,9,11,82.29937393284007,82.7546955036995,51212019,1.4235287618295036e-05,0.0920691584577186,0.1774752050672152,4,,
albert-base,9,12,79.96585088218555,81.16107000569151,1342637750,2.5877922900396896e-05,0.0001264669351653,0.071969669619086,10,,
albert-base,9,13,81.3318155947638,82.07171314741036,845379651,2.472099944052436e-05,5.8230919156398485e-05,0.0259535316486461,9,,
albert-base,9,14,80.02276607854297,82.12862834376779,1013697088,8.423402339530342e-06,1.1319784747671376e-05,0.0894338950781296,8,,
albert-base,9,15,75.75412635173592,76.49402390438247,185594978,9.019273525754303e-05,0.065876502696997,0.1313681596137913,10,,
albert-base,9,16,80.13659647125783,80.87649402390439,2017076382,4.534534993506727e-05,0.0009823082720189,0.1537956459641975,6,,
albert-base,9,17,79.56744450768355,81.38873079112123,1741576874,4.554504031121946e-05,0.0018150287866088,0.1339358155843947,8,,
albert-base,9,18,78.94137734775185,78.827546955037,2069322293,4.66392485795221e-05,0.0265444077449903,0.1044646291644501,9,,
albert-base,9,19,81.55947638019352,82.58394991462721,548650961,1.7118954830006878e-05,0.000437050639538,0.1442267723152482,4,,
albert-base,9,20,77.57541263517359,77.51849743881617,609678964,9.163924695215184e-05,0.006972673725948,0.1855944835549287,9,,
albert-base,9,21,81.3318155947638,81.7302219692658,1052341138,8.01938784597077e-06,0.0003179970826237,0.0354741453797517,6,,
albert-base,9,22,81.38873079112123,82.07171314741036,227285228,9.50517231616089e-06,0.0001444368639553,0.1551504371321916,6,,
albert-base,9,23,79.11212293682414,80.87649402390439,641965354,4.256653265256344e-05,1.118645285673323e-05,0.151188539247241,4,,
albert-base,9,24,78.48605577689243,78.827546955037,1975205153,6.384338998485824e-05,2.598090231097386e-05,0.190912677236091,9,,
albert-base,9,25,80.13659647125783,81.67330677290836,1517558135,3.82660218119558e-05,1.0303537200913244e-05,0.1043284668509327,7,,
albert-base,9,26,80.0796812749004,82.41320432555493,1359374642,2.0438409128208515e-05,0.0010991131690585,0.0003120393630281,9,,
albert-base,9,27,79.96585088218555,79.56744450768355,646813332,5.028743680507855e-05,9.30334642909573e-05,0.09379933283396,3,,
albert-base,9,28,78.54297097324985,78.14456459874786,210965362,7.195749483239235e-05,0.0132976990756616,0.1507154322202925,4,,
albert-base,9,29,78.429140580535,79.96585088218555,556835989,1.1917002969521143e-05,1.8380299432746525e-05,0.0263425207768406,2,,
albert-base,10,0,77.9785431959345,79.5031055900621,1748272614,5.815122357941533e-05,7.918794777821916e-05,0.1015774367123938,8,,
albert-base,10,1,79.84189723320158,82.43929983060418,1147603307,3.539782229188026e-05,3.972267738159569e-05,0.1540217581518123,2,,
albert-base,10,2,81.70525127046866,81.42292490118577,894340175,8.44635038573494e-06,1.2553021050519616e-05,0.0722755505967776,5,,
albert-base,10,3,70.69452286843591,69.22642574816489,817349818,6.171789266076682e-05,0.0183362637471491,0.0219036341499756,3,,
albert-base,10,4,80.63241106719367,82.21343873517786,1497885627,1.636220619774538e-05,1.4345879171976112e-05,0.1322713434690322,10,,
albert-base,10,5,78.43026538678713,80.35008469791079,1015518918,5.102905681771152e-05,0.0001574134892309,0.1506455941600437,10,,
albert-base,10,6,81.81818181818181,81.76171654432524,630821948,7.033300147780917e-06,0.0001452503034772,0.112123250570858,4,,
albert-base,10,7,81.19706380575946,81.81818181818181,615028789,1.517810313478146e-05,5.777127746485692e-05,0.190072229123118,7,,
albert-base,10,8,80.23715415019763,80.40654997176736,1322986926,4.189217669080397e-05,0.0001621075293266,0.0326947051441052,7,,
albert-base,10,9,78.31733483907396,80.5759457933371,829263435,5.467766364969949e-06,6.915058983887471e-05,0.1017890262838381,2,,
albert-base,10,10,81.14059853190288,81.8746470920384,1224130169,1.777931724090318e-05,7.510243733112254e-05,0.0741963870782819,3,,
albert-base,10,11,70.69452286843591,69.22642574816489,335662316,8.077727657406595e-05,0.0010941800883326,0.1168266113385579,8,,
albert-base,10,12,80.63241106719367,81.5923207227555,316594466,1.409995248921087e-05,4.0193493029027976e-05,0.1488145052072841,5,,
albert-base,10,13,80.97120271033315,81.53585544889893,45707753,6.125801114511169e-06,0.0001269506162235,0.0387749360276366,3,,
albert-base,10,14,81.76171654432524,82.6086956521739,2145409748,8.492973332543071e-06,0.000293434787812,0.1865103317118995,7,,
albert-base,10,15,81.5923207227555,82.3828345567476,1958514113,1.1517794960984244e-05,0.0214775470306719,0.0453501257917579,8,,
albert-base,10,16,80.5759457933371,82.15697346132129,1338090254,1.5336645292188018e-05,0.0959453493362968,0.1723975945511098,4,,
albert-base,10,17,70.69452286843591,69.22642574816489,361656347,9.752372301287504e-05,0.09130058872224,0.1162526234934797,8,,
albert-base,10,18,81.8746470920384,81.19706380575946,42494870,6.31143128723322e-06,0.000102933964411,0.1908188761359018,5,,
albert-base,10,19,79.785431959345,80.5759457933371,1458544362,3.140776473712788e-05,6.737618544989714e-05,0.0819936408380944,8,,
albert-base,10,20,70.69452286843591,69.22642574816489,1300745116,6.291130296670437e-05,1.9362321026912388e-05,0.0043638615913888,6,,
albert-base,10,21,82.04404291360814,81.30999435347262,299614586,1.0016515732106052e-05,0.0058240081635059,0.1755471512042054,10,,
albert-base,10,22,80.23715415019763,79.67250141163184,1585444915,3.832860239804431e-05,1.2703845144511854e-05,0.0719173714223029,10,,
albert-base,10,23,78.7690570299266,80.85827216261998,75648209,5.292549611503562e-05,0.0029532991011255,0.1583282545179674,5,,
albert-base,10,24,78.14793901750423,80.06775832862789,318675019,6.433290279714289e-05,2.70735873847025e-05,0.1668535759261258,5,,
albert-base,10,25,79.5031055900621,81.08413325804631,1466192535,4.115678259558856e-05,1.6126059991463922e-05,0.1458034891899992,10,,
albert-base,10,26,81.30999435347262,83.00395256916995,581852689,2.136635064231519e-05,0.0095602258726263,0.1808608145901581,2,,
albert-base,10,27,80.40654997176736,81.25352907961603,337438005,6.087301031206072e-06,5.645692575470428e-05,0.0747501494729139,3,,
albert-base,10,28,77.13156408808582,78.7690570299266,843900556,7.409539422987222e-05,0.0001824294708673,0.0744981667665952,10,,
albert-base,10,29,78.43026538678713,79.10784867306606,1783540844,6.840819350719144e-05,0.0002109921210265,0.1781548999873366,9,,
albert-base,11,0,80.74115665356541,82.25715889949467,690613085,1.8051236303450325e-05,0.0015810563745424,0.0763375547183977,4,,
albert-base,11,1,80.51656372824256,80.96574957888826,2089457535,2.6674904060339438e-05,0.0001710032878813,0.1628753765247896,8,,
albert-base,11,2,81.1341942728804,81.80797304884896,2081147262,8.99606482380429e-06,2.0202949787333465e-05,0.0694393432618473,2,,
albert-base,11,3,70.40988208871421,71.47669848399775,1681459912,8.050295982218207e-05,5.558652660400035e-05,0.045250002609403,8,,
albert-base,11,4,80.51656372824256,81.92026951151038,912762075,1.1155315988589016e-05,3.945988016388944e-05,0.1353302335403501,9,,
albert-base,11,5,80.51656372824256,81.24649073554183,1557440563,6.820872891534016e-06,0.0417798023686211,0.0385890108148733,9,,
albert-base,11,6,81.41493542953397,82.08871420550253,931257206,5.270499693661967e-06,7.625166916537632e-05,0.0249932377502208,6,,
albert-base,11,7,80.79730488489612,81.1341942728804,1750171770,1.9193054278624656e-05,0.008939746535423,0.0507506675390196,9,,
albert-base,11,8,81.92026951151038,83.15553060078608,437509753,1.8722960593437243e-05,0.0043392351741796,0.1228895940995478,3,,
albert-base,11,9,70.40988208871421,71.47669848399775,1898257563,5.677125462261664e-05,0.0457438689429116,0.1686237945799798,2,,
albert-base,11,10,78.21448624368333,80.235822571589,1714941165,6.60821187254073e-05,0.0007350425364792,0.1372802858224435,7,,
albert-base,11,11,79.449747332959,80.2919708029197,1223546668,2.4343620360999774e-05,0.0579213114996174,0.0266467360470327,9,,
albert-base,11,12,80.57271195957327,79.95508141493544,957500313,3.162727121847133e-05,1.1614212247355116e-05,0.0680304764792887,6,,
albert-base,11,13,81.02189781021897,82.59404828747894,193004711,8.997251589323175e-06,0.0044037761647263,0.1913647866664462,4,,
albert-base,11,14,81.1341942728804,81.58338012352611,1763169435,2.7808220431525957e-05,0.016319960108071,0.1739757478344695,4,,
albert-base,11,15,80.34811903425042,82.65019651880965,1951686242,2.108425000746657e-05,1.2112108724723394e-05,0.031088203663804,9,,
albert-base,11,16,70.40988208871421,71.47669848399775,2071432821,6.926055974957775e-05,7.771334360669471e-05,0.0319353555141437,10,,
albert-base,11,17,80.235822571589,81.0780460415497,762351757,7.879762686163425e-06,0.0092485801800417,0.1475112187828856,8,,
albert-base,11,18,81.69567658618753,82.65019651880965,1967946983,1.4171735931148902e-05,3.833381324749362e-05,0.0567598951374286,8,,
albert-base,11,19,80.57271195957327,81.63952835485682,1175538778,3.141168231373888e-05,0.0889660519898957,0.1821046820461045,4,,
albert-base,11,20,80.74115665356541,82.14486243683324,959627548,2.520180280828464e-05,0.0001226343756918,0.0182302802465522,7,,
albert-base,11,21,80.40426726558114,81.0780460415497,284977306,3.307248769763177e-05,0.0026661498882209,0.1313829431265322,8,,
albert-base,11,22,80.17967434025829,80.12352610892756,1689984205,9.66687938708668e-06,1.865664068785107e-05,0.0588349258773278,7,,
albert-base,11,23,81.47108366086468,82.14486243683324,217959371,1.912888637938145e-05,9.153028832735692e-05,0.1251764280715174,9,,
albert-base,11,24,79.3935991016283,81.80797304884896,1268487014,3.808317175523533e-05,8.403792688185479e-05,0.0781441044630299,6,,
albert-base,11,25,80.2919708029197,81.97641774284111,581446370,1.1203673034262729e-05,0.0002570542204498,0.1257547691619052,2,,
albert-base,11,26,70.40988208871421,71.47669848399775,428434060,3.813908577296255e-05,1.2129397759252612e-05,0.0470764497982917,7,,
albert-base,11,27,80.6850084222347,81.86412128017967,1492328683,7.245340689480739e-06,0.0081199270209594,0.113889892579498,8,,
albert-base,11,28,70.40988208871421,71.47669848399775,1096707727,8.27041085677278e-05,1.3303331983289232e-05,0.1280123131598451,6,,
albert-base,11,29,70.40988208871421,71.47669848399775,2022170370,8.069127767664713e-05,4.900615371210731e-05,0.1963015442789674,2,,
albert-base,12,0,82.02816901408451,79.95495495495496,1546598230,5.526399094885472e-06,4.362481886027961e-05,0.0849691980200815,8,,
albert-base,12,1,81.1830985915493,78.99774774774775,1618306999,5.29527317832859e-05,0.0019622893251285,0.1934840847771022,9,,
albert-base,12,2,83.38028169014085,81.13738738738739,438515400,1.661919536601869e-05,0.001692091861929,0.0265407228706275,5,,
albert-base,12,3,81.1830985915493,79.5608108108108,624254072,6.645403545549538e-06,0.0161689790732659,0.1857722071882493,4,,
albert-base,12,4,82.19718309859155,80.01126126126127,1116543745,5.49755931602375e-06,0.0030940386208138,0.1980856880161077,9,,
albert-base,12,5,81.1830985915493,80.23648648648648,196734943,7.860552588900979e-06,0.0471477735427304,0.188267883554461,10,,
albert-base,12,6,70.70422535211267,68.35585585585585,1481868490,9.040008947523277e-05,1.1725886271974757e-05,0.0044178641343958,4,,
albert-base,12,7,81.63380281690141,78.20945945945945,1398887246,2.968534776599294e-05,0.0571554984348579,0.1012855896905306,6,,
albert-base,12,8,79.88732394366197,76.91441441441441,1441549852,7.306184591614076e-05,0.0186048903293149,0.1293860962126079,4,,
albert-base,12,9,82.02816901408451,78.82882882882883,281315784,3.3560008492495705e-05,0.0052371514257249,0.1881144069251014,7,,
albert-base,12,10,82.87323943661971,79.84234234234235,812940060,1.7381332111123912e-05,0.0003319677804822,0.0115964168937247,5,,
albert-base,12,11,81.01408450704226,80.68693693693693,594430592,1.3189235052307117e-05,0.0199490816255488,0.1940264047438834,10,,
albert-base,12,12,82.08450704225352,79.78603603603604,447908573,7.591045940413105e-06,0.0231540807848577,0.1482986316798017,6,,
albert-base,12,13,82.4225352112676,79.89864864864865,1595137365,1.254982378113569e-05,0.0462807781395454,0.0549912368320537,4,,
albert-base,12,14,81.91549295774648,80.63063063063063,1847921694,8.911115272407906e-06,3.2569479256995213e-05,0.0564837116755626,8,,
albert-base,12,15,81.35211267605634,79.39189189189189,153716147,5.967553472038719e-06,0.007476325124305,0.1477195074214713,7,,
albert-base,12,16,82.14084507042253,81.53153153153153,429948686,1.700628037514446e-05,0.001047427692799,0.1497371796304556,6,,
albert-base,12,17,81.46478873239437,80.74324324324324,103893727,1.3872952441131104e-05,0.087273038001873,0.1815890403644463,8,,
albert-base,12,18,82.98591549295774,80.74324324324324,301368374,1.8265226575993928e-05,0.0002070497927488,0.1637914314893002,5,,
albert-base,12,19,81.74647887323944,80.18018018018019,34843288,7.648805811880146e-06,0.0137323995537838,0.1824725364452299,3,,
albert-base,12,20,80.67605633802818,78.77252252252252,1899121942,7.317759197368712e-06,1.2123630681157773e-05,0.1217218277645911,3,,
albert-base,12,21,82.14084507042253,80.23648648648648,693826551,2.219672055186148e-05,0.0737583784573319,0.0940985185366109,9,,
albert-base,12,22,81.01408450704226,78.6036036036036,823239678,3.585548497055996e-05,0.0068379088168054,0.0736391562977485,10,,
albert-base,12,23,82.92957746478874,80.51801801801801,1501400232,1.3641626115736628e-05,0.0112474093084411,0.1605478141576083,4,,
albert-base,12,24,81.63380281690141,77.30855855855856,832205647,5.413542091445686e-06,0.0040513042762377,0.0071648504114137,2,,
albert-base,12,25,80.67605633802818,79.11036036036036,1575328676,4.175575146112743e-05,0.0058893101783367,0.1477798460857912,5,,
albert-base,12,26,82.36619718309859,80.4054054054054,2116980630,1.2965219108666864e-05,4.5500301003349295e-05,0.0313388754370989,6,,
albert-base,12,27,81.12676056338029,80.18018018018019,1954138358,5.867500807039102e-06,0.0047086851752207,0.0641591325029889,9,,
albert-base,12,28,83.83098591549296,80.2927927927928,1106230547,1.199314257086145e-05,7.425574934226341e-05,0.0115669066270778,3,,
albert-base,12,29,81.97183098591549,79.33558558558559,377809549,2.770730945389999e-05,0.0074218412189291,0.0733343828398506,6,,
albert-base,13,0,78.34179357021996,79.58262831359278,407845376,5.113629130455288e-05,9.208618502100264e-05,0.0124865434176753,9,,
albert-base,13,1,78.96221094190638,78.45459672870841,1483979741,6.193018340671772e-05,1.6677504695140927e-05,0.1967862479246843,7,,
albert-base,13,2,75.80372250423012,76.93175408911449,2069767978,8.529809986886304e-05,0.0364327694735018,0.1618621418866087,7,,
albert-base,13,3,80.76706147772137,80.2594472645234,600863640,2.073405783412236e-05,0.0042176145450038,0.0148415922187697,5,,
albert-base,13,4,80.42865200225606,81.1054709531867,1339708829,7.999599729231487e-06,6.108164043947122e-05,0.0590780314739252,8,,
albert-base,13,5,79.3570219966159,80.93626621545403,1101192518,3.874410001541975e-05,0.0004348866353868,0.0822459494603163,6,,
albert-base,13,6,80.48505358150028,81.44388042865201,1085141564,9.11713259402457e-06,0.0578089553903858,0.0457548141896083,8,,
albert-base,13,7,69.99435984207558,69.82515510434293,2032670615,9.13279729022058e-05,1.3972434036143716e-05,0.1027036349004515,6,,
albert-base,13,8,80.99266779469825,81.89509306260575,977598019,1.4929836988158103e-05,0.01383469273922,0.0564909884462865,5,,
albert-base,13,9,77.43936830231246,78.34179357021996,812696910,5.734887602670484e-05,0.0019030066219966,0.0629417768389521,8,,
albert-base,13,10,81.44388042865201,82.06429780033841,901831619,1.260875916276814e-05,0.0101194615902051,0.0151673445085557,8,,
albert-base,13,11,79.69543147208122,81.33107727016356,1373055641,8.58222001562325e-06,0.0002475336478125,0.1779209939906792,8,,
albert-base,13,12,80.37225042301185,80.5414551607445,1607131609,6.4305815232592e-06,0.0090731464798611,0.0223345496538354,9,,
albert-base,13,13,81.1618725324309,79.58262831359278,1663758207,5.344668316510847e-06,1.5967676180091602e-05,0.0691186768404964,2,,
albert-base,13,14,77.49576988155668,78.84940778341793,1591800311,4.773188406494425e-05,0.018512144809826,0.0522690459515082,7,,
albert-base,13,15,77.89058093626622,77.2137619853356,596328376,7.009652212934283e-05,4.298555876030657e-05,0.1090809124217852,8,,
albert-base,13,16,77.49576988155668,78.51099830795262,2102479379,6.366973375930251e-05,0.0305263899250228,0.1687213643045067,7,,
albert-base,13,17,80.2594472645234,79.24421883812747,1863629156,6.112863133747004e-06,1.035904728915788e-05,0.0381256740379039,4,,
albert-base,13,18,79.30062041737169,80.93626621545403,219716606,6.765186789855244e-06,0.0033304107766761,0.1481751825381706,7,,
albert-base,13,19,78.96221094190638,78.90580936266215,1772411365,3.81147892316738e-05,0.0452361952452762,0.0422100507402467,7,,
albert-base,13,20,80.99266779469825,79.92103778905809,196069796,1.1012719174015835e-05,0.022232159848258,0.1175377215708035,2,,
albert-base,13,21,80.37225042301185,80.48505358150028,1534270354,2.645274685036893e-05,0.0018887791073673,0.1373058065281534,4,,
albert-base,13,22,80.42865200225606,81.50028200789622,2128581853,1.3986535193709606e-05,3.451469282140586e-05,0.0628269587497944,8,,
albert-base,13,23,69.99435984207558,69.82515510434293,350486932,9.869216084039284e-05,9.882469116963388e-05,0.1024348042857108,10,,
albert-base,13,24,79.97743936830231,80.87986463620982,1000590250,6.12432945749908e-06,0.0287640740633461,0.1881241801851773,9,,
albert-base,13,25,80.65425831923294,80.99266779469825,352179517,5.555403908338357e-06,0.0018070793338022,0.1874991628287916,3,,
albert-base,13,26,79.69543147208122,80.31584884376763,1128271742,4.869449408205754e-05,0.0002950202989166,0.1033851661939944,4,,
albert-base,13,27,81.61308516638466,82.45910885504794,2122161784,1.0889351996453456e-05,9.949230796504638e-05,0.0531015095333464,8,,
albert-base,13,28,80.42865200225606,81.33107727016356,598305850,1.4337327985636336e-05,0.0009603069304763,0.0361480666393545,9,,
albert-base,13,29,79.92103778905809,80.09024252679075,1124913315,7.919504174468067e-06,0.0081528776921165,0.1242276981018106,9,,
albert-base,14,0,80.73701842546063,82.02121719709659,1103318156,3.1231230196862866e-05,0.000146008818529,0.1256206988263854,6,,
albert-base,14,1,77.27526521496371,80.7928531546622,1949640941,6.888883487271737e-05,3.13329665222682e-05,0.1419887780957962,10,,
albert-base,14,2,69.5142378559464,72.25013958682301,1555393123,9.926198286888644e-05,0.0019740382919574,0.1834861557538719,4,,
albert-base,14,3,69.5142378559464,72.25013958682301,1804514284,8.565810134618009e-05,0.0096348832897109,0.0958649765164318,2,,
albert-base,14,4,81.68620882188722,83.6962590731435,1211161511,2.03733411324193e-05,0.0613148142365197,0.1804115123256431,8,,
albert-base,14,5,78.83863763260749,80.45784477945281,1114940648,5.407502321650415e-05,1.4300078015899168e-05,0.0038250007470909,3,,
albert-base,14,6,73.4785036292574,77.72194304857621,511829792,8.6155472773062e-05,0.0755519797669051,0.1463166417403721,4,,
albert-base,14,7,82.02121719709659,82.97040759352318,1738582076,8.929167943683403e-06,0.0004400033154605,0.0534224323041917,6,,
albert-base,14,8,78.6711334450028,80.68118369625907,470106181,6.085778917587506e-05,0.0005074681234151,0.0985240370640319,5,,
albert-base,14,9,82.80290340591849,82.91457286432161,62972587,1.6297904945877457e-05,8.21261057611913e-05,0.0552568213892947,6,,
albert-base,14,10,82.6353992183138,82.24455611390285,489022090,9.66736217658663e-06,0.0092019063422133,0.1963826058023737,8,,
albert-base,14,11,81.29536571747627,81.79787828029033,418905287,6.348246535444857e-06,2.4430418900478763e-05,0.0325790058102505,5,,
albert-base,14,12,79.84366275823562,81.4070351758794,780917501,3.763218294225941e-05,0.0702449091263691,0.1366863113299618,7,,
albert-base,14,13,82.13288665549972,81.4070351758794,937959787,1.5478614959767838e-05,0.0272149280333226,0.0800458781444814,6,,
albert-base,14,14,78.89447236180905,81.29536571747627,1196998343,4.928717577249852e-05,1.237955177448837e-05,0.0106806876036055,8,,
albert-base,14,15,81.96538246789503,83.41708542713567,1670120477,1.8668640540482154e-05,0.0157733830457687,0.1660127819490012,8,,
albert-base,14,16,79.78782802903406,81.8537130094919,2074759891,5.113670171430795e-05,0.0011796849763385,0.1710841358626395,7,,
albert-base,14,17,69.5142378559464,72.25013958682301,2076966050,9.07855695520664e-05,1.7659099762257156e-05,0.0836363092013401,8,,
albert-base,14,18,79.84366275823562,80.68118369625907,2051135475,7.049865199160839e-06,1.82516132839964e-05,0.0651830632127845,6,,
albert-base,14,19,81.4070351758794,82.6353992183138,1638270330,8.043182610587075e-06,0.0005585794791467,0.1192631690064434,8,,
albert-base,14,20,82.07705192629815,81.96538246789503,557584413,5.493911474458385e-06,0.0021800317071587,0.0418003241019711,4,,
albert-base,14,21,80.3461753210497,81.68620882188722,1709611681,3.871454621796521e-05,0.0567356794696967,0.0156517633924708,10,,
albert-base,14,22,81.01619207146845,83.02624232272474,1688014088,5.713037641459482e-06,0.0001150796330378,0.1505928847496322,6,,
albert-base,14,23,81.18369625907314,83.02624232272474,1289303178,7.734193703421149e-06,2.428763399279417e-05,0.0434270261030491,9,,
albert-base,14,24,80.90452261306532,82.24455611390285,1077892166,3.251966172984617e-05,0.0046791698526515,0.1662452892452019,10,,
albert-base,14,25,79.62032384142937,81.46286990508096,2094074763,4.93847413342617e-05,0.003469865910364,0.1792988919389644,8,,
albert-base,14,26,80.3461753210497,82.18872138470128,482281009,3.679772042493738e-05,1.388685332781805e-05,0.1666749258981771,2,,
albert-base,14,27,69.5142378559464,72.25013958682301,306333297,9.634397731235069e-05,1.4991222291034834e-05,0.1204162310844644,8,,
albert-base,14,28,76.71691792294807,80.40201005025126,1228792847,7.923625975854223e-05,0.0005974765151523,0.137875550297927,6,,
albert-base,14,29,81.12786152987158,82.57956448911223,1940061101,3.3547029183196355e-05,0.0167031823866982,0.1129062868320747,4,,
albert-base,15,0,80.11461318051576,81.27147766323024,830304113,2.180968723115772e-05,0.0170842636423172,0.067833762614063,9,,
albert-base,15,1,77.99426934097421,78.12142038946163,83712076,4.4442714790168765e-05,0.0166729463764173,0.0478518311148479,9,,
albert-base,15,2,80.2865329512894,80.9278350515464,1313870241,5.344681011505894e-06,0.0018146514705761,0.1547355828269921,8,,
albert-base,15,3,80.34383954154728,80.18327605956472,1974370720,5.379228331995276e-06,0.0002445050714401,0.1705499171381955,8,,
albert-base,15,4,79.54154727793696,82.13058419243987,1462104458,2.916180889819903e-05,0.0003202934871951,0.1355398237607127,8,,
albert-base,15,5,78.8538681948424,81.32875143184421,215194607,3.742115528505967e-05,0.0001679386630186,0.1856780340889996,7,,
albert-base,15,6,78.96848137535817,80.2405498281787,1486116941,6.88827138569833e-06,4.5035326641832063e-05,0.1260497054577294,2,,
albert-base,15,7,69.91404011461319,70.38946162657503,1077932939,8.943293026542718e-05,0.0018253780579942,0.0184317281521408,7,,
albert-base,15,8,78.28080229226362,79.20962199312714,1173673646,5.084250505503355e-05,0.0066631318000446,0.0910142747789256,7,,
albert-base,15,9,79.94269340974212,81.55784650630011,467579085,1.7346632310584554e-05,0.0001235393032145,0.1297130379526412,6,,
albert-base,15,10,77.1919770773639,78.4077892325315,827967212,5.773023797020177e-05,0.0028238867858006,0.1375205486435154,2,,
albert-base,15,11,81.432664756447,82.47422680412372,1669363,1.68566431186634e-05,0.0087248895809742,0.0849119672650179,5,,
albert-base,15,12,80.97421203438395,81.50057273768614,724687944,2.039717042674383e-05,0.0024864836573951,0.0502586734957207,4,,
albert-base,15,13,78.28080229226362,79.72508591065292,589331825,3.21783737262386e-05,0.0855886489975489,0.0515835447342722,6,,
albert-base,15,14,77.24928366762178,78.1786941580756,1138680273,4.5196881731513885e-05,0.000962864707465,0.0901707071389471,5,,
albert-base,15,15,80.22922636103152,82.35967926689577,1188141121,2.596879640416932e-05,0.0107476545159323,0.0567512921569121,3,,
albert-base,15,16,80.80229226361031,81.78694158075601,1543022689,9.706710145749354e-06,0.0014216916385646,0.0003416909551616,5,,
albert-base,15,17,80.85959885386819,81.32875143184421,1418849411,7.238688710452609e-06,0.0001150841790142,0.1397858612164433,5,,
albert-base,15,18,80.2865329512894,81.21420389461626,1566867685,8.426996659893582e-06,1.516203427891997e-05,0.1521190950723377,4,,
albert-base,15,19,80.91690544412607,81.95876288659794,82197230,1.8715236232128e-05,0.037904540704242,0.1070040348922247,10,,
albert-base,15,20,80.34383954154728,82.47422680412372,2099272931,9.0873958370573e-06,0.0113375413076701,0.0136537349347296,4,,
albert-base,15,21,80.05730659025788,81.84421534936999,798410436,5.819417486710653e-06,0.0001095014600219,0.052944976806588,7,,
albert-base,15,22,79.42693409742121,79.89690721649484,1744632061,1.0609113831700049e-05,0.0001494346764037,0.0175447858731149,2,,
albert-base,15,23,78.79656160458453,78.6368843069874,1811616358,6.367321944492256e-05,0.0001471052583596,0.1590987351699199,9,,
albert-base,15,24,79.94269340974212,80.4696449026346,2147310264,3.797669557805663e-05,0.0115945805493869,0.0491860707717595,8,,
albert-base,15,25,77.36389684813754,78.92325315005728,1992983813,6.755893450283477e-05,0.0018408160043816,0.1404177838659666,4,,
albert-base,15,26,69.91404011461319,70.38946162657503,755108639,5.871842167568255e-05,0.0062330332901268,0.0512834926566778,4,,
albert-base,15,27,69.91404011461319,70.38946162657503,1041715798,7.679329475851932e-05,0.0005171724780992,0.1289565239799441,9,,
albert-base,15,28,78.91117478510029,79.78235967926689,1495952384,5.625750082443415e-06,0.088747101806751,0.0432565943042917,3,,
albert-base,15,29,79.19770773638969,80.0114547537228,1470759619,2.952804671773543e-05,0.0094140597947977,0.1076316684176776,6,,
albert-base,16,0,83.30532212885154,80.68309070548712,1095483018,1.7729275033052982e-05,1.6233087390139733e-05,0.1008216528456542,7,,
albert-base,16,1,81.9047619047619,80.51511758118701,558784672,2.6112713149911815e-05,3.88614626203278e-05,0.0551086248820991,6,,
albert-base,16,2,82.80112044817928,81.24300111982083,1301957531,9.421980823190926e-06,7.836038456970429e-05,0.1875202450003653,3,,
albert-base,16,3,81.62464985994397,81.01903695408734,1949842014,1.9816053791507095e-05,1.5652402704582654e-05,0.0366076676913359,7,,
albert-base,16,4,81.73669467787114,81.24300111982083,17731017,2.8682708463092375e-05,2.848474876385071e-05,0.1274311943137227,3,,
albert-base,16,5,77.47899159663865,77.93952967525196,1631143608,5.062669099148561e-05,0.0136223524486152,0.0182016636616039,3,,
albert-base,16,6,83.8655462184874,80.29115341545352,1192590994,2.359172664158532e-05,1.746395749530804e-05,0.0225512530196852,2,,
albert-base,16,7,79.71988795518207,77.93952967525196,1708786808,6.825499477472233e-05,6.586317063802957e-05,0.1336622252059053,8,,
albert-base,16,8,81.68067226890756,81.2989921612542,702129803,9.059543325627191e-06,3.017469773409304e-05,0.1236723318458551,7,,
albert-base,16,9,81.5126050420168,81.24300111982083,1758043848,1.943588369767393e-05,2.021726253727487e-05,0.1278052539925533,2,,
albert-base,16,10,82.57703081232494,79.84322508398657,1446525767,1.133696236182222e-05,4.793517522596478e-05,0.0668394335950548,4,,
albert-base,16,11,81.45658263305322,80.57110862262039,906078969,3.89443708346998e-05,1.618681850682572e-05,0.1216351285614123,4,,
albert-base,16,12,81.96078431372548,81.01903695408734,1669668696,2.6638583507850668e-05,0.0009846103349339,0.1179015788638103,2,,
albert-base,16,13,78.54341736694678,77.71556550951848,1553935429,7.678879475094055e-05,0.0010552398936713,0.1299723441955508,9,,
albert-base,16,14,81.23249299719888,80.57110862262039,143357005,7.261833020891707e-06,1.817426495086881e-05,0.1831374356416835,6,,
albert-base,16,15,82.74509803921569,79.67525195968645,1233228082,5.902129502257535e-06,0.0134493899657278,0.1676302796436125,5,,
albert-base,16,16,82.57703081232494,80.62709966405374,1082217451,1.6281299384922183e-05,0.0974621888030098,0.0399194833952867,2,,
albert-base,16,17,80.16806722689076,80.51511758118701,484258490,5.1375372153480174e-05,0.008362165575031,0.1740581694362912,9,,
albert-base,16,18,80.05602240896359,79.22732362821948,1558789907,6.045804508254443e-06,3.1668423945549275e-05,0.1701235478006632,2,,
albert-base,16,19,81.1204481792717,79.45128779395297,92217885,1.151746367210604e-05,2.9406268137072525e-05,0.1700053899453729,2,,
albert-base,16,20,81.40056022408963,80.17917133258679,1551167936,1.224438832560828e-05,0.0004847586203136,0.0406396914802126,8,,
albert-base,16,21,81.1204481792717,81.41097424412094,1856675216,1.523409464699044e-05,9.948857594144928e-05,0.0509612192086824,6,,
albert-base,16,22,75.46218487394958,75.02799552071669,1948409856,7.402191155203018e-05,1.4842453217760164e-05,0.172680790554713,4,,
albert-base,16,23,82.18487394957984,80.68309070548712,1023907735,7.526031999446569e-06,1.038163006558e-05,0.0428575623419334,4,,
albert-base,16,24,82.63305322128852,79.89921612541993,1155709268,7.774024362895995e-06,4.303857512787757e-05,0.174651452929212,6,,
albert-base,16,25,80.3921568627451,80.51511758118701,953799821,3.233073284295757e-05,0.000273703688982,0.0370462320184353,3,,
albert-base,16,26,83.30532212885154,81.01903695408734,1115846578,1.0033402931445772e-05,0.0376867828115368,0.1639496164407079,4,,
albert-base,16,27,77.70308123249299,75.30795072788354,2014613613,6.725976794603916e-05,0.0249812057233032,0.0428902035251982,2,,
albert-base,16,28,81.79271708683473,81.41097424412094,521479741,1.8652085479540615e-05,0.0012980359761106,0.0850684211228094,9,,
albert-base,16,29,82.18487394957984,80.45912653975364,1522471126,6.953741214551153e-06,0.0166576599853392,0.155684104357589,9,,
albert-base,17,0,81.04611923509562,81.49606299212599,1364014075,1.323472260212656e-05,0.0321027941477026,0.0131733394942809,3,,
albert-base,17,1,81.49606299212599,79.86501687289089,1160177670,8.016715987893966e-06,0.0001329050225876,0.1345120958930313,2,,
albert-base,17,2,81.72103487064118,80.48368953880765,881252714,7.772704227271564e-06,1.1339453332181784e-05,0.1761236671857045,7,,
albert-base,17,3,82.00224971878515,80.14623172103487,1433562401,8.807322890001726e-06,0.0050430385500066,0.0229147432130397,8,,
albert-base,17,4,76.94038245219348,76.09673790776154,1828129027,5.81011092441302e-05,0.0016765384284161,0.1936253586605237,2,,
albert-base,17,5,80.93363329583802,80.93363329583802,1507053320,2.1374038272050336e-05,0.0010524510850155,0.0231689399605911,8,,
albert-base,17,6,80.82114735658043,81.72103487064118,999586816,8.667338046777931e-06,0.0004178420890358,0.1096027094189071,5,,
albert-base,17,7,81.49606299212599,80.42744656917885,1757735747,1.1280852387556528e-05,2.329309389789902e-05,0.0290608074899072,7,,
albert-base,17,8,80.93363329583802,81.04611923509562,878577072,1.638064577079825e-05,0.0945320006474215,0.0163950832735395,8,,
albert-base,17,9,70.1912260967379,68.84139482564679,963207402,3.1659461822250475e-05,0.0002259260781974,0.1951951931045727,4,,
albert-base,17,10,81.55230596175478,80.14623172103487,1201533797,1.2378545372452393e-05,0.0073700047474487,0.1058464469311723,10,,
albert-base,17,11,80.31496062992126,80.31496062992126,180517328,5.382984157609306e-06,1.2974706745425464e-05,0.0737726874262241,2,,
albert-base,17,12,81.38357705286839,80.59617547806525,1841403682,1.8548570250215157e-05,8.26588956434051e-05,0.007842563284469,6,,
albert-base,17,13,81.72103487064118,80.08998875140607,22405501,4.1754294301003286e-05,0.052841142283275,0.1689008604957002,7,,
albert-base,17,14,78.51518560179977,78.57142857142857,1844353820,7.10809602102258e-05,0.0002144068831195,0.1991316578196321,9,,
albert-base,17,15,82.00224971878515,79.92125984251969,657491547,2.347949153897016e-05,4.306711940803281e-05,0.0086304581697549,7,,
albert-base,17,16,82.05849268841395,80.65241844769403,1479340580,1.2991262740561016e-05,0.0040708334240973,0.0415287877911467,3,,
albert-base,17,17,81.66479190101238,80.42744656917885,1697628251,7.995191744055672e-06,1.063461008620566e-05,0.0048264068382094,5,,
albert-base,17,18,82.28346456692914,80.37120359955006,1760427083,1.1706158081164813e-05,0.0001589862568292,0.0179888330154283,7,,
albert-base,17,19,81.04611923509562,81.04611923509562,46539534,5.055719266884849e-06,2.3698132624009972e-05,0.1335223349576547,9,,
albert-base,17,20,80.87739032620922,79.6400449943757,1752557279,6.695592357165169e-06,1.635330731982727e-05,0.0659715152604772,7,,
albert-base,17,21,81.94600674915635,80.87739032620922,1865940753,2.1426301931683795e-05,0.0022690416796441,0.1900332938985403,7,,
albert-base,17,22,79.41507311586052,80.03374578177728,243363586,4.305554668555957e-05,2.6161148588792477e-05,0.1984554445456066,3,,
albert-base,17,23,80.31496062992126,79.6962879640045,347664919,3.379086820550467e-05,0.0001186794212106,0.037955092884319,4,,
albert-base,17,24,82.05849268841395,79.6962879640045,858197557,3.305104250696701e-05,3.890843104952497e-05,0.0231769609807984,2,,
albert-base,17,25,80.93363329583802,80.53993250843645,2033420480,5.265136385602491e-06,0.0002618282068068,0.1878231250947259,3,,
albert-base,17,26,80.65241844769403,82.67716535433071,875345328,8.96436656572814e-06,0.0117032775297356,0.0294073479436749,4,,
albert-base,17,27,69.23509561304837,68.33520809898762,1101305862,8.938477897477638e-05,0.0113499907076833,0.185480516585243,3,,
albert-base,17,28,82.05849268841395,79.6962879640045,747360756,2.798877443361215e-05,1.4308529100706528e-05,0.1400418236754824,7,,
albert-base,17,29,80.70866141732283,79.13385826771653,11748435,5.3627878609812834e-05,4.660795050770363e-05,0.176562073103932,3,,
albert-base,18,0,83.1017231795442,80.71150639244024,876521662,3.5958722897080226e-05,0.0074265182710119,0.1505601815899277,5,,
albert-base,18,1,70.15008337965537,71.92884936075598,1206372274,8.581449809538615e-05,0.0001155679004684,0.1307320503509993,4,,
albert-base,18,2,83.49082823790995,80.82267926625903,1115244680,2.9978976136410417e-05,0.0002908633573125,0.0635761858297344,7,,
albert-base,18,3,84.76931628682601,81.87882156753751,1038081307,1.2915440657682668e-05,0.0854521110131547,0.0486528346257792,6,,
albert-base,18,4,82.37909949972207,79.65536409116176,242477255,5.020177407838095e-06,1.8148434399102718e-05,0.151640207339101,5,,
albert-base,18,5,83.37965536409116,80.98943857698721,1778941753,1.6693861025750435e-05,0.0004315953492002,0.1907805215633599,4,,
albert-base,18,6,81.65647581989994,79.2106725958866,638585592,5.147242341539561e-06,7.575027334225673e-05,0.0261053485087373,3,,
albert-base,18,7,83.9911061700945,81.37854363535297,1375078986,1.4643924123776131e-05,0.0002873941758647,0.1195226320644988,10,,
albert-base,18,8,82.54585881045026,80.76709282934964,1698924372,5.296255449591883e-06,0.0001614706686777,0.0088774675736636,7,,
albert-base,18,9,82.26792662590329,81.26737076153418,1875320098,3.8791933248411765e-05,0.0041171827799958,0.1649900312175887,5,,
albert-base,18,10,82.9905503057254,79.87770983879933,606689304,4.123466687760061e-05,0.0008118716754468,0.1328676557506063,6,,
albert-base,18,11,83.9911061700945,81.21178432462479,1320551733,2.26018171148072e-05,0.0035693176761882,0.1984811547690791,4,,
albert-base,18,12,81.100611450806,79.98888271261812,57174914,6.052666672787871e-05,0.0001580600964824,0.0438154453581496,7,,
albert-base,18,13,82.93496386881601,79.93329627570873,1178685987,6.1823762321153655e-06,1.5867257664585498e-05,0.1610052916581139,6,,
albert-base,18,14,82.65703168426904,80.2112284602557,786662296,1.4723696141214827e-05,6.491215952743153e-05,0.0680000240324294,3,,
albert-base,18,15,83.9355197331851,81.93440800444691,745035772,1.613572944223996e-05,0.0004417149838521,0.0657029124523603,4,,
albert-base,18,16,82.65703168426904,79.82212340188994,403589015,1.6119829498069705e-05,0.022339221636359,0.0096784825755911,4,,
albert-base,18,17,82.04558087826571,79.76653696498055,1235701776,5.373971891130226e-06,0.0061862183230396,0.1155219118860954,7,,
albert-base,18,18,83.15730961645359,81.21178432462479,317725032,2.35036890340984e-05,0.0358531681212555,0.0815118138936913,10,,
albert-base,18,19,82.9905503057254,81.60088938299054,1121289051,8.334506259870998e-06,3.4655088642075416e-05,0.0403105171773376,4,,
albert-base,18,20,80.93385214007782,79.04391328515842,227796713,5.683294730992156e-05,0.015947372581266,0.1947561651488397,6,,
albert-base,18,21,82.04558087826571,80.76709282934964,1780007239,5.809475823450536e-05,4.6683253983779016e-05,0.1318765577500671,5,,
albert-base,18,22,82.43468593663147,81.1561978877154,1276625694,4.1851106943051e-05,0.0001048298337198,0.1410216174260713,5,,
albert-base,18,23,82.54585881045026,79.87770983879933,1028512924,4.5235462236751225e-05,1.788707309353969e-05,0.0400043351788902,2,,
albert-base,18,24,82.65703168426904,81.1561978877154,574710826,7.2934615773128605e-06,0.0003990115735413,0.035875348199252,5,,
albert-base,18,25,70.15008337965537,71.92884936075598,1234679449,7.539541035109599e-05,0.0012882794857512,0.0803871999681934,6,,
albert-base,18,26,83.0461367426348,80.82267926625903,835716401,5.527370419178964e-05,0.0007915080472608,0.1986112251253585,4,,
albert-base,18,27,84.38021122846025,80.65591995553085,2084563452,7.557728214903579e-06,0.0001636716213146,0.1222003623134636,3,,
albert-base,18,28,83.54641467481935,81.48971650917176,2119907226,1.3727602977988128e-05,0.0034234768160763,0.1312157222902755,8,,
albert-base,18,29,81.87882156753751,79.82212340188994,532448869,4.05178042053324e-05,0.0001972361938467,0.0733056269334185,10,,
albert-base,19,0,82.64788732394366,83.15492957746478,2130423891,6.175734927016544e-06,0.0004764330558861,0.1915772792364396,7,,
albert-base,19,1,82.4225352112676,82.87323943661971,2132414204,7.724212476552448e-06,2.0589192060874375e-05,0.1252769181560308,9,,
albert-base,19,2,81.52112676056338,82.25352112676056,68503627,1.2571154944086104e-05,0.0101100404488884,0.0877300527815749,5,,
albert-base,19,3,82.98591549295774,82.4225352112676,5474664,1.128602231579899e-05,0.0001101431060807,0.0588524117790758,8,,
albert-base,19,4,82.47887323943662,83.15492957746478,173529166,8.525640945404807e-06,0.0003125167971229,0.0703818538331483,5,,
albert-base,19,5,81.46478873239437,80.56338028169014,2071468602,5.055167293523873e-05,0.0004603944230963,0.0222454470951414,7,,
albert-base,19,6,78.70422535211267,78.70422535211267,1445559447,5.9456312359727074e-05,0.0002925583227228,0.1613472745228352,2,,
albert-base,19,7,72.33802816901408,69.97183098591549,873599464,8.322048728450995e-05,0.0001530112169062,0.0747884492034724,2,,
albert-base,19,8,81.97183098591549,81.52112676056338,2127329976,5.081101221637081e-06,0.0011513668278981,0.1125738637571548,5,,
albert-base,19,9,80.50704225352112,81.63380281690141,1414925055,5.149359806300918e-06,0.0003849452743902,0.0876448345894837,3,,
albert-base,19,10,81.5774647887324,81.52112676056338,949158488,6.286295358922747e-06,0.0280205932937161,0.0905182368752454,7,,
albert-base,19,11,82.8169014084507,81.74647887323944,591053716,1.6070402666417093e-05,0.0261690141815966,0.0508339887570535,8,,
albert-base,19,12,82.19718309859155,81.69014084507042,973411049,7.979504983689114e-06,0.0427212969540944,0.1227748200002501,9,,
albert-base,19,13,82.92957746478874,82.7605633802817,1250151439,1.100923334535367e-05,0.045355657669254,0.1474424840681604,6,,
albert-base,19,14,80.78873239436619,80.90140845070422,1100362491,6.8540873507325406e-06,0.0012844246559563,0.0089052017245549,6,,
albert-base,19,15,79.54929577464789,79.43661971830986,1790860411,5.318581119205514e-05,0.0044518572098909,0.0071269418080326,10,,
albert-base,19,16,78.47887323943662,77.1830985915493,2035507902,5.8935762142052e-05,0.0026948439326302,0.1536125174029749,5,,
albert-base,19,17,74.14084507042253,73.07042253521126,1549064602,8.424545806831347e-05,0.0160335052116871,0.1511004343739991,4,,
albert-base,19,18,77.91549295774648,77.12676056338029,711585925,6.689222312000988e-05,0.0297223953560484,0.1906568215539794,8,,
albert-base,19,19,82.08450704225352,82.47887323943662,257401758,2.3099702055001617e-05,0.0603926848454485,0.1403259610293243,9,,
albert-base,19,20,81.5774647887324,81.52112676056338,522289166,5.685611999639867e-06,0.0212953496875981,0.0298051206680257,10,,
albert-base,19,21,82.92957746478874,82.64788732394366,890441891,1.5929527790452537e-05,0.0100605631509301,0.0813349296462112,2,,
albert-base,19,22,80.3943661971831,80.73239436619718,2060431689,3.796844545412664e-05,0.0013356345135642,0.1177565184810903,10,,
albert-base,19,23,80.28169014084507,81.29577464788733,1450508537,6.181088975309903e-06,0.0035941338190329,0.1815953806085087,2,,
albert-base,19,24,81.74647887323944,80.78873239436619,1307235782,3.4332184931470497e-05,9.165021050957068e-05,0.1349945180026733,6,,
albert-base,19,25,82.36619718309859,82.8169014084507,1552890972,9.181222666795096e-06,0.0703042746683332,0.0293306675394728,4,,
albert-base,19,26,82.59154929577464,82.92957746478874,879866660,2.6210168648712923e-05,2.981187064919919e-05,0.1137868728809818,5,,
albert-base,19,27,81.63380281690141,80.11267605633803,1325236365,4.70438946109968e-05,5.6129559042405824e-05,0.1226270571594199,8,,
albert-base,19,28,79.77464788732394,81.2394366197183,943919135,3.1932011900473423e-05,0.0005886450331472,0.0288674206035313,10,,
albert-base,19,29,78.98591549295774,78.8169014084507,1752284398,5.647189514123853e-05,0.0106228733820762,0.1117855620744912,9,,
albert-base,20,0,79.62328767123287,78.60810039931546,367586007,6.146132306173347e-05,0.0082249100614469,0.1650864052390314,5,,
albert-base,20,1,82.53424657534246,81.11808328579578,87264975,1.0136893457308086e-05,0.0005942952895506,0.1036497419951453,4,,
albert-base,20,2,69.74885844748859,69.13861950941244,742271759,9.884727688645183e-05,0.0253475707123397,0.065747418331443,8,,
albert-base,20,3,78.3675799086758,77.3531089560753,685624096,6.969059377774491e-05,9.24049214587035e-05,0.0750496171529585,6,,
albert-base,20,4,82.4771689497717,81.40330861380491,1724793667,9.721494340902344e-06,0.0056595608351355,0.1318217253967666,4,,
albert-base,20,5,81.56392694063926,80.20536223616656,1015711075,7.440547442030651e-06,0.0005542222565298,0.0582838838874868,9,,
albert-base,20,6,82.99086757990868,80.66172276098118,290215453,5.6742624657479705e-06,1.8537387883358583e-05,0.0265837649027131,6,,
albert-base,20,7,82.59132420091325,81.23217341699943,911817822,2.5070443507481438e-05,0.0101810447451091,0.004298530475663,2,,
albert-base,20,8,83.162100456621,81.74557900741586,591859886,2.112020312962373e-05,5.889761531806731e-05,0.1991018147197054,5,,
albert-base,20,9,82.4771689497717,80.77581289218483,2031113593,9.870235178124888e-06,0.000227665828521,0.1769364229532654,7,,
albert-base,20,10,81.44977168949772,81.28921848260126,998583881,7.827746975847584e-06,5.647741180694508e-05,0.0607130821624725,3,,
albert-base,20,11,81.44977168949772,80.0342270393611,1734818124,4.195622579348065e-05,0.0068974630575814,0.1256617363043415,7,,
albert-base,20,12,81.44977168949772,81.28921848260126,511977652,8.12396271778158e-06,0.0110965934279126,0.0556071244424942,10,,
albert-base,20,13,82.1917808219178,80.66172276098118,668421012,2.870062125280133e-05,0.0012486586262683,0.1284894049509392,10,,
albert-base,20,14,81.84931506849315,80.4905875641757,809290955,1.022529699136915e-05,0.0008083409143794,0.1243791038102835,8,,
albert-base,20,15,82.81963470319634,81.68853394181403,904625169,1.9715395375351525e-05,0.0017900998794664,0.1881338063625452,7,,
albert-base,20,16,83.04794520547945,81.80262407301768,2102278343,3.707225405526413e-05,0.005742343236738,0.1105854203217496,7,,
albert-base,20,17,69.74885844748859,69.13861950941244,1448270972,6.286248964763911e-05,0.002654882137538,0.0206933050857854,10,,
albert-base,20,18,82.99086757990868,81.97375926982316,2144223020,1.0508642213466051e-05,0.001385889973375,0.1740477495702007,10,,
albert-base,20,19,81.56392694063926,80.60467769537935,89080319,1.184774424992116e-05,0.0274672628895661,0.1604353308890201,9,,
albert-base,20,20,81.62100456621005,80.26240730176839,555146300,6.407006593645411e-06,0.0182409133720895,0.1748503047270276,10,,
albert-base,20,21,69.74885844748859,69.13861950941244,653059272,6.954790437084301e-05,0.0624880453315521,0.0721229540975051,9,,
albert-base,20,22,83.162100456621,81.11808328579578,1894981551,8.6798269812256e-06,0.0007808726933606,0.1229900022400486,5,,
albert-base,20,23,79.05251141552512,79.92013690815745,1698041163,4.790065726340712e-05,0.0732741242272014,0.0389416928170117,3,,
albert-base,20,24,82.76255707762557,80.77581289218483,657700500,8.153278471644511e-06,0.000193834904013,0.0625084367547342,7,,
albert-base,20,25,81.79223744292237,81.1751283513976,1200624508,2.0335442082147783e-05,0.0964290909714118,0.166775776314485,3,,
albert-base,20,26,82.81963470319634,80.88990302338847,1420963462,9.37245013203137e-06,5.698691232112036e-05,0.0417519108859419,5,,
albert-base,20,27,72.26027397260275,71.7626925270964,766419740,6.886256005392933e-05,0.0146776481294942,0.1747138102089714,6,,
albert-base,20,28,83.33333333333333,81.00399315459212,613919426,2.071773136463819e-05,0.0001877916332208,0.0930104669643836,2,,
albert-base,20,29,82.02054794520548,80.37649743297204,1688668275,5.166475728635874e-06,0.0001417972288951,0.0364440955296324,4,,
albert-base,21,0,69.53302961275627,69.07744874715262,1554267785,8.987614917525898e-05,0.001669829620296,0.0414204791736555,3,,
albert-base,21,1,81.83371298405467,83.14350797266515,1822221473,1.785465373613972e-05,1.1181828133640197e-05,0.0094782324713858,9,,
albert-base,21,2,83.31435079726651,82.1753986332574,1124350996,1.336838986902212e-05,0.075502425610943,0.1130752667676857,8,,
albert-base,21,3,82.51708428246013,83.5990888382688,1708658347,2.5898400504770985e-05,0.0005381116123562,0.1717912086574093,9,,
albert-base,21,4,79.49886104783599,80.80865603644646,1862747322,6.679955528872999e-06,0.013714225199539,0.1015441457027771,2,,
albert-base,21,5,82.40318906605923,84.33940774487472,1333505321,1.4437649952502618e-05,0.0023014533506412,0.1521336532881804,4,,
albert-base,21,6,82.0615034168565,80.92255125284738,349166033,4.4588080432953565e-05,0.000571914096612,0.0085804916181706,10,,
albert-base,21,7,78.7015945330296,80.06833712984054,273380024,5.957800395181416e-05,6.141043719078131e-05,0.0624869618574685,5,,
albert-base,21,8,69.53302961275627,69.07744874715262,1475362645,5.9143435576762206e-05,3.199448662523748e-05,0.1203482574202101,6,,
albert-base,21,9,81.54897494305239,81.54897494305239,30500312,2.779421370769759e-05,0.0114475813964863,0.1289531485208013,2,,
albert-base,21,10,69.53302961275627,69.07744874715262,1850133346,9.068215163483092e-05,0.0013426320624321,0.1461144851909545,10,,
albert-base,21,11,80.97949886104783,82.57403189066059,1832337188,7.547025870275731e-06,0.0001708991519238,0.0069833036749189,3,,
albert-base,21,12,81.60592255125285,82.1753986332574,115123828,5.9093207895333074e-06,5.3131645471265145e-05,0.0854060321544455,4,,
albert-base,21,13,83.7129840546697,83.25740318906605,1580657983,1.2448038616763772e-05,4.773301717447772e-05,0.0570322313003329,10,,
albert-base,21,14,80.69476082004556,80.29612756264237,1281789925,4.686914333546328e-05,0.072498366653614,0.0432461684248655,5,,
albert-base,21,15,81.20728929384966,80.86560364464692,499331644,4.323926276395944e-05,3.656118335122631e-05,0.1425797181449844,9,,
albert-base,21,16,82.28929384965832,83.02961275626424,1424165787,2.5222365690941365e-05,0.002749228086095,0.001203019003528,9,,
albert-base,21,17,81.26423690205011,82.11845102505694,882279591,2.9699663510462656e-05,0.0023543027314396,0.009717618320154,10,,
albert-base,21,18,80.75170842824602,78.87243735763099,51869904,6.740480190742011e-05,0.0042233237574795,0.1163448767237559,9,,
albert-base,21,19,80.92255125284738,83.14350797266515,1240186478,1.8381405135121308e-05,0.0003296069101838,0.1264397983249567,2,,
albert-base,21,20,81.26423690205011,81.15034168564921,129430985,4.93191107936859e-05,0.0067741286480579,0.0684052055753547,8,,
albert-base,21,21,81.77676537585421,82.46013667425969,600493984,3.966073077984699e-05,0.0313316771115508,0.0964150967937342,5,,
albert-base,21,22,80.6378132118451,80.6378132118451,1389397174,3.831145587845265e-05,0.0010983436260115,0.0158978937563898,5,,
albert-base,21,23,81.94760820045558,83.20045558086561,1791437950,2.5308686288580705e-05,0.0006289624421284,0.0899490023092286,4,,
albert-base,21,24,69.53302961275627,69.07744874715262,904957125,8.980062844734416e-05,4.213858590041348e-05,0.011510298812659,6,,
albert-base,21,25,80.5239179954442,82.23234624145786,664052905,4.101739332545211e-05,0.0229467375505603,0.138925735529878,7,,
albert-base,21,26,79.6127562642369,81.03644646924829,147131837,6.454595861481128e-06,0.000472604571596,0.0032315466873484,2,,
albert-base,21,27,80.29612756264237,81.89066059225513,1522824952,1.1740806080593753e-05,1.1402219508191257e-05,0.0990254515729462,2,,
albert-base,21,28,83.20045558086561,82.57403189066059,1246199925,2.028794079396436e-05,0.0007178345595059,0.1664415765303409,6,,
albert-base,21,29,69.53302961275627,69.07744874715262,1275119901,8.934545181904036e-05,2.3602411545910945e-05,0.0605981921957726,4,,
albert-base,22,0,81.13207547169812,82.22857142857143,1155160505,7.788883547721876e-06,0.0323586464343337,0.1177501640560443,4,,
albert-base,22,1,81.64665523156089,82.05714285714286,1018810156,2.962461891492013e-05,0.036719478890749,0.0960581488620615,2,,
albert-base,22,2,71.41223556317895,70.05714285714286,1152865636,8.839445433395259e-05,6.251629138858822e-05,0.1852162435285894,2,,
albert-base,22,3,79.18810748999428,80.57142857142857,169575192,5.369450009591329e-05,0.0001253140301074,0.0140483717632818,3,,
albert-base,22,4,81.87535734705546,82.28571428571429,507046939,2.487838755086304e-05,0.0001856489709402,0.0791018073590668,9,,
albert-base,22,5,82.7329902801601,82.45714285714286,1725971113,2.285639259100425e-05,1.3098003978572758e-05,0.0759905488029126,10,,
albert-base,22,6,80.67467124070897,80.97142857142858,1733819001,6.1173937621187406e-06,0.0001503313636104,0.1666991706701774,4,,
albert-base,22,7,71.41223556317895,70.05714285714286,1265086848,7.60438604878119e-05,1.361923702532978e-05,0.0191538796287798,8,,
albert-base,22,8,71.41223556317895,70.05714285714286,1583270203,7.917102352185077e-05,0.0015802674246219,0.0261372213467516,8,,
albert-base,22,9,81.41795311606633,82.62857142857143,1575977418,8.455689299475608e-06,0.0081940769723248,0.0092443636635798,6,,
albert-base,22,10,82.04688393367638,82.05714285714286,1657675679,9.450915015788591e-06,0.0001419484076142,0.0232061440430229,9,,
albert-base,22,11,80.96054888507719,82.0,1068614491,2.976120280248251e-05,0.0348613662342874,0.1844077307246783,8,,
albert-base,22,12,79.18810748999428,80.11428571428571,1808166778,5.042503072435812e-05,0.0082859534237546,0.0648779856599486,9,,
albert-base,22,13,74.78559176672384,76.85714285714286,1844642291,6.63685120795015e-05,0.0018333543617681,0.1841634549307568,7,,
albert-base,22,14,80.67467124070897,82.74285714285715,1713718837,1.2470039327619018e-05,0.0015830152782534,0.0821897475916493,8,,
albert-base,22,15,71.41223556317895,70.05714285714286,1875092039,5.466307960118234e-05,0.0001349361023823,0.0771982390107592,7,,
albert-base,22,16,71.41223556317895,70.05714285714286,1198942251,8.998357899986298e-05,1.1308243582734482e-05,0.1835333567928186,9,,
albert-base,22,17,81.64665523156089,83.2,1825004273,8.433377374749368e-06,2.447184898043254e-05,0.0939934101473211,7,,
albert-base,22,18,79.30245854774157,80.45714285714286,2115318502,7.374668332169497e-05,7.877993428115735e-05,0.1711753884067382,10,,
albert-base,22,19,81.2464265294454,81.6,1794378603,6.7571452411091726e-06,0.000155828548302,0.1715326486246921,4,,
albert-base,22,20,81.07489994282447,81.94285714285714,317481869,3.207579529919984e-05,0.0015260033012607,0.0484374382084447,10,,
albert-base,22,21,80.8461978273299,82.34285714285714,444731752,1.2282308884523496e-05,3.7206780859383904e-05,0.0020478332642039,5,,
albert-base,22,22,81.18925100057176,82.0,1945790814,1.6327021886898294e-05,0.0046661831067034,0.0538631610148226,9,,
albert-base,22,23,81.07489994282447,81.6,1269850588,3.734233906963111e-05,0.0104431401328764,0.1047219261471339,6,,
albert-base,22,24,78.95940537449971,78.17142857142858,632165111,6.14301863397727e-05,3.545701145148226e-05,0.1658742649111688,5,,
albert-base,22,25,82.96169239565467,82.74285714285715,124819557,2.4608623368224e-05,0.00027951847471,0.0205438819144043,6,,
albert-base,22,26,71.41223556317895,70.05714285714286,1239348964,8.977763566482148e-05,0.0001231968661747,0.0130426148415085,6,,
albert-base,22,27,81.2464265294454,82.17142857142858,16648443,7.165918530971948e-06,4.816978231559304e-05,0.077559222769261,9,,
albert-base,22,28,79.7598627787307,82.0,1408194512,5.6405054863483815e-06,0.0299113785305166,0.0607160830082742,8,,
albert-base,22,29,80.96054888507719,80.74285714285715,678518873,5.368114824976876e-05,4.146162722227208e-05,0.0705588829050455,10,,
albert-base,23,0,82.45219347581552,82.11473565804275,1783383204,5.478811895720826e-06,5.694383209349778e-05,0.1456229642662762,7,,
albert-base,23,1,70.07874015748031,69.85376827896513,1614144523,7.84577182577541e-05,0.0008474203712259,0.0044161511237179,7,,
albert-base,23,2,70.07874015748031,69.85376827896513,562535301,6.07708899779132e-05,0.0007084414443828,0.0178119650492965,8,,
albert-base,23,3,80.87739032620922,81.10236220472441,924325515,3.865164226322663e-05,0.0102850483099943,0.1484609340725259,6,,
albert-base,23,4,80.37120359955006,81.83352080989876,1328925549,2.259881903505744e-05,0.0001587859223357,0.126902040682773,10,,
albert-base,23,5,79.97750281214849,80.76490438695163,1035352987,5.44538585789863e-06,0.0774821299066527,0.0680395548744845,3,,
albert-base,23,6,81.72103487064118,82.11473565804275,456587212,5.352634497454814e-06,0.0006929136429143,0.0435103312561539,9,,
albert-base,23,7,81.72103487064118,81.2710911136108,777754385,1.2649228612907835e-05,0.012773017375377,0.080780847034724,6,,
albert-base,23,8,80.82114735658043,82.00224971878515,57806727,7.669552711533186e-06,0.0017133234473398,0.1620217558615703,3,,
albert-base,23,9,70.07874015748031,69.85376827896513,1969100953,4.823901523803108e-05,0.0024595698020931,0.1390925301992828,5,,
albert-base,23,10,81.55230596175478,81.77727784026996,1615010930,1.858617382381207e-05,0.000447577783221,0.1345646684799777,4,,
albert-base,23,11,80.98987626546682,83.07086614173228,328320993,1.111409656327333e-05,0.0158364199016058,0.1910035013300469,10,,
albert-base,23,12,80.93363329583802,80.70866141732283,1912316165,3.28621492344101e-05,6.922828250426104e-05,0.1182703123225181,7,,
albert-base,23,13,82.00224971878515,82.05849268841395,8771425,2.543561592024905e-05,0.0031573696677084,0.1507980327121392,2,,
albert-base,23,14,80.53993250843645,80.93363329583802,808701765,5.2108957158664005e-06,0.0046108473583116,0.1911779487416306,4,,
albert-base,23,15,70.07874015748031,69.85376827896513,565027005,8.718227851596431e-05,0.0117646328050123,0.1293397988383987,2,,
albert-base,23,16,76.43419572553431,75.87176602924634,1873391486,2.5966763576245044e-05,0.0040781053426998,0.1049231030324717,2,,
albert-base,23,17,71.822272215973,70.02249718785151,1658870927,5.3259933574358925e-05,0.0141422627896897,0.0422349679244258,3,,
albert-base,23,18,81.88976377952756,81.38357705286839,868665164,1.9967340488416582e-05,0.0001935476963006,0.1600062060332796,8,,
albert-base,23,19,80.87739032620922,82.05849268841395,1743820357,1.1115025095418873e-05,0.0001238468869807,0.020328110794425,6,,
albert-base,23,20,82.90213723284589,82.56467941507312,756880871,8.108858990343866e-06,0.0025730699720474,0.1173916961766031,8,,
albert-base,23,21,80.25871766029246,80.59617547806525,548946231,3.579449316824728e-05,3.804816921645148e-05,0.1511826382994017,2,,
albert-base,23,22,83.29583802024747,82.33970753655792,1738069244,6.548356350876733e-06,4.114745599472527e-05,0.0412196384153491,7,,
albert-base,23,23,82.17097862767154,81.60854893138358,1359058885,3.0970421117405775e-05,0.0010119969937728,0.1914741526409272,4,,
albert-base,23,24,82.39595050618672,82.17097862767154,2003366521,1.1260650405216552e-05,3.864281527236495e-05,0.0591578440240116,8,,
albert-base,23,25,70.07874015748031,69.85376827896513,2080880641,9.93774940610225e-05,0.0004353989822977,0.0047958188218283,3,,
albert-base,23,26,70.07874015748031,69.85376827896513,1827128434,9.538788892122038e-05,0.0035298046387367,0.0216902157820733,10,,
albert-base,23,27,82.00224971878515,81.88976377952756,2078545705,1.0151553348077437e-05,2.153833685730056e-05,0.1280554742917525,4,,
albert-base,23,28,70.07874015748031,69.85376827896513,2130478300,8.596403384511481e-05,0.0001258230329608,0.135463961192648,9,,
albert-base,23,29,82.33970753655792,81.2710911136108,1710837912,1.3409381593752834e-05,0.0092781067752936,0.0998520101130041,5,,
albert-base,24,0,81.10676355505869,82.0570150922303,668877176,7.333621334854778e-06,0.0151846923074355,0.1761650974719883,7,,
albert-base,24,1,78.98267188373393,81.66573504751258,2018906929,4.015259300117434e-05,8.751827477301155e-05,0.0835690274902018,2,,
albert-base,24,2,79.42984907769704,81.77752934600335,771428472,5.16662118675983e-06,0.033483305342697,0.0058259848242649,5,,
albert-base,24,3,80.88317495807713,83.28675237562884,1033128719,1.8041840532301644e-05,0.0001110466920735,0.0455683439235741,9,,
albert-base,24,4,81.10676355505869,83.28675237562884,2026767794,1.093489847551082e-05,0.0012147951926596,0.106602640340133,9,,
albert-base,24,5,79.82112912241476,80.99496925656791,195894724,3.031888492891316e-05,0.0011544620964043,0.0093190061240525,3,,
albert-base,24,6,70.48630519843488,70.93348239239799,720239103,8.257767701662213e-05,0.0001337960903874,0.0111188024321128,8,,
albert-base,24,7,80.38010061486864,82.22470653996646,1204364771,5.846327004639011e-06,0.0006011038951873,0.0762245353232954,6,,
albert-base,24,8,79.98882057015092,82.0011179429849,218159722,3.1891082996655274e-05,0.0002638834711036,0.0543126584018348,10,,
albert-base,24,9,80.82727780883175,82.33650083845724,1707876682,9.022798032518024e-06,0.0003387615943491,0.0550290323701457,2,,
albert-base,24,10,77.92062604807155,80.93907210732253,354028108,5.0098122794401424e-05,0.0017732941878139,0.0043918523330166,7,,
albert-base,24,11,78.1442146450531,79.37395192845165,414586873,6.23069185642508e-05,0.0401944463086422,0.0365566693643788,8,,
albert-base,24,12,70.54220234768027,70.48630519843488,892577846,6.233488707701386e-05,0.0004622561782368,0.0953292632151621,3,,
albert-base,24,13,70.48630519843488,70.93348239239799,818519952,5.908241906209643e-05,0.0052948216696336,0.1613105662401767,2,,
albert-base,24,14,79.48574622694242,81.60983789826719,224069686,4.340834518489427e-05,1.8595784984412183e-05,0.1641721666402527,7,,
albert-base,24,15,81.05086640581331,83.45444382336501,983042611,1.1965467548063448e-05,0.0035231953284268,0.0600217809824582,7,,
albert-base,24,16,78.70318613750699,82.0570150922303,354485901,3.96251574010576e-05,0.0213708674149064,0.1580866978632686,2,,
albert-base,24,17,80.04471771939632,82.0011179429849,1151985389,5.432479218475337e-06,0.0241795431519988,0.1735788658209013,7,,
albert-base,24,18,79.54164337618782,81.72163219675797,571350469,6.093529742922079e-06,0.0020019654589038,0.1023201209350487,4,,
albert-base,24,19,80.43599776411403,82.5041922861934,1513556881,3.300508939644908e-05,0.0001231548049464,0.0780484745731922,6,,
albert-base,24,20,79.82112912241476,82.78367803242034,481298265,1.248733054485396e-05,0.00940507962289,0.026030316488492,5,,
albert-base,24,21,82.28060368921184,83.84572386808273,279638322,1.857424237292957e-05,1.6617292346047974e-05,0.1164391186438133,9,,
albert-base,24,22,80.6036892118502,83.39854667411961,1299630989,2.280788042991058e-05,6.37669489999696e-05,0.0229567761857361,8,,
albert-base,24,23,80.77138065958636,83.56623812185579,199435724,2.869510764235822e-05,7.349200191198388e-05,0.0935047928552686,5,,
albert-base,24,24,80.32420346562326,82.95136948015652,1678100415,1.5360874006266214e-05,7.86823334121722e-05,0.0706046721318101,5,,
albert-base,24,25,80.32420346562326,82.44829513694802,1433512439,7.873038060017998e-06,3.437787331318126e-05,0.1529167685463724,2,,
albert-base,24,26,81.10676355505869,83.28675237562884,41993500,1.1949035129143074e-05,0.0077438805466314,0.1308136050487947,7,,
albert-base,24,27,70.48630519843488,70.93348239239799,1286961262,9.838970953268346e-05,1.9650876418483065e-05,0.0543785552598662,2,,
albert-base,24,28,79.20626048071549,81.5539407490218,1660719216,7.748786477408228e-06,8.78312890563505e-05,0.0698876142830382,6,,
albert-base,24,29,79.93292342090554,82.61598658468418,958821079,4.010836803428937e-05,0.0013965244910303,0.1681626443742229,6,,
albert-base,25,0,83.51522113727742,81.97474167623422,642424588,1.676972579149517e-05,0.0236673017088585,0.1245722888280583,6,,
albert-base,25,1,82.25157955198162,81.4580941446613,330083728,1.8642768968106732e-05,0.0930044968909162,0.0674383499152577,8,,
albert-base,25,2,82.19414129810454,80.53960964408725,182648088,5.716362125824333e-06,0.0004280643933896,0.127784088811115,3,,
albert-base,25,3,82.19414129810454,81.4580941446613,238723763,1.178991648793439e-05,0.0547792181873809,0.0261563386712569,5,,
albert-base,25,4,83.5726593911545,82.08955223880596,1775643840,2.6331927084835152e-05,3.5888826753127905e-05,0.1809595476002211,2,,
albert-base,25,5,81.27512923607122,80.25258323765786,406016926,2.7112574533181488e-05,0.0001251121117222,0.175155791786375,2,,
albert-base,25,6,82.71108558299828,82.66360505166476,820286046,1.6967951572235313e-05,0.0104273148374866,0.1827536245802205,8,,
albert-base,25,7,80.52843193566916,78.98966704936853,2135211281,4.657701761414789e-05,2.3548596035610088e-05,0.0002884467947303,7,,
albert-base,25,8,77.4842044801838,76.80826636050517,1627347719,5.9647568602538046e-05,2.662387442408008e-05,0.1979549147652805,2,,
albert-base,25,9,70.47673750717978,69.80482204362801,1324453190,4.851590682698258e-05,0.0011290438560086,0.019322633374645,8,,
albert-base,25,10,81.27512923607122,81.68771526980483,2122040725,1.2875782503837334e-05,1.0990314761696758e-05,0.1434946419801907,10,,
albert-base,25,11,70.47673750717978,69.80482204362801,1956985793,6.755560306953694e-05,0.0019443735063206,0.0213770495422331,9,,
albert-base,25,12,81.16025272831706,80.82663605051665,132334982,7.38186644050194e-06,0.0016860659068522,0.1436557819224984,3,,
albert-base,25,13,81.79207352096496,81.22847301951779,1922270114,1.1343143932408518e-05,0.0132956468414954,0.1861414308856687,2,,
albert-base,25,14,82.02182653647328,79.73593570608496,142151294,4.5106110055898434e-05,9.623649107895172e-05,0.1572937283154506,3,,
albert-base,25,15,82.19414129810454,81.68771526980483,1668012274,1.6869309115844145e-05,0.0002019224076233,0.1897603325304702,10,,
albert-base,25,16,83.34290637564618,82.43398392652124,1181237704,1.3587142265747464e-05,0.0006364581908825,0.1137156378498688,7,,
albert-base,25,17,83.17059161401494,81.28587830080367,604503285,1.5036301501071386e-05,5.132121805935949e-05,0.1573932697489077,9,,
albert-base,25,18,80.93049971280873,81.17106773823191,619371658,3.886506354310747e-05,0.0083399022671632,0.0966229881737703,9,,
albert-base,25,19,80.75818495117748,78.98966704936853,655947465,5.89500553033318e-05,1.0531874200594844e-05,0.1972735313001966,5,,
albert-base,25,20,83.34290637564618,80.53960964408725,1805906566,2.319571196877847e-05,0.0412750843432501,0.1209063880741075,4,,
albert-base,25,21,81.56232050545664,80.76923076923077,315589834,2.6565898007437756e-05,0.0003186487639094,0.0010895009740888,9,,
albert-base,25,22,82.99827685238368,80.65442020665901,455379221,3.195092017469412e-05,0.0001516096207871,0.0872988045845836,10,,
albert-base,25,23,78.69040781160253,77.66934557979334,1272434712,6.942187243470923e-05,0.0001161749468203,0.0391538002395521,3,,
albert-base,25,24,81.56232050545664,81.97474167623422,1539824011,1.263662946913216e-05,0.0504139610081366,0.0484379164748777,4,,
albert-base,25,25,82.6536473291212,81.22847301951779,985159640,2.748967812541029e-05,0.0143538307779316,0.1677964960881351,8,,
albert-base,25,26,83.05571510626076,81.51549942594718,1569219007,1.906931497028144e-05,0.0197913364839851,0.0147802977481223,3,,
albert-base,25,27,81.21769098219414,80.13777267508611,1314234904,3.222504255134543e-05,0.0141921786993852,0.0781962590927905,8,,
albert-base,25,28,80.93049971280873,79.96555683122847,1484482362,3.788315726982502e-05,0.0243451867471459,0.0199276007182039,10,,
albert-base,25,29,83.5726593911545,81.80252583237657,606559907,1.1660044042954264e-05,0.0045967314185459,0.1112996435100629,7,,
albert-base,26,0,82.69662921348315,80.46041549691185,545960567,4.329569426801753e-05,0.0459024272638459,0.1715008841824598,10,,
albert-base,26,1,78.31460674157303,78.83211678832117,1827554227,5.780154144534946e-05,0.0005375357376984,0.0445416183621996,10,,
albert-base,26,2,82.64044943820225,81.5272318921954,1659367516,9.646159771263343e-06,0.063854414164457,0.0253210622309297,6,,
albert-base,26,3,82.80898876404494,82.8186412128018,1047338329,1.6618240064603093e-05,0.0690269273299831,0.0169434278007045,6,,
albert-base,26,4,80.33707865168539,79.16900617630544,1283875318,3.10081706072863e-05,2.6593160138635203e-05,0.0054981228497079,8,,
albert-base,26,5,71.74157303370787,70.07299270072993,1981103286,6.776090092339677e-05,0.0211068236028121,0.0725460335294903,5,,
albert-base,26,6,79.6067415730337,78.94441325098259,1504374433,7.122647851401583e-05,0.0664425070079049,0.0938669889186759,5,,
albert-base,26,7,80.78651685393258,80.235822571589,1602821678,4.95416438806403e-05,0.0704613628813925,0.0547207092957403,5,,
albert-base,26,8,79.88764044943821,78.88826501965188,1605642834,6.866008390144249e-05,0.0004184392438934,0.1609715889840006,10,,
albert-base,26,9,81.74157303370787,82.8186412128018,2028320525,7.145349226597824e-06,0.0001213991553145,0.1018361629913745,4,,
albert-base,26,10,82.69662921348315,82.14486243683324,335567741,1.3420992044479573e-05,4.4132798975737937e-05,0.0438596851601526,4,,
albert-base,26,11,76.34831460674157,75.74396406513195,2032253525,4.614334649821558e-05,0.0009318076012562,0.0467281626998042,2,,
albert-base,26,12,81.34831460674157,78.60752386299832,1954998516,6.316576425872976e-05,2.7911325525699557e-05,0.1252888847737575,8,,
albert-base,26,13,82.64044943820225,83.38012352610893,433048899,1.4472194762394956e-05,0.078576984470004,0.1994617952793427,3,,
albert-base,26,14,82.30337078651685,81.63952835485682,784950944,2.2919445720865573e-05,0.0005728850589691,0.0361738860133742,4,,
albert-base,26,15,79.71910112359551,79.61819202695115,1908871672,3.786052966408529e-05,0.0016994888250401,0.0733555475447634,9,,
albert-base,26,16,75.0561797752809,74.90174059517125,2119687180,8.396870258990872e-05,0.036952528836865,0.1754998045388774,7,,
albert-base,26,17,71.74157303370787,70.07299270072993,844935810,6.208697640582735e-05,0.0051722078902164,0.0165505358938111,10,,
albert-base,26,18,82.92134831460675,81.58338012352611,1513045659,5.1420993324196845e-06,0.0001193267869436,0.0216864353814228,8,,
albert-base,26,19,81.17977528089888,79.842784952274,943814833,5.501628595849367e-05,0.0010967509569183,0.1711389553282233,10,,
albert-base,26,20,83.25842696629213,81.75182481751825,1689489067,1.4686782501538324e-05,0.0010608602228809,0.0642750675992468,10,,
albert-base,26,21,82.35955056179775,82.14486243683324,2068996010,1.80329683916286e-05,0.00246623904085,0.0777634511885308,3,,
albert-base,26,22,81.96629213483146,80.90960134755755,597875813,7.134360149342819e-06,0.0238575652242704,0.0970969129771199,7,,
albert-base,26,23,82.35955056179775,81.1341942728804,1630783044,3.285060464340722e-05,0.0001030839167353,0.1888512257267524,10,,
albert-base,26,24,80.89887640449439,81.1341942728804,807783148,3.696207679452573e-05,0.0004821775747792,0.1292987310372206,9,,
albert-base,26,25,82.52808988764045,81.97641774284111,1980988325,1.720373907556556e-05,0.012952281501817,0.1907135009331635,9,,
albert-base,26,26,82.69662921348315,82.03256597417182,867334624,9.948802843057157e-06,0.0021914992133921,0.0210812749654028,3,,
albert-base,26,27,81.17977528089888,80.90960134755755,1693025901,7.541139419611626e-06,0.0095743378248659,0.1793738446199037,8,,
albert-base,26,28,82.35955056179775,81.41493542953397,553642164,8.911595637843339e-06,0.0616641569887838,0.0688757596725287,2,,
albert-base,26,29,81.85393258426966,80.57271195957327,438780470,6.127889033501402e-06,0.0412962039846789,0.1420640170850839,8,,
albert-base,27,0,82.82943525385055,81.18586088939567,592783050,9.74748835372345e-06,0.0150153632237764,0.1236344621219163,5,,
albert-base,27,1,81.51739874500856,81.58494868871152,665447140,5.505509839793366e-06,7.001840073404362e-05,0.0926285609951671,5,,
albert-base,27,2,81.1751283513976,81.92702394526796,850723489,5.481408580103658e-06,0.0663712790817283,0.0313978927281156,4,,
albert-base,27,3,79.57786651454649,79.93158494868871,1952175088,4.525260857137168e-05,0.0116684356867213,0.0220087114678652,2,,
albert-base,27,4,81.97375926982316,80.15963511972635,865704543,3.894971872691784e-05,0.0001198205964487,0.1656291610890276,6,,
albert-base,27,5,80.14831717056475,80.33067274800456,474995787,1.3639216521696332e-05,0.0003060452847748,0.1699021354194457,2,,
albert-base,27,6,82.65830005704507,80.27366020524515,694840629,1.6981758942416774e-05,1.2738594265683194e-05,0.128010132733005,5,,
albert-base,27,7,80.26240730176839,79.47548460661345,236930320,6.903757072244018e-05,0.0004528837813994,0.1767408952285601,8,,
albert-base,27,8,82.31602966343411,81.24287343215508,184907111,1.224876849823016e-05,2.5505787712507934e-05,0.0690584590666857,3,,
albert-base,27,9,81.46035367940674,80.15963511972635,1031897510,4.123125570045304e-05,0.0001098062046384,0.1252629879190504,3,,
albert-base,27,10,82.37307472903593,81.92702394526796,837151501,6.389892329208131e-06,0.0328787370823725,0.0315404081684273,6,,
albert-base,27,11,80.66172276098118,79.70353477765109,711647680,6.705519061395232e-06,2.373244308538896e-05,0.1817620207754364,10,,
albert-base,27,12,81.80262407301768,80.04561003420753,675288234,3.637713520576912e-05,0.0003826224701924,0.1448189629438502,9,,
albert-base,27,13,81.28921848260126,81.01482326111744,950110767,5.035389883062599e-06,2.8604486541691267e-05,0.1379829998019019,9,,
albert-base,27,14,79.97718197375927,79.47548460661345,2031121707,1.3961205500977348e-05,0.0030971798804638,0.0858895512423193,3,,
albert-base,27,15,81.91671420422134,80.95781071835803,332488124,8.813012168370922e-06,0.0874816902735483,0.1870702718609077,10,,
albert-base,27,16,79.92013690815745,78.56328392246294,874115172,4.741703045778644e-05,0.0001753337285905,0.0618558318687177,2,,
albert-base,27,17,81.46035367940674,81.24287343215508,741294280,7.71188201255895e-06,5.881424518397602e-05,0.1214844689105368,3,,
albert-base,27,18,81.74557900741586,82.55416191562144,1581367333,1.0006321333434222e-05,0.0218046834245858,0.0055518630738751,7,,
albert-base,27,19,82.14489446662864,80.33067274800456,1607543524,7.271795818528534e-06,0.0214070710647866,0.1148510767321703,9,,
albert-base,27,20,82.65830005704507,80.72976054732041,68825955,3.396566913881892e-05,1.6368625201072648e-05,0.081977734320427,8,,
albert-base,27,21,70.73588134626355,70.69555302166476,1028795933,9.628427048462706e-05,0.0039279037334974,0.0888769636123508,9,,
albert-base,27,22,82.03080433542499,79.30444697833524,1701852999,4.209901281070375e-05,0.0119683354074086,0.0200706472752477,4,,
albert-base,27,23,82.08784940102682,80.84378563283923,1879932738,8.299999190909279e-06,0.0002332594171054,0.085405521122699,7,,
albert-base,27,24,80.37649743297204,80.672748004561,1997440617,6.5696388780134335e-06,0.0001662673045073,0.0697664455909407,2,,
albert-base,27,25,81.06103822019395,81.64196123147093,788327227,8.875827517996297e-06,0.0016950847363889,0.0766106474193404,8,,
albert-base,27,26,81.51739874500856,80.27366020524515,520728290,3.1299883007130285e-05,0.0015231385138835,0.0349983479605679,9,,
albert-base,27,27,81.68853394181403,81.24287343215508,279609008,6.668870334575122e-06,0.0289306426645884,0.0968953621555867,9,,
albert-base,27,28,80.4905875641757,80.27366020524515,1139844295,3.303147236672137e-05,5.181477312969494e-05,0.1455994982703466,3,,
albert-base,27,29,82.43011979463776,82.04104903078677,2114420114,2.4600361317103026e-05,0.0465995199191118,0.1769036294796538,9,,
albert-base,28,0,82.05417607223477,82.95711060948081,584553388,2.291012478795208e-05,0.0015339859796369,0.0483542020557215,2,,
albert-base,28,1,81.88487584650113,82.05417607223477,999644971,2.454454675319521e-05,0.0001438101620773,0.0876488986370474,8,,
albert-base,28,2,81.15124153498871,81.20767494356659,2108198405,4.496705571811414e-05,0.0002187438238274,0.0583285462247067,10,,
albert-base,28,3,82.50564334085779,83.0135440180587,932280325,3.4287629718401974e-05,0.001717556626564,0.1564558066536008,6,,
albert-base,28,4,82.27990970654628,82.50564334085779,1939804415,1.3520291185365207e-05,1.3440700473914416e-05,0.0950294743868808,10,,
albert-base,28,5,80.07900677200902,80.53047404063206,1033871535,3.989272600876536e-05,0.0038443160389088,0.0533782812613435,7,,
albert-base,28,6,80.98194130925508,81.20767494356659,1082373313,1.0121134310882605e-05,0.0465424954814035,0.1006540220698941,3,,
albert-base,28,7,69.75169300225734,72.06546275395034,490559685,9.715353974682031e-05,0.0122404912145313,0.1677000808840794,5,,
albert-base,28,8,79.68397291196388,80.86907449209933,1514615987,4.422194902937487e-05,1.1313919343952318e-05,0.1740974581399909,5,,
albert-base,28,9,81.60270880361173,82.50564334085779,318545509,1.4256516215525082e-05,0.0011431124532748,0.1847993636903235,6,,
albert-base,28,10,80.98194130925508,81.26410835214448,578180656,5.371305123318824e-06,0.0060663473254604,0.0263767036220951,4,,
albert-base,28,11,80.9255079006772,81.941309255079,336966771,1.944128066092796e-05,0.0057868926041997,0.0391756712522484,7,,
albert-base,28,12,80.47404063205417,80.98194130925508,795489750,5.918510863546078e-05,0.0074351981294243,0.1329293674988881,9,,
albert-base,28,13,79.23250564334086,79.79683972911964,9292771,7.104189747909015e-05,0.0012190173309217,0.1502667738573062,5,,
albert-base,28,14,69.75169300225734,72.06546275395034,1864742157,6.303194065839138e-05,0.0055488402398387,0.055083872343039,6,,
albert-base,28,15,80.98194130925508,80.75620767494357,1908792482,6.6979447948299e-06,0.0003289266360493,0.0981300541868665,6,,
albert-base,28,16,80.19187358916479,80.86907449209933,1627380192,5.959192910773179e-05,2.4465255555922067e-05,0.1008943989771771,9,,
albert-base,28,17,81.48984198645599,82.11060948081264,1607256562,1.4304908005176863e-05,0.0689257866047527,0.1500383578635354,7,,
albert-base,28,18,69.75169300225734,72.06546275395034,279010079,6.19682513419382e-05,0.0007828213109406,0.1587211546701065,7,,
albert-base,28,19,81.20767494356659,80.81264108352144,1890731431,5.98204669473857e-06,0.0052924145129764,0.1486382250372919,8,,
albert-base,28,20,71.21896162528216,73.02483069977427,1394601351,8.721174485595701e-05,0.0083840129968264,0.0331928233542895,2,,
albert-base,28,21,80.47404063205417,81.99774266365688,1277232223,3.280248985052176e-05,0.0001384117092581,0.0283720853515356,8,,
albert-base,28,22,81.37697516930022,82.39277652370203,1818210189,1.9111520009364247e-05,0.0061371609731583,0.0024231670792788,10,,
albert-base,28,23,81.4334085778781,81.77200902934537,1035913323,2.307314906514706e-05,9.35310358274756e-05,0.00915056618165,8,,
albert-base,28,24,80.07900677200902,81.88487584650113,543233302,1.3626000206511743e-05,0.0009477638770954,0.0070578697495596,4,,
albert-base,28,25,81.65914221218962,81.88487584650113,1072649751,3.684445524309472e-05,0.000452260871434,0.0787842539037075,8,,
albert-base,28,26,81.37697516930022,81.77200902934537,1087388605,4.798285927358446e-05,0.0005254071008816,0.1327277411390713,8,,
albert-base,28,27,81.15124153498871,82.27990970654628,1372441292,1.7547018604743803e-05,0.0014905028362496,0.1898391803116568,3,,
albert-base,28,28,82.05417607223477,82.50564334085779,505976889,1.8878579632146277e-05,0.0011073659066815,0.0029592783395574,9,,
albert-base,28,29,81.09480812641084,81.15124153498871,82928240,1.6349115096447552e-05,0.002356174576903,0.1507911389381659,5,,
albert-base,29,0,83.20090805902383,82.0760068065797,1189416824,7.3475908352836515e-06,0.0014035757300406,0.0872109842008465,9,,
albert-base,29,1,81.61180476730988,81.16846284741918,1938514418,2.7490761219214062e-05,0.0456243408777691,0.1456178633542273,10,,
albert-base,29,2,80.93076049943247,80.43108338060125,1701459754,4.129133995689583e-05,0.0051285156452066,0.1011399291403957,10,,
albert-base,29,3,80.53348467650397,80.54452637549632,943113223,5.7626906950726746e-05,7.250640979492878e-05,0.1938681538004727,8,,
albert-base,29,4,81.61180476730988,80.82813386273398,355997636,4.082037394332088e-05,0.0118897740360203,0.1213694209964413,4,,
albert-base,29,5,76.84449489216799,78.16222348269994,2078878162,7.60619178465758e-05,0.0078698573977923,0.1148492911448382,9,,
albert-base,29,6,82.06583427922816,82.87010777084515,1555854080,2.205763800766264e-05,0.0066035202041765,0.1199827307160765,8,,
albert-base,29,7,75.53916004540295,77.08451503119683,23879183,8.342389340264707e-05,0.0001329279587439,0.1991820086623689,9,,
albert-base,29,8,69.97729852440409,70.50482132728304,607856487,5.399113056864352e-05,0.0015489363949815,0.013644120395103,6,,
albert-base,29,9,81.04426787741203,80.43108338060125,1659947227,8.211474577494954e-06,0.0984519798995963,0.0357639867331681,2,,
albert-base,29,10,69.97729852440409,70.50482132728304,1505744783,3.281682804509891e-05,0.0014530195769575,0.0208377584378359,4,,
albert-base,29,11,69.97729852440409,70.50482132728304,1530334505,7.916109014511943e-05,0.0263560232384247,0.0935183171947744,5,,
albert-base,29,12,83.37116912599319,82.0760068065797,1648468630,1.3780764361026044e-05,0.0001472048295431,0.1010281178395852,10,,
albert-base,29,13,69.97729852440409,70.50482132728304,1142125382,8.025310076643475e-05,9.57567968628126e-05,0.0026838499479406,10,,
albert-base,29,14,77.80930760499433,78.4458309699376,1479150967,5.657492069042599e-05,0.0707152337046149,0.0500926648288116,4,,
albert-base,29,15,83.3144154370034,81.90584231423709,2037042043,3.3780536893075386e-05,1.1966472265037126e-05,0.1821784104065533,5,,
albert-base,29,16,83.08740068104427,81.28190584231423,1310934199,2.8235864897842845e-05,0.000711735510032,0.0354700081596523,3,,
albert-base,29,17,82.51986379114642,82.18944980147477,316528113,1.2047193106415724e-05,0.0199626853477525,0.0243670085281728,7,,
albert-base,29,18,83.65493757094211,82.64322178105502,1016563009,9.70773833548237e-06,2.4259758955449545e-05,0.0933845928630668,4,,
albert-base,29,19,69.97729852440409,70.50482132728304,1080580486,8.756770292792737e-05,0.055726537330961,0.1447334887149492,4,,
albert-base,29,20,82.34960272417707,80.82813386273398,1487329700,4.263474661660166e-05,0.0809516961842227,0.1891781229554839,4,,
albert-base,29,21,81.44154370034052,81.45207033465684,201797256,3.122029343436097e-05,0.0009254009946857,0.1774874369949082,7,,
albert-base,29,22,81.21452894438139,80.77141236528644,1050148469,9.007619239416416e-06,0.0252088773262868,0.1390217082445692,2,,
albert-base,29,23,82.91713961407491,81.62223482699943,1857658662,1.1463751645082813e-05,0.0659349343034028,0.1147333356919244,4,,
albert-base,29,24,65.72077185017027,66.87464549064096,590805774,5.402061653525013e-05,0.0318011673561377,0.0632727867703073,10,,
albert-base,29,25,82.2360953461975,81.62223482699943,1076891216,1.537555824953363e-05,3.189856773957526e-05,0.1021649637556664,3,,
albert-base,29,26,80.8172531214529,79.52353942144073,78645011,5.051991809338604e-05,0.0128919714795913,0.1295597933069976,2,,
albert-base,29,27,69.97729852440409,70.50482132728304,93665190,9.636817198877248e-05,0.0219204219946691,0.0594634177764998,3,,
albert-base,29,28,84.33598183881952,82.01928530913216,412719537,1.509859304992587e-05,0.0001641719635673,0.1745692181544112,4,,
albert-base,29,29,80.7604994324631,79.75042541123085,1770329485,6.090439217233477e-05,0.0021115459822825,0.1213683845544624,3,,
electra-small,0,0,83.52080989876265,82.22722159730034,1391892373,8.41896190978948e-05,0.0388450923755981,0.1659479211218585,3,False,False
electra-small,0,1,84.533183352081,82.67716535433071,551016029,4.552633853871764e-05,0.0146144350445461,0.0066784069292703,9,False,False
electra-small,0,2,83.85826771653544,82.62092238470191,1512024035,6.68041874863628e-05,0.0133769602978323,0.1813432574793874,4,False,False
electra-small,0,3,82.28346456692914,80.87739032620922,728663995,1.0564211959255897e-05,0.0013932215768958,0.0633932345547448,7,False,False
electra-small,0,4,82.73340832395951,81.38357705286839,2135684437,2.4179133561024104e-05,0.0006481031009404,0.1564367010707958,4,False,False
electra-small,0,5,82.8458942632171,81.77727784026996,370846462,5.771088427060852e-05,0.0096784658028526,0.0543509842720762,3,False,False
electra-small,0,6,80.76490438695163,79.6962879640045,68038556,1.3552255363832089e-05,0.005678302819799,0.0994250412710204,3,False,False
electra-small,0,7,83.07086614173228,82.00224971878515,992888368,7.89476456592915e-05,3.507324832985547e-05,0.1500937556316253,2,False,False
electra-small,0,8,83.52080989876265,82.39595050618672,2054423679,1.5461966049143475e-05,0.0001539709056006,0.0521982029388664,9,False,False
electra-small,0,9,83.35208098987627,81.66479190101238,2119028954,4.117932250332587e-05,0.0004401227408584,0.0681866230459208,3,False,False
electra-small,0,10,79.19010123734533,77.78402699662543,1655301073,6.125519057473364e-06,0.0030552960773609,0.0026113255214086,4,False,False
electra-small,0,11,84.75815523059617,82.95838020247469,1164251636,2.212545308204864e-05,0.0013234314454891,0.1116111818132942,8,True,True
electra-small,0,12,82.90213723284589,81.32733408323959,402559061,7.892011015800227e-06,0.0003673986919453,0.1407260151185404,9,False,False
electra-small,0,13,81.77727784026996,80.48368953880765,1583299219,1.2074420201897608e-05,0.0001149630416461,0.0676817358501513,6,False,False
electra-small,0,14,83.01462317210348,82.45219347581552,1140639265,3.208841119276179e-05,0.0001200334162996,0.1972826016746172,9,False,False
electra-small,0,15,84.58942632170978,81.94600674915635,901357529,2.223854100587558e-05,0.0001732678924651,0.0029203777849617,7,False,False
electra-small,0,16,80.76490438695163,79.97750281214849,1325143194,2.095455816709317e-05,0.0020820995897955,0.0509965552812533,2,False,False
electra-small,0,17,82.56467941507312,81.94600674915635,2047414294,5.348475931961599e-05,1.68038964407986e-05,0.0452743808405264,2,False,False
electra-small,0,18,82.95838020247469,81.49606299212599,1129130131,2.466976498294561e-05,3.0806762940959266e-05,0.0701635890418845,3,False,False
electra-small,0,19,81.66479190101238,80.08998875140607,1594367449,2.112676901650413e-05,0.0001529174242191,0.0058624456899296,2,False,False
electra-small,0,20,83.68953880764904,82.39595050618672,1591896090,7.121401162960367e-05,0.0181872858920297,0.0559366601998992,9,False,False
electra-small,0,21,83.18335208098988,80.65241844769403,1818647794,5.322373388838305e-05,0.0145908316335066,0.1487660212320614,3,False,False
electra-small,0,22,83.23959505061868,82.39595050618672,676481105,2.203788090699547e-05,0.000278278205686,0.1136196020985117,9,False,False
electra-small,0,23,82.95838020247469,82.90213723284589,638252467,6.66137110878637e-05,0.0138801333961529,0.1500404503846288,8,False,False
electra-small,0,24,73.4533183352081,72.49718785151856,711226644,5.622148470000695e-06,0.0005181949673784,0.0357582527477603,3,False,False
electra-small,0,25,81.214848143982,79.24634420697413,25956624,1.953415881801176e-05,3.446240312455187e-05,0.1259213489852703,2,False,False
electra-small,0,26,81.66479190101238,80.25871766029246,1407868899,9.390481108377753e-06,8.029256417627042e-05,0.1369016171809838,7,False,False
electra-small,0,27,83.52080989876265,81.94600674915635,13326173,7.738744701046349e-05,5.41832168574278e-05,0.0308600650009677,10,False,False
electra-small,0,28,82.33970753655792,80.65241844769403,691296738,1.6027080090276683e-05,0.0987033421117632,0.0374128185673222,4,False,False
electra-small,0,29,82.8458942632171,82.33970753655792,365051292,6.020064947345331e-05,0.0342230672665832,0.0410992526751054,6,False,False
electra-small,1,0,82.14695752009185,82.84566838783707,180666259,5.829025886756689e-05,0.0001430365484542,0.1050668374351663,7,False,False
electra-small,1,1,82.31917336394949,83.53413654618474,1013291593,6.049768439871547e-05,2.476507738869076e-05,0.0688199567633331,3,False,False
electra-small,1,2,81.17106773823191,83.53413654618474,514837921,7.852136188987529e-05,0.0006097475285287,0.0394591244844831,8,False,False
electra-small,1,3,79.16188289322618,81.6982214572576,1734768812,7.052389124958019e-06,0.0003814512100057,0.0927195288437057,5,False,False
electra-small,1,4,80.30998851894374,82.61617900172116,1664100131,8.153626777092558e-06,0.003795231942462,0.1829327758273096,6,False,False
electra-small,1,5,73.19173363949483,74.75616752725186,2081674876,7.459512698317163e-06,9.096350872428626e-05,0.0947889209633957,2,False,False
electra-small,1,6,81.4580941446613,83.01778542742399,527081559,2.1640528818980413e-05,0.0024328945574187,0.1493342332108499,4,False,False
electra-small,1,7,78.35820895522389,80.89500860585198,706292490,9.511842780236745e-06,0.001030124121054,0.0569890556269072,5,False,False
electra-small,1,8,81.85993111366246,82.5588066551922,1150830286,6.7063569883562935e-06,1.204562791945361e-05,0.0880363926440545,9,False,False
electra-small,1,9,82.31917336394949,83.01778542742399,903062431,5.1053512945413406e-05,0.0007036234639793,0.0544500730237667,9,False,False
electra-small,1,10,82.08955223880596,83.47676419965576,147046304,5.822372174381553e-05,2.294373712832186e-05,0.1283418350177492,6,False,False
electra-small,1,11,79.96555683122847,82.27194492254733,1311967153,5.776911113654586e-06,5.445842037858016e-05,0.0813709686276791,6,False,False
electra-small,1,12,80.88404133180252,83.24727481353987,1151473961,2.1607848787618395e-05,0.002181865082619,0.0440056406852476,3,False,False
electra-small,1,13,81.91733639494834,83.93574297188755,1423961170,3.737905904112706e-05,0.0616350883645529,0.1655618186858355,10,False,False
electra-small,1,14,82.72101033295063,83.47676419965576,81905994,3.692913636576275e-05,0.0280104489583586,0.1698338571619099,10,True,False
electra-small,1,15,81.85993111366246,83.1899024670109,482443946,2.337166267046712e-05,0.0001004707149435,0.0523361387698706,10,False,False
electra-small,1,16,82.548794489093,83.47676419965576,798762192,2.6822566056762243e-05,0.0454777608334956,0.1707072833814591,7,False,False
electra-small,1,17,81.74512055109071,82.44406196213426,1254425595,8.205776050283744e-05,0.0986977550986598,0.0121762148928117,10,False,False
electra-small,1,18,82.0321469575201,84.50946643717728,1271304810,2.2845531147684428e-05,0.0013175044920345,0.0664724892582736,5,False,True
electra-small,1,19,82.0321469575201,83.70625358577166,1316933024,2.168012607575394e-05,0.0015666572836108,0.0274333280316444,9,False,False
electra-small,1,20,82.31917336394949,83.1899024670109,322942345,2.020178656103308e-05,3.7122935578923545e-05,0.0325558044692267,5,False,False
electra-small,1,21,82.72101033295063,83.47676419965576,682501373,7.366720570694543e-06,1.696039368191431e-05,0.1962653787374595,9,False,False
electra-small,1,22,81.05625717566016,82.78829604130809,958175370,9.089971189413552e-05,0.0587674824493462,0.1454043642978953,8,False,False
electra-small,1,23,81.11366245694605,81.81296615031555,1792746759,9.164550459396302e-05,0.0005493159886576,0.1670380343649442,7,False,False
electra-small,1,24,81.63030998851895,83.30464716006885,530937992,8.917520212015035e-06,0.0001840842191479,0.1511153369535528,8,False,False
electra-small,1,25,81.68771526980483,83.07515777395295,2127251494,8.266593863361468e-05,4.320918413441546e-05,0.0893009700997711,6,False,False
electra-small,1,26,80.88404133180252,82.38668961560528,1882350594,6.5888534924785245e-06,0.0091273309329786,0.0170225830146262,8,False,False
electra-small,1,27,82.548794489093,82.96041308089501,475550239,5.25335565090451e-05,0.0650252152127511,0.0950624155755424,6,False,False
electra-small,1,28,80.82663605051665,82.5588066551922,1784605783,9.48501275515977e-06,4.2283297252512753e-05,0.1671480503225687,5,False,False
electra-small,1,29,81.68771526980483,82.90304073436603,22429100,6.49636567053248e-06,0.0019673979879119,0.1063385141664513,9,False,False
electra-small,2,0,82.5503355704698,83.55704697986577,35487443,9.569329063926768e-06,4.730127760474219e-05,0.0049739264634838,9,False,False
electra-small,2,1,81.87919463087249,82.88590604026845,1614044679,9.88889429714988e-06,0.009284578467234,0.0382091638028053,8,False,False
electra-small,2,2,82.94183445190157,84.73154362416108,453019936,2.3115725003032305e-05,0.0643099615364575,0.0892814877483653,9,False,True
electra-small,2,3,81.04026845637584,81.4317673378076,604637351,8.598038417717508e-06,8.298796222797304e-05,0.0244469949838251,6,False,False
electra-small,2,4,82.94183445190157,84.06040268456375,1049643269,4.8071275094812816e-05,0.011336214503872,0.1778927208017983,9,False,False
electra-small,2,5,71.02908277404921,70.80536912751678,584835421,5.000370694106571e-06,1.2756443569967724e-05,0.0950486302993326,2,False,False
electra-small,2,6,81.65548098434004,83.27740492170022,1973020044,6.086716665621676e-06,0.0319727428266278,0.0471165112380912,10,False,False
electra-small,2,7,82.88590604026845,83.89261744966443,114124062,1.7555349323681716e-05,5.421271851070055e-05,0.0356157040172693,9,False,False
electra-small,2,8,82.5503355704698,83.668903803132,1767640761,2.6543864237655768e-05,0.0105502775773649,0.0129151476654832,5,False,False
electra-small,2,9,81.9910514541387,82.88590604026845,863880300,6.822577120543814e-05,0.0003418567453731,0.1146734554569467,3,False,False
electra-small,2,10,77.57270693512304,79.69798657718121,1538587164,5.520433097296488e-06,0.0020237297279944,0.060879130801448,5,False,False
electra-small,2,11,83.61297539149888,83.83668903803132,982776459,6.593301886145421e-05,0.00042193557676,0.1456193150787992,8,True,False
electra-small,2,12,82.82997762863535,84.00447427293065,340165889,4.153477404233932e-05,0.0001338965094039,0.0933768474611673,9,False,False
electra-small,2,13,81.87919463087249,83.44519015659955,1466396997,5.677816065696276e-06,0.000801750365998,0.1807045558046794,8,False,False
electra-small,2,14,78.52348993288591,79.02684563758389,931667048,6.281148459544552e-06,0.0012702629164731,0.1049141384065854,3,False,False
electra-small,2,15,80.36912751677852,81.48769574944072,1923470163,1.511799259549769e-05,8.061639503633709e-05,0.1177427061459889,3,False,False
electra-small,2,16,82.6062639821029,83.22147651006712,1893111963,3.504784161007137e-05,0.0037840547089246,0.0685990771449162,3,False,False
electra-small,2,17,82.15883668903803,83.165548098434,2005629455,7.603142561825473e-05,0.0010419739914378,0.0202396661632692,7,False,False
electra-small,2,18,83.165548098434,83.61297539149888,989313514,1.5740738067060056e-05,0.027933178058113,0.024016026238544,8,False,False
electra-small,2,19,82.82997762863535,84.56375838926175,209987015,3.304782157644271e-05,0.0010000187138954,0.1352469933873647,8,False,False
electra-small,2,20,81.82326621923937,82.21476510067114,2073713582,8.745982522195855e-05,0.000102189018255,0.1695327111060429,2,False,False
electra-small,2,21,83.38926174496645,83.27740492170022,993707128,7.12911501782803e-05,0.0086080215215554,0.0599540291759319,5,False,False
electra-small,2,22,81.20805369127517,83.38926174496645,678965129,6.4992139682167255e-06,9.434314884355844e-05,0.1403694680075354,8,False,False
electra-small,2,23,82.66219239373602,83.05369127516778,502401031,8.859603701312313e-05,3.99533283470091e-05,0.1942698203091133,5,False,False
electra-small,2,24,81.09619686800895,82.04697986577182,1651917221,2.0970360615951787e-05,0.0622411549243022,0.0905429590074514,2,False,False
electra-small,2,25,83.22147651006712,83.50111856823266,1601871706,1.1020594162820632e-05,0.0116915694222761,0.1247587526719825,9,False,False
electra-small,2,26,81.59955257270694,82.88590604026845,1038428889,8.557944458911684e-06,0.0003502555562717,0.0380915530894942,9,False,False
electra-small,2,27,82.32662192393737,83.38926174496645,1564596704,8.683726016894159e-05,2.4937463495534734e-05,0.0162801451285832,4,False,False
electra-small,2,28,82.77404921700224,83.668903803132,1125263641,5.416907538058465e-05,0.0003283764517365,0.0180458209714241,5,False,False
electra-small,2,29,82.4944071588367,83.50111856823266,1023066444,1.0118853432672433e-05,0.0455616122412845,0.0585546911917061,9,False,False
electra-small,3,0,80.95505617977528,83.08988764044943,480982989,1.2750526322522517e-05,0.0204463687131977,0.1101044111933389,7,False,False
electra-small,3,1,81.57303370786516,82.47191011235955,1452672620,7.998330530811646e-06,2.334136877822636e-05,0.1429778592797102,9,False,False
electra-small,3,2,83.03370786516854,82.64044943820225,1022965978,5.94926363016815e-05,0.001562116299677,0.0140774027444622,7,False,False
electra-small,3,3,81.17977528089888,82.75280898876404,1805608040,1.8198249671387508e-05,0.0008002427878292,0.0852914709438831,4,False,False
electra-small,3,4,80.67415730337079,81.85393258426966,2032186089,6.910715976824729e-06,0.0002479403252531,0.0686536066445637,6,False,False
electra-small,3,5,79.66292134831461,81.40449438202248,351749551,6.905257308352742e-06,7.19837779386957e-05,0.1863294730958442,4,False,False
electra-small,3,6,73.87640449438203,73.93258426966293,636282325,6.36044439635828e-06,0.0022173843952674,0.0441142414036917,2,False,False
electra-small,3,7,80.84269662921348,82.41573033707866,1922380906,5.449175635390275e-06,1.4232652095919472e-05,0.1672666523760424,9,False,False
electra-small,3,8,80.28089887640449,81.17977528089888,1425515845,3.352033075226191e-05,9.15751252937018e-05,0.0467161362144219,2,False,False
electra-small,3,9,79.9438202247191,81.40449438202248,855228554,9.284854594989108e-06,2.7017906922349183e-05,0.1765238123575532,4,False,False
electra-small,3,10,80.84269662921348,81.62921348314607,426681579,5.47062954097915e-06,0.0137126759228807,0.0501180944002329,8,False,False
electra-small,3,11,82.80898876404494,84.10112359550561,1588868048,3.536371939553163e-05,0.0042463888455672,0.1956943981628179,9,False,True
electra-small,3,12,80.95505617977528,82.97752808988764,1218230707,2.3367991534425493e-05,0.0001622925469508,0.009252800571554,3,False,False
electra-small,3,13,81.62921348314607,82.35955056179775,387217748,1.3112384371480497e-05,1.3174035389377772e-05,0.121053081977562,7,False,False
electra-small,3,14,80.4494382022472,81.85393258426966,1541363230,7.201355292017156e-06,0.0009499653888648,0.0985895622165822,5,False,False
electra-small,3,15,81.51685393258427,83.25842696629213,184599876,9.852055725897509e-06,2.371764402509105e-05,0.0501177475996609,10,False,False
electra-small,3,16,80.78651685393258,82.58426966292134,278485453,3.794294375026812e-05,0.0012253375852169,0.0707746104960369,2,False,False
electra-small,3,17,81.68539325842697,82.92134831460675,278330210,1.404606913584954e-05,3.209560113121018e-05,0.026091580959604,8,False,False
electra-small,3,18,79.8314606741573,80.84269662921348,1174996279,5.122017476884184e-06,0.0073532403794473,0.0492609629706493,5,False,False
electra-small,3,19,81.85393258426966,82.69662921348315,297504742,4.169848604156096e-05,0.0743790338484777,0.046149906621674,8,False,False
electra-small,3,20,82.80898876404494,83.25842696629213,1691938076,9.91118232659853e-05,2.2643102006470013e-05,0.026552607053081,9,False,False
electra-small,3,21,82.19101123595506,83.82022471910112,389424510,2.701098856922945e-05,9.225681862528792e-05,0.0558164706102165,5,False,False
electra-small,3,22,83.03370786516854,83.87640449438203,1330071052,2.868521779693196e-05,0.0001803618989864,0.1998634016553002,8,False,False
electra-small,3,23,81.34831460674157,82.75280898876404,243494963,5.713221048367074e-05,0.0001079172021467,0.116756363243001,2,False,False
electra-small,3,24,83.14606741573034,82.07865168539325,159861282,3.8342944215449466e-05,0.009306224802666,0.0357305533003126,9,True,False
electra-small,3,25,80.56179775280899,82.02247191011236,184844248,7.108450683507788e-06,0.0004916913070569,0.0356763763727119,6,False,False
electra-small,3,26,80.1685393258427,83.03370786516854,1223479898,1.330514937072776e-05,0.0610720177910066,0.1137573210837692,3,False,False
electra-small,3,27,80.2247191011236,81.85393258426966,215605588,6.977907636643927e-06,4.74254218901947e-05,0.1304618359672224,6,False,False
electra-small,3,28,82.02247191011236,83.53932584269663,1552151394,1.2034095613461517e-05,4.625201247930952e-05,0.0112956634755284,9,False,False
electra-small,3,29,81.74157303370787,82.47191011235955,911612003,2.316427875591396e-05,0.0170075220681154,0.1662036273300694,6,False,False
electra-small,4,0,84.2469705712637,82.86208886324293,299448637,2.9030328077300263e-05,0.01121780516234,0.0088093176202663,10,False,False
electra-small,4,1,84.01615695326024,82.51586843623774,777129131,2.420571514880272e-05,0.0110967741584612,0.1237532551703515,6,False,False
electra-small,4,2,84.2469705712637,83.03519907674553,1033382293,5.564254142187335e-05,0.0153970817394051,0.1593739471129408,7,False,False
electra-small,4,3,82.97749567224466,81.93883439122908,1505122934,1.0600803090197332e-05,0.0002356479857074,0.1161266137829693,7,False,False
electra-small,4,4,81.30409694171956,79.86151182919792,1879129421,1.4243685536355671e-05,7.656068054693033e-05,0.0113610812618105,2,False,False
electra-small,4,5,83.84304673975764,82.28505481823427,294699789,1.9708245888154037e-05,0.0109487907867416,0.1430624714824413,9,False,False
electra-small,4,6,83.55452971725332,81.41950375072129,1958503258,6.070625706277132e-06,0.0114713037567371,0.0217266952464976,10,False,False
electra-small,4,7,83.84304673975764,82.22735141373342,699576960,9.05549720729176e-06,0.0002961444647282,0.1358692831085709,10,False,False
electra-small,4,8,81.93883439122908,81.01557991921523,1960596534,6.2276084345492985e-06,0.0072253308166936,0.1418462659101157,7,False,False
electra-small,4,9,81.47720715522216,80.03462204270052,1354724188,1.429325419364788e-05,6.730523122579344e-05,0.0493395616345851,2,False,False
electra-small,4,10,82.45816503173687,81.0732833237161,544536968,6.345615034725468e-06,0.0003051671164763,0.1550637319904688,7,False,False
electra-small,4,11,84.13156376226198,83.0929024812464,103091096,3.667004027241216e-05,0.0249869970413357,0.0054814981691705,5,False,False
electra-small,4,12,82.97749567224466,82.63127524523946,1307718318,6.670190356305842e-05,0.0106955460721071,0.1674802412697475,10,False,False
electra-small,4,13,84.53548759376804,83.32371609924985,437146240,2.259331360808154e-05,5.7650020640306615e-05,0.1825325014320308,6,False,False
electra-small,4,14,83.78534333525678,82.9197922677438,455444037,6.29830811626925e-05,0.0001870054705371,0.1131668942368535,7,False,False
electra-small,4,15,82.57357184073861,80.03462204270052,2028271378,5.07428029227669e-06,5.9635988738739165e-05,0.0493232742107354,8,False,False
electra-small,4,16,83.66993652625504,82.28505481823427,1723944645,1.9468055403633986e-05,2.4015997466194056e-05,0.0419372584631793,6,False,False
electra-small,4,17,83.15060588574725,83.55452971725332,806398968,5.9712267555765134e-05,1.4888356404882302e-05,0.0764528240355662,10,False,True
electra-small,4,18,84.53548759376804,82.80438545874206,1839619109,2.8354456634962214e-05,0.0869499949244483,0.0772474860466028,6,False,False
electra-small,4,19,83.32371609924985,82.63127524523946,878891779,7.892003316266685e-05,0.0226792432018325,0.1337744592969757,9,False,False
electra-small,4,20,84.99711482977496,83.43912290825159,1351905134,2.3884721096832487e-05,0.0154102325282269,0.0476379529702266,9,True,False
electra-small,4,21,83.43912290825159,81.36180034622042,808437982,5.519769752462934e-06,4.359520155085877e-05,0.0176779007554064,10,False,False
electra-small,4,22,84.82400461627236,82.57357184073861,1672623737,2.943100018100599e-05,0.0011166609272435,0.0807209240576325,8,False,False
electra-small,4,23,83.84304673975764,82.97749567224466,1464866505,3.3543106468873106e-05,0.0027056245391064,0.0768730002014862,8,False,False
electra-small,4,24,79.68840161569533,79.11136757068667,1816079563,5.973136212708992e-06,3.190471727049654e-05,0.0634633352448549,3,False,False
electra-small,4,25,84.01615695326024,82.9197922677438,1531856265,2.9836870126576653e-05,4.616025537390044e-05,0.1393844911596411,7,False,False
electra-small,4,26,84.36237738026544,81.76572417772648,2037743647,9.033548128778484e-06,0.0010206710098547,0.1721972952993548,10,False,False
electra-small,4,27,73.11021350259665,73.8603577611079,1621409887,6.622031310094539e-06,2.9122077004654965e-05,0.1648440505466694,2,False,False
electra-small,4,28,82.97749567224466,82.51586843623774,92061842,2.646678706988677e-05,8.289941754092677e-05,0.1729644985906484,3,False,False
electra-small,4,29,83.15060588574725,81.99653779572995,569262842,1.2849764136011248e-05,0.0016854926012068,0.1427401996272832,5,False,False
electra-small,5,0,82.61617900172116,81.87033849684452,1566968389,5.440108815328368e-06,0.0102815441084093,0.1516053942683415,10,False,False
electra-small,5,1,81.41135972461274,81.06712564543889,1567682792,1.801601586363268e-05,0.0001484621504712,0.1314429174057148,2,False,False
electra-small,5,2,83.01778542742399,82.09982788296041,1789916833,1.17027982449909e-05,0.0173867748833909,0.1226994981125794,4,False,False
electra-small,5,3,81.64084911072862,82.21457257601836,2117192668,9.129043962576996e-06,0.0002886744790525,0.0264642168611613,6,False,False
electra-small,5,4,82.61617900172116,81.75559380378658,1175978181,8.770764693128489e-05,0.0001335897376267,0.184188130635371,5,False,False
electra-small,5,5,81.87033849684452,81.87033849684452,615002320,1.031745603089397e-05,0.0028774261051979,0.1212983115509345,7,False,False
electra-small,5,6,83.36201950659782,82.67355134825014,1741564635,5.687662096465771e-05,0.0295974997877099,0.1741398516770434,10,False,False
electra-small,5,7,83.01778542742399,82.84566838783707,1120382313,2.619812657740619e-05,0.0016531349630902,0.1324107848667451,10,False,False
electra-small,5,8,83.76362593230063,83.1899024670109,941173602,2.305538530427353e-05,0.0005229476970172,0.0356710233688478,5,False,False
electra-small,5,9,83.59150889271372,83.64888123924268,263063111,2.4254940369057727e-05,0.0004655759509503,0.1565486520963513,7,False,True
electra-small,5,10,83.70625358577166,83.64888123924268,61235753,5.407878757532085e-05,0.0035890939574278,0.1361154499174408,4,False,False
electra-small,5,11,80.55077452667814,81.35398737808376,2044638515,2.3830952891229485e-05,0.0108311192108096,0.0682275494391368,2,False,False
electra-small,5,12,83.59150889271372,82.27194492254733,1779016026,1.117597603484368e-05,2.632352211732505e-05,0.0718919315036403,10,False,False
electra-small,5,13,82.44406196213426,82.27194492254733,1282015315,6.199688661490268e-05,1.4304663817500862e-05,0.0761580400556983,3,False,False
electra-small,5,14,84.16523235800344,82.67355134825014,797499214,9.5165575067197e-06,0.0010625947277598,0.0847216417617134,7,False,False
electra-small,5,15,83.1899024670109,82.09982788296041,248801244,3.3884817724759694e-05,4.271382261551507e-05,0.1766230699170849,4,False,False
electra-small,5,16,82.96041308089501,82.21457257601836,1429938801,5.564482063876754e-05,0.0040829325237811,0.0772377664790413,2,False,False
electra-small,5,17,82.5588066551922,81.58347676419966,616564197,4.611479153327445e-05,0.0049676963690204,0.1161870866665429,2,False,False
electra-small,5,18,83.36201950659782,82.50143430866322,967617267,3.82516784645381e-05,0.0014965505483578,0.1656079836872329,5,False,False
electra-small,5,19,82.09982788296041,82.38668961560528,603813222,7.945641586551723e-06,0.0003892338094312,0.1308353653368954,8,False,False
electra-small,5,20,84.4520940906483,82.84566838783707,1498425419,3.393167173320471e-05,0.0004938115307499,0.1865574668500143,9,True,False
electra-small,5,21,83.93574297188755,83.4193918531268,959223969,6.60142883552495e-05,1.1737510266666292e-05,0.1333856357554201,7,False,False
electra-small,5,22,84.16523235800344,82.44406196213426,1058524415,3.586445225383061e-05,0.0392165385005931,0.0742328178549418,6,False,False
electra-small,5,23,80.78026391279403,80.26391279403327,270712619,6.122964118246271e-06,2.68126521355131e-05,0.1090277628695576,6,False,False
electra-small,5,24,83.13253012048193,82.09982788296041,653924569,8.229300319539602e-05,2.509135823440437e-05,0.1217452785658052,6,False,False
electra-small,5,25,83.30464716006885,83.36201950659782,799552122,6.809914570363183e-05,0.0219142016040665,0.0063543463530414,9,False,False
electra-small,5,26,84.05048766494549,81.92771084337349,617511729,3.693498993053434e-05,0.0013079115657696,0.130403960999062,6,False,False
electra-small,5,27,83.4193918531268,82.73092369477912,554650777,1.0341496991697648e-05,1.686365416788025e-05,0.1727581552984647,8,False,False
electra-small,5,28,83.76362593230063,82.90304073436603,453832796,7.166049456785011e-05,0.0003716212521557,0.0484995204658653,5,False,False
electra-small,5,29,82.84566838783707,81.75559380378658,1348448642,2.684632400949424e-05,0.0471232919367413,0.1920502954869332,2,False,False
electra-small,6,0,81.72043010752688,82.63574660633485,432076850,9.62817457434123e-06,0.0540510577502551,0.152988765293639,5,False,False
electra-small,6,1,82.85229202037351,83.3710407239819,422113564,7.585280129345395e-06,0.0008575851630943,0.007208631375981,10,False,False
electra-small,6,2,82.85229202037351,82.91855203619909,901262024,9.83181183773143e-06,7.319151533455106e-05,0.1653090790466076,9,False,False
electra-small,6,3,83.07866440294283,82.46606334841628,347218540,5.346890562655534e-05,1.4061881309511188e-05,0.1280995744700471,10,False,False
electra-small,6,4,74.87266553480475,76.13122171945702,1225057076,8.300387931616367e-06,0.000169361102558,0.115003116996218,2,False,False
electra-small,6,5,83.47481607243917,82.8054298642534,721673266,2.3745387674158164e-05,0.0424524127852487,0.1419220806074548,10,False,False
electra-small,6,6,69.60950764006792,72.28506787330316,1979836018,6.535740167099547e-06,1.7388742710112805e-05,0.159625651351981,2,False,False
electra-small,6,7,83.58800226372382,82.91855203619909,817238432,3.979371932562201e-05,6.484656126250282e-05,0.1157073236096047,6,False,False
electra-small,6,8,83.24844368986983,83.31447963800905,580269310,2.4437375926814268e-05,4.573031949740973e-05,0.006802210862525,10,False,False
electra-small,6,9,83.81437464629315,83.4841628959276,126744264,4.1434251908472506e-05,2.6272016938876065e-05,0.095188654916516,8,False,False
electra-small,6,10,82.96547821165818,82.91855203619909,1582290993,2.4770521987749345e-05,0.0091796061314043,0.1616009176703343,8,False,False
electra-small,6,11,82.62591963780419,82.46606334841628,149684938,5.7945810895583525e-05,1.6592441667351715e-05,0.1551721024180239,9,False,False
electra-small,6,12,83.24844368986983,83.03167420814479,2022873369,5.915967296802141e-05,5.79099432782391e-05,0.1387990795970414,2,False,False
electra-small,6,13,82.45614035087719,82.01357466063348,1473272540,9.439444167550171e-06,0.000214078005774,0.1338100848990921,9,False,False
electra-small,6,14,81.66383701188455,81.90045248868778,277093755,1.354670698866656e-05,0.0932198868895743,0.0890262115498204,3,False,False
electra-small,6,15,83.5314091680815,83.82352941176471,1971328657,1.651188014464508e-05,5.710248423624504e-05,0.1594479111696663,8,False,True
electra-small,6,16,83.5314091680815,83.31447963800905,756062776,1.813725239393715e-05,0.0032542701673024,0.1283789666418051,6,False,False
electra-small,6,17,83.70118845500849,83.76696832579185,1746368796,5.346282488181241e-05,0.0001496089165381,0.0776677607293173,8,False,False
electra-small,6,18,82.56932654216186,81.16515837104072,1233079489,7.677765310851058e-05,3.738083299527553e-05,0.1177997126083228,3,False,False
electra-small,6,19,80.75834748160725,80.48642533936652,72111204,8.949247515409526e-06,4.1240153066804266e-05,0.1492736316852979,4,False,False
electra-small,6,20,82.90888511601585,82.40950226244344,1034063379,1.2810826530352372e-05,0.0574163257833463,0.0395609977280751,5,False,False
electra-small,6,21,84.21052631578948,83.5972850678733,1466187291,5.498806526206172e-05,0.0005175665807323,0.1375099489086688,6,True,False
electra-small,6,22,83.13525749858518,83.3710407239819,370407289,1.953799474251473e-05,0.0027054186524729,0.0391448175924363,8,False,False
electra-small,6,23,80.1358234295416,80.37330316742081,1722847606,5.493743523729497e-06,0.0118176174651192,0.0267199837170476,5,False,False
electra-small,6,24,83.92756083757781,83.20135746606334,612392801,3.394709755855786e-05,0.055048955108282,0.0504815606980052,5,False,False
electra-small,6,25,83.41822297679683,82.91855203619909,1230622362,1.744396344842956e-05,0.0015996641263385,0.0148918752165663,7,False,False
electra-small,6,26,82.96547821165818,83.76696832579185,253767107,1.2837205054590638e-05,0.0001082050400507,0.0450236116690447,8,False,False
electra-small,6,27,83.1918505942275,82.40950226244344,339815280,7.635158317503715e-05,2.4862770601480705e-05,0.120911198081072,10,False,False
electra-small,6,28,82.2863610639502,83.5972850678733,293333154,1.164911090871417e-05,0.0005407430157844,0.1213975097704324,5,False,False
electra-small,6,29,83.3616298811545,82.52262443438914,1939484737,7.709365535291301e-05,0.0189747383694215,0.1063653845932425,6,False,False
electra-small,7,0,82.86852589641434,82.5938566552901,2025007895,7.329520568394081e-05,0.0002413716371998,0.0916438001862453,2,False,False
electra-small,7,1,82.58394991462721,82.65073947667804,627649947,9.404400186131332e-06,1.761472121304107e-05,0.1256959465062501,7,False,False
electra-small,7,2,81.50256118383608,81.6268486916951,89132279,8.028227914465058e-06,0.001642281681437,0.1705098979554461,5,False,False
electra-small,7,3,82.69778030734206,83.04891922639364,1756791632,1.6053824847124116e-05,0.0169614543095487,0.0330135405036719,5,False,False
electra-small,7,4,82.9823562891292,83.39021615472127,1082403766,9.620696960228613e-06,0.087699815433637,0.170860960134689,10,False,False
electra-small,7,5,82.29937393284007,83.61774744027304,1288795261,5.193887824697821e-05,0.0007629112630719,0.160187325441872,3,False,False
electra-small,7,6,83.03927148548662,83.73151308304892,1746078272,5.7272366147477216e-05,4.146514927643131e-05,0.0426265934430204,7,False,False
electra-small,7,7,82.52703471826977,82.82138794084186,1349940840,1.852665452784667e-05,0.0026536016651895,0.0628361179169145,5,False,False
electra-small,7,8,82.18554354012521,82.53697383390217,997667,9.57720185308726e-06,0.0121526618563018,0.05723994547943,7,False,False
electra-small,7,9,83.77916903813318,83.16268486916951,334554321,3.517299318175951e-05,0.0001337931995461,0.0158772540151586,4,False,False
electra-small,7,10,83.72225384177575,83.95904436860069,1951272121,1.9270500120236867e-05,0.0247160693045865,0.1972575548215122,9,False,False
electra-small,7,11,82.41320432555493,82.82138794084186,1005902699,2.495053464296879e-05,0.0300730558251781,0.1708263836069499,3,False,False
electra-small,7,12,82.81161070005692,82.8782707622298,340655474,9.400933628439143e-05,0.0006277099860458,0.1854887720044191,2,False,False
electra-small,7,13,83.15310187820148,82.8782707622298,1249720202,6.673922837750179e-05,2.701282255339185e-05,0.1851039129911375,3,False,False
electra-small,7,14,82.81161070005692,83.21956769055745,1413124201,4.010657016521008e-05,0.0013228211362457,0.1835042407669597,3,False,False
electra-small,7,15,81.44564598747866,81.79749715585893,1517115410,8.43406164961818e-06,0.0087905118008564,0.0757258155989286,4,False,False
electra-small,7,16,82.18554354012521,83.10580204778157,372630972,4.289819802846983e-05,1.7101102289870687e-05,0.1152735741546965,2,False,False
electra-small,7,17,83.94991462720546,84.64163822525597,1533085802,2.882304316448807e-05,0.0001143239166593,0.1080626998828979,9,False,True
electra-small,7,18,83.2100170745589,83.67463026166098,413088617,2.769769305486908e-05,0.000458166509357,0.1002659700986404,9,False,False
electra-small,7,19,84.57598178713717,84.30034129692832,49623610,4.224930492439793e-05,0.0012105050041486,0.1344082402346379,7,True,False
electra-small,7,20,82.7546955036995,82.19567690557452,405297790,1.2274937286260722e-05,0.0055974588903038,0.0570688133150878,5,False,False
electra-small,7,21,81.7302219692658,81.45620022753128,1269133953,2.265813010898866e-05,0.0315668784775547,0.0948446991543571,2,False,False
electra-small,7,22,81.55947638019352,80.88737201365188,1127126830,1.26921528235918e-05,0.0009957888426182,0.1845385902222754,4,False,False
electra-small,7,23,83.55150825270347,83.2764505119454,679950802,1.8729086748495157e-05,2.8009786604932597e-05,0.1943024145653344,10,False,False
electra-small,7,24,83.49459305634605,83.39021615472127,581842944,1.1858088667588483e-05,0.0132829817620708,0.0632309493011386,10,False,False
electra-small,7,25,83.2100170745589,83.2764505119454,1141520949,3.536507745502639e-05,3.067350028522745e-05,0.1105748697143381,3,False,False
electra-small,7,26,83.2100170745589,83.16268486916951,561236567,2.523140412868836e-05,0.0013909759202175,0.0932450768004378,10,False,False
electra-small,7,27,83.43767785998861,82.8782707622298,138033961,1.796256283535139e-05,0.0031924026628449,0.1546496527955082,6,False,False
electra-small,7,28,82.18554354012521,82.48009101251422,1844441833,3.559378348862353e-05,3.492208472781597e-05,0.0346481589018111,2,False,False
electra-small,7,29,81.50256118383608,81.51308304891923,1257375659,1.0794560123073412e-05,0.0109134866801691,0.1484686223487856,5,False,False
electra-small,8,0,84.4206974128234,82.96795952782462,1232633725,4.068630718154013e-05,0.0268605441868589,0.197072777366587,7,False,False
electra-small,8,1,82.73340832395951,81.00056211354693,1448582489,1.2977625591710992e-05,0.0058736292951834,0.0057189849012691,5,False,False
electra-small,8,2,82.33970753655792,80.7195053400787,390250472,6.489686048515591e-06,0.0023368789725802,0.0506104370500055,5,False,False
electra-small,8,3,83.91451068616423,82.0123664980326,1682568781,3.860552831228237e-05,0.0131215920869433,0.0214643434853665,3,False,False
electra-small,8,4,82.62092238470191,80.83192804946599,545877639,5.549439222451248e-06,8.902460556686058e-05,0.0893661486113287,7,False,False
electra-small,8,5,84.3644544431946,82.51826869027543,805624261,3.064531147781235e-05,0.0004199137886653,0.1646302261390211,9,False,False
electra-small,8,6,83.18335208098988,82.18100056211355,1686645505,7.492364066148784e-05,0.0023472861787606,0.1840062893387462,3,False,False
electra-small,8,7,82.05849268841395,81.56267566048342,1859137911,8.972528020262387e-05,0.0002792999752972,0.1221931901587893,3,False,False
electra-small,8,8,83.74578177727784,82.06857785272625,1827701352,1.7945652105512474e-05,0.035291035920829,0.0148667077505047,6,False,False
electra-small,8,9,84.19572553430821,82.06857785272625,1424640406,9.623489516944343e-06,0.0003630944723464,0.1874065719640371,10,False,False
electra-small,8,10,76.99662542182227,76.61607644744238,1844389634,5.263318762039742e-06,3.0004096613394384e-05,0.0230646194561674,4,False,False
electra-small,8,11,82.73340832395951,81.11298482293424,1219846436,1.3804796533747676e-05,2.7255123991054395e-05,0.0081144305400642,5,False,False
electra-small,8,12,84.64566929133858,82.74311410905003,1503589649,2.5310507107445015e-05,9.110199595888194e-05,0.1934553831572779,8,False,False
electra-small,8,13,84.13948256467941,82.1247892074199,103658417,3.223454842316126e-05,2.3391276792288637e-05,0.1500985894925998,8,False,False
electra-small,8,14,83.23959505061868,83.08038223721192,980322157,8.405288977754738e-05,0.0002824369920896,0.0285714456488296,7,False,False
electra-small,8,15,83.29583802024747,82.29342327150084,1871660402,8.708257611667018e-05,0.010689350421887,0.0161715763512247,7,False,False
electra-small,8,16,81.55230596175478,80.04496908375492,1473654571,5.127971805544855e-06,0.0326697521359149,0.1132370263659647,6,False,False
electra-small,8,17,83.01462317210348,83.30522765598651,183322081,8.147255782838015e-05,5.486601439944844e-05,0.1103587088581813,8,False,True
electra-small,8,18,85.03937007874016,81.11298482293424,2057288171,2.427348281498425e-05,0.0456009167741697,0.0844250331167355,5,True,False
electra-small,8,19,82.17097862767154,82.79932546374367,1583576953,9.474777015145302e-05,0.0136806206945499,0.1063936804845378,8,False,False
electra-small,8,20,82.95838020247469,82.40584598088815,602178450,9.272009010746603e-06,3.546032744482548e-05,0.1038594203127002,9,False,False
electra-small,8,21,82.33970753655792,81.39404159640247,1974192420,5.8873766942918526e-05,0.0001635697594822,0.1149130625988087,2,False,False
electra-small,8,22,82.90213723284589,81.16919617762788,1782848900,5.56053494826196e-06,0.0026607722292427,0.1279131870553399,10,False,False
electra-small,8,23,82.8458942632171,82.2372119168072,1565178099,6.624112242049405e-05,0.0003423481759551,0.0897683147539889,2,False,False
electra-small,8,24,83.97075365579303,82.91174817313097,1648074758,2.7045697766881448e-05,6.95795818171709e-05,0.0886334458452157,7,False,False
electra-small,8,25,71.09111361079864,70.48903878583474,1760113615,8.179263253860501e-06,0.0257999110390428,0.0568217632266307,2,False,False
electra-small,8,26,83.85826771653544,82.18100056211355,1056420300,4.493949983935472e-05,0.0148247785008335,0.149254053745065,5,False,False
electra-small,8,27,82.62092238470191,80.6070826306914,587831221,5.560398133294553e-06,0.0448499738570405,0.1212253287132541,7,False,False
electra-small,8,28,83.68953880764904,81.95615514333896,1599807745,9.12170564417652e-05,0.0866567233029676,0.0172576423112774,4,False,False
electra-small,8,29,83.63329583802025,82.06857785272625,1402017838,7.057447012441508e-05,0.009426644181993,0.0770703867731301,3,False,False
electra-small,9,0,83.2100170745589,84.68981217985203,2145171450,4.42573824270975e-05,0.0015913474656194,0.0087357690319173,8,False,False
electra-small,9,1,83.55150825270347,84.51906659077974,737400283,4.70255251501936e-05,1.502346193783065e-05,0.1595257417020419,7,False,False
electra-small,9,2,69.60728514513374,70.57484348321002,2050542817,5.021371336662574e-06,0.0003085995137779,0.1324906723978297,2,False,False
electra-small,9,3,82.86852589641434,83.94991462720546,1889169034,1.0390282166273056e-05,0.0110177772013785,0.1974152562643696,9,False,False
electra-small,9,4,82.69778030734206,84.63289698349459,407710097,6.503333281846719e-05,0.0001665596818958,0.0983265032219199,6,False,False
electra-small,9,5,78.65680136596471,80.59191804211724,1924426213,5.3707588495390005e-06,0.0510373955456339,0.0216409357785843,4,False,False
electra-small,9,6,80.0796812749004,82.07171314741036,2110360064,5.046210246691849e-06,0.0005566670642916,0.1544902509816729,5,False,False
electra-small,9,7,80.4780876494024,82.12862834376779,1157265258,1.0285549859229702e-05,0.0072162562960445,0.0977658534098237,3,False,False
electra-small,9,8,76.94934547524188,78.2014797951053,1238634296,5.368578207438797e-06,0.002544658713834,0.1125780319573503,3,False,False
electra-small,9,9,83.83608423449061,85.94194649971543,2115492978,2.1919126977461885e-05,1.5493389557048466e-05,0.1004814345907672,6,False,True
electra-small,9,10,81.10415480933409,82.81161070005692,250925763,1.4264287980827184e-05,1.1180553386920092e-05,0.1711196659550816,4,False,False
electra-small,9,11,83.03927148548662,84.34832100170746,2095650645,1.1178652593412711e-05,1.138410026393007e-05,0.1849718478477728,7,False,False
electra-small,9,12,81.38873079112123,83.2100170745589,1690860055,2.279039743023247e-05,0.0002148941359798,0.1943550687661531,2,False,False
electra-small,9,13,83.26693227091633,83.83608423449061,370627895,4.881246598821427e-05,0.0019890118070137,0.0056215155622697,3,False,False
electra-small,9,14,82.64086511098463,84.0068298235629,686174546,2.157722238678869e-05,0.0084644890547768,0.0621883889620298,4,False,False
electra-small,9,15,83.94991462720546,84.97438816163915,372778349,2.4620212974723904e-05,0.0001635902853785,0.0684462365961932,10,True,False
electra-small,9,16,81.90096755833808,82.64086511098463,1401898405,8.614822333454856e-05,0.0010561040672884,0.0008275189127777,9,False,False
electra-small,9,17,83.26693227091633,84.57598178713717,2031468750,3.467382346290029e-05,4.5786983037938525e-05,0.1935871345474316,8,False,False
electra-small,9,18,83.72225384177575,85.37279453614114,112292238,2.1292332437174416e-05,0.007764670131867,0.0898421296778899,9,False,False
electra-small,9,19,83.2100170745589,84.57598178713717,605843342,1.1547242397197134e-05,8.359218645096989e-05,0.0311452349256962,9,False,False
electra-small,9,20,80.93340922026181,82.9823562891292,1057576693,9.374208155246193e-05,0.0004667529329102,0.0296871425284192,10,False,False
electra-small,9,21,83.09618668184405,85.14513375071144,743763155,2.661123049175026e-05,0.0079665037895221,0.1903337654260304,8,False,False
electra-small,9,22,83.66533864541833,85.20204894706887,74295574,1.1263552984813383e-05,5.237997974756807e-05,0.0646861899519522,10,False,False
electra-small,9,23,79.73819009675583,80.7057484348321,120490806,5.004498421162106e-06,0.0001859501204902,0.1960452427714101,5,False,False
electra-small,9,24,78.08764940239044,79.33978372225384,1679512354,7.921414313186324e-06,0.0605250112550628,0.056609662765453,2,False,False
electra-small,9,25,75.2988047808765,76.89243027888446,1789677074,1.2514932324895142e-05,0.0003253262320916,0.0721790529028659,2,False,False
electra-small,9,26,83.49459305634605,85.2589641434263,95248896,3.5227993618549086e-05,0.007643197769265,0.0284027596249699,8,False,False
electra-small,9,27,83.09618668184405,84.40523619806488,1738125360,1.34524826631847e-05,0.0005105710258091,0.1791742813688229,8,False,False
electra-small,9,28,82.9823562891292,84.74672737620945,738009742,6.451304660610912e-06,0.0019322392987818,0.1695795526227471,10,False,False
electra-small,9,29,83.66533864541833,84.68981217985203,224524369,3.914904452718106e-05,5.148322231385408e-05,0.1719057154971573,10,False,False
electra-small,10,0,79.44134078212291,81.67597765363128,100417987,1.2081486496148849e-05,0.0170281687487917,0.1378755225390013,2,False,False
electra-small,10,1,81.34078212290503,83.74301675977654,436063408,5.962650471545823e-05,0.0001062160012118,0.0241653676505481,8,False,False
electra-small,10,2,80.05586592178771,81.84357541899442,1471748661,1.3469305178673955e-05,9.172911602431893e-05,0.0014489264250592,2,False,False
electra-small,10,3,81.62011173184358,84.35754189944134,1673916386,1.0418231644154515e-05,7.707898067899353e-05,0.1260150818088084,7,False,False
electra-small,10,4,81.95530726256983,82.68156424581005,1399339796,1.0295958078557652e-05,0.0011408127762625,0.0831954373660475,7,False,False
electra-small,10,5,82.17877094972067,85.25139664804469,1144110715,3.0745787004045284e-05,0.031951819496206,0.1532445547425993,8,False,True
electra-small,10,6,81.73184357541899,83.35195530726257,1532932500,3.4298755785751856e-05,1.1281437167703296e-05,0.0751684738991508,9,False,False
electra-small,10,7,80.78212290502793,82.79329608938548,307887130,8.66911392988072e-06,0.0001332229286486,0.0167061754211319,8,False,False
electra-small,10,8,75.81005586592178,77.20670391061452,1831432701,9.54894649869741e-06,0.0639215910372468,0.0960355498682479,2,False,False
electra-small,10,9,81.06145251396649,82.29050279329608,473598947,3.930691613964142e-05,0.0028919674157293,0.0488324300515124,2,False,False
electra-small,10,10,81.73184357541899,82.3463687150838,2061228015,8.176987828265558e-06,0.0389942657941813,0.0233305558075979,10,False,False
electra-small,10,11,80.11173184357541,82.17877094972067,1357014108,3.626673472279743e-05,0.0056780698954351,0.1546120497418953,2,False,False
electra-small,10,12,82.23463687150839,83.57541899441341,1691860575,1.8374774122884356e-05,0.0005734011936642,0.0109376313366746,9,False,False
electra-small,10,13,79.72067039106145,80.27932960893855,2020628942,5.126297998595681e-06,0.0077971261061988,0.0202577334541939,4,False,False
electra-small,10,14,81.45251396648045,84.1340782122905,1071047500,7.401420420508994e-05,0.0015028797344037,0.0181503147487324,3,False,False
electra-small,10,15,81.1731843575419,82.56983240223464,1836313630,5.508199199782683e-05,0.00033760424361,0.1555867429240018,4,False,False
electra-small,10,16,79.60893854748603,81.28491620111731,356385869,9.376019830624012e-06,0.0094033036953415,0.134559092891573,3,False,False
electra-small,10,17,80.55865921787709,82.40223463687151,768350720,1.7765439693425854e-05,0.0670662644985376,0.1690418890803522,2,False,False
electra-small,10,18,81.89944134078212,83.18435754189944,1831516562,6.863309141383182e-05,0.0005150317078903,0.1945398458316332,3,False,False
electra-small,10,19,83.12849162011173,84.52513966480447,695856849,2.3895084165503184e-05,0.0005611596737514,0.1204843209376147,9,True,False
electra-small,10,20,82.12290502793296,84.24581005586592,451244622,2.552766178653151e-05,0.0914393799119065,0.1459965918011144,6,False,False
electra-small,10,21,81.89944134078212,83.46368715083798,636509783,7.594214064684374e-05,0.0003292697507075,0.0563506829460715,4,False,False
electra-small,10,22,81.28491620111731,83.91061452513966,1841397741,5.367194870534765e-05,4.815583634251464e-05,0.0650288274786253,8,False,False
electra-small,10,23,81.34078212290503,83.63128491620111,498403318,7.85056311044202e-06,8.33583965269365e-05,0.1572897125750119,10,False,False
electra-small,10,24,82.17877094972067,84.18994413407822,1736599280,8.759035325503956e-06,7.056478616308507e-05,0.0413830875609405,10,False,False
electra-small,10,25,80.11173184357541,82.06703910614524,1179906653,5.129868881472643e-06,9.881249185105998e-05,0.1229529974680528,5,False,False
electra-small,10,26,81.73184357541899,84.35754189944134,1946937865,4.057580069942386e-05,0.0074496286356181,0.1419861109256513,7,False,False
electra-small,10,27,70.05586592178771,71.84357541899442,1651429597,6.349979420462282e-06,3.84597855059976e-05,0.0903890008943455,2,False,False
electra-small,10,28,80.72625698324022,83.40782122905028,1914112855,7.95350164081065e-05,2.0203696611125405e-05,0.1406680519271166,6,False,False
electra-small,10,29,72.12290502793296,74.02234636871508,619800141,5.558906979768446e-06,2.3092425144913257e-05,0.1020630826652628,2,False,False
electra-small,11,0,82.92682926829268,81.91609977324264,1246156672,4.762079208183976e-05,2.684149430414977e-05,0.1294732210677324,5,False,False
electra-small,11,1,82.64322178105502,82.31292517006803,680778656,2.052711314645069e-05,0.0109304564090928,0.0335176968620772,5,False,False
electra-small,11,2,82.0760068065797,82.70975056689342,2086783014,4.349653303727738e-05,0.0008368195666754,0.0774949505990686,3,False,False
electra-small,11,3,83.09699376063529,83.0498866213152,1896959226,4.788141596464418e-05,0.0009456110165673,0.1420159014723264,10,False,False
electra-small,11,4,80.99829835507657,80.89569160997732,2075906814,7.94423808676294e-05,0.0550533391024589,0.1687374251591553,2,False,False
electra-small,11,5,81.28190584231423,82.02947845804988,1027488387,5.633272988383846e-06,6.578468257619842e-05,0.0727453199245672,8,False,False
electra-small,11,6,82.58650028360749,82.65306122448979,845272816,7.007982189687069e-06,1.047824104688671e-05,0.1197088447684458,8,False,False
electra-small,11,7,82.87010777084515,82.48299319727892,1442329158,4.211943275171326e-05,0.0028226976929334,0.1692650822033487,7,False,False
electra-small,11,8,80.71469086783891,81.29251700680273,932350597,1.5893816928394488e-05,1.8777921512266613e-05,0.126336277057276,3,False,False
electra-small,11,9,82.75666477595009,82.53968253968254,2112882552,1.9267896438048857e-05,1.4801519779246006e-05,0.0824760492248301,5,False,False
electra-small,11,10,82.92682926829268,83.0498866213152,1661950320,3.537907438223671e-05,0.0187151294688569,0.1072885842366183,7,False,False
electra-small,11,11,82.52977878615995,81.2358276643991,412886050,7.563576147277273e-05,2.557122426861357e-05,0.1536480744821737,7,False,False
electra-small,11,12,80.14747589336359,80.27210884353741,172595282,5.8554602242228914e-06,0.0035125470746041,0.0132055753314449,5,False,False
electra-small,11,13,82.35961429381736,83.2766439909297,1988963734,1.2633001770036883e-05,0.0002167899532636,0.0361804116807836,7,False,True
electra-small,11,14,81.45207033465684,82.14285714285714,1279474197,9.975171525897932e-06,0.0011311752857581,0.0456534563420591,5,False,False
electra-small,11,15,80.54452637549632,81.4625850340136,740734286,2.848267253006655e-05,0.0001378485317874,0.0011385954987886,2,False,False
electra-small,11,16,83.04027226318775,82.87981859410431,902555180,1.4918697264465055e-05,0.0007852032978528,0.0286501273815999,10,False,False
electra-small,11,17,83.8343732274532,81.74603174603175,1620321395,5.015477737352086e-05,0.0401173231444224,0.1427061356923738,10,True,False
electra-small,11,18,82.41633579126488,82.42630385487529,1094381478,2.0960842020140017e-05,0.0060521162490061,0.0801191099452845,3,False,False
electra-small,11,19,80.8848553601815,81.4625850340136,1909309598,3.108111330700317e-05,0.0013150539792912,0.0287301508277181,2,False,False
electra-small,11,20,81.11174134997164,80.61224489795919,1850004646,6.640725327455329e-06,0.007086927245072,0.0607004044485531,5,False,False
electra-small,11,21,83.09699376063529,82.48299319727892,1074248802,1.7630111731415653e-05,0.0010010418258881,0.0214225060207785,9,False,False
electra-small,11,22,81.84912081678956,80.55555555555556,318804436,8.750810623461213e-05,0.0744547298259626,0.190129954562675,4,False,False
electra-small,11,23,80.94157685762904,80.95238095238095,161627505,7.87694140534678e-06,0.0011639487162367,0.1501994728207198,4,False,False
electra-small,11,24,80.65796937039138,80.4421768707483,2032558363,7.492612352046471e-06,2.5151823348787763e-05,0.1154400372502593,4,False,False
electra-small,11,25,80.43108338060125,80.55555555555556,506632842,6.4780618640308096e-06,7.006782227055304e-05,0.0462515455234817,4,False,False
electra-small,11,26,81.79239931934202,81.97278911564626,446336579,2.9272119247996247e-05,4.176435374956016e-05,0.1247048427276187,3,False,False
electra-small,11,27,82.30289279636982,82.65306122448979,1570285513,9.273771541093008e-05,0.0043082603847001,0.186157191170767,4,False,False
electra-small,11,28,83.43732274532047,82.2562358276644,610507403,6.896076567890258e-05,0.005581692223412,0.1116331893956725,5,False,False
electra-small,11,29,82.01928530913216,81.74603174603175,836079309,1.7477435275832602e-05,0.0069990149688748,0.1115324277989552,6,False,False
electra-small,12,0,82.73504273504274,83.13390313390313,1166247112,8.591600924805326e-05,4.553600840713972e-05,0.0774737899178664,7,False,False
electra-small,12,1,83.36182336182337,82.79202279202279,54144367,5.112025800149535e-05,0.0025816416997613,0.1756826443194734,3,False,False
electra-small,12,2,83.98860398860398,83.3048433048433,499332585,3.405134839269916e-05,7.638720917848626e-05,0.1405231985008453,9,False,False
electra-small,12,3,83.58974358974359,83.24786324786325,54130922,2.145129733576161e-05,1.622905313583462e-05,0.1972634071392736,5,False,False
electra-small,12,4,83.47578347578347,83.87464387464388,414465075,1.5390586956654118e-05,0.000305060685499,0.0173077399779376,8,False,False
electra-small,12,5,70.94017094017094,70.48433048433048,466334027,6.516341644851567e-06,0.0006304185746627,0.0432804869576676,2,False,False
electra-small,12,6,70.94017094017094,70.65527065527066,1056103438,5.3149801017163015e-06,0.0177312094410024,0.1566526683747224,2,False,False
electra-small,12,7,82.05128205128206,82.62108262108262,914256244,6.6905485505658975e-06,0.0011905711507418,0.0436317722441597,8,False,False
electra-small,12,8,82.56410256410257,82.79202279202279,595321392,3.302485094219332e-05,0.0019154552285131,0.0624774997469009,2,False,False
electra-small,12,9,82.22222222222223,82.73504273504274,1933695282,1.222663988040194e-05,0.0025669717344997,0.1746338023560506,4,False,False
electra-small,12,10,82.10826210826211,82.62108262108262,2070342457,1.2654553140735e-05,3.864346257200287e-05,0.0799267742708699,5,False,False
electra-small,12,11,83.98860398860398,84.44444444444444,808065353,2.6957691911390297e-05,0.0004464070850878,0.0066466777291508,10,False,True
electra-small,12,12,82.45014245014245,83.01994301994301,2126213356,1.81908873047991e-05,0.001612807633345,0.0472358711479682,4,False,False
electra-small,12,13,84.04558404558405,83.58974358974359,809515538,4.063701703069814e-05,0.0006942746549987,0.1683800732440202,8,True,False
electra-small,12,14,82.96296296296296,82.84900284900284,1658798940,8.36748761723206e-06,8.69078583275679e-05,0.1941819313860848,9,False,False
electra-small,12,15,82.56410256410257,82.5071225071225,576834952,6.002667082513785e-05,0.00346118388256,0.0707892537702487,2,False,False
electra-small,12,16,82.90598290598291,83.47578347578347,453668916,1.598646271805451e-05,0.0031048699991184,0.1021703493342159,4,False,False
electra-small,12,17,83.70370370370371,83.76068376068376,663517426,4.061972639822757e-05,0.00044792265944,0.0534545841271119,7,False,False
electra-small,12,18,81.31054131054131,81.25356125356126,1838612283,5.062275190205827e-06,0.000822321432522,0.0912680584381324,8,False,False
electra-small,12,19,83.47578347578347,83.98860398860398,127430785,5.933059098569858e-05,2.384407765364668e-05,0.0117082760428554,8,False,False
electra-small,12,20,83.64672364672364,83.3048433048433,1249617531,2.1269867671764528e-05,0.0093846763306078,0.0198919219000948,6,False,False
electra-small,12,21,82.67806267806267,83.36182336182337,367001876,7.724436308725524e-05,0.0008098621845737,0.1470445982817227,9,False,False
electra-small,12,22,83.76068376068376,83.41880341880342,862706981,1.3596838086288772e-05,0.0002163552686846,0.1184865248391603,9,False,False
electra-small,12,23,83.98860398860398,83.47578347578347,1861632169,5.28183298904249e-05,0.0065946560999602,0.037005387332952,7,False,False
electra-small,12,24,83.36182336182337,83.87464387464388,525099146,1.7570071148152358e-05,6.579803569415524e-05,0.1913078673339432,10,False,False
electra-small,12,25,79.43019943019944,80.34188034188034,1495766629,5.169094696236552e-06,0.0122848545783482,0.0190501227166094,4,False,False
electra-small,12,26,82.33618233618233,83.24786324786325,854512076,8.374251866109889e-05,7.383457475450965e-05,0.1147623019640078,10,False,False
electra-small,12,27,83.19088319088318,83.76068376068376,501901118,1.1292009168399e-05,0.0001788982921706,0.1053703831804466,8,False,False
electra-small,12,28,83.53276353276354,83.70370370370371,938922589,7.519615948186465e-05,0.0162155042338128,0.0857989513143415,7,False,False
electra-small,12,29,83.76068376068376,84.27350427350427,1076842790,3.602815358092339e-05,0.098952995582877,0.1493911898051683,5,False,False
electra-small,13,0,83.25917686318131,81.60088938299054,143673558,1.1266843139646312e-05,0.0001690475990589,0.1697458770891786,6,False,False
electra-small,13,1,84.3159065628476,83.21289605336298,1136580580,4.804243547510406e-05,4.732404154072696e-05,0.0380472722305846,7,False,False
electra-small,13,2,83.37041156840934,81.65647581989994,1300604480,3.792428097243082e-05,0.0029935925525554,0.174549231284101,3,False,False
electra-small,13,3,84.81646273637375,83.60200111172874,1668931901,1.77983376422389e-05,0.0147549891324499,0.0990380004829476,10,True,True
electra-small,13,4,81.75750834260289,80.71150639244024,1639788238,2.3638556609760557e-05,0.0038753101590935,0.1540323022245198,2,False,False
electra-small,13,5,81.20133481646273,80.32240133407448,112153898,8.102286297350986e-06,2.43506636899492e-05,0.027409154873792,4,False,False
electra-small,13,6,82.5361512791991,81.37854363535297,1529769116,8.992067883198722e-05,0.0142863249894538,0.1858987400814968,5,False,False
electra-small,13,7,83.70411568409344,82.49027237354086,1669384233,2.006076452909828e-05,0.0006026336741391,0.1758275108627028,7,False,False
electra-small,13,8,83.25917686318131,81.82323513062812,2062410244,1.1427636686151752e-05,2.6596383658142376e-05,0.0714636664942451,7,False,False
electra-small,13,9,84.3159065628476,81.87882156753751,1278233186,5.904318219507161e-05,1.6171216069740172e-05,0.0659430501838058,2,False,False
electra-small,13,10,83.70411568409344,82.65703168426904,675949273,8.065689295914018e-05,1.2181522738670876e-05,0.0965885588778204,8,False,False
electra-small,13,11,83.75973303670746,82.32351306281268,384880299,8.24222601440573e-05,0.000301840673765,0.1107807742334197,10,False,False
electra-small,13,12,84.20467185761957,82.49027237354086,1117577051,1.9705540349989574e-05,0.0005848161877588,0.1451587004516972,8,False,False
electra-small,13,13,80.03337041156841,78.93274041133964,920165162,8.313440181375113e-06,0.0001116106941538,0.0715994285726501,3,False,False
electra-small,13,14,83.75973303670746,82.21234018899389,484181306,2.947411447269097e-05,0.077049019510631,0.1797793980909005,4,False,False
electra-small,13,15,83.48164627363738,81.37854363535297,736966350,6.286399180321377e-05,0.0354814356505041,0.0386283202654904,7,False,False
electra-small,13,16,83.75973303670746,82.43468593663147,370184663,5.46312125858817e-05,1.121296936987302e-05,0.1090509075615601,3,False,False
electra-small,13,17,83.9265850945495,82.26792662590329,1705808500,4.203037067043644e-05,0.0013186540492318,0.0656998063745703,5,False,False
electra-small,13,18,83.9265850945495,83.26848249027238,864331743,4.52760673197806e-05,0.0351976408380909,0.1476413123809652,9,False,False
electra-small,13,19,83.53726362625139,82.54585881045026,1133968410,1.5624255364713748e-05,0.0060449957510815,0.192666984009506,5,False,False
electra-small,13,20,81.70189098998888,79.82212340188994,147930960,7.217241971805699e-06,0.0092485626382122,0.004554313037866,5,False,False
electra-small,13,21,82.31368186874305,81.32295719844358,2071262690,6.1674221166461885e-06,4.637712224930506e-05,0.0715153072066486,8,False,False
electra-small,13,22,84.6496106785317,82.21234018899389,1993933487,1.3289313159099903e-05,0.0005669575105355,0.0460045357950562,9,False,False
electra-small,13,23,83.75973303670746,82.32351306281268,1077183219,2.752771959341936e-05,1.3900652579787138e-05,0.0731080331704361,6,False,False
electra-small,13,24,83.70411568409344,82.82379099499722,671862783,3.24672543541728e-05,0.0001091028966584,0.0195738072336612,4,False,False
electra-small,13,25,82.5361512791991,81.48971650917176,61284376,5.613818665770785e-06,0.0002349702437801,0.1318820291086559,7,False,False
electra-small,13,26,82.75862068965517,81.76764869371873,968338028,4.005177735532589e-05,0.0001538851330044,0.0830835644008987,2,False,False
electra-small,13,27,81.53503893214683,80.04446914952752,1497486211,6.200030609018028e-06,7.625184933148544e-05,0.0333699405081719,7,False,False
electra-small,13,28,84.6496106785317,83.37965536409116,1457850975,2.862763032140579e-05,0.0015986112893727,0.0812585880617844,10,False,False
electra-small,13,29,83.81535038932147,81.9899944413563,1840688781,2.2816330623301275e-05,0.0014124516367529,0.161609255282155,4,False,False
electra-small,14,0,81.6105082809823,84.47488584474885,1341834236,5.017040554321473e-05,0.0038760583415754,0.0997900848950589,4,False,False
electra-small,14,1,82.41005139920046,82.76255707762557,136263249,8.532061318047839e-05,0.0001835824470013,0.1439732411416402,8,False,False
electra-small,14,2,82.18161050828098,83.96118721461187,219164867,2.1920145122737168e-05,0.0011198047361743,0.1518667011756786,10,False,False
electra-small,14,3,82.98115362649915,85.3310502283105,104302408,3.966510984557218e-05,0.0003435483463693,0.0180475007639934,7,False,True
electra-small,14,4,82.75271273557966,84.3607305936073,818417901,2.475138462720043e-05,0.001166306961551,0.0930577785369225,9,False,False
electra-small,14,5,81.7818389491719,83.61872146118722,390830209,3.631352319478776e-05,0.0004714209755394,0.1994469405384834,7,False,False
electra-small,14,6,81.0394060536836,83.61872146118722,222836713,4.1584889012757054e-05,0.0431284916664446,0.1851275110917097,3,False,False
electra-small,14,7,80.23986293546545,81.84931506849315,1655816260,3.774785652734967e-05,3.4710803009972994e-05,0.1198891103611049,2,False,False
electra-small,14,8,80.01142204454598,81.90639269406392,1880477146,5.802206496229497e-06,0.0040267487046088,0.0628375373390751,6,False,False
electra-small,14,9,81.55339805825243,83.56164383561644,950515608,2.6847820121661896e-05,0.0193610251884878,0.0177800032401489,4,False,False
electra-small,14,10,81.21073672187322,82.42009132420091,2089480279,8.519222838252564e-05,0.0046182084028077,0.1402584481532118,3,False,False
electra-small,14,11,76.98458023986294,76.48401826484019,1620360273,5.609052237757828e-06,0.0437852204038025,0.178972171560816,3,False,False
electra-small,14,12,80.6967447173044,83.61872146118722,387874428,1.2936528064154728e-05,0.0025324042039407,0.0460435766381236,4,False,False
electra-small,14,13,81.7818389491719,83.67579908675799,83601450,1.152042242762495e-05,3.218719954962174e-05,0.0756257434098566,7,False,False
electra-small,14,14,83.15248429468875,84.18949771689498,1181793626,4.329878002785437e-05,0.000122854198422,0.1885421951820539,8,True,False
electra-small,14,15,78.58366647629926,78.42465753424658,285723038,1.3115773968285148e-05,0.0005056138808609,0.0791368968557911,2,False,False
electra-small,14,16,80.18275271273558,82.53424657534246,154290088,1.0603455456900335e-05,0.0001279839075082,0.1097671448046304,6,False,False
electra-small,14,17,82.12450028555111,84.81735159817352,1353261907,3.3914708292267496e-05,0.0072683351327925,0.1903125062891166,5,False,False
electra-small,14,18,81.32495716733295,82.64840182648402,2083089908,6.557394073305385e-05,0.0011088432035404,0.0443836951254905,6,False,False
electra-small,14,19,81.43917761279269,83.78995433789954,1151053025,8.783156333763714e-06,6.834210327792506e-05,0.0639572134991427,10,False,False
electra-small,14,20,81.66761850371216,83.162100456621,1300117283,6.262447295474258e-05,0.0502876483682643,0.1788266494883996,5,False,False
electra-small,14,21,81.21073672187322,82.9337899543379,399400995,3.0596640797679245e-05,0.0009833414249967,0.0559207472154082,2,False,False
electra-small,14,22,82.06739006282125,83.96118721461187,944574697,2.044682111123767e-05,0.0132581231357065,0.0302839403678647,8,False,False
electra-small,14,23,82.01027984009137,83.162100456621,503646507,7.476236459247417e-05,0.0792969477094252,0.1798559568486136,10,False,False
electra-small,14,24,81.32495716733295,84.53196347031964,1557567809,5.266369805442884e-05,1.599057448621438e-05,0.0522429639019743,6,False,False
electra-small,14,25,78.46944603083952,78.82420091324201,1897825979,1.2303241162298407e-05,0.0007632056174798,0.0042679656535887,2,False,False
electra-small,14,26,79.7829811536265,82.36301369863014,1509314849,9.56008429036305e-06,1.131757444972598e-05,0.1445224502024139,5,False,False
electra-small,14,27,80.6967447173044,83.78995433789954,1098691895,6.497344868452643e-06,0.0108501920035297,0.0548896414711424,8,False,False
electra-small,14,28,81.83894917190177,84.01826484018265,880499810,6.611928024822484e-05,0.0047352852341124,0.0687574774453564,3,False,False
electra-small,14,29,77.72701313535123,77.68264840182648,1660882887,1.0882176111279995e-05,0.0013604432822818,0.1649497241826393,2,False,False
electra-small,15,0,83.37066069428892,83.04420817011751,544732721,2.5890196185115924e-05,0.00058658569426,0.1518624200210667,4,False,False
electra-small,15,1,82.6427771556551,82.48461108002239,1286433342,8.091451738680855e-06,0.003515485848085,0.0153648178780967,7,False,False
electra-small,15,2,84.26651735722284,83.26804700615557,380877286,8.107823167998589e-05,0.0240087561515986,0.046669676811942,8,False,False
electra-small,15,3,84.1545352743561,82.5965304980414,216964984,3.5921124182915806e-05,0.0805885323778836,0.0850597678969124,5,False,False
electra-small,15,4,80.3471444568869,80.07834359261332,1376609043,5.097561465462391e-06,5.1803326728787856e-05,0.1764234262672325,4,False,False
electra-small,15,5,81.80291153415453,81.86905428091774,2084784471,5.080190070615594e-06,0.0281240688973986,0.0339956655680382,8,False,False
electra-small,15,6,84.09854423292273,83.32400671516508,1852786329,3.462083435104133e-05,0.0019373156873802,0.0444280495885633,7,False,False
electra-small,15,7,81.41097424412094,81.36541689983213,1986108868,5.87170284857595e-06,0.0002167404556506,0.1148064030711773,7,False,False
electra-small,15,8,83.42665173572229,83.71572467823167,981168687,2.2645570909332156e-05,0.0055317921642861,0.1621529307746995,7,False,False
electra-small,15,9,84.37849944008958,84.16340235030778,1689885050,3.1216122573425816e-05,0.0084275033930404,0.0280700285727124,7,True,True
electra-small,15,10,83.37066069428892,82.988248461108,408768432,4.243983815795935e-05,0.004619517657483,0.007184367391684,5,False,False
electra-small,15,11,83.65061590145577,83.65976496922217,955500679,6.123285992042561e-05,0.0008110962272553,0.0655915029903759,4,False,False
electra-small,15,12,79.45128779395297,78.90318970341355,132706082,9.282452843837832e-06,0.0021181843781863,0.1981489015087481,2,False,False
electra-small,15,13,82.86674132138857,82.31673195299385,530796427,2.2075301507591e-05,4.104497788408021e-05,0.1410935066848344,5,False,False
electra-small,15,14,82.58678611422172,81.92501398992725,1426216953,1.223743951859254e-05,0.080460348725307,0.1675518961681409,6,False,False
electra-small,15,15,81.6909294512878,81.47733631785114,426346272,1.0098603391919624e-05,2.759228762865434e-05,0.0251900474902843,5,False,False
electra-small,15,16,84.37849944008958,82.5405707890319,160971479,2.6834346588372745e-05,0.0001796260113469,6.313018277421811e-05,10,False,False
electra-small,15,17,83.48264277715566,82.87632904308897,667415536,2.171853662933424e-05,1.149096767286845e-05,0.0997312067110572,4,False,False
electra-small,15,18,83.87458006718926,83.15612758813654,2073653857,2.721877740986912e-05,0.0274285580304592,0.1786776182438117,8,False,False
electra-small,15,19,83.93057110862262,82.76440962506994,1295188949,2.0577435187457142e-05,2.604322501518529e-05,0.1914226817367599,7,False,False
electra-small,15,20,82.92273236282195,83.3799664241746,111278617,1.3795459082906777e-05,0.0010492533864877,0.0710149758175046,6,False,False
electra-small,15,21,71.9484882418813,70.56519306099608,1955739390,5.824148521296571e-06,0.0097289057482626,0.0627647508605814,2,False,False
electra-small,15,22,83.48264277715566,82.42865137101288,1037928321,3.5323967642728443e-05,0.0001786748929754,0.0485923614621077,10,False,False
electra-small,15,23,83.98656215005599,83.49188584219362,1391000389,2.6907115692985443e-05,0.0049784307851905,0.1668302546153153,10,False,False
electra-small,15,24,83.31466965285554,81.98097369893677,195865802,9.123806812837426e-05,0.0060869280770679,0.1331149841064009,7,False,False
electra-small,15,25,83.37066069428892,83.60380526021265,1917212092,2.5456286284972896e-05,4.225721571552723e-05,0.0302567527176451,8,False,False
electra-small,15,26,83.03471444568869,82.5405707890319,1724981105,1.5009542552269028e-05,1.1975242935657147e-05,0.1828775410985562,5,False,False
electra-small,15,27,83.98656215005599,82.65249020705092,1294580090,4.8680152249248014e-05,0.0002067676100635,0.1282656820935355,7,False,False
electra-small,15,28,84.21052631578948,82.03693340794628,854482723,5.407075792136752e-05,0.000413847045861,0.019486851106274,9,False,False
electra-small,15,29,83.37066069428892,82.70844991606043,248230043,1.655064317235342e-05,1.0537097455574265e-05,0.0481461017598875,8,False,False
electra-small,16,0,81.35011441647598,83.18077803203661,42282239,6.834975085503304e-05,0.088155926393791,0.1920268720451542,7,False,False
electra-small,16,1,74.02745995423341,73.91304347826087,917232731,6.370864690024017e-06,0.0794282873846267,0.0415372385959581,2,False,False
electra-small,16,2,81.35011441647598,83.5812356979405,920599233,8.399800780294795e-06,1.2092412264898811e-05,0.1538829865252165,10,False,False
electra-small,16,3,79.46224256292906,81.63615560640733,1795018043,5.933958513820683e-06,0.035623006429892,0.1284498011703914,5,False,False
electra-small,16,4,75.74370709382151,76.77345537757436,2095110479,5.0491439257433015e-06,4.3556692574194935e-05,0.1161211578961182,4,False,False
electra-small,16,5,81.86498855835241,85.1258581235698,682127462,6.42607260717186e-05,0.0011955143306097,0.152445489063159,5,False,True
electra-small,16,6,82.55148741418765,84.09610983981693,1730640072,4.896628618448926e-05,0.0004274215188094,0.1172749723013495,10,False,False
electra-small,16,7,81.86498855835241,83.46681922196797,586747979,5.05743639150446e-05,0.0026163433075166,0.1767328356125673,10,False,False
electra-small,16,8,78.54691075514874,79.34782608695652,1809904783,5.408380749706404e-06,0.000618419461189,0.1980760738160131,4,False,False
electra-small,16,9,81.63615560640733,83.52402745995424,1136948206,4.840503356056112e-05,0.001021593097261,0.102690526605286,5,False,False
electra-small,16,10,81.63615560640733,84.09610983981693,1039146911,8.417023933703141e-06,0.067367787345667,0.0479143896374378,9,False,False
electra-small,16,11,81.40732265446225,82.78032036613273,1047750496,8.909504960261142e-05,4.960107320594002e-05,0.1936376724766628,10,False,False
electra-small,16,12,80.77803203661327,83.23798627002289,726465166,1.7194901954282392e-05,0.0075876387457643,0.0907986062852684,6,False,False
electra-small,16,13,81.69336384439359,84.03890160183066,962435450,7.829188975957788e-05,0.0018812807507201,0.0577199136114215,5,False,False
electra-small,16,14,81.46453089244851,84.26773455377574,1119895024,8.709357970958433e-05,5.916112173533726e-05,0.1037717129247626,9,False,False
electra-small,16,15,80.20594965675058,82.78032036613273,1941266990,1.2875183863083065e-05,5.970340095022955e-05,0.1617161669786227,3,False,False
electra-small,16,16,82.78032036613273,83.35240274599542,390934300,6.015313340997586e-05,2.5958724837465376e-05,0.1562284157279803,10,False,False
electra-small,16,17,81.57894736842105,84.43935926773456,654694115,7.837909862461737e-05,0.01652691033748,0.0315179022716304,9,False,False
electra-small,16,18,82.95194508009153,83.46681922196797,133126440,8.447230258807119e-05,0.0055805643774311,0.1163949935796555,5,True,False
electra-small,16,19,81.80778032036613,83.63844393592677,307597489,4.5410775745540606e-05,6.528299226094652e-05,0.1099737213147141,4,False,False
electra-small,16,20,82.32265446224257,83.75286041189932,1349869163,4.105055621504168e-05,0.0003923967248967,0.1506332893701815,5,False,False
electra-small,16,21,80.26315789473684,82.03661327231121,1061051504,1.6244207062172298e-05,0.0023986021638371,0.0393186808732619,2,False,False
electra-small,16,22,82.20823798627002,85.01144164759725,1679476111,2.7176618392747262e-05,0.0017692066803337,0.1362190901264547,6,False,False
electra-small,16,23,78.60411899313502,80.54919908466819,686265800,5.374080004879002e-06,5.205512273905428e-05,0.0423830540542804,5,False,False
electra-small,16,24,80.32036613272311,82.49427917620137,761473657,1.3015963153882596e-05,9.225744247810408e-05,0.1811360044677283,4,False,False
electra-small,16,25,81.63615560640733,83.9816933638444,74500141,1.2125817041140456e-05,2.4018179246110955e-05,0.0102278898618196,10,False,False
electra-small,16,26,81.80778032036613,82.95194508009153,1542317136,8.104337792524733e-05,0.0045742273902222,0.0762621756674537,5,False,False
electra-small,16,27,81.97940503432494,83.18077803203661,466894680,9.271020733779458e-05,1.1301832620669394e-05,0.1086682054284524,9,False,False
electra-small,16,28,82.4370709382151,83.52402745995424,1061854262,3.306432519453719e-05,0.0006938308533961,0.1309785199677786,8,False,False
electra-small,16,29,82.03661327231121,83.81006864988558,25692880,4.635879473333574e-05,0.0015076723900288,0.0423476399600535,5,False,False
electra-small,17,0,83.8209982788296,82.16743119266054,1890237481,4.3290311466331785e-05,3.943817354187781e-05,0.0413317783791188,3,False,False
electra-small,17,1,84.33734939759036,82.16743119266054,1451113586,8.455501201731046e-06,0.0017685841862019,0.0399778291599942,9,False,False
electra-small,17,2,82.15720022948939,80.96330275229357,1397108593,9.03267813506694e-06,0.0018658079809794,0.1273778329440031,7,False,False
electra-small,17,3,83.53413654618474,82.39678899082568,220384266,1.1701783249419882e-05,0.000745907505485,0.0406899534243182,9,False,False
electra-small,17,4,83.87837062535857,81.70871559633028,139186778,1.6305312338045266e-05,0.0003747420036602,0.0867238113292571,7,False,False
electra-small,17,5,82.73092369477912,81.13532110091744,727146085,3.633078818667832e-05,0.0044765021762862,0.1523383112519573,2,False,False
electra-small,17,6,83.53413654618474,81.88073394495413,731191388,6.670213772578588e-05,0.0014816734904083,0.0197638642693512,3,False,False
electra-small,17,7,84.16523235800344,82.91284403669725,1191337531,4.3747343706228646e-05,0.0047990985835476,0.0684383649971876,6,False,False
electra-small,17,8,84.2799770510614,83.14220183486239,2047206949,4.038723098772144e-05,0.0546613552833865,0.0038052853926245,4,False,True
electra-small,17,9,78.25588066551921,77.75229357798165,98861950,1.1766852848551169e-05,0.0052434198196312,0.1160631479890915,2,False,False
electra-small,17,10,83.30464716006885,80.9059633027523,1903886859,2.4029767052329863e-05,0.0189056384002206,0.1346710794821819,3,False,False
electra-small,17,11,83.53413654618474,81.19266055045871,482772216,6.166315908278106e-06,2.092680165642234e-05,0.1633193227409619,8,False,False
electra-small,17,12,84.22260470453242,82.91284403669725,577473152,4.245266001784459e-05,0.0011918819138074,0.1136336177045295,5,False,False
electra-small,17,13,82.78829604130809,81.02064220183486,391974429,3.293926197063403e-05,0.0009169881186034,0.193502447026199,2,False,False
electra-small,17,14,71.83017785427424,72.7637614678899,611702593,6.43791462760965e-06,0.0001007578587727,0.0669479552967665,2,False,False
electra-small,17,15,83.13253012048193,81.19266055045871,888720277,1.1403612356944312e-05,0.002817309202768,0.0231612633025143,5,False,False
electra-small,17,16,83.36201950659782,81.65137614678899,1741221488,9.653789768442258e-05,0.0004099457645342,0.0954925305623703,5,False,False
electra-small,17,17,84.05048766494549,82.33944954128441,1005931497,6.874556503399121e-05,0.014435766336223,0.165945040365913,7,False,False
electra-small,17,18,83.07515777395295,82.16743119266054,1437490957,6.013247740164561e-05,0.0085117964966677,0.1653425155062564,3,False,False
electra-small,17,19,84.50946643717728,81.65137614678899,750605637,1.6341463575992194e-05,0.0815261555191626,0.1877679860190404,5,False,False
electra-small,17,20,82.90304073436603,82.39678899082568,434761683,7.936371787276986e-05,0.0076369698222448,0.19946658704253,10,False,False
electra-small,17,21,82.84566838783707,81.19266055045871,154690084,7.679214928966072e-06,0.0001222623278005,0.0574943707567445,7,False,False
electra-small,17,22,85.25530694205393,82.28211009174312,1319236462,1.65081417052902e-05,0.0334472954387392,0.1309546263757797,9,True,False
electra-small,17,23,83.4193918531268,82.05275229357798,340303866,4.810101770408753e-05,0.0874963231422994,0.0072984540102876,2,False,False
electra-small,17,24,83.87837062535857,82.51146788990826,1858488385,5.558343700069876e-05,9.34561258629874e-05,0.0967358872858715,5,False,False
electra-small,17,25,84.10786001147447,81.93807339449542,46595846,2.312762050518393e-05,7.438581967389342e-05,0.0538999572016308,4,False,False
electra-small,17,26,81.41135972461274,80.5045871559633,1722520831,1.7393667772085238e-05,0.0013999580915462,0.0070948675610944,3,False,False
electra-small,17,27,82.84566838783707,81.30733944954129,477986232,7.26669612760966e-06,0.013085600298995,0.0240175044823941,7,False,False
electra-small,17,28,80.49340218014916,79.93119266055047,1187215767,9.819454428165555e-06,0.0002881405121182,0.1883381356736168,3,False,False
electra-small,17,29,83.13253012048193,81.65137614678899,837482285,9.307216957840316e-05,1.4830096030503857e-05,0.0345314494540951,7,False,False
electra-small,18,0,82.51708428246013,83.5990888382688,1876987242,2.488106143965857e-05,0.0064210838252209,0.050407625321611,6,False,False
electra-small,18,1,82.85876993166288,83.82687927107061,306297009,6.671482655467884e-05,0.0951940959347466,0.1707998209886018,8,False,True
electra-small,18,2,82.11845102505694,83.20045558086561,240309634,2.893013635123778e-05,0.0004486405920469,0.1856328840486595,8,False,False
electra-small,18,3,80.35307517084283,81.49202733485194,1861722444,7.974264618460069e-06,0.011612315766227,0.047138922497923,6,False,False
electra-small,18,4,82.28929384965832,82.51708428246013,1078619878,5.267290627154728e-05,0.0062170534357989,0.0609147328521268,6,False,False
electra-small,18,5,81.49202733485194,82.63097949886105,1507763346,7.699891301841509e-05,0.0017022621152146,0.1199325126866953,5,False,False
electra-small,18,6,82.28929384965832,81.89066059225513,1818775061,4.772435575841848e-05,0.0001676650073229,0.1418119189665501,2,False,False
electra-small,18,7,82.11845102505694,82.91571753986332,966722486,2.067458194685782e-05,0.0013900719841975,0.1669104576161579,4,False,False
electra-small,18,8,80.5239179954442,82.11845102505694,218228575,7.727781560087025e-06,3.543546515934792e-05,0.0204408717464029,7,False,False
electra-small,18,9,81.54897494305239,82.97266514806378,1294958734,2.011388656901725e-05,0.0167665222130776,0.0450216824627558,5,False,False
electra-small,18,10,82.11845102505694,83.02961275626424,2057545418,1.265020348522875e-05,0.0004906134591756,0.1240787045625597,7,False,False
electra-small,18,11,81.89066059225513,82.23234624145786,1108475487,1.3735878452463574e-05,8.016326575816023e-05,0.0856344482483754,8,False,False
electra-small,18,12,83.02961275626424,83.48519362186788,1753341284,2.8896009024838232e-05,0.0020362777387236,0.0723072108283143,10,False,False
electra-small,18,13,80.86560364464692,81.83371298405467,1286595629,8.735578888831992e-05,2.98384057745404e-05,0.0154000415900454,3,False,False
electra-small,18,14,79.95444191343964,81.26423690205011,2081647421,1.4390010407326726e-05,0.0166544512436593,0.0805728543756167,4,False,False
electra-small,18,15,82.51708428246013,83.65603644646924,2047560161,3.297341453826971e-05,0.0016158670640689,0.19242105893857,6,False,False
electra-small,18,16,83.42824601366742,82.40318906605923,1841015325,3.1804282362834736e-05,0.001023761723681,0.0831916308870235,9,True,False
electra-small,18,17,82.6879271070615,82.51708428246013,105812279,1.8488195607148287e-05,0.0234642884045463,0.1832036705929298,9,False,False
electra-small,18,18,82.97266514806378,82.85876993166288,253747496,2.740309231294853e-05,0.0249622917521633,0.0376518542739071,8,False,False
electra-small,18,19,81.49202733485194,82.23234624145786,1578167160,8.870455196557062e-05,1.2490628413780276e-05,0.1796516207990797,2,False,False
electra-small,18,20,80.69476082004556,82.40318906605923,252948869,6.055477865062312e-06,0.0038480427670712,0.136334432927815,8,False,False
electra-small,18,21,80.0113895216401,81.49202733485194,824165544,1.3733915467410692e-05,0.01656711043152,0.0768144278151928,3,False,False
electra-small,18,22,82.28929384965832,83.20045558086561,409395538,5.641938224168838e-05,0.0340946771464864,0.093558726452274,5,False,False
electra-small,18,23,82.34624145785877,82.1753986332574,1039333205,6.492615275581429e-05,0.0001163413108303,0.1499736812203439,7,False,False
electra-small,18,24,79.78359908883827,81.54897494305239,1720054077,3.0152355286089078e-05,0.0965563132649413,0.099979883836701,2,False,False
electra-small,18,25,82.57403189066059,82.97266514806378,1160317516,3.399327678890081e-05,4.281807571475894e-05,0.1059796617212153,9,False,False
electra-small,18,26,81.54897494305239,82.6879271070615,697810610,7.544456416334267e-05,0.0032055284934852,0.1450206404855643,4,False,False
electra-small,18,27,82.28929384965832,83.14350797266515,2023569529,3.5626720004506524e-05,3.6283350977357046e-05,0.0081569867644791,3,False,False
electra-small,18,28,82.28929384965832,82.6879271070615,1905625240,9.608939371762897e-06,0.0001215007079472,0.1063930595914989,10,False,False
electra-small,18,29,82.28929384965832,83.65603644646924,2019730968,4.874960843517703e-05,2.4852864461902284e-05,0.0685118890426129,7,False,False
electra-small,19,0,82.34285714285714,84.06624785836665,182537438,6.546953740036347e-05,3.1280240721562806e-05,0.199549307104603,6,False,False
electra-small,19,1,83.48571428571428,84.63735008566533,594394537,2.442310934056192e-05,5.101838031510266e-05,0.0044276755046634,7,False,True
electra-small,19,2,81.65714285714286,82.98115362649915,1155942153,1.1148783007974613e-05,0.0007795251400505,0.1037308162682505,5,False,False
electra-small,19,3,82.05714285714286,83.15248429468875,1588685987,6.904521970705325e-05,5.8379391373166966e-05,0.19344531884329,2,False,False
electra-small,19,4,80.62857142857143,81.83894917190177,575180502,9.739929638644584e-06,0.014962724804464,0.007169551927737,4,False,False
electra-small,19,5,83.42857142857143,84.06624785836665,973652780,6.117582388704445e-05,8.66630568927948e-05,0.0118400546070207,4,False,False
electra-small,19,6,82.51428571428572,83.20959451741862,456062027,8.102985918969034e-06,0.0046101176704441,0.1154800547405793,8,False,False
electra-small,19,7,83.54285714285714,83.72358652198744,69092338,6.129729218156308e-05,0.0094685940227343,0.1266532918032348,3,False,False
electra-small,19,8,84.11428571428571,84.06624785836665,1062295042,2.2973156202573884e-05,0.0064076057821846,0.1267192280386487,7,False,False
electra-small,19,9,82.74285714285715,83.60936607652769,938729977,2.849601285846489e-05,0.0001552617756975,0.1603030272573036,3,False,False
electra-small,19,10,82.8,84.12335808109651,165566804,2.6080219313156205e-05,0.0018302390318107,0.1311085007842576,4,False,False
electra-small,19,11,79.6,80.86807538549401,1888757794,1.7598070215192543e-05,0.0015268825438708,0.1296337764374233,2,False,False
electra-small,19,12,82.45714285714286,82.58138206739007,1650355871,5.659943007705388e-06,0.0011428614877621,0.0705741768749054,9,False,False
electra-small,19,13,81.2,83.15248429468875,409129992,2.5460956172880328e-05,5.39452246997504e-05,0.0550464297348875,2,False,False
electra-small,19,14,82.28571428571429,83.95202741290692,1804531676,8.001159279038318e-05,0.0064833792287577,0.020119382444943,6,False,False
electra-small,19,15,78.97142857142858,80.35408338092519,1337709944,5.159512463367543e-06,0.0013267017919876,0.0371440603119302,5,False,False
electra-small,19,16,83.08571428571429,83.20959451741862,1607939664,1.852564894921084e-05,0.0002012953498621,0.0885680257659581,5,False,False
electra-small,19,17,84.22857142857143,83.89491719017704,1420167918,3.46293573982594e-05,2.36738171333346e-05,0.0115312441759395,6,True,False
electra-small,19,18,83.25714285714285,84.35179897201598,1420885483,1.2531754099295448e-05,3.011566176059083e-05,0.0956114870464077,10,False,False
electra-small,19,19,83.31428571428572,84.18046830382639,1125612392,2.2285144046867805e-05,9.150662303786428e-05,0.0179464791684545,8,False,False
electra-small,19,20,82.11428571428571,83.89491719017704,1981564397,3.930177656593493e-05,0.0051400061444578,0.1619410808388811,3,False,False
electra-small,19,21,82.28571428571429,83.4380354083381,723148692,7.010555776450987e-05,0.0012955364813824,0.1505687596137784,2,False,False
electra-small,19,22,77.71428571428571,78.697886921759,250092956,5.847500961511457e-06,0.0079810338385486,0.1821932616751982,5,False,False
electra-small,19,23,80.45714285714286,81.21073672187322,81976283,2.1672407862472744e-05,0.0002476137878104,0.1200115863878175,2,False,False
electra-small,19,24,80.8,82.06739006282125,43335678,1.3651178746585237e-05,5.744326577698857e-05,0.0364893873617455,3,False,False
electra-small,19,25,83.2,83.09537407195889,1197047216,1.0327632601557216e-05,0.001861361995333,0.1548175141438111,6,False,False
electra-small,19,26,83.2,83.95202741290692,1619108390,6.812057526028708e-05,1.5785888433462265e-05,0.006394294653554,5,False,False
electra-small,19,27,70.57142857142857,69.61736150770987,686831482,6.029220371432933e-06,0.0002086548179546,0.1947896395898128,2,False,False
electra-small,19,28,83.65714285714286,84.06624785836665,1201440973,2.709812431598666e-05,5.0937877408547046e-05,0.1670930607370005,8,False,False
electra-small,19,29,83.02857142857142,84.12335808109651,1901611666,2.489076220080361e-05,0.0003194182821596,0.1972491542328101,6,False,False
electra-small,20,0,80.45784477945281,79.52008928571429,1048160088,5.267294455498714e-06,8.266333142209428e-05,0.0011587105093141,5,False,False
electra-small,20,1,83.02624232272474,82.03125,991765695,9.65115220368875e-06,0.00059177756543,0.0754276086499673,6,False,False
electra-small,20,2,83.47292015633724,82.31026785714286,47655516,6.877743396348867e-05,1.3972229603443884e-05,0.0959017570900516,10,False,False
electra-small,20,3,84.36627582356226,82.25446428571429,2138251908,7.711693845475806e-06,0.0409634394305198,0.1728733934073319,10,False,False
electra-small,20,4,84.25460636515913,82.70089285714286,1085981099,4.178915225748125e-05,0.0477704310388302,0.0750470360318843,8,False,False
electra-small,20,5,84.36627582356226,82.25446428571429,1736920202,3.389800258788525e-05,8.20118352823172e-05,0.1115921273975838,10,False,False
electra-small,20,6,82.91457286432161,81.86383928571429,2112288445,6.593488237067791e-06,0.0008465427776182,0.099989142134573,9,False,False
electra-small,20,7,84.64544946957007,82.421875,1389367794,1.1169085163817172e-05,8.058578214415011e-05,0.1925633316971396,9,False,False
electra-small,20,8,84.64544946957007,83.70535714285714,602208275,3.0976672897759515e-05,0.0006534553298731,0.0825834401461534,8,False,False
electra-small,20,9,83.91959798994975,82.36607142857143,1465158340,6.067210998595585e-06,0.0004089232922989,0.0617479666617061,10,False,False
electra-small,20,10,84.19877163595757,83.984375,1425631757,6.378347598722474e-05,0.0003500796853387,0.0143344372213974,3,False,True
electra-small,20,11,82.41206030150754,82.19866071428571,120654348,1.4553417734652304e-05,0.0033687301067684,0.0699109136911807,3,False,False
electra-small,20,12,82.6353992183138,81.80803571428571,1366656420,2.102770042462465e-05,0.0005405835259419,0.0404182667280823,3,False,False
electra-small,20,13,82.97040759352318,83.76116071428571,1405562981,8.065082471246028e-05,0.0004190090282893,0.1926888422598498,10,False,False
electra-small,20,14,81.23953098827471,80.35714285714286,1176686693,1.9757549457591263e-05,0.0013166041315346,0.1002565944979721,2,False,False
electra-small,20,15,79.06197654941373,77.06473214285714,197506129,9.02189296394382e-06,0.0455443328239459,0.1383671380348402,2,False,False
electra-small,20,16,84.70128419877163,83.53794642857143,1642789030,5.1194801842270375e-05,0.0028619090746867,0.0949353739451982,7,True,False
electra-small,20,17,79.06197654941373,77.51116071428571,1645621229,5.280887201551496e-06,5.073173446557553e-05,0.1697498957818441,3,False,False
electra-small,20,18,83.24958123953098,83.984375,1866974959,8.531238688060844e-05,0.0001797939715281,0.0665489516007618,2,False,False
electra-small,20,19,84.03126744835288,82.25446428571429,1423720932,7.191140060777885e-05,0.0006564862414763,0.0923726468124294,10,False,False
electra-small,20,20,84.25460636515913,82.97991071428571,647448941,2.9726194295741425e-05,0.0237061740943304,0.1990947132436682,8,False,False
electra-small,20,21,83.30541596873255,83.14732142857143,1868774740,9.786432152242446e-05,0.0202972240981106,0.1510267601905927,8,False,False
electra-small,20,22,83.41708542713567,82.36607142857143,1335702142,8.524903718306882e-06,0.000158458913083,0.0915698604289274,9,False,False
electra-small,20,23,83.75209380234506,82.92410714285714,1374650185,9.041862963848637e-06,0.001047476792454,0.0044331650937309,7,False,False
electra-small,20,24,83.91959798994975,82.53348214285714,682915758,9.425720988492674e-06,0.0028412821603231,0.1180378760574829,7,False,False
electra-small,20,25,83.86376326074819,82.64508928571429,973594075,7.83369419152812e-06,0.0025857114630357,0.0107787533028656,10,False,False
electra-small,20,26,83.5287548855388,81.58482142857143,1505572689,1.1965043347889256e-05,3.776521054857154e-05,0.0515527435715613,8,False,False
electra-small,20,27,81.63037409268566,81.19419642857143,226547092,6.733913494737489e-06,1.4587586418527074e-05,0.0124657217854454,5,False,False
electra-small,20,28,81.8537130094919,81.25,1268131014,1.2137525019914858e-05,0.0003649345237642,0.1615026367993852,4,False,False
electra-small,20,29,81.57453936348409,80.69196428571429,2199899,5.898800555601546e-06,6.76530147323028e-05,0.0525251836749519,6,False,False
electra-small,21,0,79.9543118218161,81.49628783552257,503148795,7.573109780487411e-06,0.0001645773396293,0.1032537263381773,4,False,False
electra-small,21,1,81.32495716733295,81.32495716733295,613814424,5.280798627077776e-06,0.0548717241290635,0.1345959958207375,6,False,False
electra-small,21,2,83.89491719017704,83.95202741290692,1943172670,3.514766906143163e-05,0.0001817298286204,0.1719895445625048,6,False,False
electra-small,21,3,84.06624785836665,84.12335808109651,953999860,2.720698565521612e-05,0.000649668271793,0.0458016408134804,7,False,False
electra-small,21,4,82.3529411764706,82.12450028555111,640732057,5.225321638199033e-06,0.0028433815545922,0.1320357962735567,9,False,False
electra-small,21,5,83.7806967447173,83.72358652198744,871054566,7.745502827155648e-05,0.0468431399849654,0.1692326801660101,9,False,False
electra-small,21,6,83.26670474014848,83.26670474014848,742916107,3.580178117497714e-05,0.015011239481592,0.0402071635676624,5,False,False
electra-small,21,7,83.26670474014848,83.38092518560822,559833724,1.5186322151351736e-05,0.0023931014190688,0.0842441620701925,9,False,False
electra-small,21,8,83.83780696744718,84.46601941747574,938384503,3.194743831107661e-05,3.163238031352958e-05,0.0134838990543651,10,False,False
electra-small,21,9,81.26784694460308,81.95316961736151,1867725314,5.940053513920877e-06,0.0007506326388824,0.1965899057880283,7,False,False
electra-small,21,10,83.72358652198744,84.80868075385494,1264358628,4.451175166330753e-05,0.0092805390911304,0.0294860055721022,7,False,True
electra-small,21,11,83.26670474014848,83.83780696744718,1901793458,2.4728131972432858e-05,0.000436769542319,0.1955305372502188,10,False,False
electra-small,21,12,82.06739006282125,83.49514563106796,1858289234,5.155961967872521e-06,0.000853562689942,0.1412952985229763,10,False,False
electra-small,21,13,84.29468874928612,84.69446030839521,721459890,2.8764921130429583e-05,0.0020287201283069,0.0433127794462181,7,True,False
electra-small,21,14,84.12335808109651,83.60936607652769,932913154,3.637193754021164e-05,0.0011535123930754,0.0968657394688417,10,False,False
electra-small,21,15,83.03826384922901,83.20959451741862,1700392160,1.5838133379792386e-05,0.0198305781700619,0.0998590071821701,6,False,False
electra-small,21,16,83.72358652198744,83.7806967447173,1358199051,7.325185975494352e-05,0.0200955337323149,0.0315337931262468,3,False,False
electra-small,21,17,82.98115362649915,83.38092518560822,140667942,2.4023102001810403e-05,0.0001346209895502,0.0755188423721954,3,False,False
electra-small,21,18,83.20959451741862,83.4380354083381,711859289,3.08670159307618e-05,1.2113169093727932e-05,0.0507558694301688,9,False,False
electra-small,21,19,84.06624785836665,84.12335808109651,725141311,3.915949618308577e-05,0.0023368564169312,0.0058824603427242,10,False,False
electra-small,21,20,82.80982295830954,84.46601941747574,300191009,5.31924072918798e-05,0.0213707928726554,0.1361723125393371,6,False,False
electra-small,21,21,83.4380354083381,82.8669331810394,760934694,1.2063331763979185e-05,0.0137705502467089,0.0908349103784617,6,False,False
electra-small,21,22,80.81096516276413,81.49628783552257,1209933936,5.573294120383058e-06,0.0123994948378143,0.0819954880580656,6,False,False
electra-small,21,23,83.15248429468875,83.38092518560822,21332928,1.357075081397826e-05,0.0003669521899497,0.1299780163227757,5,False,False
electra-small,21,24,82.58138206739007,82.6956025128498,2126660058,7.179272881299343e-06,0.0966086188197107,0.0007197259053555,7,False,False
electra-small,21,25,79.21187892632781,80.12564249000572,1940435313,6.058558502920154e-06,0.0001443847877368,0.1982755800046365,4,False,False
electra-small,21,26,82.3529411764706,83.32381496287836,2143393385,8.269295215707728e-06,0.0139856188302906,0.0945127190758536,10,False,False
electra-small,21,27,83.55225585379783,83.7806967447173,967794492,6.142465165140128e-05,0.0029009733308975,0.1023829856627472,5,False,False
electra-small,21,28,82.92404340376928,82.8669331810394,1776607305,8.956445091208631e-05,2.7104792556775088e-05,0.1206974189328062,2,False,False
electra-small,21,29,81.09651627641348,81.49628783552257,1688132287,8.192186418119143e-06,0.0014548775171961,0.1500458442760571,4,False,False
electra-small,22,0,83.84353741496598,84.0702947845805,465823732,5.1045062091310754e-05,0.0003152701015903,0.1982052473201027,6,False,False
electra-small,22,1,74.77324263038548,73.52607709750566,1877085606,6.911045143956251e-06,0.0010522753649791,0.061491445781099,2,False,False
electra-small,22,2,82.42630385487529,82.53968253968254,148133788,5.020879468740249e-06,0.0010536928379884,0.1509493934820848,9,False,False
electra-small,22,3,84.18367346938776,83.78684807256236,525806650,2.2100000952243955e-05,0.0023733559204151,0.0526930593628519,7,False,False
electra-small,22,4,81.74603174603175,81.40589569160997,1001702424,6.954361158194108e-06,2.6949778562906164e-05,0.0328262379670759,8,False,False
electra-small,22,5,83.73015873015873,83.90022675736961,2063614001,1.9248168298544503e-05,0.0001006243921734,0.1658820016883608,5,False,False
electra-small,22,6,84.12698412698413,84.35374149659864,1738175915,1.37007398233983e-05,3.853906563684078e-05,0.1424453075733495,8,False,False
electra-small,22,7,82.99319727891157,82.76643990929705,621023044,7.929044942415324e-06,8.244446347295562e-05,0.0131942415447445,8,False,False
electra-small,22,8,83.50340136054422,84.0702947845805,1575997646,4.079072973192739e-05,1.3793310722485724e-05,0.0372498815535187,7,False,False
electra-small,22,9,82.93650793650794,82.76643990929705,2126403463,6.873640383840773e-06,4.0438149557015455e-05,0.0483371929482882,8,False,False
electra-small,22,10,83.6734693877551,83.33333333333333,10980555,3.7561419903153455e-05,0.0005351320669936,0.1663993717399809,10,False,False
electra-small,22,11,82.53968253968254,82.93650793650794,76877967,7.956366006107361e-06,2.596478236901668e-05,0.0071193048702401,7,False,False
electra-small,22,12,84.58049886621315,84.8639455782313,637015890,3.41420702637154e-05,0.0359835558116426,0.0582418848308944,5,False,True
electra-small,22,13,83.84353741496598,83.10657596371883,644593272,1.9813642839671944e-05,0.0018382431244672,0.1462310787870849,6,False,False
electra-small,22,14,81.68934240362812,81.17913832199547,592725839,1.0536297956355312e-05,0.0001455597050125,0.0021756152823209,4,False,False
electra-small,22,15,84.0702947845805,82.65306122448979,158017065,1.3616422661294212e-05,0.0023244163009935,0.0456535178694881,9,False,False
electra-small,22,16,82.48299319727892,81.74603174603175,1080734879,6.145835976671168e-06,6.432291128896539e-05,0.1031627147889188,9,False,False
electra-small,22,17,82.31292517006803,81.97278911564626,283933880,7.564972547308682e-06,0.0017087433351992,0.192986691199976,7,False,False
electra-small,22,18,82.82312925170068,81.91609977324264,294632858,8.254936456508523e-06,0.0568824823396469,0.1785926045902237,8,False,False
electra-small,22,19,83.84353741496598,83.95691609977324,587427919,1.3844801613621636e-05,0.0061097596202552,0.1689359538965719,8,False,False
electra-small,22,20,83.73015873015873,83.2766439909297,287925557,2.7087296556480612e-05,0.0387556138239031,0.0206599771263404,6,False,False
electra-small,22,21,83.78684807256236,84.18367346938776,765367225,5.460846996301527e-05,1.3607908429935778e-05,0.1921232756129304,8,False,False
electra-small,22,22,84.63718820861678,83.21995464852608,2141283763,4.244074332444637e-05,0.0040696081258372,0.0439788719464241,7,True,False
electra-small,22,23,83.84353741496598,82.87981859410431,305542649,2.110036615705838e-05,0.0541424649538692,0.1356975280501413,7,False,False
electra-small,22,24,84.24036281179139,83.78684807256236,1948982552,6.52410073269224e-05,0.0610964347259004,0.034621664660013,10,False,False
electra-small,22,25,83.50340136054422,83.44671201814059,1784869587,6.663756070617392e-05,3.0019577327971062e-05,0.1592197556191674,8,False,False
electra-small,22,26,83.90022675736961,82.99319727891157,1408794158,2.8707654791760816e-05,3.609400901632283e-05,0.1859443487892693,10,False,False
electra-small,22,27,83.73015873015873,83.10657596371883,945807173,4.5248103967106935e-05,0.0084544856356257,0.1163835063874926,6,False,False
electra-small,22,28,82.65306122448979,83.21995464852608,1723972906,7.77176391343273e-05,0.003521922655806,0.0710995967963324,3,False,False
electra-small,22,29,83.73015873015873,83.33333333333333,1419705935,5.254767337760464e-05,4.731952143746071e-05,0.0844261657548953,10,False,False
electra-small,23,0,81.6492450638792,83.57515960533952,719705554,1.8310046119294777e-05,0.0185167128148677,0.1715384781791523,9,False,False
electra-small,23,1,79.84901277584204,82.0081253627394,1149975829,5.4083954117620926e-05,0.0003042863624724,0.0161748437487214,2,False,False
electra-small,23,2,82.69454123112659,83.86535113174695,135488359,4.203947676292984e-05,0.0098130855228154,0.0417075367020652,7,False,False
electra-small,23,3,81.18466898954703,81.77597214161347,1920771932,2.3553833605640675e-05,0.0094821590609236,0.0200466513724438,3,False,False
electra-small,23,4,83.27526132404181,85.02611723737667,1443357108,6.906367679850004e-05,0.0013625113915012,0.195366607739187,6,False,True
electra-small,23,5,81.41695702671312,82.06616366802089,92985173,8.970054727539387e-06,2.450922627084706e-05,0.1098404548865145,7,False,False
electra-small,23,6,82.57839721254355,83.16889146836913,1631284365,1.4881056764077033e-05,0.0123577438350627,0.0848298672140374,8,False,False
electra-small,23,7,79.96515679442508,80.55716773070226,1778100120,5.420283555677367e-06,2.810404998662653e-05,0.1876446441666331,8,False,False
electra-small,23,8,82.69454123112659,82.8786999419617,2041499312,2.891759572489017e-05,4.170090597940691e-05,0.047120661016523,4,False,False
electra-small,23,9,75.31939605110337,74.11491584445734,965783733,6.737621254872227e-06,0.0001645105505074,0.073873977330424,2,False,False
electra-small,23,10,82.28803716608594,84.15554265815439,1530690055,3.914540966001986e-05,0.0021296784443068,0.1175401237375038,5,False,False
electra-small,23,11,81.12659698025551,81.71793383633198,1839671520,3.364793853556258e-05,4.2538517284742633e-05,0.0632642259917478,2,False,False
electra-small,23,12,82.92682926829268,83.40104468949507,55001090,1.943796276283696e-05,0.0168757231420767,0.0458460202625737,6,False,False
electra-small,23,13,82.57839721254355,82.58850841555427,1871075721,1.3800389198374988e-05,4.375394956326656e-05,0.194014614215964,8,False,False
electra-small,23,14,82.22996515679442,83.51712130005804,1307059359,5.1251148549522646e-05,0.000160685542036,0.0233727520286401,3,False,False
electra-small,23,15,81.59117305458768,83.11085316308764,118937831,2.185211483822644e-05,1.4884146021116304e-05,0.1536425967171087,5,False,False
electra-small,23,16,81.70731707317073,81.54381892048752,1553916224,2.265684238563859e-05,0.0134531047111188,0.0766772333310747,4,False,False
electra-small,23,17,82.52032520325203,82.47243180499129,416713171,9.032914834011951e-06,0.0002409119368272,0.0032222013727081,10,False,False
electra-small,23,18,82.22996515679442,82.0081253627394,1997027363,2.3565052665764103e-05,2.7985524683466607e-05,0.0788704503831292,3,False,False
electra-small,23,19,81.06852497096399,82.76262333139873,1638515368,5.527063148563755e-05,0.0077788444077466,0.1641820525560834,4,False,False
electra-small,23,20,81.59117305458768,81.95008705745792,1668772216,1.150859386831067e-05,1.1369507865877178e-05,0.1681567916904003,5,False,False
electra-small,23,21,82.63646922183507,82.8786999419617,1601186668,1.945046247747119e-05,0.0222855686241809,0.0145456658775492,6,False,False
electra-small,23,22,83.56562137049941,83.05281485780615,325159144,2.0754632679126308e-05,0.0001974520841807,0.0502312209075978,9,True,False
electra-small,23,23,82.75261324041811,83.40104468949507,2077043849,2.7271991905295557e-05,6.346255392432165e-05,0.0607076863674179,7,False,False
electra-small,23,24,81.88153310104529,81.6598955310505,179497213,1.5257627363045331e-05,1.1945396761380017e-05,0.0894026720833517,4,False,False
electra-small,23,25,82.9849012775842,84.44573418456181,1402562087,3.330384687342297e-05,0.030692095678847,0.0665171859919927,8,False,False
electra-small,23,26,82.57839721254355,82.99477655252467,454985609,6.545174050400461e-05,0.0021558276400557,0.1311942749312461,3,False,False
electra-small,23,27,83.15911730545876,83.22692977365061,1399984155,1.7254012194159285e-05,0.0203933246406476,0.1931451599986976,7,False,False
electra-small,23,28,82.92682926829268,83.05281485780615,1717824325,3.867434763100937e-05,0.0337953523191215,0.1909824364874383,5,False,False
electra-small,23,29,81.47502903600464,82.0081253627394,1902539016,3.894474686713415e-05,0.000267438235649,0.018573960906095,2,False,False
electra-small,24,0,83.31435079726651,82.23234624145786,421020355,1.666104098490975e-05,0.0044894877359555,0.1202016010572373,3,False,False
electra-small,24,1,83.94077448747153,84.05466970387243,256141779,6.963721334644215e-05,0.0770981564277872,0.1908805148096291,6,False,True
electra-small,24,2,84.85193621867882,83.42824601366742,968249953,9.490523202115185e-06,0.0762146763926582,0.0205178161002651,9,False,False
electra-small,24,3,84.85193621867882,83.14350797266515,1838459222,1.4253997546326523e-05,0.053205541310227,0.049195421742701,7,False,False
electra-small,24,4,84.68109339407745,82.40318906605923,1357684591,1.0312468719293415e-05,0.0216235359872231,0.1769998666302505,7,False,False
electra-small,24,5,83.76993166287016,83.37129840546697,1882838308,3.507501463504189e-05,0.0013989780073268,0.0893716492867259,7,False,False
electra-small,24,6,84.1116173120729,83.88382687927107,435844142,5.20227341871747e-05,0.0141083911770454,0.072408181943877,9,False,False
electra-small,24,7,84.39635535307517,83.54214123006834,735558168,3.747054260585426e-05,0.0001371517760998,0.1651972161589323,9,False,False
electra-small,24,8,84.62414578587699,82.63097949886105,1070044140,9.392786330054636e-06,0.0271778294032979,0.0155392735760206,9,False,False
electra-small,24,9,83.94077448747153,82.28929384965832,947980269,9.46310668751378e-05,0.0032926009706453,0.0485057329763808,5,False,False
electra-small,24,10,81.83371298405467,81.03644646924829,1297168958,8.404187029753372e-06,0.0001466659085454,0.0652470447132211,3,False,False
electra-small,24,11,82.11845102505694,80.80865603644646,1462845340,9.662970062932573e-06,8.570506820888e-05,0.1198122829092393,3,False,False
electra-small,24,12,82.97266514806378,81.89066059225513,52025150,2.1247670962690025e-05,0.0196878636057839,0.1203654879704793,2,False,False
electra-small,24,13,84.05466970387243,82.23234624145786,2053932472,1.3105329619337302e-05,0.0057233646069874,0.0953396972577284,5,False,False
electra-small,24,14,84.16856492027335,82.28929384965832,1320694632,2.9408356877045185e-05,2.54659749281668e-05,0.0799192314578896,2,False,False
electra-small,24,15,84.56719817767653,83.65603644646924,1977635077,3.8905473049128665e-05,0.0005557134557254,0.0167927382312221,4,False,False
electra-small,24,16,84.28246013667426,82.0615034168565,645368786,2.458938329582832e-05,0.0016155256578606,0.1577063702500165,2,False,False
electra-small,24,17,85.07972665148064,83.48519362186788,1792587135,1.9600256768227816e-05,0.0046043048271148,0.0348168666350135,5,True,False
electra-small,24,18,84.85193621867882,82.46013667425969,711593312,2.9883704677103143e-05,0.0010843714612905,0.0637932919169308,3,False,False
electra-small,24,19,84.39635535307517,82.40318906605923,1302248342,2.5799064376437183e-05,0.0165435342907392,0.1090925113825557,3,False,False
electra-small,24,20,84.68109339407745,83.54214123006834,1251888439,7.37404377017983e-05,0.0016177793173295,0.1439213882148471,2,False,False
electra-small,24,21,82.97266514806378,83.54214123006834,2048525203,6.95567715145862e-05,0.0057146260595257,0.085752268214875,9,False,False
electra-small,24,22,83.7129840546697,83.88382687927107,1514241671,5.503566638966837e-05,0.0037003085792342,0.1470216538195354,6,False,False
electra-small,24,23,83.65603644646924,82.11845102505694,223513806,6.624800379634739e-06,0.0001041321388664,0.1737195294575201,7,False,False
electra-small,24,24,84.2255125284738,83.54214123006834,2046488735,1.4198701817539177e-05,7.843050643315609e-05,0.0767805416070843,7,False,False
electra-small,24,25,80.0113895216401,79.32801822323462,700191674,1.303162848245369e-05,0.005971288210624,0.1080340442891579,2,False,False
electra-small,24,26,83.99772209567197,83.37129840546697,1556161384,9.28622127278853e-05,0.0001607516195428,0.100577946888466,7,False,False
electra-small,24,27,84.1116173120729,82.23234624145786,1708478554,1.3009339426092876e-05,4.167983199733763e-05,0.1731767905244902,4,False,False
electra-small,24,28,84.1116173120729,82.6879271070615,1364762561,1.3596346675720782e-05,0.0002831916955287,0.019886458515818,4,False,False
electra-small,24,29,83.82687927107061,84.05466970387243,750808611,3.648443152319637e-05,0.0001789732681942,0.198932761509302,8,False,False
electra-small,25,0,81.39269406392694,83.00057045065601,1504924076,7.957874798436869e-05,0.002024957087283,0.1679743054989643,5,False,False
electra-small,25,1,82.99086757990868,84.76896748431261,148772379,1.7469288218129845e-05,0.006487022083269,0.1389118825599418,10,True,False
electra-small,25,2,79.90867579908675,82.54420992584141,649943660,1.1355865790762904e-05,0.0002010808910663,0.1750685580680404,4,False,False
electra-small,25,3,81.62100456621005,82.94352538505419,521274151,4.672967048642888e-05,6.317266833473093e-05,0.1635462699333232,3,False,False
electra-small,25,4,81.27853881278538,82.31602966343411,758258622,2.6435031912963537e-05,0.0888195709272598,0.1096287198198177,2,False,False
electra-small,25,5,82.13470319634703,83.79920136908157,987911164,2.4570468803240345e-05,0.0001194021159306,0.1589942354176407,8,False,False
electra-small,25,6,81.05022831050228,83.51397604107245,860906635,6.201318084113337e-05,0.0001716199604786,0.017281575864748,8,False,False
electra-small,25,7,82.1917808219178,83.68511123787792,419679036,4.10116855967774e-05,0.0704978572875319,0.0257178535249585,7,False,False
electra-small,25,8,81.39269406392694,84.14147176269253,164631438,5.469191954005656e-05,0.0003304622080251,0.0853943690498862,5,False,False
electra-small,25,9,79.337899543379,81.6314888762122,717509482,1.0042523205194469e-05,0.0044740550736604,0.1437162390521618,4,False,False
electra-small,25,10,81.67808219178082,83.91329150028523,711459135,1.2919982481587828e-05,0.0016485476635184,0.1413339821305724,10,False,False
electra-small,25,11,81.16438356164383,83.1717056474615,1034523153,3.2959420665642295e-05,0.0020457545898612,0.1316328200685071,4,False,False
electra-small,25,12,81.44977168949772,83.3998859098688,353310753,2.61851358192139e-05,0.0026857357055847,0.1158500548060794,3,False,False
electra-small,25,13,69.34931506849315,70.67883628066173,1866965089,5.882432486489996e-06,0.0001612336831638,0.180943477767317,2,False,False
electra-small,25,14,80.13698630136986,82.77239018824872,1455800391,6.984550348884487e-06,7.28149055870985e-05,0.1425725023481211,10,False,False
electra-small,25,15,81.56392694063926,83.97033656588705,178542571,4.034528147332417e-05,0.0001270851148805,0.0523540162178668,9,False,False
electra-small,25,16,76.02739726027397,78.55105533371363,38535461,9.103467608457923e-06,0.0254868604997115,0.0360683488732762,2,False,False
electra-small,25,17,80.0228310502283,82.43011979463776,642192843,6.960263631257949e-06,0.0002158292765805,0.0954340419321514,7,False,False
electra-small,25,18,81.16438356164383,84.312606959498,250080120,2.5836849228824552e-05,0.0011242750023606,0.1243867352872305,8,False,False
electra-small,25,19,80.36529680365297,82.48716486023959,1323581538,8.017111088499405e-06,2.5597246679394016e-05,0.0204363940838999,7,False,False
electra-small,25,20,80.82191780821918,83.57102110667427,1697751138,2.3884213887668007e-05,0.0001785580834274,0.0175511220640246,3,False,False
electra-small,25,21,80.82191780821918,82.48716486023959,284962262,8.535151518699174e-05,0.0092507720851693,0.0295333490501037,2,False,False
electra-small,25,22,78.25342465753425,80.54763262977752,1803243712,5.203728261839808e-06,0.0477373617230301,0.1768082001993673,6,False,False
electra-small,25,23,79.45205479452055,82.65830005704507,39023312,7.659577358116366e-06,0.0004492965938195,0.0364779495503141,7,False,False
electra-small,25,24,80.19406392694064,81.1751283513976,1781106345,1.907663218618095e-05,1.676637310364827e-05,0.1686094671137305,2,False,False
electra-small,25,25,82.36301369863014,83.91329150028523,1654754812,2.6069717469149817e-05,0.0064054032974047,0.0679761534881129,10,False,False
electra-small,25,26,81.5068493150685,83.34284084426697,1549212367,1.6017014748930246e-05,0.0023664575618215,0.0928076512033305,7,False,False
electra-small,25,27,82.4771689497717,83.62806617227609,1330304885,4.924744215361307e-05,0.0006681427883513,0.012583535916094,10,False,False
electra-small,25,28,81.84931506849315,83.28579577866515,102177633,5.472367540772974e-05,0.0044692632563511,0.1517443009217682,5,False,False
electra-small,25,29,82.76255707762557,85.16828294352538,516620473,1.9839937598364952e-05,0.0009631834957306,0.1001562200956813,9,False,True
electra-small,26,0,83.75634517766497,85.10998307952623,271740927,3.277544908338209e-05,2.1613683828087083e-05,0.0499560081482807,7,False,True
electra-small,26,1,83.07952622673434,83.81274675690919,1975206919,3.735802869253351e-05,0.0629547064984435,0.1184338340265963,3,False,False
electra-small,26,2,79.52622673434855,82.00789622109419,672894157,7.81118538138129e-06,0.000165306161636,0.0537388094133993,3,False,False
electra-small,26,3,83.75634517766497,83.98195149464185,2125644091,3.967813862753358e-05,4.847311852064689e-05,0.085114058082286,5,False,False
electra-small,26,4,81.04906937394247,82.45910885504794,1337615442,2.8297749024773995e-05,1.5116526968067595e-05,0.011952072591765,2,False,False
electra-small,26,5,79.92103778905809,81.61308516638466,1071048896,1.2865738784133324e-05,0.0041390920092423,0.0274440436094789,2,False,False
electra-small,26,6,78.34179357021996,80.31584884376763,260288512,6.38530113673939e-06,0.0010087867245068,0.1901251727856494,3,False,False
electra-small,26,7,81.95149464184998,83.02312464749014,908929116,1.0225798377297497e-05,0.003266997096505,0.0347140831844774,5,False,False
electra-small,26,8,81.78228990411732,83.98195149464185,503805427,1.290996761670034e-05,0.000170216377479,0.006610510504972,4,False,False
electra-small,26,9,83.81274675690919,84.0947546531303,1329141639,3.74385998161401e-05,0.0002328729826224,0.0441906048763916,9,False,False
electra-small,26,10,78.7366046249295,80.65425831923294,1592544648,6.495188161884069e-06,0.0528405007490078,0.1367332471181122,4,False,False
electra-small,26,11,83.81274675690919,84.20755781161873,1003687919,2.7614918823560588e-05,0.0019697864894449,0.0529844345079663,4,False,False
electra-small,26,12,83.64354201917654,84.88437676254935,1407175008,5.76966636140882e-05,1.7028690551690022e-05,0.0620008974099395,6,False,False
electra-small,26,13,83.47433728144388,83.75634517766497,489701413,3.5321698358487456e-05,0.0099654634847438,0.033612616785106,9,False,False
electra-small,26,14,82.57191201353638,84.37676254935138,1673840831,6.08831586321004e-05,0.0013836465865122,0.1081430238692057,7,False,False
electra-small,26,15,83.30513254371122,83.92554991539762,2141297312,7.594124158716135e-05,0.0008508020917542,0.063013107304087,10,False,False
electra-small,26,16,81.21827411167513,82.79751833051326,514904696,1.0667332814724373e-05,0.007849761132553,0.1286730646688024,4,False,False
electra-small,26,17,82.40270727580372,83.58714043993231,1504603192,1.0596245294961064e-05,0.0819295569729602,0.1575042148564436,8,False,False
electra-small,26,18,83.98195149464185,84.7151720248167,801752877,3.7492878701446606e-05,2.9241928470746992e-05,0.1666159500695479,10,True,False
electra-small,26,19,83.30513254371122,84.03835307388607,396805153,1.4145763576595066e-05,9.940711756153656e-05,0.0993815908321869,8,False,False
electra-small,26,20,82.28990411731529,84.03835307388607,848743438,5.740277380509173e-06,6.914452078920081e-05,0.187027761113357,10,False,False
electra-small,26,21,83.13592780597857,83.13592780597857,1536232963,3.5355945645392995e-05,0.001523449832776,0.1771893484333706,7,False,False
electra-small,26,22,80.8234630569656,82.40270727580372,1655077444,8.331951329551052e-06,0.0007419098322181,0.053572839559892,5,False,False
electra-small,26,23,82.6283135927806,83.98195149464185,1178459473,2.826130960921456e-05,0.0033104719965032,0.1506090939235856,3,False,False
electra-small,26,24,83.69994359842076,84.4331641285956,2139729008,4.752245418754429e-05,0.009379770481007,0.1737808749438657,8,False,False
electra-small,26,25,83.19232938522279,84.65877044557247,976404471,2.9249241604257743e-05,0.0423358211277379,0.0562452355889468,10,False,False
electra-small,26,26,83.64354201917654,83.98195149464185,114624539,4.135707673075097e-05,7.407796029860062e-05,0.1617465084973871,10,False,False
electra-small,26,27,83.248730964467,83.86914833615342,1308914108,1.3626792057776073e-05,0.0038410010384077,0.108337247937191,6,False,False
electra-small,26,28,82.74111675126903,82.79751833051326,873076337,3.2580838213632343e-05,0.0133143652991028,0.1506646479960541,2,False,False
electra-small,26,29,81.55668358714044,82.79751833051326,610770452,6.792021778120388e-06,2.448253949733668e-05,0.1580121040114003,9,False,False
electra-small,27,0,80.62322946175638,80.05665722379604,1383997611,5.611453430455192e-06,2.369728508068553e-05,0.1517740153263708,4,False,False
electra-small,27,1,82.8328611898017,82.15297450424929,60356503,6.193730498957786e-05,0.0003707738590402,0.0282195426098103,10,False,False
electra-small,27,2,84.13597733711048,82.60623229461757,972466242,5.671389716035541e-05,0.0001191397465887,0.0672747144915996,4,True,False
electra-small,27,3,81.81303116147309,80.28328611898017,1057620916,5.0026658435652414e-06,0.0005662953446483,0.1461067481873691,7,False,False
electra-small,27,4,83.22946175637394,82.37960339943342,275678221,5.780694356346997e-05,0.0023968825215432,0.1453626016354083,4,False,False
electra-small,27,5,83.73937677053824,82.4929178470255,1979796190,7.538101631147603e-05,2.6954086826906548e-05,0.1651113402193356,3,False,False
electra-small,27,6,82.54957507082153,82.3229461756374,1664462337,5.451288721371706e-05,7.481191511310847e-05,0.1149187974514409,3,False,False
electra-small,27,7,83.05949008498584,82.88951841359773,1132059719,2.464157057198139e-05,0.0178124405835664,0.0142677329190054,6,False,False
electra-small,27,8,82.54957507082153,82.09631728045326,595293919,1.5743660486993438e-05,0.0085481195688516,0.0617958378498727,6,False,False
electra-small,27,9,81.52974504249292,80.96317280453258,1057496815,2.530732238185957e-05,0.0164867964365304,0.0885224506285976,2,False,False
electra-small,27,10,83.62606232294617,82.43626062322946,2110598293,8.375678836000097e-05,0.0006266442580513,0.0909885384247155,3,False,False
electra-small,27,11,83.51274787535411,81.52974504249292,1988914295,4.959794779024151e-05,0.0009944769356103,0.0183480374153161,2,False,False
electra-small,27,12,83.79603399433428,82.60623229461757,1833177262,2.3643515573234205e-05,0.0273102778286068,0.0207287433844296,9,False,False
electra-small,27,13,83.34277620396601,83.79603399433428,1498728513,4.864454389390465e-05,0.0004548675279564,0.1585878040658672,7,False,True
electra-small,27,14,83.45609065155807,82.54957507082153,1157293626,6.28149087788854e-05,2.1456598951866083e-05,0.0057971832617624,10,False,False
electra-small,27,15,82.4929178470255,82.88951841359773,132901489,5.381205155857431e-05,0.0594008374306558,0.0418282537540047,6,False,False
electra-small,27,16,82.15297450424929,80.22662889518413,876242564,8.496009506209843e-06,0.0001484917572496,0.0925317230428232,4,False,False
electra-small,27,17,80.5099150141643,80.39660056657223,594784943,9.320661864167276e-06,0.0007175105258183,0.0805720075436246,3,False,False
electra-small,27,18,83.1728045325779,83.45609065155807,558757608,7.960127648064532e-05,0.0034336296585678,0.0897222494095544,5,False,False
electra-small,27,19,83.62606232294617,81.75637393767705,1378758815,3.023616669420704e-05,0.0029382131698537,0.0288018401951654,6,False,False
electra-small,27,20,83.79603399433428,82.03966005665723,1155782016,4.4246166920720806e-05,5.488874996299293e-05,0.1741093933594594,7,False,False
electra-small,27,21,80.73654390934844,80.39660056657223,1796196849,1.486423715615821e-05,1.0419242691004132e-05,0.0959494467409456,2,False,False
electra-small,27,22,82.94617563739376,82.4929178470255,1091891766,9.638024427257368e-06,0.0025419567059536,0.0156740164471126,9,False,False
electra-small,27,23,82.88951841359773,82.03966005665723,1817617870,1.7368786654303265e-05,0.0013872552811856,0.1147693954179783,4,False,False
electra-small,27,24,83.79603399433428,82.09631728045326,1228042052,2.133597324509525e-05,0.0458112810081223,0.1607074215527896,4,False,False
electra-small,27,25,82.88951841359773,81.75637393767705,1118091908,9.086970498670262e-06,0.0218829983231063,0.1626645648340604,7,False,False
electra-small,27,26,82.71954674220963,82.43626062322946,2105637903,2.5704663550901925e-05,0.0013010463392698,0.0485516556662274,2,False,False
electra-small,27,27,83.62606232294617,81.92634560906515,1651203592,3.564859464539585e-05,1.3119335883670004e-05,0.126039463079546,6,False,False
electra-small,27,28,81.86968838526913,79.77337110481587,949860951,5.140091164335299e-06,0.012842221111934,0.0196649103884831,7,False,False
electra-small,27,29,83.34277620396601,82.60623229461757,352159144,1.053871575312081e-05,6.417544021860299e-05,0.1710203670971179,10,False,False
electra-small,28,0,83.07866440294283,82.63574660633485,1871806412,2.143952442521489e-05,0.010497563226287,0.0424728675743562,10,False,False
electra-small,28,1,82.96547821165818,81.33484162895928,963208216,3.524259755889612e-05,0.0017732511212394,0.0876932271274029,2,False,False
electra-small,28,2,82.56932654216186,82.29638009049773,1847632172,7.53646716430789e-05,0.0001020547993305,0.0898514511918137,7,False,False
electra-small,28,3,83.75778155065082,82.3529411764706,196103727,5.3632149678073264e-05,1.336532365778873e-05,0.0914841696777512,10,True,False
electra-small,28,4,83.30503678551217,82.86199095022624,1610972021,4.562113899768042e-05,0.0387428469690678,0.0558121337776752,7,False,False
electra-small,28,5,82.96547821165818,82.52262443438914,1897677903,8.014011652469444e-05,0.0003668189920071,0.0142867130607284,3,False,False
electra-small,28,6,82.51273344651952,81.33484162895928,591828501,1.938439475823673e-05,1.6814187211852613e-05,0.1851369794256437,6,False,False
electra-small,28,7,83.02207130730051,82.29638009049773,602114163,1.926584297057093e-05,0.0011486964775852,0.1031897590498045,5,False,False
electra-small,28,8,83.07866440294283,81.61764705882354,2075703668,9.162687290922604e-05,0.0008608661554325,0.0896943829126478,6,False,False
electra-small,28,9,78.26825127334465,76.80995475113122,390658528,8.103625643809079e-06,0.0001577987232776,0.0442491376797619,2,False,False
electra-small,28,10,82.96547821165818,81.50452488687783,1487923503,2.9076425853747045e-05,1.2056561043766354e-05,0.1310096742738371,3,False,False
electra-small,28,11,83.3616298811545,82.18325791855203,231661448,3.7073977968810754e-05,5.27125408351056e-05,0.1571852240084457,10,False,False
electra-small,28,12,83.64459535936616,81.78733031674209,1992083957,1.857284638168351e-05,2.140116126225952e-05,0.1915905452639582,8,False,False
electra-small,28,13,83.5314091680815,82.46606334841628,1149494850,5.464729014002004e-05,0.0002132396423971,0.1771219832261737,10,False,False
electra-small,28,14,81.38087153367289,80.37330316742081,1227732824,7.2235510523923555e-06,0.002520304932638,0.0161766554290617,4,False,False
electra-small,28,15,82.96547821165818,81.39140271493213,1011134604,5.4279095574449945e-05,0.008050479537512,0.1675286238171743,2,False,False
electra-small,28,16,81.9468024900962,80.65610859728507,1864948185,4.478730953981473e-05,2.018989032450153e-05,0.0745738457426229,2,False,False
electra-small,28,17,82.85229202037351,81.73076923076923,1253567947,7.57561425856284e-05,0.0005620687394785,0.0221782367475497,9,False,False
electra-small,28,18,82.62591963780419,80.99547511312217,1388765595,2.89420622618748e-05,0.0002273686620105,0.0762734427902587,3,False,False
electra-small,28,19,82.73910582908886,80.37330316742081,1747240693,5.468598087033736e-05,0.0208832386600539,0.1687657569883786,2,False,False
electra-small,28,20,82.85229202037351,82.6923076923077,1559260938,1.4641862562550636e-05,0.0066117002084732,0.1363384314554844,10,False,False
electra-small,28,21,83.24844368986983,82.63574660633485,763340401,2.852337661549661e-05,0.0005748934187518,0.0184552194973925,8,False,False
electra-small,28,22,81.72043010752688,80.03393665158372,2138439221,5.114738516832011e-06,3.6128879882785925e-05,0.142796807625282,6,False,False
electra-small,28,23,80.98471986417657,79.58144796380091,390785789,6.98767898537288e-06,0.0226124298287886,0.001549086410224,4,False,False
electra-small,28,24,82.39954725523486,81.16515837104072,1817089927,5.218844802807945e-06,0.0002585995998162,0.0664697256590375,8,False,False
electra-small,28,25,83.5314091680815,81.39140271493213,1984793466,7.605812146382113e-05,0.0094860767224109,0.1546478148396023,3,False,False
electra-small,28,26,81.89020939445388,80.03393665158372,1753238045,2.183302032675944e-05,0.0003091922630508,0.0691160620324951,2,False,False
electra-small,28,27,82.39954725523486,83.03167420814479,1139668776,2.88376323091712e-05,0.0007249632572762,0.1022506463061797,5,False,True
electra-small,28,28,83.1918505942275,82.07013574660634,106991229,1.305075093160637e-05,0.0064971911528134,0.0530377832928848,7,False,False
electra-small,28,29,81.38087153367289,78.95927601809954,1023871777,6.7409317612818e-06,0.0015374550359175,0.1377277215254914,5,False,False
electra-small,29,0,84.01826484018265,82.37307472903593,223364566,2.6311313016482037e-05,0.0041067554339716,0.0126155713103802,8,False,False
electra-small,29,1,84.18949771689498,82.7153451226469,835046086,7.111055624723912e-05,0.0112843668635634,0.0935110826088693,3,False,False
electra-small,29,2,83.39041095890411,81.51739874500856,1982875439,2.9535925824158797e-05,0.0041718457120339,0.0319569348666931,5,False,False
electra-small,29,3,82.9337899543379,82.82943525385055,1836245783,9.10005366686084e-05,1.1418739469913364e-05,0.1351129905182989,3,False,False
electra-small,29,4,82.53424657534246,81.91671420422134,1734780303,1.157860315480036e-05,0.0005637694892603,0.1356164790999093,5,False,False
electra-small,29,5,81.62100456621005,80.4905875641757,727544314,2.1277645336799145e-05,0.0006612822580572,0.0490883458529523,2,False,False
electra-small,29,6,83.39041095890411,82.20193953223047,848136232,1.2260467480139803e-05,0.0019652018533137,0.0408502590318854,6,False,False
electra-small,29,7,83.56164383561644,82.08784940102682,572793929,9.67302022643437e-05,2.9203708274876288e-05,0.0532308232785834,4,False,False
electra-small,29,8,83.44748858447488,81.23217341699943,431890860,3.087497610862868e-05,3.1799152512747126e-05,0.1046509022732911,4,False,False
electra-small,29,9,84.76027397260275,82.60125499144324,1398706953,1.7194594750194025e-05,0.0006409779523656,0.0306182781387887,8,True,False
electra-small,29,10,84.47488584474885,83.11466058185967,1595502221,3.053930623820601e-05,0.0013360300991991,0.0076202979577718,8,False,True
electra-small,29,11,84.41780821917808,82.25898459783228,646106837,2.7745910009166152e-05,0.010088063978338,0.0154789708825106,10,False,False
electra-small,29,12,83.73287671232876,81.51739874500856,1611618481,3.710871180696257e-05,0.0150146037514142,0.0588841120880743,3,False,False
electra-small,29,13,83.162100456621,82.20193953223047,1108751144,1.0775320785403314e-05,0.0001171520172995,0.0423426289591289,6,False,False
electra-small,29,14,82.4771689497717,81.85966913861951,255295924,8.115038535189928e-06,0.0051497339196282,0.1662125069770887,6,False,False
electra-small,29,15,84.1324200913242,82.14489446662864,1690551327,6.209033346044278e-05,0.0101634949401026,0.111212798249362,5,False,False
electra-small,29,16,70.03424657534246,70.10838562464347,1725504976,5.051441428826964e-06,0.0010777125692909,0.1354676771092927,2,False,False
electra-small,29,17,84.53196347031964,82.08784940102682,374785092,2.0188878973097212e-05,0.008079188396425,0.1925175380912562,8,False,False
electra-small,29,18,75.7420091324201,75.1283513976041,1533112516,5.615915272854644e-06,0.000196775257568,0.1718204289135283,3,False,False
electra-small,29,19,82.9337899543379,81.68853394181403,753953221,2.808520314560075e-05,8.786093446714834e-05,0.1610688867773801,3,False,False
electra-small,29,20,83.50456621004567,81.85966913861951,1134821391,3.28518453786922e-05,4.3213730108952016e-05,0.1073451515798736,9,False,False
electra-small,29,21,83.67579908675799,82.60125499144324,97307859,4.670175590778885e-05,0.0607128124812999,0.0957629738803875,7,False,False
electra-small,29,22,81.7351598173516,80.60467769537935,525787012,6.419097905968378e-06,0.03656561012453,0.0585732443438458,6,False,False
electra-small,29,23,80.07990867579909,78.9503707929264,1258727296,7.755453795358608e-06,0.0141811152249569,0.1053379270165134,3,False,False
electra-small,29,24,82.02054794520548,81.40330861380491,1399164635,1.3118328080365798e-05,0.0033883110927151,0.1530827474854822,5,False,False
electra-small,29,25,83.73287671232876,82.43011979463776,1099292452,4.718652056409453e-05,0.0001009200209886,0.043748393222123,6,False,False
electra-small,29,26,84.07534246575342,82.25898459783228,920209072,2.5275390288592864e-05,4.4659521057934674e-05,0.0302137303769335,4,False,False
electra-small,29,27,82.99086757990868,81.23217341699943,1153614304,2.5423284710563096e-05,9.248400307225656e-05,0.0769809183820613,4,False,False
electra-small,29,28,77.62557077625571,77.63833428408442,439792918,5.61457730079801e-06,6.419324563599909e-05,0.1216856843502197,3,False,False
electra-small,29,29,83.21917808219177,82.08784940102682,366674343,8.585133287527823e-06,0.0019016016310954,0.1228126393199192,9,False,False
mobilebert,0,0,80.87986463620982,82.28990411731529,1493591061,8.79532995781833e-05,0.0143291991795826,0.1299817890260544,7,,
mobilebert,0,1,77.2137619853356,78.68020304568527,442624806,2.6218956675738908e-05,0.0001755214318773,0.1708397476746445,2,,
mobilebert,0,2,64.86181613085166,64.24139875916525,2006380884,5.45199873333449e-06,0.0024238899403058,0.1888812892242939,2,,
mobilebert,0,3,56.00676818950931,54.2019176536943,1772723311,1.0501500846244908e-05,2.570264005835928e-05,0.1478732551612683,2,,
mobilebert,0,4,77.2701635645798,79.58262831359278,1130228341,1.830202712517087e-05,0.0012640942198242,0.0222324503180039,4,,
mobilebert,0,5,79.86463620981388,81.83869148336153,1924405776,2.9939159985840205e-05,0.0132211215368454,0.0495244502569584,5,,
mobilebert,0,6,81.95149464184998,82.57191201353638,1950849455,6.963376962641398e-05,0.0188626001492396,0.0201225611957535,7,,
mobilebert,0,7,73.54765933446137,75.40891144952059,2138744268,6.260273961439602e-06,0.0385895716876723,0.0934447167475138,8,,
mobilebert,0,8,74.33728144388043,76.53694303440497,1869312923,1.0304798572263295e-05,0.006502481350523,0.0922267796893257,4,,
mobilebert,0,9,81.27467569091935,82.17710095882684,2107037332,3.992312611341977e-05,6.555325637458493e-05,0.1071151652527119,4,,
mobilebert,0,10,80.48505358150028,81.95149464184998,451892930,6.391428295582123e-05,0.000547417449933,0.0838239409386073,9,,
mobilebert,0,11,81.50028200789622,81.78228990411732,863587284,9.41540477917399e-05,0.0001612753861802,0.125590470036063,8,,
mobilebert,0,12,76.53694303440497,79.3570219966159,64954486,7.083206791225074e-06,3.5205721304693064e-05,0.1207582902310488,8,,
mobilebert,0,13,76.59334461364918,78.96221094190638,690520449,2.330109653724589e-05,0.0001235482468362,0.0594206931868733,3,,
mobilebert,0,14,81.61308516638466,82.40270727580372,1469931151,6.995876207697663e-05,0.0365435766766771,0.1298168122578623,8,,
mobilebert,0,15,76.98815566835871,78.84940778341793,450082948,1.7790651550969374e-05,2.5358211858057983e-05,0.193427701716766,3,,
mobilebert,0,16,68.52791878172589,69.26113931190073,2079750298,6.180379367962631e-06,0.0129081975795259,0.1158711770819681,9,,
mobilebert,0,17,77.60857304004512,78.1161872532431,649811037,4.4628196275862e-05,0.0268865596443841,0.1822787169706677,2,,
mobilebert,0,18,78.51099830795262,80.8234630569656,738931452,4.975499841995544e-05,9.806840791199496e-05,0.1241463388010645,2,,
mobilebert,0,19,70.89678510998309,71.96841511562323,1307385873,5.214984811608149e-06,0.0086282859020551,0.1210584776531175,8,,
mobilebert,0,20,78.96221094190638,81.04906937394247,1668288921,1.5093086582465348e-05,0.0016110046557893,0.0894499619623673,8,,
mobilebert,0,21,63.45177664974619,63.79018612521151,564387306,5.045991688210495e-06,0.0005924750008048,0.0962779653380456,4,,
mobilebert,0,22,78.1161872532431,80.2594472645234,1875009875,1.0730452443355708e-05,0.0017389109161255,0.108696276478849,8,,
mobilebert,0,23,79.69543147208122,80.99266779469825,497208066,2.218215892209727e-05,6.494176783452456e-05,0.1946341315347494,7,,
mobilebert,0,24,79.07501410039481,81.33107727016356,1825218249,1.3097099076452792e-05,4.5203868196000255e-05,0.077676139386144,10,,
mobilebert,0,25,57.30400451212634,57.24760293288213,1018572807,5.98471505829028e-06,0.0002267386452638,0.0069726799813771,5,,
mobilebert,0,26,73.54765933446137,75.18330513254371,1861641482,9.21565943091604e-06,0.0004626688830967,0.0254725981025868,6,,
mobilebert,0,27,68.13310772701635,68.97913141567965,655113446,5.016970814821409e-06,2.83511295787827e-05,0.1192725133897499,5,,
mobilebert,0,28,80.37225042301185,81.83869148336153,2074480718,9.916267500915936e-05,0.0028659646227877,0.0696388728636936,5,,
mobilebert,0,29,79.58262831359278,81.78228990411732,1924520166,8.230811483796929e-05,4.008229425589462e-05,0.1992802962776211,2,,
mobilebert,1,0,62.28861330326945,64.11267605633803,2067548396,1.3818110580346368e-05,0.0073876793395897,0.1544801676627427,9,,
mobilebert,1,1,69.61668545659526,71.83098591549296,907500824,2.090651569392992e-05,1.4711975307441776e-05,0.1594801464381889,4,,
mobilebert,1,2,79.65050732807215,81.69014084507042,108563623,6.809888637458224e-05,0.0146702195452499,0.1290761986426773,2,,
mobilebert,1,3,81.34160090191658,84.3943661971831,815833378,3.883708633636383e-05,0.0502956140886751,0.079918633956286,7,,
mobilebert,1,4,82.24351747463359,84.05633802816901,263312439,8.53514152615077e-05,0.0009362954714264,0.0481210622466451,8,,
mobilebert,1,5,69.72942502818489,71.66197183098592,1847947777,7.473103989749008e-06,0.0013588700650399,0.1905427407153315,6,,
mobilebert,1,6,63.07779030439684,64.22535211267606,775120452,5.796876660268931e-06,1.1508809991208126e-05,0.1743869492424845,2,,
mobilebert,1,7,80.43968432919955,84.33802816901408,1200385658,2.65047832407666e-05,0.0255994163679868,0.1192452592809658,8,,
mobilebert,1,8,81.84892897406989,83.6056338028169,1811722010,6.369346050309857e-05,8.077773506214604e-05,0.074708795646672,7,,
mobilebert,1,9,79.8196166854566,81.91549295774648,717118921,2.252985437370072e-05,0.0003997617579406,0.1654999161982574,3,,
mobilebert,1,10,80.2142051860203,83.32394366197182,1684607627,4.287927640560378e-05,0.0195044817980358,0.0468579807580043,3,,
mobilebert,1,11,78.57948139797068,81.07042253521126,1312976562,6.936821428344497e-06,3.321606304291123e-05,0.0649151942487684,9,,
mobilebert,1,12,81.05975197294251,84.05633802816901,1692748301,2.8205011049032957e-05,0.0050504703947524,0.0811994634170296,10,,
mobilebert,1,13,79.93235625704622,82.02816901408451,1770469060,7.329911023769185e-05,0.014407213132464,0.0255253350186801,2,,
mobilebert,1,14,81.0033821871477,83.32394366197182,1461974198,4.3769196802212765e-05,0.0717643046425894,0.0725421626825974,9,,
mobilebert,1,15,55.411499436302144,59.04225352112676,1052543413,5.459683135117305e-06,0.00161734414569,0.112820486423704,2,,
mobilebert,1,16,73.7880496054115,74.53521126760563,534364442,1.9423646092133228e-05,0.0220541578043574,0.1346088994023427,2,,
mobilebert,1,17,82.13077790304396,84.05633802816901,1725085694,3.502509266728374e-05,0.0219624540444355,0.0883667985690026,6,,
mobilebert,1,18,81.62344983089065,83.94366197183099,99785376,9.4817635449268e-05,0.0243925677512277,0.006004025687135,6,,
mobilebert,1,19,80.608793686584,83.15492957746478,396529955,2.343761903404473e-05,0.0001075177371579,0.0292235343159659,6,,
mobilebert,1,20,48.08342728297632,48.16901408450704,1943238998,7.073533513552366e-06,4.974721951177604e-05,0.0985030400018922,2,,
mobilebert,1,21,72.43517474633596,73.63380281690141,407164741,7.579503953207488e-06,0.000464723170954,0.106061519393731,3,,
mobilebert,1,22,80.10146561443067,83.15492957746478,1329836487,7.602513675132652e-05,0.0002485966815628,0.0805114968837951,2,,
mobilebert,1,23,81.22886133032695,83.71830985915493,146925453,4.528888549155664e-05,0.0775911383796491,0.1841719400750447,5,,
mobilebert,1,24,81.73618940248026,84.3943661971831,1698980322,2.8459426174822123e-05,0.0175555433000753,0.0412765992543222,10,,
mobilebert,1,25,80.83427282976325,83.54929577464789,1452117574,5.1164136788966696e-05,0.048865123794644,0.1559800391751516,3,,
mobilebert,1,26,79.31228861330327,81.46478873239437,747498641,8.13049142916421e-06,0.0374031550282702,0.0798194265430221,10,,
mobilebert,1,27,66.85456595264938,69.74647887323944,348128171,6.534451345297395e-06,2.9345733638990047e-05,0.1696005458220809,10,,
mobilebert,1,28,81.39797068771139,83.66197183098592,200444482,6.032570910368936e-05,0.0003673532189096,0.0900237376100069,7,,
mobilebert,1,29,81.73618940248026,83.71830985915493,188788905,3.350840320508042e-05,0.0001197872631725,0.1899638876900462,10,,
mobilebert,2,0,51.44312393887946,50.36785512167516,1710758170,9.218286689624931e-06,0.0147573978597866,0.0746684964347191,3,,
mobilebert,2,1,76.7402376910017,77.41935483870968,295771758,6.6080269015469175e-06,0.0088237084005232,0.1440634024738431,9,,
mobilebert,2,2,80.70175438596492,82.1165817770232,1225233372,2.6437912982590365e-05,0.0034223061979657,0.0528676184530193,9,,
mobilebert,2,3,79.90945104697226,79.90945104697226,1319684637,1.8352718194350304e-05,0.002392564143161,0.1567048015347567,6,,
mobilebert,2,4,73.11827956989248,74.36332767402376,430092230,5.5369077070803135e-06,0.0013647479803037,0.0416377687989395,7,,
mobilebert,2,5,76.5704584040747,77.07979626485569,646211762,2.40839354766525e-05,0.0001475517364328,0.15421100776976,2,,
mobilebert,2,6,80.30560271646858,80.58856819468025,1112927312,1.8189191104639293e-05,0.0002165783266035,0.103406047246134,8,,
mobilebert,2,7,80.24900962082626,79.0605546123373,947919302,2.9348189547896436e-05,0.0003020913595982,0.0505747361736291,3,,
mobilebert,2,8,44.708545557442,45.67062818336163,1386966059,6.048717426030591e-06,0.0004007422832209,0.1848928409672561,3,,
mobilebert,2,9,81.15449915110356,81.60724391624221,1355455237,9.777748211173714e-05,5.0219048630681e-05,0.1494386791989972,5,,
mobilebert,2,10,81.72043010752688,81.72043010752688,118356,4.72436025802076e-05,0.00836543858435,0.0536547780239689,7,,
mobilebert,2,11,76.28749292586305,76.17430673457838,746515870,1.0696573742164447e-05,0.0065380110277576,0.1265281704886955,10,,
mobilebert,2,12,80.1358234295416,80.58856819468025,1482553293,9.483783809190916e-05,0.0019194587054884,0.1833372080084263,4,,
mobilebert,2,13,76.85342388228636,77.41935483870968,1703577180,9.235433297114184e-06,7.655856281174763e-05,0.1419362095920605,7,,
mobilebert,2,14,61.62988115449915,61.68647425014148,1400167804,6.943739188169758e-06,5.161211791745098e-05,0.1077447307561029,9,,
mobilebert,2,15,68.53423882286361,70.00565930956424,546932112,1.6147067214690966e-05,2.148903458927728e-05,0.0873568819174206,6,,
mobilebert,2,16,32.08828522920204,30.56027164685908,1855441729,1.593343677416807e-05,3.807752593060968e-05,0.0515787334999748,3,,
mobilebert,2,17,79.11714770797963,77.985285795133,1901639014,8.353340051952933e-06,0.0465276835361291,0.0011271267314642,9,,
mobilebert,2,18,77.41935483870968,77.41935483870968,385761859,9.04057439463157e-06,0.0010888069865609,0.0359229122349653,6,,
mobilebert,2,19,61.57328805885682,62.36559139784946,883347896,2.02854856800198e-05,0.0018409422429047,0.1280145865232863,7,,
mobilebert,2,20,61.06395019807584,62.93152235427278,642552174,6.4101051514321e-06,1.1858304001666287e-05,0.0948765120900261,2,,
mobilebert,2,21,80.47538200339558,79.68307866440294,910055086,6.885537698608902e-05,1.80778009764431e-05,0.1818092953746319,6,,
mobilebert,2,22,68.30786644029429,69.77928692699491,367319583,6.070240981473337e-06,0.0847562682686126,0.0422423725265564,8,,
mobilebert,2,23,79.40011318619129,79.00396151669496,916187481,1.066034673929498e-05,0.0535397194551676,0.1777812540203557,8,,
mobilebert,2,24,73.40124504810413,73.5144312393888,1831836660,9.005039390575741e-06,6.78297793279798e-05,0.1904691711896514,4,,
mobilebert,2,25,78.8907753254103,78.66440294284098,642537345,6.645932114826226e-06,1.7250043901834197e-05,0.1564886493687947,10,,
mobilebert,2,26,75.38200339558574,76.06112054329371,1943535312,5.213578379284777e-06,0.0015045551805814,0.0450557976716357,8,,
mobilebert,2,27,80.64516129032258,81.32427843803056,1756204418,1.8467348186831084e-05,0.001022674997933,0.0366476480232823,8,,
mobilebert,2,28,79.9660441426146,79.0605546123373,1090853982,2.0627095879370115e-05,0.0059867827315586,0.0539718701519666,4,,
mobilebert,2,29,80.02263723825693,80.41878890775325,1966796591,2.1326208121312307e-05,0.0227201527275073,0.1634523823347706,5,,
mobilebert,3,0,81.61180476730988,82.29284903518729,1497439061,4.7667787728315766e-05,0.0003871021305989,0.0661961836017145,3,,
mobilebert,3,1,81.72531214528945,81.72531214528945,874851829,6.0753953305732286e-05,6.053721926599062e-05,0.0499586145105046,5,,
mobilebert,3,2,81.38479001135073,80.02270147559591,1495380090,1.2165909061027348e-05,0.0784114803403222,0.0857694527448982,9,,
mobilebert,3,3,69.52326901248581,69.46651532349603,1605343487,1.722778549424561e-05,0.0091195385737108,0.1441640075680436,8,,
mobilebert,3,4,81.38479001135073,83.3144154370034,143356405,3.171350998131349e-05,0.0002194911650529,0.1022231790565632,7,,
mobilebert,3,5,81.72531214528945,80.4199772985244,2084650508,5.529617532019719e-05,0.0002511410880902,0.1001357213607672,2,,
mobilebert,3,6,82.06583427922816,83.42792281498298,202495656,3.220132840374072e-05,0.00598879353371,0.1220159701788595,9,,
mobilebert,3,7,74.17707150964813,72.41770715096482,359307969,5.94754199698993e-06,0.0007129911319059,0.1817473958377119,4,,
mobilebert,3,8,69.40976163450624,67.0261066969353,26483757,5.78591420053264e-06,0.0044161563175878,0.0697895342319851,7,,
mobilebert,3,9,72.53121452894437,70.26106696935301,932303398,1.4067736551863444e-05,0.0001594661887484,0.1773951401255193,2,,
mobilebert,3,10,81.44154370034052,82.29284903518729,688932742,4.447256670445885e-05,0.0096437725636455,0.1719161669771023,10,,
mobilebert,3,11,81.27128263337117,79.51191827468786,66905004,1.2225273622745585e-05,4.49523739606228e-05,0.0342009857293372,8,,
mobilebert,3,12,82.17934165720771,83.08740068104427,1161647002,7.658132957443795e-05,0.0020141150672861,0.1386657019827357,5,,
mobilebert,3,13,76.16345062429058,74.80136208853575,1742022704,9.517744434309522e-06,0.0132260774101281,0.0047036437213127,6,,
mobilebert,3,14,81.38479001135073,83.20090805902383,2062314577,4.884016301333365e-05,0.0029988330566923,0.0786198045806852,5,,
mobilebert,3,15,81.38479001135073,83.03064699205449,1481594337,3.306118805094233e-05,0.001781186256441,0.1789900758886626,6,,
mobilebert,3,16,61.29398410896708,61.01021566401816,859425763,7.068329118472096e-06,0.0207306636904622,0.121802955058338,5,,
mobilebert,3,17,79.28490351872871,78.20658342792281,596345205,1.7746592205349747e-05,0.024992716922389,0.1600126259938996,3,,
mobilebert,3,18,81.8955732122588,82.40635641316686,1765157526,6.797276951638969e-05,0.0005529355626945,0.1064743114000469,10,,
mobilebert,3,19,73.60953461975028,70.88535754824063,973470556,7.74653442718514e-06,2.2336791977542237e-05,0.0997205366541591,3,,
mobilebert,3,20,82.06583427922816,82.69012485811578,91264968,8.646578919322106e-05,0.0112760951300322,0.1392252109061223,9,,
mobilebert,3,21,81.78206583427922,82.12258796821793,74060713,3.4570986844878766e-05,0.0029671266175828,0.16597797003541,5,,
mobilebert,3,22,81.95232690124858,82.51986379114642,1186925987,9.450617645481246e-05,0.0046732965150471,0.0121061093350458,10,,
mobilebert,3,23,80.87400681044268,81.72531214528945,1157275624,3.995671722338511e-05,0.0281803517167493,0.0616154409345796,5,,
mobilebert,3,24,81.4982973893303,82.34960272417707,1255725743,2.108345988122908e-05,9.965667685691438e-05,0.0336684357184442,7,,
mobilebert,3,25,70.14755959137344,68.16118047673099,1843636149,5.4195678838575855e-06,0.0084480221346247,0.107168465442457,6,,
mobilebert,3,26,81.04426787741203,80.53348467650397,1091560136,1.2949615737167991e-05,7.962389535386399e-05,0.1123903480429143,7,,
mobilebert,3,27,78.54710556186151,78.14982973893304,703917001,1.2996541054020631e-05,0.0541266101954252,0.0502363666133166,4,,
mobilebert,3,28,71.05561861521,70.26106696935301,784533751,8.48446547347571e-06,0.0134645983629131,0.0883377303761606,8,,
mobilebert,3,29,80.93076049943247,81.66855845629966,999285789,3.551917414240162e-05,0.0065208201650697,0.1812730982997112,4,,
mobilebert,4,0,79.40841865756542,82.42320819112628,714073671,9.485864678250756e-05,0.000111661326924,0.1136023597573408,7,,
mobilebert,4,1,79.35153583617748,81.11490329920365,558801273,8.427789771413697e-05,1.2191188947935654e-05,0.1490628973034239,2,,
mobilebert,4,2,81.6268486916951,82.48009101251422,994792569,6.930554300555313e-05,7.24105468381228e-05,0.1492168633850551,5,,
mobilebert,4,3,80.43230944254834,81.85437997724686,715740123,3.901169835769816e-05,0.0146466300625049,0.1837972640062782,4,,
mobilebert,4,4,57.906712172923775,57.62229806598408,1303599051,2.000897036710634e-05,0.0007148022580525,0.1553734438118677,2,,
mobilebert,4,5,64.9032992036405,66.66666666666667,833170401,1.0850123908261336e-05,4.837782841496732e-05,0.1076280773874383,5,,
mobilebert,4,6,49.37428896473265,51.02389078498293,476819832,6.899512502906894e-06,1.7914071518495927e-05,0.0500334122736859,2,,
mobilebert,4,7,76.84869169510807,78.61205915813424,1769377358,7.814167897618209e-06,0.0002741549667102,0.1274531676883026,8,,
mobilebert,4,8,78.04323094425483,79.23777019340159,290476626,1.2175176127732288e-05,3.444086486836959e-05,0.0054496828967507,9,,
mobilebert,4,9,80.14789533560865,81.0580204778157,345904995,4.103399290816495e-05,2.111142001240561e-05,0.0081798538647594,4,,
mobilebert,4,10,80.31854379977247,81.79749715585893,420853334,6.165574271834245e-05,0.0002686642193881,0.1262634620450586,9,,
mobilebert,4,11,80.94425483503981,82.5938566552901,1649445157,2.4727813914297588e-05,0.0337350285940075,0.1261630526809276,8,,
mobilebert,4,12,80.65984072810011,82.3094425483504,335990784,7.095371073517552e-05,0.0048108206946283,0.1064483085599106,5,,
mobilebert,4,13,78.15699658703072,79.86348122866895,1767828293,2.3730896945660185e-05,0.0482018269262188,0.0406422267682965,4,,
mobilebert,4,14,80.26166097838453,82.5938566552901,1117247139,3.972484164585828e-05,0.0003050566640396,0.180259855202384,4,,
mobilebert,4,15,78.839590443686,80.26166097838453,1666712132,1.8916465330833083e-05,0.0005600006202769,0.0748565003964116,5,,
mobilebert,4,16,81.85437997724686,82.25255972696246,1687913503,7.553386406846306e-05,0.0002239432827151,0.1153415783404104,5,,
mobilebert,4,17,70.13651877133105,71.33105802047781,1086393220,2.9527722287906088e-05,0.008972738267838,0.0234683219981153,3,,
mobilebert,4,18,81.0580204778157,80.83048919226394,1225708861,7.048188807634031e-05,3.3344387328764234e-05,0.1730948950483007,10,,
mobilebert,4,19,79.57906712172924,80.65984072810011,1208213644,9.815230966583454e-06,6.44548371819063e-05,0.1134945916210098,10,,
mobilebert,4,20,80.43230944254834,82.19567690557452,1690748822,4.737809362203354e-05,0.0011628260096478,0.1896175840984882,7,,
mobilebert,4,21,72.81001137656428,73.6632536973834,1413627642,7.589126756170766e-06,0.0007390943300698,0.0927526416284214,4,,
mobilebert,4,22,80.71672354948805,81.85437997724686,1599970995,9.573404211027383e-05,0.0053599796292952,0.1620699522572058,9,,
mobilebert,4,23,75.02844141069397,76.90557451649602,274522748,9.9384723770752e-06,0.0002267701791423,0.1954555499727945,4,,
mobilebert,4,24,80.65984072810011,82.42320819112628,832055811,5.289194096609028e-05,0.0010262827681328,0.1764257492769408,4,,
mobilebert,4,25,79.35153583617748,80.773606370876,2121627033,1.426780288452374e-05,0.0078175415670246,0.0905053266134005,10,,
mobilebert,4,26,79.57906712172924,82.13879408418657,742897139,4.1291278600774674e-05,0.0014403771346722,0.0074803810031748,4,,
mobilebert,4,27,80.43230944254834,81.56996587030717,913018265,1.864445368803338e-05,8.917945351374821e-05,0.1984048592047595,6,,
mobilebert,4,28,77.81569965870307,78.839590443686,1508202360,1.5573214267116238e-05,0.0003308201129079,0.1918245985776371,4,,
mobilebert,4,29,72.75312855517633,74.91467576791808,839448989,1.1990862985001272e-05,2.6018499046374e-05,0.1852966713922065,2,,
mobilebert,5,0,81.72043010752688,80.54298642533936,1135969483,6.278243904386073e-05,0.0015006013129309,0.0587911386679924,5,,
mobilebert,5,1,55.631013016412,54.80769230769231,1989805063,5.1258494969102615e-06,0.0601174403626012,0.1141354516552412,9,,
mobilebert,5,2,82.22976796830787,81.16515837104072,777726215,2.6297875708639696e-05,1.32937085301681e-05,0.0225107943918395,8,,
mobilebert,5,3,56.02716468590832,56.56108597285068,1376476047,7.0845920893930965e-06,0.0080060338861018,0.1588882411202377,4,,
mobilebert,5,4,76.51386530843237,74.83031674208145,238962316,1.5545127551391783e-05,0.0003986722274502,0.1904858707914886,3,,
mobilebert,5,5,80.07923033389926,78.95927601809954,764132776,1.369257123939519e-05,0.0165991292445282,0.19988439072198,9,,
mobilebert,5,6,80.1358234295416,80.93891402714932,466485691,6.730425290382698e-05,7.737473737931412e-05,0.0570302805164258,9,,
mobilebert,5,7,82.00339558573855,81.56108597285068,1967647313,2.7111199728309112e-05,0.0001865669482586,0.1407078632089828,9,,
mobilebert,5,8,70.23203169213356,69.90950226244344,372200265,5.629650099211676e-06,0.0002768788643255,0.0178723203220239,2,,
mobilebert,5,9,81.09790605546124,80.31674208144797,959088369,5.560364136031666e-05,0.0027797335378934,0.1007325084287787,5,,
mobilebert,5,10,80.92812676853424,81.73076923076923,501893408,6.912507941924439e-05,6.569712764288864e-05,0.0222062671556996,9,,
mobilebert,5,11,35.71024335031126,35.633484162895925,204757921,8.634629118225433e-06,1.2748255341772585e-05,0.1415475924151723,9,,
mobilebert,5,12,79.9660441426146,79.86425339366515,1375924781,2.546234824049213e-05,0.0076744579256744,0.0578365858013601,4,,
mobilebert,5,13,77.36276174306735,77.37556561085972,1867110718,1.28572987849632e-05,0.0253480770857081,0.1458144187735263,4,,
mobilebert,5,14,57.04584040747029,58.0316742081448,821058701,5.440973975570339e-06,0.0627715583260032,0.013478960957055,2,,
mobilebert,5,15,80.87153367289191,80.1470588235294,609821554,4.3432717785406565e-05,0.0003038308560389,0.0676892803385749,4,,
mobilebert,5,16,80.36219581211093,80.1470588235294,1309786941,3.380553109832509e-05,0.0025968075587103,0.0115326541697171,3,,
mobilebert,5,17,78.55121675155631,77.94117647058823,999749799,2.1676687429612705e-05,0.0004231754693428,0.1068591751720526,3,,
mobilebert,5,18,81.83361629881155,80.88235294117646,295584143,2.8460411885532827e-05,0.0009522084887092,0.0813352700792759,8,,
mobilebert,5,19,79.00396151669496,78.67647058823529,1483642910,7.996735312776204e-06,6.417565055551948e-05,0.1095914633103911,10,,
mobilebert,5,20,79.56989247311827,78.84615384615384,1990097837,1.3059006276685018e-05,0.0635686735201067,0.1937734132447624,7,,
mobilebert,5,21,63.1578947368421,64.30995475113122,851526372,5.030344117724195e-06,0.0010621659486501,0.1433889212780782,4,,
mobilebert,5,22,62.874929258630445,60.97285067873303,259728980,7.598375896822006e-06,0.0039396327560818,0.1841185878077978,6,,
mobilebert,5,23,81.43746462931523,81.67420814479638,1484240055,8.980809569147322e-05,0.0067746977007245,0.0210135675295293,10,,
mobilebert,5,24,81.43746462931523,80.65610859728507,1484080822,3.291177504194301e-05,0.0063746123919897,0.0598401890694424,7,,
mobilebert,5,25,76.7402376910017,75.16968325791855,1247442121,1.01035823127712e-05,0.0020857350383388,0.0661143702394472,4,,
mobilebert,5,26,75.55178268251274,75.0,284518395,2.6334044535994408e-05,1.7368674057778883e-05,0.1715190262153636,2,,
mobilebert,5,27,80.98471986417657,81.27828054298642,1538844501,7.28097825694054e-05,0.0248979632651195,0.1527790305203182,9,,
mobilebert,5,28,80.98471986417657,81.90045248868778,43685401,2.7709210470772428e-05,0.0006248801287076,0.1014616482747926,8,,
mobilebert,5,29,76.06112054329371,74.6606334841629,1441723384,8.283107993980854e-06,0.0002686693044746,0.0227400801978163,10,,
mobilebert,6,0,79.43181818181819,80.68181818181819,1891912781,1.6595409047749343e-05,0.0022397685649871,0.0718950880765781,4,,
mobilebert,6,1,74.43181818181819,76.81818181818181,445774012,6.416756554104556e-06,0.0003143408856137,0.0561780008719402,4,,
mobilebert,6,2,75.56818181818181,77.10227272727273,330217735,8.261147562578414e-06,0.0002454515904812,0.0873755943882031,3,,
mobilebert,6,3,76.93181818181819,79.48863636363636,1275685538,3.2721600652912486e-05,0.0305680806679388,0.0343911885947672,2,,
mobilebert,6,4,80.9659090909091,82.1590909090909,1143011349,1.3454043082212026e-05,0.0028769898707887,0.0495525395448172,9,,
mobilebert,6,5,63.52272727272727,64.0340909090909,780951331,1.1233220058675532e-05,1.34538949285425e-05,0.1325581146823221,10,,
mobilebert,6,6,83.23863636363636,83.35227272727273,567522932,3.6953457591023575e-05,0.0006467605414119,0.0976631373173279,8,,
mobilebert,6,7,81.98863636363636,83.69318181818181,2123521579,4.211091667560422e-05,0.00033824651962,0.1191327510146525,9,,
mobilebert,6,8,82.2159090909091,83.06818181818181,743658675,8.797116370785518e-05,0.0878594456046886,0.1387922672382982,10,,
mobilebert,6,9,82.95454545454545,84.375,15526935,5.5272135493462873e-05,8.795292212521306e-05,0.1125719607562,10,,
mobilebert,6,10,76.5909090909091,79.0340909090909,1601010041,9.790524905353894e-06,0.0348458762969778,0.1179629720889116,4,,
mobilebert,6,11,81.07954545454545,82.72727272727273,2129800749,2.3721562084549192e-05,0.0021052911349289,0.1145119443420381,4,,
mobilebert,6,12,82.32954545454545,83.97727272727273,1626715669,6.431992333801464e-05,0.0001358158880433,0.0789070447878171,4,,
mobilebert,6,13,77.04545454545455,80.11363636363636,708475183,6.30993084746775e-06,0.0003114342869488,0.0689706648329571,6,,
mobilebert,6,14,80.9090909090909,82.55681818181819,990953015,1.242142765456743e-05,0.0018639602533508,0.0835679385340201,10,,
mobilebert,6,15,82.55681818181819,83.4090909090909,1297249371,2.4165492265472674e-05,0.0102585121685662,0.0109132528689725,10,,
mobilebert,6,16,71.02272727272727,73.80681818181819,2107972478,8.034779233053167e-06,0.004759406586162,0.1561604618911235,9,,
mobilebert,6,17,82.7840909090909,83.97727272727273,1204501039,4.666889256684715e-05,1.3877189775872352e-05,0.1092581035987914,10,,
mobilebert,6,18,82.55681818181819,83.69318181818181,866811096,4.195578276477315e-05,0.0002467045452855,0.173139313012831,7,,
mobilebert,6,19,75.11363636363636,77.38636363636364,1235367912,1.584012170756907e-05,0.0195054135763473,0.137760800280608,3,,
mobilebert,6,20,36.64772727272727,36.875,746955185,5.574843843024475e-06,0.000190569220637,0.147115873412531,3,,
mobilebert,6,21,74.77272727272727,76.42045454545455,376403044,1.2144009064943357e-05,0.0010472236500543,0.0479622288376826,3,,
mobilebert,6,22,69.7159090909091,71.5340909090909,609949889,1.2171820099152708e-05,4.187280178154973e-05,0.1205043376943088,6,,
mobilebert,6,23,68.80681818181819,70.11363636363636,855424866,7.313861867667881e-06,0.0010809959419502,0.1660720291841714,9,,
mobilebert,6,24,82.89772727272727,83.63636363636364,375892956,3.425613309562312e-05,0.0001036153966834,0.0657779642713202,10,,
mobilebert,6,25,82.67045454545455,84.0909090909091,666072194,4.986301989169999e-05,0.0005529802190057,0.1041443967576614,10,,
mobilebert,6,26,78.23863636363636,79.6590909090909,1520998127,2.478001941540328e-05,1.1646838146680035e-05,0.0194848883384442,2,,
mobilebert,6,27,82.95454545454545,83.125,321827905,3.98002820828363e-05,0.0321576729077066,0.0938595453938639,10,,
mobilebert,6,28,82.04545454545455,83.35227272727273,1969584986,1.6705942930627944e-05,0.00077043378815,0.0213958152979483,10,,
mobilebert,6,29,79.26136363636364,80.625,1233680283,4.254610735635376e-05,0.0287845498673582,0.0154275311654744,2,,
mobilebert,7,0,71.29105322763307,71.68742921857304,594950072,1.2049231573141066e-05,0.0060368691115781,0.1957938169871267,4,,
mobilebert,7,1,70.3850509626274,70.72480181200453,1407269502,1.2966238682792996e-05,0.008720349489417,0.1049064904436175,2,,
mobilebert,7,2,82.50283125707814,81.59682899207247,1850572956,2.2963133667932077e-05,0.0133054703142188,0.1163918400713164,9,,
mobilebert,7,3,83.80520951302378,82.95583238958098,499289452,8.987277931021447e-05,0.0085277301526211,0.1502648700033511,10,,
mobilebert,7,4,81.87995469988675,80.97395243488108,268244758,4.200681643668232e-05,0.0002219549816004,0.0064605417840243,3,,
mobilebert,7,5,82.33295583238959,81.99320498301246,1100940199,2.852899458821036e-05,0.0034583303554774,0.1998133930300563,10,,
mobilebert,7,6,81.71007927519818,81.37032842582107,304952546,2.2935098975698964e-05,0.0224111393254021,0.0175646555841929,9,,
mobilebert,7,7,82.27633069082673,81.59682899207247,301678422,3.0380176279854507e-05,0.0104762114743426,0.1699491494497127,5,,
mobilebert,7,8,82.16308040770102,80.97395243488108,844513444,3.3362450896288084e-05,0.0027890474425142,0.0912836989428977,4,,
mobilebert,7,9,77.519818799547,76.50056625141563,1971322561,7.835850495295572e-06,6.166342675953604e-05,0.1145411185219495,6,,
mobilebert,7,10,81.03057757644395,81.59682899207247,1851528480,6.997609340756357e-05,0.0002322831666889,0.0334441302928382,3,,
mobilebert,7,11,74.23556058890148,73.2163080407701,2029560400,1.144685283253673e-05,0.0030203614058363,0.1879337888436185,3,,
mobilebert,7,12,82.84258210645527,82.7859569648924,1530560378,5.963280779783257e-05,0.000429885507659,0.0207567445176175,9,,
mobilebert,7,13,82.27633069082673,82.55945639864099,373127450,5.321699162760613e-05,0.0004012513130124,0.0462617856156134,9,,
mobilebert,7,14,54.4167610419026,55.43601359003397,1411009554,6.874241019584553e-06,0.0008182047715759,0.11320946340912,2,,
mobilebert,7,15,69.42242355605889,70.15855039637599,1243780952,6.9641971006391256e-06,0.0003281877618976,0.0096134130463362,2,,
mobilebert,7,16,72.08380520951303,72.08380520951303,1262541868,8.106073935231745e-06,2.427134025101444e-05,0.1266618212440821,2,,
mobilebert,7,17,81.99320498301246,82.04983012457531,935145298,8.334250414861117e-05,6.513715403974092e-05,0.0168633990112396,9,,
mobilebert,7,18,83.01245753114382,81.99320498301246,333030928,5.865235415686927e-05,4.199023135732302e-05,0.1873195323219215,10,,
mobilebert,7,19,80.12457531143828,80.52095130237825,643195805,1.5277807079977194e-05,0.058324292112857,0.0943266100410314,9,,
mobilebert,7,20,83.06908267270668,82.21970554926388,976148109,3.467975521125266e-05,0.0007215643503057,0.1572177767299564,9,,
mobilebert,7,21,69.93204983012457,70.44167610419026,1875552587,1.4820661923191469e-05,0.0160151695560285,0.017546993728568,2,,
mobilebert,7,22,71.80067950169875,71.91392978482446,436484288,6.751063455739244e-06,0.0069268056463856,0.1236373251139111,3,,
mobilebert,7,23,82.16308040770102,80.57757644394111,634439377,6.480204640457125e-05,0.0089230146645587,0.1454090518245734,2,,
mobilebert,7,24,57.87089467723669,56.68176670441676,822088810,7.091414402993383e-06,0.0001024679250475,0.0786584120539621,7,,
mobilebert,7,25,81.42695356738392,80.80407701019253,2004744448,6.010369755839904e-05,6.758366616785687e-05,0.0499770104638377,2,,
mobilebert,7,26,83.12570781426953,82.6727066817667,1404705934,4.952335391491703e-05,0.0005728222295774,0.0732636190382796,7,,
mobilebert,7,27,82.50283125707814,81.71007927519818,1917519143,5.58132425191007e-05,4.955328355698565e-05,0.1885618240952693,3,,
mobilebert,7,28,79.95469988674972,79.78482446206115,702603361,1.0546277092918264e-05,0.000962527860524,0.015039120998474,9,,
mobilebert,7,29,79.89807474518686,79.21857304643261,1002409340,2.3135454143684723e-05,0.0172044037068634,0.1672502404172708,4,,
mobilebert,8,0,78.4213515048268,78.77412031782066,20909083,6.776769459026004e-06,0.0044309631409084,0.0162019761036074,9,,
mobilebert,8,1,82.11243611584327,80.87400681044268,954207842,4.5429182698884336e-05,0.0045403046938705,0.1976218824022043,5,,
mobilebert,8,2,66.83702441794435,66.40181611804768,152311841,5.156058076068246e-06,0.0105044025175261,0.1757108495543,4,,
mobilebert,8,3,71.15275411697898,70.88535754824063,846244883,7.263067708928673e-06,0.0016405526941962,0.0949436689518118,2,,
mobilebert,8,4,81.4877910278251,81.27128263337117,2089343155,3.684592514081483e-05,4.907779558850861e-05,0.0553076819497675,6,,
mobilebert,8,5,81.88529244747302,81.55505107832009,384397796,8.785914909997354e-05,0.054411661535859,0.1089781125422258,3,,
mobilebert,8,6,82.45315161839864,80.87400681044268,1512145077,4.958864061896351e-05,0.0070450455417533,0.1711473273755092,6,,
mobilebert,8,7,77.56956274843839,76.7877412031782,472937162,2.201860416264306e-05,7.088485628522508e-05,0.04006515154065,2,,
mobilebert,8,8,79.50028392958546,79.28490351872871,476124636,3.4492344388064664e-05,0.0005680858146211,0.0536020463334477,2,,
mobilebert,8,9,80.40885860306643,80.93076049943247,1306196778,7.810262554855564e-05,0.0008176042655121,0.1061536951480044,2,,
mobilebert,8,10,82.22600795002839,81.04426787741203,1548321540,2.513768336729616e-05,0.0028141317312336,0.0243537138474447,8,,
mobilebert,8,11,79.10278250993754,79.11464245175937,425858072,5.846878986778261e-06,0.0535471288328727,0.1678844492503718,10,,
mobilebert,8,12,79.84099943214083,78.88762769580023,160283536,2.1748802292183225e-05,0.0013551072116016,0.0605506055046288,3,,
mobilebert,8,13,71.94775695627484,71.79341657207719,1044590898,1.3467109722687926e-05,0.0001365400960235,0.0945409430396219,2,,
mobilebert,8,14,79.95457126632596,79.73893303064699,1395618587,9.587720345061015e-06,0.0011662303620562,0.1312661704318846,9,,
mobilebert,8,15,80.86314593980693,80.47673098751419,1147857754,4.333060369694498e-05,5.918728017291422e-05,0.0289332899825571,3,,
mobilebert,8,16,81.71493469619534,81.61180476730988,1545274509,3.612802651308681e-05,7.009836910615152e-05,0.0960885478745539,8,,
mobilebert,8,17,81.31743327654742,81.61180476730988,1884756887,2.963573066970529e-05,0.0335695146209392,0.0944298850141659,10,,
mobilebert,8,18,75.58205565019875,74.17707150964813,1247949304,5.11216574510484e-06,0.0090168043494073,0.1067486729235061,5,,
mobilebert,8,19,78.53492333901193,78.49035187287174,535918874,1.200649537746553e-05,0.0134011766743039,0.0147907709336809,4,,
mobilebert,8,20,65.81487791027826,64.69920544835415,221239665,8.879775480841737e-06,0.0197157176269374,0.0662313054690969,10,,
mobilebert,8,21,82.16922203293583,82.2360953461975,1008060442,6.961543423500112e-05,0.0004402652478245,0.1881335176157558,5,,
mobilebert,8,22,82.45315161839864,82.46311010215663,123281576,4.240153815649388e-05,2.47808696016871e-05,0.0151528588684273,7,,
mobilebert,8,23,34.35547984099943,34.903518728717366,1942996505,1.0671319874536343e-05,0.0024036605130036,0.1026957085452503,2,,
mobilebert,8,24,67.46166950596252,67.0261066969353,202021426,5.963066138475223e-06,3.059226615815626e-05,0.1600309306272954,8,,
mobilebert,8,25,76.71777399204997,76.33371169125994,236377095,2.6003226822813537e-05,0.0003179962766866,0.1047598556117132,2,,
mobilebert,8,26,78.4213515048268,79.45516458569807,2134756856,1.121651897236636e-05,4.738538721443429e-05,0.1703290511158277,6,,
mobilebert,8,27,79.04599659284497,79.17139614074915,2015151203,8.026508772352806e-06,0.0079829186153006,0.0466094002205318,10,,
mobilebert,8,28,81.37421919363997,80.30646992054484,636763514,5.490774357999444e-05,0.0035280378092963,0.167907976462366,2,,
mobilebert,8,29,73.93526405451448,73.66628830874006,1363011040,1.4931964682249152e-05,0.0055220470667156,0.0830781594433707,2,,
mobilebert,9,0,82.62092238470191,81.32733408323959,202074487,3.429922681930938e-05,0.0041800131497481,0.1924333894426286,4,,
mobilebert,9,1,81.15860517435321,78.85264341957256,746614401,1.7629924944839795e-05,0.0441012303330499,0.0215798559099437,6,,
mobilebert,9,2,72.10348706411699,73.17210348706412,1022613074,1.0901408285235108e-05,0.0003320413342747,0.167625217748971,2,,
mobilebert,9,3,81.55230596175478,81.94600674915635,1787054508,6.528485544733702e-05,0.0001201834870902,0.1647610124045296,8,,
mobilebert,9,4,82.05849268841395,81.88976377952756,1020558793,5.201047088067818e-05,0.0147566055440996,0.1901729343811358,4,,
mobilebert,9,5,77.33408323959505,77.33408323959505,973127427,6.078029235630107e-06,0.0434490909308564,0.1589827204862307,7,,
mobilebert,9,6,82.45219347581552,81.04611923509562,426561125,2.0920685143862156e-05,4.194220103697069e-05,0.0961230582770332,8,,
mobilebert,9,7,81.43982002249719,80.31496062992126,487171822,2.171524601867605e-05,0.0123797120425512,0.0510627321778666,10,,
mobilebert,9,8,80.82114735658043,80.08998875140607,1109628764,1.425655870893792e-05,0.0005671315172477,0.0459527426514135,9,,
mobilebert,9,9,69.29133858267717,70.4724409448819,1434468188,1.188590328282073e-05,0.0012155567774032,0.1669594062001826,4,,
mobilebert,9,10,62.82339707536558,64.1732283464567,224077967,8.1412447053785e-06,0.0072141132510999,0.0745580815209605,3,,
mobilebert,9,11,80.08998875140607,77.89651293588301,796337876,1.1248646478671683e-05,0.014855487779599,0.1270621306900984,5,,
mobilebert,9,12,82.28346456692914,81.15860517435321,997093746,2.1298018066442173e-05,0.0002184002100241,0.0552523339385335,10,,
mobilebert,9,13,81.77727784026996,82.33970753655792,1663914194,3.272826798767428e-05,0.0002577877927774,0.1845511041926204,5,,
mobilebert,9,14,79.24634420697413,78.2339707536558,1258779430,7.174434957882512e-06,0.0011385365599686,0.0803215252024558,9,,
mobilebert,9,15,79.5838020247469,78.74015748031496,789066379,4.15606212450401e-05,0.0008299292293825,0.095784064707228,2,,
mobilebert,9,16,82.22722159730034,82.17097862767154,545269205,4.86928364801824e-05,0.0006969027918862,0.1655348012093204,7,,
mobilebert,9,17,82.56467941507312,82.22722159730034,1751290548,7.169857191619941e-05,0.0010081492183249,0.1448124755480624,6,,
mobilebert,9,18,81.38357705286839,80.87739032620922,946949006,6.216374322841717e-05,0.0871182657221529,0.1418188845469795,2,,
mobilebert,9,19,31.66479190101237,30.089988751406075,459213305,1.5194484729084774e-05,0.0218588398072856,0.1946779031389387,6,,
mobilebert,9,20,76.4904386951631,76.77165354330708,1382234983,8.57765545703037e-06,6.491350066274891e-05,0.0761484011239158,6,,
mobilebert,9,21,42.29471316085489,42.63217097862767,2700160,6.056938764595177e-06,6.57717129483273e-05,0.1690702707089194,2,,
mobilebert,9,22,82.73340832395951,81.83352080989876,990319816,2.3448735445535644e-05,0.0146796183873509,0.0666093673804258,10,,
mobilebert,9,23,68.95388076490438,69.96625421822272,534820484,6.609334805466931e-06,0.069737953140694,0.0530579799768734,2,,
mobilebert,9,24,79.86501687289089,78.57142857142857,2068248738,1.4727255689808935e-05,0.0021397878120556,0.1120348111586901,5,,
mobilebert,9,25,67.1541057367829,68.11023622047244,2074622994,9.534358365907254e-06,1.706871747636093e-05,0.0574082378006173,6,,
mobilebert,9,26,81.94600674915635,81.66479190101238,190459083,4.043768267174764e-05,0.0409376825327049,0.0594784003039396,7,,
mobilebert,9,27,81.83352080989876,82.05849268841395,430866012,6.513552734694718e-05,0.021527052253137,0.0104202391596223,8,,
mobilebert,9,28,81.49606299212599,82.62092238470191,2100624808,8.468264588345323e-05,0.0002293740755902,0.0979418321712034,5,,
mobilebert,9,29,82.33970753655792,82.17097862767154,2088108390,8.491787834976412e-05,0.0004555762598441,0.0227241945590694,5,,
mobilebert,10,0,81.66855845629966,82.41633579126488,5979040,6.604138136958713e-05,0.0097619988645469,0.0575353386947439,7,,
mobilebert,10,1,81.72531214528945,81.50879183210436,1932611628,3.3291053364734286e-05,0.0900894503061373,0.0196336664047426,6,,
mobilebert,10,2,81.21452894438139,82.64322178105502,185302947,2.6897054904473e-05,1.913993878773885e-05,0.0543869606647754,10,,
mobilebert,10,3,71.16912599318955,72.03630175836642,312197871,5.286058948755138e-06,0.0003195937813366,0.1273121243381502,4,,
mobilebert,10,4,81.4982973893303,82.30289279636982,563924067,3.121610705873209e-05,0.00015240423722,0.0186064138131997,5,,
mobilebert,10,5,81.83881952326901,83.26715825297788,1472627324,5.46288641929966e-05,0.001215628879678,0.1553550343951081,9,,
mobilebert,10,6,80.7604994324631,81.5655133295519,1843333404,4.610825698710635e-05,0.0470075274629896,0.1002789318054862,3,,
mobilebert,10,7,81.83881952326901,81.84912081678956,672436014,7.663311397404195e-05,0.0669789812930758,0.1604730378687751,8,,
mobilebert,10,8,81.95232690124858,82.30289279636982,1286741596,3.786369088853104e-05,1.96499621354072e-05,0.0411387405513598,7,,
mobilebert,10,9,80.70374574347332,81.7356778218945,107961805,2.65793327260301e-05,0.0193813119221319,0.0846145913326408,7,,
mobilebert,10,10,82.17934165720771,82.0760068065797,677622858,4.9708883877389816e-05,0.0002551940869422,0.0904324995540586,10,,
mobilebert,10,11,77.29852440408627,78.67271695972774,960844151,1.870790936000009e-05,0.0005547015105284,0.023062083418153,3,,
mobilebert,10,12,81.83881952326901,83.15371525808281,1718502445,2.89355945579814e-05,0.0041444571840248,0.1779445949204285,10,,
mobilebert,10,13,69.1827468785471,70.22121384004538,2025479040,6.199456707018418e-06,0.0222697616949614,0.0896793035691964,8,,
mobilebert,10,14,81.04426787741203,80.71469086783891,1610015306,2.6861739813555177e-05,0.0081865716963567,0.0675147395264381,5,,
mobilebert,10,15,80.30646992054484,80.82813386273398,1168721346,1.7463193691750185e-05,0.0004069021406167,0.0391293217018786,9,,
mobilebert,10,16,73.49602724177072,75.09926262053318,1789346067,1.3747020008264889e-05,1.149160163171611e-05,0.1428674961317355,3,,
mobilebert,10,17,81.66855845629966,82.24617129892229,381168212,4.700764067595564e-05,8.380182984692096e-05,0.0079059440498542,7,,
mobilebert,10,18,80.47673098751419,80.77141236528644,2011772029,2.8186230239590015e-05,0.0004180218146883,0.0545562397859199,5,,
mobilebert,10,19,81.4982973893303,81.90584231423709,1656000060,2.444703342869457e-05,5.789203837984872e-05,0.0339485454054091,8,,
mobilebert,10,20,80.70374574347332,82.47305728871243,151111261,4.6703631078489376e-05,8.07662583599806e-05,0.1182165349252644,4,,
mobilebert,10,21,42.962542565266745,42.14407260351673,1352629397,7.291901955962136e-06,0.036163859247455,0.1905486974097497,10,,
mobilebert,10,22,74.23382519863792,74.70221213840045,95027678,1.0115169211026108e-05,0.0146013847834043,0.0749360986791999,8,,
mobilebert,10,23,70.3178206583428,71.07203630175836,854763968,6.123449185663561e-06,0.0037415032774345,0.0459117848218979,10,,
mobilebert,10,24,77.8660612939841,79.35337492909812,1907893738,1.1342502277328456e-05,0.0017522314921086,0.0748644902334527,6,,
mobilebert,10,25,30.53348467650397,30.17583664208735,772459994,1.0182692144940358e-05,0.014260872919477,0.0148457747138208,5,,
mobilebert,10,26,81.27128263337117,82.35961429381736,746515495,2.208626988220608e-05,0.0267292693646377,0.0605505514023274,7,,
mobilebert,10,27,82.69012485811578,82.69994327850256,1296839815,6.956319729348268e-05,0.017582648527247,0.1425159881886526,7,,
mobilebert,10,28,81.8955732122588,82.01928530913216,1323442001,2.89179982203942e-05,5.924431270528949e-05,0.1282696795589735,8,,
mobilebert,10,29,81.38479001135073,81.67895632444697,1977855182,6.52269887317207e-05,0.0310522898774796,0.0159332784167043,4,,
mobilebert,11,0,30.659840728100114,29.39169982944855,581832703,1.0043365584792343e-05,0.0002602568071517,0.1079974639180311,10,,
mobilebert,11,1,83.16268486916951,83.05855599772597,1898920463,5.432519279429538e-05,6.13871624259626e-05,0.1123830399204297,6,,
mobilebert,11,2,82.76450511945393,83.00170551449688,94450739,3.381144330247441e-05,0.0337090673004439,0.1936254567937489,7,,
mobilebert,11,3,82.65073947667804,83.51335986355885,1088771338,6.40893369459317e-05,0.0056866103524136,0.0823881809198655,5,,
mobilebert,11,4,44.59613196814562,43.4906196702672,616964453,1.3570171939664404e-05,2.233690454992428e-05,0.1691519609161154,5,,
mobilebert,11,5,82.08191126279864,81.46674246731098,1984753333,1.3143259608593272e-05,0.0003422249319511,0.1823166544634835,7,,
mobilebert,11,6,82.3094425483504,83.11540648095509,159483952,2.27582258994732e-05,0.0445419945284797,0.1623373990061918,9,,
mobilebert,11,7,83.2764505119454,83.62706083001706,774075857,5.657278799663242e-05,0.0132004488901458,0.1171891459781425,9,,
mobilebert,11,8,82.8782707622298,83.45650938032973,781846397,5.5561302571282217e-05,0.0751370621553393,0.027502487164791,4,,
mobilebert,11,9,82.0250284414107,80.8982376350199,1608037406,1.0888412251990054e-05,0.0009754533819193,0.0669964678040353,10,,
mobilebert,11,10,83.44709897610922,83.39965889710062,590954631,3.427104255545471e-05,0.0146105457943445,0.1324089391800177,9,,
mobilebert,11,11,83.16268486916951,81.92154633314384,503142863,2.294288757104409e-05,0.0001506912540478,0.0181982736222627,9,,
mobilebert,11,12,79.63594994311718,79.81807845366686,1913033996,2.850146213977586e-05,3.5220959680272e-05,0.1600126577899447,2,,
mobilebert,11,13,82.36632536973833,82.54690164866402,1648060270,5.161440403130483e-05,0.0249735540940709,0.1437297952224992,3,,
mobilebert,11,14,60.63708759954493,60.54576463899943,1183493577,7.331442231873598e-06,0.0001268378469091,0.1652673869471164,2,,
mobilebert,11,15,74.17519908987485,73.2234223990904,323051828,6.564956199713205e-06,5.856326698365252e-05,0.0639537726314222,5,,
mobilebert,11,16,83.04891922639364,83.45650938032973,1942541371,8.841505284534968e-05,0.0011867383803438,0.1273726702293473,5,,
mobilebert,11,17,80.94425483503981,79.93177942012507,1751243926,3.393096390006007e-05,5.491452585813313e-05,0.0438215210513705,2,,
mobilebert,11,18,77.7019340159272,77.54405912450255,1523221976,1.2151569986315758e-05,9.27890672357514e-05,0.1686127881726205,3,,
mobilebert,11,19,83.10580204778157,82.94485503126776,1147459269,8.569406991523655e-05,0.0071408595271281,0.057507448737193,4,,
mobilebert,11,20,83.16268486916951,83.51335986355885,1145324922,3.387668067115514e-05,0.0019872286398414,0.1419915413742953,8,,
mobilebert,11,21,71.84300341296928,71.0062535531552,866341884,7.269074149836056e-06,9.112590106667947e-05,0.1536697742373497,2,,
mobilebert,11,22,82.42320819112628,82.54690164866402,916919497,2.063578610509967e-05,0.0022423421932247,0.0986152594393344,9,,
mobilebert,11,23,79.86348122866895,79.363274587834,1447395174,1.0889379102328125e-05,0.0087512141379927,0.173188811963552,9,,
mobilebert,11,24,82.93515358361775,82.4900511654349,107349748,1.9506410232316703e-05,0.0011639550941238,0.17469164576701,9,,
mobilebert,11,25,83.10580204778157,83.34280841387152,1606868920,5.70254161559004e-05,0.0002340047267953,0.0187771299474381,5,,
mobilebert,11,26,63.42434584755404,62.194428652643545,362714553,1.6362559633414365e-05,0.023277565703927,0.1400679621534671,5,,
mobilebert,11,27,82.82138794084186,84.19556566230813,247793650,4.466238381255449e-05,0.0007250435493591,0.1705840553871463,5,,
mobilebert,11,28,81.6268486916951,81.86469584991472,976265214,1.4773137478745436e-05,2.2715686595547017e-05,0.0751653306095071,10,,
mobilebert,11,29,83.56086461888509,83.00170551449688,734725263,3.540123554610194e-05,1.571499712895711e-05,0.1690531211054124,5,,
mobilebert,12,0,68.13559322033899,65.78204404291361,1795405195,2.0628245623037808e-05,0.0008696931270757,0.1265477025657649,7,,
mobilebert,12,1,81.92090395480226,80.91473743647657,1569054428,5.490404597201079e-05,0.0058418183240481,0.1134048579160465,8,,
mobilebert,12,2,69.15254237288136,68.04065499717673,2003311077,6.657823356942247e-06,0.0270641187370621,0.1935014781033878,4,,
mobilebert,12,3,53.389830508474574,53.6420101637493,796267103,5.275026760753145e-06,0.0001889585787833,0.1792852518885394,4,,
mobilebert,12,4,82.48587570621469,81.14059853190288,416333517,6.204854412667786e-05,8.147146824462823e-05,0.1813673663990241,6,,
mobilebert,12,5,77.45762711864407,76.171654432524,1441245456,9.860080111693064e-06,7.788440720397432e-05,0.1532649310245335,4,,
mobilebert,12,6,81.24293785310735,78.99491812535291,1751302485,4.763559985995172e-05,0.0001310438214602,0.1552456500480556,2,,
mobilebert,12,7,81.69491525423729,80.51948051948052,953167442,9.42410375549076e-05,1.4440335995634263e-05,0.0417948793202109,3,,
mobilebert,12,8,59.49152542372882,58.15923207227555,903274025,1.0811028145794508e-05,0.080904085591951,0.0843638893270009,9,,
mobilebert,12,9,81.5819209039548,80.18068887634105,950186599,4.693315303840532e-05,0.0028040425298366,0.0809278860216174,3,,
mobilebert,12,10,81.9774011299435,81.30999435347262,1677057494,4.752377565027867e-05,3.43511628809172e-05,0.0166601719039821,9,,
mobilebert,12,11,82.54237288135593,80.46301524562394,1576024187,3.820065454676641e-05,0.0006547839779649,0.1120473908664977,6,,
mobilebert,12,12,67.62711864406779,65.2738565782044,259265929,6.646886432771089e-06,1.0626298562302929e-05,0.1066600112612802,2,,
mobilebert,12,13,74.80225988700565,72.78373800112931,731046433,6.194789997326375e-06,0.0257403394657666,0.1653626340639207,5,,
mobilebert,12,14,68.92655367231639,66.0643704121965,1701544600,5.3543574106224526e-06,2.40053630911637e-05,0.1529332964399865,9,,
mobilebert,12,15,81.86440677966101,80.23715415019763,1005481500,4.107056258932493e-05,2.8560135490629e-05,0.0732464167499576,10,,
mobilebert,12,16,82.31638418079096,81.14059853190288,359913323,6.469426175934201e-05,0.0147949436247999,0.1163755009677103,7,,
mobilebert,12,17,82.14689265536722,80.68887634105026,1975013914,6.151904340018445e-05,0.000401731563609,0.0977259046219531,4,,
mobilebert,12,18,81.69491525423729,80.68887634105026,1948847954,5.582854197207745e-05,0.0001944938692627,0.1109612152595406,8,,
mobilebert,12,19,78.98305084745763,77.01863354037268,1487184568,2.240046698892773e-05,8.966481692449566e-05,0.1001042165763269,3,,
mobilebert,12,20,78.92655367231639,76.73630717108978,2066523833,2.7033028423177478e-05,0.0001078023862715,0.074793137030402,2,,
mobilebert,12,21,62.82485875706215,60.81309994353472,1989062759,7.424104684626205e-06,0.0002609242016679,0.16104570357262,10,,
mobilebert,12,22,81.9774011299435,82.21343873517786,94266163,8.956362794857927e-05,0.0012275314236738,0.0303323813334243,7,,
mobilebert,12,23,67.79661016949153,65.49971767363071,1141131704,7.633445445097635e-06,0.0011569206407542,0.1484217029371867,4,,
mobilebert,12,24,76.10169491525424,74.30830039525692,807255964,5.11151862692222e-06,1.6710558832335263e-05,0.1788733287431239,7,,
mobilebert,12,25,81.35593220338983,81.19706380575946,1420053855,7.847140869721998e-05,0.0002757391682544,0.0332348969428389,7,,
mobilebert,12,26,73.61581920903954,71.20271033314512,222864128,7.657451147609694e-06,1.6115565291253342e-05,0.1508535079525969,3,,
mobilebert,12,27,63.559322033898304,62.50705815923207,307612582,6.474410004212103e-06,8.561000967545594e-05,0.0363839702262717,9,,
mobilebert,12,28,81.92090395480226,79.72896668548843,1315890010,1.8581033658454035e-05,4.097444177608565e-05,0.0166924653205837,10,,
mobilebert,12,29,81.35593220338983,79.39017504234896,538773215,1.6911609760090094e-05,1.674811229700725e-05,0.0275662240738584,7,,
mobilebert,13,0,80.10350776308223,79.54022988505747,533345286,4.146373862199427e-05,0.0014381802320013,0.0690255262077362,2,,
mobilebert,13,1,82.74870615296147,80.51724137931035,1650848593,5.009744477050728e-05,2.1546974467224323e-05,0.1472272716362954,4,,
mobilebert,13,2,82.51868890166763,81.49425287356321,336520408,8.070069475737757e-05,0.0298317938970445,0.1248416357509406,3,,
mobilebert,13,3,79.35595169637723,80.0,2031211792,1.3140888922648402e-05,0.0030947712298006,0.153904946798313,5,,
mobilebert,13,4,80.16101207590569,80.51724137931035,1834061064,1.6652257175107903e-05,0.0166303091119683,0.1151596088430704,6,,
mobilebert,13,5,80.96607245543416,80.51724137931035,1523535154,1.7768416772925216e-05,0.0130157961830862,0.1157889084787391,6,,
mobilebert,13,6,71.8803910293272,68.50574712643679,223991802,8.318536213227e-06,0.0669624190157658,0.1761645441800805,9,,
mobilebert,13,7,64.11730879815987,63.85057471264368,29728873,6.738823222197106e-06,0.001948620877304,0.0479984099831268,4,,
mobilebert,13,8,83.43875790684301,81.89655172413794,1732067679,7.097685643750722e-05,2.712128840002357e-05,0.0690020106663681,7,,
mobilebert,13,9,72.74295572167912,69.71264367816092,284874561,1.308378139467312e-05,0.0009746829689692,0.089029096573996,4,,
mobilebert,13,10,67.62507188039103,62.70114942528736,843066560,7.1307648547125785e-06,3.605058652856128e-05,0.1561774453150753,8,,
mobilebert,13,11,83.20874065554916,81.89655172413794,2022165001,6.394342243420819e-05,1.3449578339411647e-05,0.1791782769852102,6,,
mobilebert,13,12,82.40368027602071,81.49425287356321,641507959,2.55717603655588e-05,0.0002069688428064,0.0957860987233756,7,,
mobilebert,13,13,76.5382403680276,74.25287356321839,523646990,5.892440005745516e-06,1.2646683407382736e-05,0.0165943797698937,10,,
mobilebert,13,14,80.90856814261069,79.65517241379311,26584331,1.4015945331290814e-05,0.0017590926628399,0.1888858052782792,9,,
mobilebert,13,15,82.63369752731455,81.26436781609195,1361359873,7.189288534416703e-05,0.0001899066212394,0.0804875780035099,9,,
mobilebert,13,16,69.75273145485912,67.06896551724138,237893746,5.4885418438715735e-06,0.0174897125116724,0.0081004025078575,9,,
mobilebert,13,17,59.63197239792984,58.5632183908046,339059606,6.403377426545775e-06,0.0013375817548723,0.1119683872437992,5,,
mobilebert,13,18,83.20874065554916,82.06896551724138,1160412003,3.725639867625639e-05,1.7702810733560917e-05,0.062689730882974,8,,
mobilebert,13,19,79.700977573318,79.88505747126437,1791009177,1.763394871344487e-05,1.393529866346626e-05,0.0580120397234465,4,,
mobilebert,13,20,82.51868890166763,81.37931034482759,161542280,4.777156228558395e-05,8.794094647586677e-05,0.114441044648946,3,,
mobilebert,13,21,82.92121909143185,80.28735632183908,1181710682,2.198952362190089e-05,4.0259267964298586e-05,0.16515673336564,7,,
mobilebert,13,22,72.91546866014951,70.51724137931035,116708891,1.0074158327823924e-05,0.0012929300299477,0.1002608928314828,3,,
mobilebert,13,23,79.81598619896492,79.25287356321839,2138893103,8.978701265680641e-06,0.0004031609115158,0.1779675174581131,8,,
mobilebert,13,24,82.1161587119034,81.83908045977012,1548868841,6.927709158117612e-05,1.2180725725612989e-05,0.0339119702062811,4,,
mobilebert,13,25,41.460609545715926,43.50574712643678,919570416,8.129497176615144e-06,3.416466975021563e-05,0.0155300968941719,4,,
mobilebert,13,26,80.96607245543416,80.40229885057471,917662969,1.491459793118736e-05,0.0044321848453892,0.1002287148627142,8,,
mobilebert,13,27,81.82863714778608,80.63218390804597,234301138,1.7310923737368547e-05,0.0270212964287085,0.1009755068177199,7,,
mobilebert,13,28,82.05865439907993,80.97701149425288,2030756632,8.89231439286904e-05,0.009992453247495,0.0918194311849494,2,,
mobilebert,13,29,82.691201840138,82.64367816091954,1945807717,8.795709522337817e-05,0.0725274584586699,0.0227198299724599,8,,
mobilebert,14,0,62.89772727272727,63.31629755820556,289615838,1.0823880859197564e-05,3.35316272661817e-05,0.0951415930174792,3,,
mobilebert,14,1,84.6590909090909,82.96422487223168,1008780035,5.152841181124018e-05,0.0567652859020633,0.0944968596184743,8,,
mobilebert,14,2,79.20454545454545,77.85349233390119,295641721,9.507464791006636e-06,0.0004409774490175,0.0144896991727992,5,,
mobilebert,14,3,81.875,80.29528676888131,119558482,1.1463222939546922e-05,0.0818946666707727,0.1628563883500068,6,,
mobilebert,14,4,82.55681818181819,82.39636570130608,1820320148,8.38141196732742e-05,0.0008514415677768,0.1638295639849042,9,,
mobilebert,14,5,72.27272727272727,71.83418512208972,262829378,6.9689108800604425e-06,1.0750889857758769e-05,0.114650836591754,8,,
mobilebert,14,6,82.89772727272727,81.0335036910846,673132403,1.472947641626265e-05,2.65815402368626e-05,0.1806285625606579,7,,
mobilebert,14,7,83.23863636363636,82.90743895513913,1684766001,6.115834708976967e-05,1.6498561362499925e-05,0.0432948521116156,7,,
mobilebert,14,8,72.2159090909091,71.94775695627484,1671050518,5.786329711646477e-06,0.0011854523137807,0.0439302653366329,2,,
mobilebert,14,9,84.48863636363636,82.73708120386144,1096116610,4.383058181805919e-05,0.0005451086018171,0.1565401460663266,7,,
mobilebert,14,10,73.29545454545455,73.19704713231118,1861425977,8.005412017755168e-06,0.0230115675145823,0.172836089691465,2,,
mobilebert,14,11,83.75,83.41851220897217,1493045518,6.630235245138434e-05,1.657043795824896e-05,0.076627006375165,6,,
mobilebert,14,12,84.26136363636364,83.36172629187962,968294829,4.987951558115556e-05,0.0587815450916894,0.0094143533213239,5,,
mobilebert,14,13,84.20454545454545,83.41851220897217,1020734348,4.612275568794828e-05,0.0910514007162634,0.0895512565570802,6,,
mobilebert,14,14,81.875,82.22600795002839,1719943348,1.1277145716773772e-05,0.0134077151303502,0.092849411570591,10,,
mobilebert,14,15,83.80681818181819,82.68029528676888,1559146391,6.092491874126547e-05,0.0002535535338153,0.1216881083002579,4,,
mobilebert,14,16,84.43181818181819,83.13458262350937,833592145,6.86960270254407e-05,1.3404261691829042e-05,0.0719784320859464,7,,
mobilebert,14,17,83.4090909090909,81.26064735945485,1058576532,2.357423196172869e-05,7.489253249795089e-05,0.0396725018298379,4,,
mobilebert,14,18,79.7159090909091,78.59170925610448,2064741858,5.768121219010098e-06,0.0047043032783875,0.1575303710744635,9,,
mobilebert,14,19,84.20454545454545,82.33957978421351,655879637,2.28550899830766e-05,0.0051519422873199,0.1798021070193906,9,,
mobilebert,14,20,82.32954545454545,81.60136286201022,1610906279,1.276771966842215e-05,0.0014970968154168,0.0023126467647547,9,,
mobilebert,14,21,83.57954545454545,82.39636570130608,1958199044,8.438169519958753e-05,1.8486523329237647e-05,0.1208723825678345,10,,
mobilebert,14,22,83.63636363636364,83.70244179443498,121633615,7.660907305002401e-05,0.0033864755959857,0.0421352206578584,9,,
mobilebert,14,23,81.93181818181819,80.12492901760363,1632388069,1.1868012035761558e-05,0.0106910273644794,0.1390047999162857,8,,
mobilebert,14,24,83.75,82.56672345258376,697344428,4.060517333412096e-05,0.0007222237885459,0.0486401786544701,9,,
mobilebert,14,25,82.67045454545455,81.99886428165814,1461243018,9.305989927365488e-05,0.0093120967121052,0.002907734927558,2,,
mobilebert,14,26,83.75,82.793867120954,816549761,2.5413932588114523e-05,2.471851102564958e-05,0.1958626112843373,10,,
mobilebert,14,27,81.64772727272727,80.29528676888131,1210590022,3.3323598368510264e-05,0.0718023182409574,0.1487828665808056,2,,
mobilebert,14,28,83.92045454545455,82.05565019875071,386376238,9.816741397481608e-05,0.020111360514192,0.0196882212337233,8,,
mobilebert,14,29,83.86363636363636,83.75922771152754,923601398,6.900386325906989e-05,1.845865183971108e-05,0.0313134865992972,5,,
mobilebert,15,0,70.61797752808988,69.96069623806851,2073476857,2.574441728903357e-05,0.0037888753740628,0.1192142468271756,2,,
mobilebert,15,1,82.02247191011236,82.31330713082538,551253942,7.824063442644765e-05,1.671439019675448e-05,0.0756816434718732,5,,
mobilebert,15,2,67.80898876404494,68.2201010668164,97338784,1.4568216255036709e-05,0.0405540809250111,0.193478009784157,3,,
mobilebert,15,3,80.95505617977528,83.21167883211679,376099249,8.269031504001214e-05,3.1604717797431774e-05,0.134552293223865,4,,
mobilebert,15,4,71.17977528089888,70.52217855137563,1548264665,7.5307530411946035e-06,0.0082261254720606,0.1495198262629422,2,,
mobilebert,15,5,82.07865168539325,84.33464345873105,1165620534,8.11210378230096e-05,0.0009735165498319,0.1048394162954577,8,,
mobilebert,15,6,81.17977528089888,82.8747894441325,1756290349,5.147803408996496e-05,0.006520046544165,0.05903206793978,5,,
mobilebert,15,7,78.76404494382022,78.21448624368333,803104869,1.404153440027689e-05,0.0008204471906342,0.109313122716309,5,,
mobilebert,15,8,81.51685393258427,82.93093767546323,497002104,5.09728760854135e-05,3.400428611840247e-05,0.1676578943859125,7,,
mobilebert,15,9,81.96629213483146,81.75182481751825,967253728,3.230609872849357e-05,0.0144195141737726,0.1494141248097909,10,,
mobilebert,15,10,50.61797752808989,49.8034811903425,2069429571,1.346106148142442e-05,0.0001503442669222,0.0971210639117081,3,,
mobilebert,15,11,78.25842696629213,77.65300393037619,682767876,6.481847789930608e-06,3.653100123249618e-05,0.1317968946962105,8,,
mobilebert,15,12,81.29213483146067,83.04323413812465,2072067286,4.787999781079266e-05,0.0480000601844595,0.0657294486461235,9,,
mobilebert,15,13,81.01123595505618,82.93093767546323,1669017846,7.928273653828862e-05,0.0111726576216766,0.0661406329590836,6,,
mobilebert,15,14,76.68539325842697,75.80011229646266,910408320,1.8272879206418377e-05,0.0333931225751731,0.1543353392584187,4,,
mobilebert,15,15,81.17977528089888,83.32397529477821,531180758,8.073398980693162e-05,0.0693117658810447,0.1243334309545987,9,,
mobilebert,15,16,81.06741573033707,82.59404828747894,342575336,2.651003975480652e-05,0.0001243644028771,0.1586221056157059,8,,
mobilebert,15,17,81.34831460674157,82.48175182481752,1883042502,5.157081234079288e-05,0.0063638355548634,0.0974089632794462,10,,
mobilebert,15,18,78.20224719101124,78.15833801235262,1829652269,6.28104467706188e-06,0.0235712614620695,0.1724025258144423,10,,
mobilebert,15,19,62.07865168539326,59.57327344188658,866823434,1.505135729953812e-05,0.0002206535146562,0.040144867706784,6,,
mobilebert,15,20,69.8314606741573,69.62380685008422,200787698,2.1631937261291422e-05,0.0021237411262,0.0838198475968651,7,,
mobilebert,15,21,81.51685393258427,83.15553060078608,1063657700,7.23189659265685e-05,1.6931170470639972e-05,0.0908647165762117,10,,
mobilebert,15,22,81.79775280898876,82.76249298147108,149247984,5.83024206302292e-05,0.000882569363325,0.0577496094021351,8,,
mobilebert,15,23,62.69662921348315,64.06513194834363,1455828784,5.0929552019095175e-06,3.6636122880829474e-05,0.0977442680912868,9,,
mobilebert,15,24,80.84269662921348,82.8186412128018,1603124254,2.4384141364149464e-05,0.0001177780141884,0.0484682893715486,7,,
mobilebert,15,25,75.84269662921348,76.02470522178551,947635647,8.794817938948317e-06,3.789069917772359e-05,0.1105462594473309,4,,
mobilebert,15,26,78.65168539325843,78.5513756316676,369984706,1.2832311568679902e-05,0.0356920230958417,0.1706047646810072,6,,
mobilebert,15,27,77.64044943820225,77.93374508702976,357207227,9.12639637298235e-06,0.0001809548344086,0.0539186773191269,7,,
mobilebert,15,28,60.28089887640449,61.3700168444694,152697076,1.2687474049186975e-05,0.0179728686912664,0.087541742163061,6,,
mobilebert,15,29,81.01123595505618,82.70634475014037,319533424,9.434247636648409e-05,0.0126134612738666,0.1039964669286226,9,,
mobilebert,16,0,82.57448004496908,82.75280898876404,1909915354,6.492796686113605e-05,0.048811415627429,0.1892730871003889,2,,
mobilebert,16,1,81.95615514333896,83.03370786516854,260956530,2.915022730479357e-05,1.6604598631417246e-05,0.0608148816942192,8,,
mobilebert,16,2,69.08375491849354,71.17977528089888,1113359681,5.689476005171248e-06,0.0001037409143817,0.0098673443811752,9,,
mobilebert,16,3,78.41483979763912,79.6067415730337,1522805194,6.105870183078852e-06,0.0338603695133592,0.0249926552259329,9,,
mobilebert,16,4,81.22540753232153,82.41573033707866,1129317254,3.080355766234264e-05,0.0022274796841606,0.1040287927870767,3,,
mobilebert,16,5,81.00056211354693,82.75280898876404,695484789,1.5015376231524313e-05,0.006032817524265,0.128464371574189,8,,
mobilebert,16,6,82.79932546374367,83.65168539325843,1876079653,4.260135836203582e-05,0.001079522457836,0.1921317279541399,6,,
mobilebert,16,7,80.32602585722316,81.91011235955057,365886317,2.9725161138223124e-05,0.0023804394091391,0.1711995202707834,3,,
mobilebert,16,8,65.71107363687464,68.48314606741573,1408239909,6.281346220733892e-06,1.745852413948626e-05,0.0495247517511282,7,,
mobilebert,16,9,80.21360314783587,81.34831460674157,1281960068,2.3551724426085825e-05,0.003774373314008,0.1804251727275435,3,,
mobilebert,16,10,82.51826869027543,83.59550561797752,492652844,2.867302771927206e-05,0.0004180442022423,0.0279912546358763,10,,
mobilebert,16,11,78.07757166947724,81.01123595505618,1536732512,2.899410566748024e-05,3.611459696344043e-05,0.1953955888978824,2,,
mobilebert,16,12,82.79932546374367,83.20224719101124,491822594,8.150946647722238e-05,0.0002174694022542,0.1228213360059489,8,,
mobilebert,16,13,81.84373243395166,82.35955056179775,810143792,6.67213621645874e-05,0.0241338812327129,0.1973568168693923,3,,
mobilebert,16,14,82.18100056211355,82.86516853932584,1582949995,1.3490091102090896e-05,0.0106229102726071,0.15462513058659,10,,
mobilebert,16,15,78.07757166947724,80.0,109043786,1.1611735767827972e-05,0.000299159812609,0.1190887185440232,4,,
mobilebert,16,16,77.17818999437887,78.14606741573034,1478612021,5.038138797322799e-06,0.0937540608362498,0.023941467665048,10,,
mobilebert,16,17,70.37661607644745,72.92134831460675,1720345482,5.172496821827112e-06,8.543243225681102e-05,0.0467241720620797,4,,
mobilebert,16,18,80.55087127599775,82.69662921348315,1606732770,8.317969757047492e-05,0.0002978205144737,0.1139400529412533,2,,
mobilebert,16,19,81.16919617762788,82.58426966292134,954852974,1.928946246872213e-05,0.0092259330699743,0.0883709114196927,5,,
mobilebert,16,20,81.50646430578976,83.20224719101124,1311013092,2.6239329910900587e-05,0.0001273211672625,0.0333781006320387,8,,
mobilebert,16,21,81.16919617762788,83.14606741573034,1154699518,1.9175118335015332e-05,0.000205106238908,0.0798422914922042,7,,
mobilebert,16,22,79.87633501967397,81.96629213483146,491355636,2.274472643861871e-05,0.0484926342752352,0.1278365452034762,4,,
mobilebert,16,23,80.83192804946599,82.13483146067416,1286811636,1.2886170980564718e-05,0.0012234878633577,0.0979188792147233,10,,
mobilebert,16,24,67.0601461495222,66.74157303370787,994506820,1.1023578165531289e-05,0.0062431133435525,0.0845349437170447,3,,
mobilebert,16,25,69.98313659359191,68.98876404494382,1610626008,5.996862672596437e-06,0.0010019630185599,0.1884155756095593,9,,
mobilebert,16,26,77.62788083192805,79.21348314606742,2023744936,7.2218279195635e-06,3.671233486516557e-05,0.1379935017936525,8,,
mobilebert,16,27,82.18100056211355,82.52808988764045,1712914372,1.9952799610884868e-05,0.0002429106818269,0.0415363722060327,10,,
mobilebert,16,28,75.32321528948847,77.52808988764045,1796805452,1.6295468675463347e-05,0.0002713920731061,0.0265674721098148,2,,
mobilebert,16,29,79.14558740865655,81.51685393258427,1174674370,3.6922422339783e-05,0.0049142468754653,0.1353458516245525,2,,
mobilebert,17,0,72.33314318311466,70.50770108385625,1095873741,6.029931184374326e-06,0.0182910610235763,0.1180377006015033,3,,
mobilebert,17,1,81.6314888762122,80.14831717056475,2079788915,3.511846355051847e-05,0.0065754244639579,0.1947958110535154,3,,
mobilebert,17,2,64.97432972047918,64.5750142612664,272174734,8.372471217928571e-06,0.0179785076797307,0.1824967507292593,5,,
mobilebert,17,3,81.1751283513976,79.57786651454649,957791842,1.8739961025200098e-05,0.0132969089663987,0.1149879851274688,6,,
mobilebert,17,4,83.34284084426697,82.14489446662864,1693001152,2.3434825875932136e-05,0.0013321169204714,0.1670570929441179,9,,
mobilebert,17,5,82.08784940102682,81.06103822019395,1709336567,1.4641129765514334e-05,0.0014641798126022,0.1070254388770152,10,,
mobilebert,17,6,81.91671420422134,79.63491158014831,1574182781,2.1035031222240065e-05,0.020200515336903,0.1994753586236217,4,,
mobilebert,17,7,65.08841985168283,63.94751853964632,304115566,5.573564083701797e-06,1.7747887223437487e-05,0.1139350317762976,7,,
mobilebert,17,8,81.85966913861951,81.1751283513976,1540315483,1.892199463341574e-05,0.0903751221993005,0.1680213520104435,10,,
mobilebert,17,9,80.20536223616656,79.3496862521392,846462536,3.13870088512409e-05,0.0336180717026639,0.027876055138538,2,,
mobilebert,17,10,72.50427837992014,70.6217912150599,783171100,6.852501083593892e-06,0.000104623248828,0.175424737760116,3,,
mobilebert,17,11,82.03080433542499,80.09127210496293,1578645707,3.868794547850259e-05,0.0064833923182998,0.0019420555782313,10,,
mobilebert,17,12,82.20193953223047,79.74900171135197,1599109521,1.48695837954929e-05,0.045336625111142,0.0634286406081288,9,,
mobilebert,17,13,82.77239018824872,80.09127210496293,2136116886,1.718927147769855e-05,0.0001496887684814,0.0940552177992445,9,,
mobilebert,17,14,83.28579577866515,80.77581289218483,1147158865,2.2194789632905667e-05,6.605616916794873e-05,0.0319705699224605,9,,
mobilebert,17,15,79.29264118653737,76.89674843126069,1945830443,7.012373466765643e-06,1.2956814360033476e-05,0.0008783693979809,9,,
mobilebert,17,16,82.54420992584141,81.85966913861951,2077434693,8.325815826123274e-05,0.0074343875407334,0.1924841332417676,4,,
mobilebert,17,17,49.05875641756988,47.63262977752424,725181527,7.052984290025995e-06,0.0001649791476885,0.0359628782271719,5,,
mobilebert,17,18,82.25898459783228,80.26240730176839,472120065,3.64148841045911e-05,0.0004970167491552,0.1551477923144056,3,,
mobilebert,17,19,61.03822019395322,59.49800342270394,1442310122,7.47222070482126e-06,0.0012336462221023,0.0793194732790781,6,,
mobilebert,17,20,83.28579577866515,81.00399315459212,1755864332,2.3938271783140715e-05,0.0043465232845846,0.130647910143241,10,,
mobilebert,17,21,82.48716486023959,80.43354249857387,1510272958,2.306916001345669e-05,0.0135857459995217,0.0072737992626265,8,,
mobilebert,17,22,79.97718197375927,78.49401026811181,1239300776,1.014562012986953e-05,0.0067098195540772,0.1112986566239699,5,,
mobilebert,17,23,78.2658300057045,76.89674843126069,1926026537,1.2904432495327794e-05,0.0389298031816234,0.1647251079602556,7,,
mobilebert,17,24,83.11466058185967,81.00399315459212,1256792221,5.204548556030199e-05,0.0002889103979254,0.1383474713291927,9,,
mobilebert,17,25,83.8562464346834,82.03080433542499,1654880264,9.01560399160759e-05,0.0001847756467445,0.1865409412425172,9,,
mobilebert,17,26,82.31602966343411,80.66172276098118,642358166,3.670819890823307e-05,0.0201530966121247,0.0666776794218231,3,,
mobilebert,17,27,74.10154021677126,71.70564746149458,1972106501,5.861388193983363e-06,2.088205877734277e-05,0.0361725294390768,8,,
mobilebert,17,28,83.91329150028523,81.28921848260126,1951561177,4.820345721281538e-05,1.0418183942569729e-05,0.0368939957952867,9,,
mobilebert,17,29,83.8562464346834,80.88990302338847,1651238978,9.568335909734448e-05,0.0065538065321476,0.0409946212221435,6,,
mobilebert,18,0,68.99092970521542,69.40509915014164,1580718500,9.85980161756949e-06,0.0183596918966963,0.1992641547468615,3,,
mobilebert,18,1,80.78231292517007,81.35977337110482,1586918879,2.8680542399697e-05,0.0036697359221319,0.0158280154003874,5,,
mobilebert,18,2,76.70068027210884,77.73371104815864,639436626,8.68148093030727e-06,0.0001199253500213,0.122217472594343,4,,
mobilebert,18,3,83.33333333333333,82.8328611898017,1226995821,3.281346646335082e-05,0.0013373233095841,0.0765178286030902,9,,
mobilebert,18,4,80.27210884353741,80.84985835694052,148476588,3.297438609562532e-05,0.0014814296383817,0.1081451802862095,2,,
mobilebert,18,5,82.87981859410431,82.4929178470255,20773841,7.075862251181934e-05,0.0176051160267204,0.0903334886100647,3,,
mobilebert,18,6,76.13378684807256,76.9971671388102,1205452306,2.1920147228201737e-05,6.127619688805131e-05,0.0061575243442655,3,,
mobilebert,18,7,81.40589569160997,82.88951841359773,243670449,8.548712236547488e-05,6.75690645198995e-05,0.1580824063676302,4,,
mobilebert,18,8,82.08616780045351,80.84985835694052,1838674918,2.1088632943497465e-05,0.0760399705821425,0.0768547927614542,7,,
mobilebert,18,9,81.97278911564626,82.26628895184136,1186772573,2.519349678652941e-05,0.0007846640406408,0.167791371982107,8,,
mobilebert,18,10,81.34920634920636,82.3229461756374,761701450,2.3682432516688305e-05,9.199657078723176e-05,0.129766654155506,8,,
mobilebert,18,11,82.93650793650794,83.22946175637394,830839908,4.478544670275826e-05,7.712368668427887e-05,0.1671229744263645,10,,
mobilebert,18,12,82.53968253968254,82.20963172804532,1317006887,3.583572275095893e-05,0.0075841522651132,0.0750053634905166,5,,
mobilebert,18,13,83.33333333333333,83.05949008498584,499377181,3.974229303971505e-05,0.0030427656483426,0.0358094636898826,7,,
mobilebert,18,14,77.55102040816327,78.13031161473087,1616778017,7.31200276059873e-06,0.0003025705818598,0.0324865483324496,7,,
mobilebert,18,15,82.99319727891157,82.8328611898017,801341591,2.27031522520726e-05,0.0349735394593109,0.043363252826271,8,,
mobilebert,18,16,45.12471655328798,46.96883852691218,584663574,1.7979392962977752e-05,0.0006070971103923,0.0627589199790386,4,,
mobilebert,18,17,81.63265306122449,81.69971671388102,976974755,1.2573970394827196e-05,0.0867652099263059,0.0390707942820314,10,,
mobilebert,18,18,80.49886621315193,80.39660056657223,765106076,1.0044224631223842e-05,0.0002600644374265,0.0713857203672781,9,,
mobilebert,18,19,81.57596371882086,83.73937677053824,1126926632,6.71471033064942e-05,0.0040860566219675,0.0164365646027056,7,,
mobilebert,18,20,82.93650793650794,82.88951841359773,1434738835,7.730382936200488e-05,0.0083620347824132,0.0642430019691936,4,,
mobilebert,18,21,77.21088435374149,78.81019830028329,720489209,6.536934718458939e-06,0.000141001863526,0.1655561342198435,8,,
mobilebert,18,22,81.68934240362812,81.86968838526913,996789954,3.967859641818226e-05,0.0437566159487895,0.0835497955356357,4,,
mobilebert,18,23,62.755102040816325,62.54957507082153,292784511,7.401874696005231e-06,0.0005382854448058,0.1514198917783689,2,,
mobilebert,18,24,71.48526077097506,72.91784702549575,725820256,5.9799411821113135e-06,0.017346714712426,0.1625735677095534,6,,
mobilebert,18,25,77.89115646258503,78.64022662889518,1962235682,8.195687486278675e-06,5.543507167866468e-05,0.1490644058642911,7,,
mobilebert,18,26,83.0498866213152,82.4929178470255,173878363,8.87965915121671e-05,1.5195760210129564e-05,0.0767439258401575,3,,
mobilebert,18,27,82.65306122448979,83.22946175637394,1408326070,4.878530528818164e-05,0.0020499294155363,0.1340316305011814,8,,
mobilebert,18,28,82.42630385487529,82.66288951841359,2004015774,5.254859917994874e-05,0.0045057325114811,0.0127045917518144,8,,
mobilebert,18,29,81.91609977324264,82.60623229461757,1542217911,2.4206336945420927e-05,6.098094316237389e-05,0.1775661682088289,8,,
mobilebert,19,0,76.91428571428571,75.49971444888635,153682199,1.757366560368044e-05,0.0136873104395215,0.0875595471850189,2,,
mobilebert,19,1,65.2,63.16390633923472,1673843483,1.005778208188206e-05,0.0552502786273962,0.1670855400557188,6,,
mobilebert,19,2,78.34285714285714,76.81324957167332,729544285,1.6679551866553785e-05,0.0001504534183778,0.191729176228543,2,,
mobilebert,19,3,83.08571428571429,81.89605939463164,102994757,4.639651569024874e-05,0.0069274289645985,0.1848877965085659,7,,
mobilebert,19,4,79.25714285714285,77.84123358081096,961141164,9.439152193186328e-06,0.0571686848535124,0.0624232278404281,8,,
mobilebert,19,5,71.88571428571429,70.75956596230725,1347885323,1.1031234022539416e-05,1.448532317322774e-05,0.0029134806563675,5,,
mobilebert,19,6,81.88571428571429,82.41005139920046,1804460828,7.461806365776462e-05,0.0003791456797274,0.0559535591684061,9,,
mobilebert,19,7,64.45714285714286,63.27812678469446,685926969,9.030389949055602e-06,0.0412752050779247,0.0687543646050501,2,,
mobilebert,19,8,79.37142857142857,78.24100513992005,1552642010,1.0487711101266829e-05,0.0306224797773149,0.0147787525208927,9,,
mobilebert,19,9,80.97142857142858,80.92518560822387,328902980,4.339430401984877e-05,2.2715828441833968e-05,0.088967124075962,8,,
mobilebert,19,10,82.0,81.43917761279269,295994847,6.655664245196995e-05,0.0179319300398644,0.0428291753453547,3,,
mobilebert,19,11,82.28571428571429,81.72472872644204,1845458019,2.4202990543464333e-05,0.0005167386535166,0.0034587630653699,8,,
mobilebert,19,12,82.62857142857143,82.92404340376928,231041849,8.142686311501207e-05,0.0504020381773481,0.0961707243699633,6,,
mobilebert,19,13,71.65714285714286,70.3026841804683,1314972384,1.9733275307845903e-05,0.0006864822547601,0.0253964777250369,6,,
mobilebert,19,14,79.71428571428571,78.697886921759,856138928,7.098609937910635e-06,0.017635083236518,0.1946531827133044,10,,
mobilebert,19,15,62.0,59.39463163906339,1931616343,1.2320163861939946e-05,0.0441546472602386,0.0823872649679784,9,,
mobilebert,19,16,82.17142857142858,81.49628783552257,1064781324,8.510296751375578e-05,4.9568994871832286e-05,0.168025103451369,10,,
mobilebert,19,17,81.94285714285714,81.38206739006282,1671626200,6.879650852573268e-05,8.290030253008635e-05,0.1763284014980504,3,,
mobilebert,19,18,81.2,80.86807538549401,598618770,1.746451594264533e-05,0.0034814407282704,0.198366450817157,5,,
mobilebert,19,19,81.08571428571429,80.63963449457452,1743848395,1.2752372077895308e-05,0.0949557143822064,0.1342622812254485,8,,
mobilebert,19,20,83.08571428571429,82.41005139920046,578004358,9.058182451571892e-05,0.0185493259909681,0.1781269409900596,9,,
mobilebert,19,21,81.65714285714286,81.95316961736151,1859316075,6.764438321529345e-05,0.0013856571929133,0.1530247333499983,2,,
mobilebert,19,22,82.22857142857143,80.58252427184466,741381790,1.7041408861315106e-05,1.5753730709437195e-05,0.1584332551741227,9,,
mobilebert,19,23,82.8,81.0394060536836,1784063517,2.096104898379957e-05,1.7274370714788962e-05,0.1478402678440276,8,,
mobilebert,19,24,36.97142857142857,40.14848657909766,460739212,1.1044963434746806e-05,0.0015747505794091,0.0393919191980159,2,,
mobilebert,19,25,78.17142857142858,76.41347801256425,2035372361,5.3116725114230085e-06,2.481502357429772e-05,0.0146509943606289,9,,
mobilebert,19,26,82.4,81.55339805825243,1818101970,7.095646501034326e-05,1.987877263117216e-05,0.1034665419605363,10,,
mobilebert,19,27,82.05714285714286,81.89605939463164,538742841,4.018924516838537e-05,2.192657452833185e-05,0.0575709365193761,9,,
mobilebert,19,28,82.11428571428571,80.81096516276413,1351935763,2.0434309996228968e-05,4.0207946826741966e-05,0.0140133970231002,7,,
mobilebert,19,29,71.42857142857143,70.07424328954883,1395661088,5.2049336934764764e-06,0.0020271599662807,0.1590637733916504,9,,
mobilebert,20,0,82.03693340794628,82.15883668903803,104865996,7.984735466771482e-05,0.0289438382897116,0.1235819636435955,9,,
mobilebert,20,1,80.35814213766088,81.9351230425056,47760243,8.370005888139896e-06,0.0002917575767226,0.0394106392943374,10,,
mobilebert,20,2,71.79630665920537,72.87472035794184,513410480,7.731611490167522e-06,0.0001510609283536,0.0100904074477534,9,,
mobilebert,20,3,80.8617795187465,81.48769574944072,653431596,2.1181029877361144e-05,0.0001161216409219,0.1993930997766432,5,,
mobilebert,20,4,75.93732512590934,76.62192393736018,419258334,1.76481477280065e-05,0.000183148466782,0.1743399603456003,2,,
mobilebert,20,5,81.30945719082261,82.21476510067114,835963240,3.870632659939649e-05,0.0112601964888884,0.0884010013765948,3,,
mobilebert,20,6,81.75713486289871,82.94183445190157,495454588,2.473560037520075e-05,0.0003658627830746,0.0748679524368546,6,,
mobilebert,20,7,77.39227756015669,79.08277404921701,1524660765,7.937755636915743e-06,0.0176602035242062,0.1797443329334018,5,,
mobilebert,20,8,81.08561835478456,82.6062639821029,116657772,2.037861116549941e-05,0.0018505258939859,0.1178014351391783,8,,
mobilebert,20,9,82.65249020705092,82.88590604026845,821392626,6.153239094402802e-05,0.0007329368079979,0.025784572089264,7,,
mobilebert,20,10,80.8617795187465,82.5503355704698,1165159878,7.58761381273569e-05,0.0689464943296171,0.0486841901329631,9,,
mobilebert,20,11,81.14157806379407,81.9351230425056,678938370,8.751105323566957e-06,0.0003342714929799,0.0357397413359303,10,,
mobilebert,20,12,81.92501398992725,83.38926174496645,1380991350,3.789133492761606e-05,1.1536091919053804e-05,0.1525936176952792,8,,
mobilebert,20,13,60.660324566312255,62.1923937360179,1517916484,5.178570845317049e-06,0.0005851697295141,0.0712229788449464,2,,
mobilebert,20,14,81.92501398992725,82.5503355704698,1532985976,3.49818016891143e-05,0.0182885055450736,0.1435570650416984,4,,
mobilebert,20,15,81.92501398992725,82.04697986577182,1850260340,9.695740879148024e-05,0.0010515035086478,0.1416890214889233,3,,
mobilebert,20,16,82.1488528259653,82.10290827740492,412726038,6.339044165585169e-05,0.0062746227955448,0.1791565429035441,8,,
mobilebert,20,17,81.2534974818131,82.04697986577182,2109859996,2.0918908259079395e-05,0.0013793070101645,0.093031676546308,5,,
mobilebert,20,18,81.92501398992725,82.38255033557047,1347225381,4.332343533085824e-05,2.5580064706348822e-05,0.1713531140235857,7,,
mobilebert,20,19,81.53329602686065,82.94183445190157,783373512,3.5877834331095594e-05,0.0008285610959619,0.1575961072993384,9,,
mobilebert,20,20,68.60660324566312,70.13422818791946,456722521,7.280650563229402e-06,0.0824441074665376,0.0018984414994192,7,,
mobilebert,20,21,76.55288192501399,77.3489932885906,259383177,1.2356777102240038e-05,0.0013740783136642,0.0003947307325971,3,,
mobilebert,20,22,82.1488528259653,81.65548098434004,882292505,8.224154817914525e-05,0.0001677480972738,0.1344503322779681,10,,
mobilebert,20,23,70.11751538891998,70.86129753914989,83560665,5.613432207430104e-06,0.0047113260490049,0.0540899692496171,3,,
mobilebert,20,24,81.64521544487968,81.9910514541387,151036663,3.559389972589158e-05,0.0008803937075004,0.1164918671417375,4,,
mobilebert,20,25,52.3223279238948,53.52348993288591,780534604,9.50918124888644e-06,0.0034933441488705,0.0675450459091249,4,,
mobilebert,20,26,67.87912702853946,68.0089485458613,2108951881,1.1718420780249443e-05,0.0003729053661053,0.1186301354983949,3,,
mobilebert,20,27,75.04196978175713,75.72706935123043,1323297321,5.362234426478848e-06,0.0002003827598083,0.0377797840404591,5,,
mobilebert,20,28,80.63794068270845,80.92841163310962,2100695983,1.3727342620917817e-05,0.0019112602882545,0.1220355602406555,7,,
mobilebert,20,29,81.86905428091774,83.27740492170022,1565743919,3.068702420450565e-05,0.0002990269268494,0.0179275576238343,9,,
mobilebert,21,0,81.38357705286839,80.98987626546682,63804874,2.7427096165848746e-05,0.0031131598076247,0.00967720921167,6,,
mobilebert,21,1,80.48368953880765,79.35883014623172,1878910649,4.215865994775045e-05,0.0060367838053968,0.130846378047709,2,,
mobilebert,21,2,81.10236220472441,80.65241844769403,1432564958,1.9026779755081624e-05,0.001486765565331,0.1123089829717546,9,,
mobilebert,21,3,71.31608548931383,69.23509561304837,1399722983,8.785840226482704e-06,0.0010245447161706,0.1240272703277729,10,,
mobilebert,21,4,40.21372328458943,39.76377952755905,1496507541,6.142025366821898e-06,0.000109769863878,0.0317417802730934,7,,
mobilebert,21,5,79.86501687289089,79.92125984251969,1832269224,9.156882776230052e-06,1.2710100159534245e-05,0.1675035800608562,10,,
mobilebert,21,6,82.33970753655792,82.33970753655792,1273636605,3.4760327778552163e-05,0.0218709613273241,0.0195975413480904,10,,
mobilebert,21,7,71.09111361079864,69.62879640044994,484476524,1.0071979435532946e-05,0.0619747570595957,0.0008175604080091,3,,
mobilebert,21,8,81.60854893138358,81.77727784026996,1029404684,3.582191853797582e-05,0.0002947910600868,0.1060930021442681,9,,
mobilebert,21,9,82.17097862767154,81.77727784026996,269953645,6.68574778643263e-05,0.0001820664226559,0.1065916815842824,10,,
mobilebert,21,10,80.31496062992126,79.92125984251969,1054339458,2.17359189223721e-05,0.0026578181230923,0.0304221007060791,3,,
mobilebert,21,11,81.43982002249719,81.38357705286839,1184607131,8.620507747124935e-05,0.0183566383884534,0.1388242027155961,5,,
mobilebert,21,12,81.49606299212599,82.39595050618672,1506401664,1.9958286733885595e-05,0.0012709208382808,0.0256872040917812,6,,
mobilebert,21,13,70.58492688413948,69.23509561304837,1579505227,6.141763574079804e-06,0.0006445906925527,0.0336483381807346,8,,
mobilebert,21,14,81.66479190101238,81.60854893138358,929585778,9.09452163603833e-05,0.0124782670863273,0.0037791969989387,10,,
mobilebert,21,15,76.6029246344207,76.26546681664792,317391127,8.242808833868636e-06,0.0004193401491666,0.1546605658971942,9,,
mobilebert,21,16,80.14623172103487,79.92125984251969,663050064,2.765441125020888e-05,2.734824953499742e-05,0.00229121358863,3,,
mobilebert,21,17,81.88976377952756,82.00224971878515,1856318781,3.341047624621445e-05,0.0301063106391538,0.1318568750288381,8,,
mobilebert,21,18,76.5466816647919,76.32170978627671,1117511803,1.1327684914891446e-05,2.377445025609524e-05,0.0105512372225361,6,,
mobilebert,21,19,80.87739032620922,81.04611923509562,2133813317,2.092424804039387e-05,0.0173180073075014,0.0311247584561732,8,,
mobilebert,21,20,79.41507311586052,79.19010123734533,1441851031,1.1101856823913845e-05,1.9369609539725863e-05,0.1372933593815017,9,,
mobilebert,21,21,82.45219347581552,82.28346456692914,807565803,7.312892664605361e-05,0.0135803255617689,0.1066695989362604,8,,
mobilebert,21,22,68.22272215973004,67.43532058492688,1011860178,1.0129508416931416e-05,0.0013433825667459,0.1468218132194906,3,,
mobilebert,21,23,82.39595050618672,82.11473565804275,1956367829,8.226642105505148e-05,0.0001090062415271,0.0999105872743975,3,,
mobilebert,21,24,81.10236220472441,79.86501687289089,2084074478,1.3632478352024831e-05,0.0189998135871118,0.1990311529279589,8,,
mobilebert,21,25,78.177727784027,77.33408323959505,1844659193,1.1915856493062502e-05,0.0001987691260573,0.1877514164248697,6,,
mobilebert,21,26,80.08998875140607,79.7525309336333,454704904,1.4945739934292011e-05,0.0370007886242678,0.1528703214519093,7,,
mobilebert,21,27,78.2339707536558,77.55905511811024,1947345796,1.1110556784290337e-05,0.0165404634042305,0.1440124037447647,4,,
mobilebert,21,28,42.57592800899887,42.51968503937008,1213564450,6.172998747747921e-06,3.163037888996187e-05,0.1466112196661719,5,,
mobilebert,21,29,81.49606299212599,81.83352080989876,256913774,3.406059232813152e-05,0.0179426789577007,0.0622202264269531,7,,
mobilebert,22,0,82.44318181818181,81.70454545454545,14163491,2.7228311940100653e-05,0.0058412957748339,0.1129036341548513,7,,
mobilebert,22,1,81.70454545454545,81.81818181818181,1798559602,6.670407812358589e-05,0.0233763423319815,0.1267776753276994,9,,
mobilebert,22,2,81.93181818181819,81.5909090909091,588672077,8.287599788574758e-05,0.0433799338522667,0.1189266072074662,10,,
mobilebert,22,3,53.75,52.72727272727273,1619213063,6.42195779313058e-06,0.006225187075682,0.1713159391897533,2,,
mobilebert,22,4,71.36363636363636,71.98863636363636,1491530824,1.964538290903567e-05,0.0013936143051111,0.1010819222354491,2,,
mobilebert,22,5,80.51136363636364,80.85227272727273,1182727585,1.2587056826947704e-05,0.0006766527413289,0.014133262492071,10,,
mobilebert,22,6,68.18181818181819,68.01136363636364,923822826,8.861227498666864e-06,1.2199626125001594e-05,0.1462498138678608,9,,
mobilebert,22,7,80.2840909090909,80.39772727272727,855793174,1.5091474733755387e-05,1.2344536129651974e-05,0.0049446092490922,8,,
mobilebert,22,8,80.51136363636364,80.05681818181819,1553579685,3.784109807688198e-05,0.0916897578488052,0.1284760674033329,3,,
mobilebert,22,9,63.29545454545455,62.61363636363637,411422228,6.400573346005839e-06,0.0028421959477773,0.0993257421162916,9,,
mobilebert,22,10,69.60227272727273,69.94318181818181,1560691643,5.70865647711185e-06,0.0002980481128593,0.0450206274222685,2,,
mobilebert,22,11,79.82954545454545,79.6590909090909,1753129516,1.103002420301276e-05,0.0001582278544562,0.0380974030438757,9,,
mobilebert,22,12,81.5340909090909,81.98863636363636,2069734380,4.623520399501353e-05,1.1311406694766813e-05,0.0880261762328078,10,,
mobilebert,22,13,81.42045454545455,81.70454545454545,541181855,2.7321393202467552e-05,0.0013112176576881,0.0370623929776228,6,,
mobilebert,22,14,82.10227272727273,81.36363636363636,184183923,7.240575785298556e-05,3.2910079085642415e-05,0.1447218954252924,7,,
mobilebert,22,15,80.05681818181819,79.82954545454545,591101702,4.303196354515344e-05,0.0437436341330812,0.1675766025432147,2,,
mobilebert,22,16,81.30681818181819,80.56818181818181,1727145384,2.2685115275238598e-05,0.0001276504638927,0.0669379230984716,8,,
mobilebert,22,17,81.02272727272727,80.625,666640438,1.7831601929094732e-05,0.0110898763485404,0.0151371120435284,8,,
mobilebert,22,18,69.26136363636364,69.6590909090909,966991440,7.277989170147951e-06,0.0001601363019342,0.0596600622330212,8,,
mobilebert,22,19,81.875,80.56818181818181,647775322,7.336717040765552e-05,0.0259302965394071,0.0052972250942409,3,,
mobilebert,22,20,79.7159090909091,80.22727272727273,123182598,2.4111824189154225e-05,0.00513854948666,0.0985101571301765,6,,
mobilebert,22,21,67.1590909090909,67.95454545454545,1602249262,7.730589493546246e-06,0.000718762190433,0.1204111664693446,9,,
mobilebert,22,22,80.85227272727273,81.47727272727273,1288003267,2.352579373140673e-05,0.0053432696511554,0.0255525093314466,7,,
mobilebert,22,23,54.26136363636363,54.20454545454545,377746592,6.6927196156859095e-06,0.007158846633231,0.1882380484059135,8,,
mobilebert,22,24,83.23863636363636,81.70454545454545,1836412531,6.258319906349405e-05,0.0002745679387209,0.0969782016802306,4,,
mobilebert,22,25,69.20454545454545,68.75,814338058,5.31795462835024e-06,0.0641137019627881,0.0618862314048858,2,,
mobilebert,22,26,46.19318181818182,45.56818181818182,492659450,6.747198139336015e-06,2.113250816232928e-05,0.1491657962527638,7,,
mobilebert,22,27,79.375,80.11363636363636,246170926,2.709909154575451e-05,2.087692861858419e-05,0.1885113000172166,4,,
mobilebert,22,28,82.04545454545455,81.5340909090909,1137240785,3.992735132984058e-05,0.0004141700371113,0.0627158745626932,9,,
mobilebert,22,29,82.5,82.44318181818181,606629411,5.371822389488637e-05,0.0235420020597811,0.0733404122271544,5,,
mobilebert,23,0,80.82427017744705,80.32036613272311,798100423,1.3729765562966612e-05,0.0793764020772865,0.1958422177405343,9,,
mobilebert,23,1,80.42358328563252,79.69107551487414,1533864453,2.77656767580697e-05,0.0010753284576403,0.05489664422748,3,,
mobilebert,23,2,82.71322266742987,81.52173913043478,114740035,8.576096876379738e-05,1.8471448001636216e-05,0.0247408319144316,4,,
mobilebert,23,3,82.25529479107041,81.23569794050343,2115719403,3.679425949618765e-05,0.0416973267369923,0.1594693379636819,3,,
mobilebert,23,4,81.79736691471093,81.17848970251717,563592239,7.527662792347236e-05,0.0606856914972734,0.1376184091444864,8,,
mobilebert,23,5,80.93875214653693,79.11899313501144,1784917926,1.0374960379927305e-05,5.033233121673152e-05,0.1842993473950278,7,,
mobilebert,23,6,82.31253577561534,80.89244851258582,248252445,8.987819028929433e-05,0.0005564926248005,0.0067474423356972,5,,
mobilebert,23,7,82.88494562106469,81.86498855835241,1162498037,4.881329259083489e-05,7.084398523813124e-05,0.1843884463619299,8,,
mobilebert,23,8,69.49055523755008,66.70480549199085,482943440,7.230729677191314e-06,0.0044233457329231,0.0075745366961804,5,,
mobilebert,23,9,82.02633085289067,81.17848970251717,1563359178,6.10061074275999e-05,0.000294362740288,0.0471612975769369,6,,
mobilebert,23,10,82.59874069834001,81.97940503432494,291823383,7.43465437972753e-05,0.0011890721345603,0.0876181496638311,3,,
mobilebert,23,11,68.3457355466514,65.8466819221968,482053789,5.570717408590693e-06,0.0014758205625096,0.073234686292729,9,,
mobilebert,23,12,43.73211219232971,45.93821510297483,2137226514,7.146850310036276e-06,0.0160546130613374,0.1649404027641635,3,,
mobilebert,23,13,82.59874069834001,81.52173913043478,1672862801,2.7478358527506183e-05,0.0938577047700562,0.0482612579678035,9,,
mobilebert,23,14,58.099599313108186,56.578947368421055,1415287035,1.5262482177450945e-05,0.0001798114511268,0.1283021792995571,6,,
mobilebert,23,15,71.03606182026331,68.36384439359267,869850066,5.49561540138147e-06,0.0611435390305163,0.1407156163805987,2,,
mobilebert,23,16,81.16771608471666,81.06407322654462,634186500,1.8659741287952817e-05,4.824373728790053e-05,0.0097716661339604,10,,
mobilebert,23,17,82.02633085289067,81.63615560640733,1875483703,4.8565294312991546e-05,0.0154392614393079,0.0613223265418006,8,,
mobilebert,23,18,80.59530623926732,79.74828375286042,791376841,1.2170370684553736e-05,0.0202255790638834,0.012809331193359,6,,
mobilebert,23,19,78.76359473382942,77.00228832951944,1372475972,3.609734143150574e-05,0.0583444266043254,0.1512351969937039,2,,
mobilebert,23,20,81.22495706926159,81.00686498855835,1729976091,7.01696215510958e-05,0.0120614038191402,0.0422637732778827,2,,
mobilebert,23,21,79.79393245563824,78.03203661327231,1602497072,1.9434100601222388e-05,0.0019739257190099,0.0292757171236205,3,,
mobilebert,23,22,81.51116199198626,81.69336384439359,193672332,8.003921349439172e-05,2.9285024459511637e-05,0.0857745149968471,6,,
mobilebert,23,23,80.30910131654264,78.71853546910755,1226489926,3.133251295366069e-05,0.0010838312655898,0.1485829345518101,2,,
mobilebert,23,24,81.9118488838008,81.52173913043478,1300667494,8.448137440334392e-05,0.0065852414537625,0.0183931660634911,3,,
mobilebert,23,25,79.04979965655409,78.54691075514874,985693047,1.109885115441455e-05,0.0450199050123047,0.0297793468712042,6,,
mobilebert,23,26,56.26788780767029,55.83524027459954,918637104,5.321950471029872e-06,3.8504773142527785e-05,0.1504347609223444,3,,
mobilebert,23,27,80.70978820835718,80.32036613272311,452650091,9.44730829636698e-06,0.0018681617251071,0.0752429703806982,10,,
mobilebert,23,28,81.45392100744132,81.00686498855835,1175729673,3.3545076649444975e-05,0.0002423133683228,0.0668236296206135,4,,
mobilebert,23,29,74.06983400114483,72.7116704805492,1602601261,1.2072700476718908e-05,6.249998963400433e-05,0.1382176258177394,4,,
mobilebert,24,0,81.38357705286839,82.91174817313097,1611156375,5.1203370302458514e-05,2.4599102686794485e-05,0.1888534851705541,9,,
mobilebert,24,1,80.20247469066366,82.46205733558179,286254002,2.7497010533960888e-05,3.740261063672913e-05,0.1551671010472894,7,,
mobilebert,24,2,63.61079865016873,65.654862282181,1842761479,7.230650673695861e-06,0.0106065487882614,0.0825212060275729,3,,
mobilebert,24,3,48.59392575928009,46.2619449128724,1783849578,6.826029722571323e-06,0.0022268080094411,0.0667753614435537,7,,
mobilebert,24,4,80.42744656917885,82.79932546374367,1100267127,2.5369763160564946e-05,6.474940102390088e-05,0.139250564292174,9,,
mobilebert,24,5,79.86501687289089,81.8999437886453,232935038,8.812491705737202e-05,0.0085632179627321,0.1008247009785083,6,,
mobilebert,24,6,80.59617547806525,82.85553681843733,1433801264,2.6950585667111187e-05,0.0012731685111909,0.0658492949137833,8,,
mobilebert,24,7,66.64791901012373,67.84710511523328,473465500,7.324773437487081e-06,0.0003078598696466,0.0302144530453558,7,,
mobilebert,24,8,80.87739032620922,82.40584598088815,791790125,3.99155779670035e-05,0.0011093820299682,0.0110978275738224,10,,
mobilebert,24,9,70.3037120359955,71.05115233277122,26649509,5.652110917332725e-06,0.0001133985027963,0.1311783518509282,2,,
mobilebert,24,10,74.29696287964005,75.26700393479483,2004420361,1.5486088554045414e-05,0.0262821067896175,0.040924450520504,2,,
mobilebert,24,11,80.37120359955006,81.28161888701517,1229417140,4.947460526653232e-05,3.3847094885704135e-05,0.1913376073383192,10,,
mobilebert,24,12,81.214848143982,83.5300730747611,998404175,4.22249296979843e-05,0.0505552281450444,0.1049404469355243,4,,
mobilebert,24,13,78.74015748031496,81.50646430578976,25521667,1.7191289265421907e-05,0.0002957101280051,0.177073221864547,5,,
mobilebert,24,14,76.26546681664792,77.96514896008993,759385367,2.1045715261370364e-05,0.095027627054374,0.0427713812986012,2,,
mobilebert,24,15,80.76490438695163,82.34963462619449,1172587640,5.851363156338382e-05,3.948436766053383e-05,0.0593608251494095,9,,
mobilebert,24,16,70.3599550056243,71.21978639685216,743690568,5.667411201512491e-06,0.0003435243533213,0.0024025943205496,2,,
mobilebert,24,17,67.43532058492688,68.07195053400787,531960108,8.163490290572525e-06,0.0002800479018556,0.0358174977787593,5,,
mobilebert,24,18,77.78402699662543,80.04496908375492,1537432483,8.236835577487087e-06,0.0002932896662292,0.1150823925290449,7,,
mobilebert,24,19,81.214848143982,82.68690275435638,1188862929,2.190514536667831e-05,0.0247358119879475,0.1904079298172437,8,,
mobilebert,24,20,77.67154105736783,79.82012366498033,719110994,2.34130080118234e-05,0.0002287841433856,0.1449099940729498,2,,
mobilebert,24,21,77.84026996625421,79.76391231028668,180436407,2.2974512257555944e-05,0.0118629632169018,0.174302132396099,3,,
mobilebert,24,22,73.00337457817773,74.25519955030916,1797993571,1.6916545775892215e-05,9.335532929344146e-05,0.1029700798054361,3,,
mobilebert,24,23,80.70866141732283,81.67509836987071,1155030987,4.301578181210902e-05,0.0213634855834101,0.0688173334894947,4,,
mobilebert,24,24,72.38470191226097,73.35581787521079,1074415677,1.192224560259496e-05,0.0183006669669793,0.0193284984180677,2,,
mobilebert,24,25,81.2710911136108,81.8999437886453,390540303,7.184962704488006e-05,0.0005068200087463,0.1126828564140324,4,,
mobilebert,24,26,81.94600674915635,82.46205733558179,311478088,3.4575938646041285e-05,2.431783395256238e-05,0.1270301756698137,10,,
mobilebert,24,27,70.52868391451068,71.27599775154582,1579027562,1.0377089991484151e-05,0.0002363551001805,0.0554449307987539,2,,
mobilebert,24,28,79.86501687289089,82.57448004496908,1711000862,5.312156212816403e-05,0.0072292766165741,0.0779521843560871,3,,
mobilebert,24,29,68.39145106861642,69.75829117481732,386499782,1.5223325298839518e-05,0.0488899753763576,0.1432725882595355,10,,
mobilebert,25,0,81.9365798414496,79.67157417893544,1924182410,9.913092152209632e-06,0.0226306883427293,0.0248080410432966,9,,
mobilebert,25,1,83.2955832389581,81.65345413363534,1192177140,9.12531415080376e-05,1.2564412771668434e-05,0.1601242791573759,6,,
mobilebert,25,2,83.63533408833523,82.10645526613817,916427307,9.68389062641664e-05,0.0005544755777064,0.1146043620112495,7,,
mobilebert,25,3,72.3669309173273,68.85617214043035,1941555447,1.2963891421308194e-05,0.0086927706327555,0.0783748218516831,3,,
mobilebert,25,4,80.86070215175538,78.3691959229898,1750175635,6.171737923190396e-06,0.0038598106870263,0.1455353724337601,9,,
mobilebert,25,5,84.59796149490374,82.84258210645527,1641399986,7.474818132391977e-05,0.0064795180664764,0.0657383788514654,10,,
mobilebert,25,6,82.21970554926388,80.06795016987543,1409688274,1.8475656472468062e-05,0.012282302251286,0.1698180438793848,5,,
mobilebert,25,7,82.89920724801812,80.69082672706682,2058517464,2.3153900252918805e-05,0.0003060377660614,0.1466029326213666,5,,
mobilebert,25,8,53.34088335220838,52.8312570781427,1758997873,2.3340576764995806e-05,0.0002790773744312,0.1315405502495069,6,,
mobilebert,25,9,83.52208380520952,82.33295583238959,563517232,9.30134571741662e-05,0.0003334995790048,0.0344850894551969,8,,
mobilebert,25,10,82.50283125707814,79.44507361268403,2102561465,2.03099420122684e-05,0.0027929730028031,0.0997055208711647,4,,
mobilebert,25,11,68.96942242355605,65.28878822197055,1239084466,9.8599008130615e-06,0.0361535678268467,0.1071397633241753,5,,
mobilebert,25,12,72.59343148357871,68.74292185730464,541275929,5.179121604570212e-06,0.04615753793769,0.1768694222076809,2,,
mobilebert,25,13,81.82332955832389,79.95469988674972,1571055980,4.331169420644174e-05,0.0002351512915025,0.1853819066534495,2,,
mobilebert,25,14,70.44167610419026,67.83691959229898,1706480971,7.753493411461205e-06,0.000804986818035,0.1798572424413327,3,,
mobilebert,25,15,81.0872027180068,78.59569648924122,1768961517,1.0757731001899534e-05,0.0008792179778335,0.1082083409547457,6,,
mobilebert,25,16,84.08833522083805,81.76670441676104,1470381888,5.652606906851185e-05,0.0736591470510215,0.0448970455322521,4,,
mobilebert,25,17,80.74745186862967,78.08607021517554,1142471755,2.187924627938169e-05,8.60498821708123e-05,0.0867934723010504,3,,
mobilebert,25,18,61.778029445073614,60.47565118912797,1806061683,6.2055310439619975e-06,0.0065183779757866,0.1885199191223449,3,,
mobilebert,25,19,66.13816534541337,66.93091732729332,1838559488,1.085569942754966e-05,0.0007619907329706,0.1397466951388622,4,,
mobilebert,25,20,82.55945639864099,80.74745186862967,96943341,3.490781282289463e-05,2.3014963053676137e-05,0.1361291783482163,3,,
mobilebert,25,21,83.1823329558324,81.25707814269536,246011343,6.578759617970097e-05,1.9915624325965656e-05,0.138515663330072,7,,
mobilebert,25,22,57.417893544733865,54.4167610419026,1385440157,5.193080062855575e-06,0.0018334258793816,0.1767713153580829,7,,
mobilebert,25,23,72.65005662514156,68.74292185730464,297772635,6.531752061231916e-06,0.0077403442730664,0.0894096311709226,5,,
mobilebert,25,24,82.55945639864099,79.04869762174405,113696568,7.360860217015836e-06,0.0024306377850021,0.1169293254963711,10,,
mobilebert,25,25,82.27633069082673,79.67157417893544,2045192990,1.7475801031750673e-05,3.1233770048925826e-05,0.0174654929396631,7,,
mobilebert,25,26,81.82332955832389,80.12457531143828,808779272,1.931813237618216e-05,0.0133262585547158,0.1210147345637812,6,,
mobilebert,25,27,83.69195922989807,81.9365798414496,1183760489,3.297894683237761e-05,0.0053480589371759,0.0074983483660606,9,,
mobilebert,25,28,82.89920724801812,81.25707814269536,496444909,5.45362135242539e-05,0.0278729790415016,0.1646569152229059,2,,
mobilebert,25,29,84.20158550396376,82.50283125707814,1737565677,6.775961350853401e-05,2.36765274800336e-05,0.0198114377887338,4,,
mobilebert,26,0,82.80898876404494,82.14486243683324,1923499711,2.9688702780375006e-05,0.026773488598678,0.1362878679851182,10,,
mobilebert,26,1,81.79775280898876,81.30263896687255,1751394959,7.922787593189278e-05,2.0061355918965453e-05,0.1880079938883618,6,,
mobilebert,26,2,77.02247191011236,77.48455923638406,1672937748,1.3552716165665913e-05,1.686056064207216e-05,0.1083643727688843,3,,
mobilebert,26,3,69.26966292134831,69.11847276810781,1600833944,1.089958846148677e-05,7.555987079292023e-05,0.0508881415015684,4,,
mobilebert,26,4,80.61797752808988,81.02189781021897,331791753,1.6595993780114006e-05,0.0067725546976147,0.0897476944212498,9,,
mobilebert,26,5,82.75280898876404,82.20101066816396,1021870053,8.358542538088082e-05,0.0015778340664955,0.0873828836288475,6,,
mobilebert,26,6,75.56179775280899,77.42841100505333,504361190,1.717083905830183e-05,0.0001431335473283,0.0454053188138777,4,,
mobilebert,26,7,79.10112359550561,79.95508141493544,425788809,3.787676027444154e-05,0.0045947148748237,0.0840835516892994,2,,
mobilebert,26,8,82.47191011235955,81.19034250421112,1669279575,3.350150355209145e-05,0.0082681805932168,0.0667345134235516,10,,
mobilebert,26,9,78.76404494382022,80.34811903425042,503708095,4.947056598153397e-05,0.0001168097196698,0.1203145411226761,2,,
mobilebert,26,10,80.78651685393258,80.6850084222347,993156735,2.425067300400501e-05,0.0002199416389983,0.0144818498490294,7,,
mobilebert,26,11,81.12359550561797,80.6850084222347,174752732,1.491063145949004e-05,0.000903470998395,0.1847589676092663,10,,
mobilebert,26,12,73.87640449438203,76.97922515440763,2093972727,5.744961274472847e-06,0.0005177876054875,0.0407146923806866,5,,
mobilebert,26,13,82.97752808988764,82.65019651880965,1931460915,4.1939269320189766e-05,0.0201084049168673,0.0231328757366994,10,,
mobilebert,26,14,80.4494382022472,81.02189781021897,837459284,4.46894803787426e-05,1.0700934847128514e-05,0.1038942675394596,3,,
mobilebert,26,15,82.41573033707866,82.70634475014037,428419557,6.720636272720314e-05,0.0146616080603708,0.1275970669609295,8,,
mobilebert,26,16,71.51685393258427,70.91521617069063,1198276098,8.628439842962758e-06,0.0001216625716719,0.123090861928909,5,,
mobilebert,26,17,75.84269662921348,77.65300393037619,1187084654,9.40096249471528e-06,0.0001391862497337,0.1516744852905432,4,,
mobilebert,26,18,80.61797752808988,80.74115665356541,936765553,1.4672993649906175e-05,2.987117054060145e-05,0.0811499786490294,10,,
mobilebert,26,19,78.98876404494382,79.449747332959,689466389,3.953197181512764e-05,0.0054363368513815,0.0695868569305114,2,,
mobilebert,26,20,81.74157303370787,82.8747894441325,1019378786,6.662982552481183e-05,0.0001028803281417,0.0978533944138609,6,,
mobilebert,26,21,80.89887640449439,81.69567658618753,1265152903,1.1763004391400608e-05,0.0314025334113552,0.1816684166416687,9,,
mobilebert,26,22,82.24719101123596,82.14486243683324,989521498,3.477309821887623e-05,0.0735825586377013,0.0185321578131848,6,,
mobilebert,26,23,82.97752808988764,82.65019651880965,1664061786,5.617551728134379e-05,0.0001182268487719,0.0163126584397407,8,,
mobilebert,26,24,79.10112359550561,79.842784952274,945424239,2.325418429779616e-05,0.0245519500638923,0.1067471652305106,3,,
mobilebert,26,25,79.10112359550561,79.0005614823133,728403075,2.2235888337933483e-05,0.0015825835203901,0.0557824191907235,3,,
mobilebert,26,26,82.64044943820225,81.97641774284111,1738265767,3.888663644830314e-05,0.0231596102807465,0.1800893547612082,6,,
mobilebert,26,27,82.13483146067416,81.92026951151038,1671409468,4.994137251188896e-05,0.0568624282535439,0.0218809113785704,7,,
mobilebert,26,28,79.10112359550561,80.2919708029197,327274050,1.598771080901985e-05,0.0074798150309867,0.113525328394953,5,,
mobilebert,26,29,82.19101123595506,83.09938236945536,981044637,3.116750103942958e-05,0.0251476413459088,0.1553878294203146,6,,
mobilebert,27,0,63.51274787535411,62.77620396600567,593407875,5.641172231159687e-06,0.0147517074294504,0.1649416199968938,5,,
mobilebert,27,1,81.86968838526913,81.58640226628896,1472371487,1.5456169066410888e-05,0.00291540214021,0.199112218104453,9,,
mobilebert,27,2,80.84985835694052,80.1699716713881,1513021667,4.4422751010977246e-05,0.0002263293945244,0.0473596903756975,2,,
mobilebert,27,3,71.84135977337111,71.84135977337111,1055897849,1.1794536195770504e-05,0.0001804325644371,0.0330543167735408,4,,
mobilebert,27,4,75.69405099150141,76.26062322946176,1779374204,9.909902568912085e-06,0.0003009203260078,0.1307202300396147,3,,
mobilebert,27,5,70.8215297450425,70.42492917847025,315365047,9.888424107772648e-06,0.000950788731226,0.1561248218248975,7,,
mobilebert,27,6,80.45325779036827,78.81019830028329,1747183241,9.282946445896544e-06,2.0615121667285464e-05,0.1837730271021777,10,,
mobilebert,27,7,81.98300283286119,83.56940509915015,88945613,8.896766146782714e-05,0.0005442909744936,0.044020602812263,5,,
mobilebert,27,8,80.33994334277621,80.39660056657223,770285432,3.2728224873147287e-05,0.0002840784552559,0.1207274886075112,3,,
mobilebert,27,9,82.43626062322946,81.98300283286119,904287202,2.3661627408236576e-05,0.0251832557336565,0.0698993188861348,10,,
mobilebert,27,10,80.45325779036827,80.56657223796034,178699242,1.2185541256196717e-05,0.0029326651898857,0.0464826226899259,7,,
mobilebert,27,11,80.6798866855524,79.88668555240793,1527980003,1.945026438741052e-05,4.072596416324741e-05,0.0952951834343783,4,,
mobilebert,27,12,80.0,79.66005665722379,990646623,1.1481383101435192e-05,2.448291579533968e-05,0.1958186644114599,8,,
mobilebert,27,13,80.62322946175638,80.0,210137283,3.855851287639356e-05,8.979081605961883e-05,0.0635476093144386,3,,
mobilebert,27,14,82.3229461756374,82.26628895184136,189494146,5.127562965878763e-05,0.0001614724182717,0.062423677529274,7,,
mobilebert,27,15,83.45609065155807,81.86968838526913,1376219541,8.571005520243807e-05,0.0034897293547145,0.145028722940265,9,,
mobilebert,27,16,64.36260623229462,64.07932011331445,1432928781,3.137393509884784e-05,0.0001739056664863,0.1792235530740312,7,,
mobilebert,27,17,82.77620396600567,81.24645892351275,2126351640,5.630915742054703e-05,0.0001420508816244,0.1919264864374572,8,,
mobilebert,27,18,79.26345609065156,77.90368271954674,358747396,7.916947547734727e-06,0.0319458959914099,0.0828005466604515,10,,
mobilebert,27,19,82.66288951841359,81.41643059490085,415690011,8.926591021910287e-05,0.0763762372974114,0.061853082764504,3,,
mobilebert,27,20,81.58640226628896,82.20963172804532,437406385,8.743172477070788e-05,1.9790074951645387e-05,0.0642879979994067,5,,
mobilebert,27,21,81.18980169971671,81.52974504249292,1162410450,4.7633049552364886e-05,0.0012161065166615,0.0283975728134324,3,,
mobilebert,27,22,81.92634560906515,80.90651558073654,1097982091,3.604752325434877e-05,0.0486163761082004,0.012102763015042,4,,
mobilebert,27,23,81.75637393767705,81.47308781869688,919176483,3.268463593314736e-05,0.0001810512586174,0.152053700287904,10,,
mobilebert,27,24,80.45325779036827,79.60339943342777,902382669,1.397817685993558e-05,0.0012676291101364,0.0927372937468445,5,,
mobilebert,27,25,80.90651558073654,80.62322946175638,214709619,3.5275525273048355e-05,0.0121509074806581,0.1521706490637561,3,,
mobilebert,27,26,82.88951841359773,81.30311614730878,1016497015,7.656397286993177e-05,0.0006049630970497,0.196763566465199,8,,
mobilebert,27,27,81.24645892351275,80.56657223796034,1650610678,9.578401097124335e-05,0.0018133103530475,0.0160425435012313,2,,
mobilebert,27,28,83.85269121813032,82.15297450424929,1349256808,7.077103236118767e-05,0.0033521521062152,0.1462642609753781,9,,
mobilebert,27,29,52.63456090651558,50.87818696883853,169839626,1.0929497442135589e-05,0.0423765312725951,0.1513969046923968,3,,
mobilebert,28,0,84.14772727272727,82.61363636363636,905759148,6.075250489390379e-05,0.0041855094718822,0.1482640061004792,7,,
mobilebert,28,1,81.47727272727273,79.20454545454545,1374094598,4.330713960389833e-05,0.0268921654081644,0.184878385145694,2,,
mobilebert,28,2,80.05681818181819,78.97727272727273,1907695463,1.0412721303001371e-05,0.0044904422771243,0.014066379789244,8,,
mobilebert,28,3,83.63636363636364,83.125,307222200,4.177796862359827e-05,0.0082627005006756,0.1842230702611524,6,,
mobilebert,28,4,78.86363636363636,76.36363636363636,388329895,1.8077613689484223e-05,8.116293138509823e-05,0.0687442152103344,2,,
mobilebert,28,5,71.5909090909091,71.42045454545455,923419483,7.895187834921982e-06,4.580479361251184e-05,0.0125521715085153,6,,
mobilebert,28,6,79.77272727272727,77.67045454545455,167613574,7.092543015125657e-06,1.1621768289619772e-05,0.0546581083894611,7,,
mobilebert,28,7,82.89772727272727,81.02272727272727,1769837908,2.545838963323636e-05,0.0001293515268743,0.0568118968711679,5,,
mobilebert,28,8,72.44318181818181,71.76136363636364,1486588808,6.7877532355514925e-06,0.0017148852236329,0.049449092884965,7,,
mobilebert,28,9,83.57954545454545,82.04545454545455,761239001,3.0858650139457395e-05,1.6786743243223567e-05,0.0266177876608461,10,,
mobilebert,28,10,72.89772727272727,72.2159090909091,1322822145,2.728350988458227e-05,9.784755984083884e-05,0.1513839024223494,6,,
mobilebert,28,11,71.42045454545455,71.98863636363636,56230274,6.8789707296888704e-06,0.0003892723025333,0.0404561860174249,5,,
mobilebert,28,12,71.30681818181819,69.6590909090909,1316957799,1.0249264424603773e-05,0.0128538483187335,0.1832720250713171,4,,
mobilebert,28,13,47.04545454545455,46.76136363636363,34575054,8.168079422651014e-06,5.767721082743844e-05,0.0145179683765518,3,,
mobilebert,28,14,83.4659090909091,82.55681818181819,1360119293,6.972063762023972e-05,2.68948029096766e-05,0.0506205449610661,3,,
mobilebert,28,15,83.23863636363636,82.38636363636364,1122756141,3.35642280345968e-05,0.0067447061039137,0.0404225859477652,5,,
mobilebert,28,16,83.80681818181819,82.38636363636364,787711254,9.601551341504692e-05,0.0021781331128875,0.0456466936277668,10,,
mobilebert,28,17,83.69318181818181,82.27272727272727,2067311823,6.686371391781125e-05,0.0528596446546384,0.0891830141080322,10,,
mobilebert,28,18,74.0909090909091,72.38636363636364,369237821,1.0153512287602686e-05,0.0039653052587386,0.0147491251382448,2,,
mobilebert,28,19,83.29545454545455,81.30681818181819,480185608,6.340560834139655e-05,0.011001951256078,0.0804270655922,2,,
mobilebert,28,20,79.77272727272727,77.8409090909091,699375761,1.1959661984121852e-05,0.0003411069814319,0.0232016877796451,3,,
mobilebert,28,21,84.0340909090909,82.27272727272727,963271218,7.9403603243703e-05,0.0302941365521338,0.0691405551608366,5,,
mobilebert,28,22,81.47727272727273,81.02272727272727,902256239,3.363462424296768e-05,5.2747243802008016e-05,0.152961016573522,3,,
mobilebert,28,23,83.75,83.18181818181819,817910591,9.318452454652709e-05,0.002095740432608,0.0514358370919179,6,,
mobilebert,28,24,72.61363636363636,71.875,420067988,7.243524459104615e-06,0.0069194007334098,0.1534365043902476,6,,
mobilebert,28,25,82.8409090909091,80.17045454545455,347311277,5.976635686847804e-05,0.0005007118355721,0.0815348152510796,2,,
mobilebert,28,26,81.07954545454545,79.31818181818181,300701913,1.5104781993973664e-05,0.0002558965179445,0.0588293312701595,5,,
mobilebert,28,27,79.60227272727273,77.7840909090909,681836565,1.4258861369320095e-05,0.0037364405788346,0.0710409757261657,3,,
mobilebert,28,28,83.4659090909091,82.1590909090909,688420645,2.944012872832218e-05,0.0321268944360831,0.0809937214485903,9,,
mobilebert,28,29,52.21590909090909,50.68181818181818,1079822826,5.701775021527592e-06,0.0004382492107004,0.0935555041079023,4,,
mobilebert,29,0,81.20427687113111,81.42937535171637,1123859320,2.0067833472113625e-05,0.0009458724459018,0.1198070223025666,8,,
mobilebert,29,1,67.02307259425999,66.57287563308948,425903566,1.0333651451540111e-05,6.253260873864303e-05,0.0649626787160159,5,,
mobilebert,29,2,75.18289251547552,74.05740011254925,2127668999,1.804890608623279e-05,0.0003278875293347,0.0187333310901732,2,,
mobilebert,29,3,79.06584130557118,77.26505346088913,351279580,1.13393549400784e-05,0.0051221785713879,0.0750164037221478,6,,
mobilebert,29,4,82.55486775464266,80.92290377039954,1627616748,2.1963724891181128e-05,0.0203248326478383,0.1897204864610274,9,,
mobilebert,29,5,76.75858187957232,76.47720877884075,94910424,6.344006587244989e-06,2.7273655623021077e-05,0.1021138655838983,8,,
mobilebert,29,6,48.79009566685425,51.04108047270681,2112515835,5.785672079638391e-06,0.0051496638711246,0.0681777926602853,2,,
mobilebert,29,7,81.65447383230163,80.24760832864378,1660913452,2.2622731447027053e-05,0.0448230928842819,0.1093080295675269,5,,
mobilebert,29,8,82.66741699493528,81.03545301069218,763136541,7.052294771615234e-05,1.3335631567679512e-05,0.0803562241049589,7,,
mobilebert,29,9,75.40799099606078,74.45132245357344,572252942,7.942163082046271e-06,0.0057632243685586,0.0389342732175239,4,,
mobilebert,29,10,82.21722003376478,81.37310073157006,1392809610,2.5576594875872985e-05,0.0050846481178252,0.099092023362304,6,,
mobilebert,29,11,82.04839617332583,80.6978052898143,1746600107,4.787892435521722e-05,1.4965726082207794e-05,0.1860652673261343,4,,
mobilebert,29,12,78.55936972425437,76.81485649971863,2075724818,2.553016419490989e-05,0.0272669349986944,0.1134272564754664,4,,
mobilebert,29,13,80.19133370849747,78.78446820483961,220627262,4.002072316124439e-05,1.5208797173127838e-05,0.1931030700435607,2,,
mobilebert,29,14,69.38660664040518,69.0489589195273,645151838,7.038400477671245e-06,0.00032290722747,0.1790259497808906,10,,
mobilebert,29,15,81.87957231288689,80.58525604952166,48890328,3.869593457536157e-05,0.0004412975369784,0.1869071040008021,6,,
mobilebert,29,16,81.26055149127744,80.58525604952166,145678194,4.178716509971701e-05,0.0158346412177938,0.0077957883191313,5,,
mobilebert,29,17,82.38604389420371,81.1480022509848,2112916390,4.891777133577472e-05,0.009133051378945,0.1197249261351109,7,,
mobilebert,29,18,79.74113674732696,78.44682048396173,1191366006,4.030706242255776e-05,0.0035665646628596,0.0133580096846503,2,,
mobilebert,29,19,78.10917276308385,76.25211029825549,186982952,9.442869158706492e-06,0.002312988914979,0.1530012142181795,5,,
mobilebert,29,20,81.26055149127744,81.99212155317952,220505293,4.439427232607925e-05,1.3701015552845524e-05,0.0476500930383234,5,,
mobilebert,29,21,77.65897580191334,76.36465953854811,231639061,3.061223321292401e-05,0.0002685077162216,0.1921283685474759,2,,
mobilebert,29,22,70.56837366347777,69.27405740011255,768399338,1.3785115541003532e-05,5.9336465471692646e-05,0.1825476814675842,2,,
mobilebert,29,23,82.16094541361846,81.1480022509848,514217201,2.224704187709716e-05,0.0379787394033634,0.0099081187877173,10,,
mobilebert,29,24,81.20427687113111,80.13505908835116,476519764,4.173087354775403e-05,0.0002014121150015,0.0516431464179847,3,,
mobilebert,29,25,82.55486775464266,81.99212155317952,903425808,2.7954572383926345e-05,0.0211615960494872,0.145782253308711,7,,
mobilebert,29,26,79.34721440630275,77.77152504220597,695132586,8.173195336473302e-06,0.0022698722526105,0.1266352122907657,7,,
mobilebert,29,27,80.24760832864378,78.39054586381542,1885677427,3.442605968066746e-05,7.292513479746339e-05,0.0871342635123061,2,,
mobilebert,29,28,80.81035453010692,77.99662352279123,171015616,9.308975984966103e-06,8.633217209148046e-05,0.0696657796282493,8,,
mobilebert,29,29,77.15250422059651,76.58975801913337,1994435743,9.739937344326871e-06,0.0569589207602093,0.1104209444980551,6,,
distilbert,0,0,79.66970387243735,80.6378132118451,1490957094,8.73254104112e-06,2.7176996469374024e-05,0.16040881167859,10,False,False
distilbert,0,1,78.7015945330296,79.04328018223235,1816212727,6.936340333362223e-05,0.0018794626151566,0.1953349498278098,8,False,False
distilbert,0,2,80.06833712984054,81.43507972665148,614264360,1.3434450097948732e-05,0.0001031726479844,0.1000943972012586,9,False,True
distilbert,0,3,78.75854214123007,79.78359908883827,1971476625,9.883426545250143e-05,0.0294992432312608,0.0487123325454528,5,False,False
distilbert,0,4,78.5876993166287,80.46697038724373,1678401202,7.764520050147048e-05,0.0006764545071013,0.1616769534789109,8,False,False
distilbert,0,5,79.49886104783599,79.66970387243735,1011673711,9.219676415597553e-06,0.0001043112625572,0.0599713953673536,7,False,False
distilbert,0,6,80.23917995444191,81.32118451025057,134739083,3.604313431754355e-05,0.0105926590178087,0.1889586354339214,7,True,False
distilbert,0,7,79.44191343963554,80.06833712984054,782808776,4.362103121761655e-05,0.0232643738155915,0.0627533485179167,8,False,False
distilbert,0,8,79.72665148063781,79.84054669703872,314711888,2.1128571968899816e-05,0.0001049980329659,0.1801835799742875,3,False,False
distilbert,0,9,75.85421412300683,77.27790432801822,1136499981,5.537301842741021e-06,0.0047501929873896,0.0422472561727759,2,False,False
distilbert,0,10,79.84054669703872,80.06833712984054,340878660,9.584254041568125e-06,0.0002241429494419,0.1079523066886977,7,False,False
distilbert,0,11,79.38496583143508,79.6127562642369,2033165608,7.11066930302183e-05,0.0004329116783805,0.191330521574995,6,False,False
distilbert,0,12,79.55580865603645,80.97949886104783,4503721,1.2670657022450232e-05,2.926446366736945e-05,0.1521156885828165,9,False,False
distilbert,0,13,77.0501138952164,77.73348519362187,1777620698,9.208947639981657e-06,0.0071977193804873,0.1628612233420279,2,False,False
distilbert,0,14,79.55580865603645,79.15717539863326,1832026704,5.268638427858405e-06,0.0004036804698472,0.1828417238074417,8,False,False
distilbert,0,15,77.84738041002278,78.30296127562643,2019613623,5.955364279879859e-06,0.0018605325488761,0.1860632836246581,4,False,False
distilbert,0,16,78.53075170842824,80.41002277904327,375743015,7.846748573778182e-05,6.207272867732591e-05,0.0696810283028397,10,False,False
distilbert,0,17,77.79043280182232,78.7015945330296,1511425328,1.317607661723674e-05,0.0005529175054037,0.1514232244033287,2,False,False
distilbert,0,18,78.92938496583143,79.84054669703872,617063606,8.483076465048017e-05,2.610229954703069e-05,0.1470402586379352,6,False,False
distilbert,0,19,80.125284738041,80.75170842824602,163459431,1.3720889128833668e-05,0.001657404687724,0.084083016618533,9,False,False
distilbert,0,20,78.4738041002278,78.4738041002278,790866810,1.0319878193941372e-05,1.2291514072494303e-05,0.0105314527507805,3,False,False
distilbert,0,21,77.73348519362187,78.81548974943053,526292322,7.4941017355845374e-06,0.0083124759276529,0.0510368212173829,3,False,False
distilbert,0,22,79.1002277904328,80.29612756264237,1266744677,8.483342281075785e-06,0.0007473965756644,0.1389834034624425,8,False,False
distilbert,0,23,79.15717539863326,79.49886104783599,613192139,1.2895680789407544e-05,0.0115157896501995,0.1032012504504698,4,False,False
distilbert,0,24,79.6127562642369,79.84054669703872,2123572489,7.901111097290407e-06,0.0003697505116059,0.1419426399832895,10,False,False
distilbert,0,25,79.21412300683372,79.21412300683372,153891234,1.509332196185617e-05,0.0016930472273093,0.1190391557327804,3,False,False
distilbert,0,26,79.21412300683372,79.89749430523918,1181629916,8.489837330518523e-06,0.0049503631797011,0.079950511273326,7,False,False
distilbert,0,27,79.78359908883827,80.86560364464692,1289636097,2.8230513672704408e-05,0.0001944945947665,0.0457368673362389,8,False,False
distilbert,0,28,79.84054669703872,81.15034168564921,478443427,3.729165897030333e-05,0.0002092911595641,0.0703293943138228,2,False,False
distilbert,0,29,78.41685649202734,79.95444191343964,1404434307,9.803795396123396e-05,0.0018029656970262,0.0533734486103523,2,False,False
distilbert,1,0,78.52726250702642,78.20224719101124,740660110,5.195413231800168e-05,0.0022207007250352,0.0429727963545667,2,False,False
distilbert,1,1,79.87633501967397,80.0561797752809,1579379925,1.165750110074706e-05,1.113625098014328e-05,0.1551099543978463,9,False,True
distilbert,1,2,79.93254637436762,78.82022471910112,427522096,6.549181070053582e-05,0.0070938751429107,0.008697647409167,10,False,False
distilbert,1,3,79.48285553681843,78.37078651685393,845592983,1.180260889182563e-05,0.0029472048406603,0.1638439721608378,7,False,False
distilbert,1,4,80.26981450252951,78.70786516853933,1560601957,2.8427355448513143e-05,4.7629300038007806e-05,0.0254392930663021,9,False,False
distilbert,1,5,78.41483979763912,78.93258426966293,321187387,1.0966782713488754e-05,0.0017183385288416,0.0612730437473851,6,False,False
distilbert,1,6,79.03316469926925,78.37078651685393,1766064752,2.9391764169523135e-05,0.0041747737713696,0.1194838784424239,4,False,False
distilbert,1,7,78.92074198988196,78.31460674157303,1140279976,6.386225999938793e-06,4.514763795579427e-05,0.0501381796751262,9,False,False
distilbert,1,8,78.58347386172007,78.59550561797752,589113564,7.456301787236945e-06,0.0071169735744468,0.1662868352448292,8,False,False
distilbert,1,9,78.69589657110737,76.96629213483146,385026222,8.729071883413755e-05,5.9699536781326086e-05,0.1786078508213103,10,False,False
distilbert,1,10,77.62788083192805,77.47191011235955,726803682,8.680367002701394e-06,2.7046874241188318e-05,0.1266629917360054,3,False,False
distilbert,1,11,77.00955593029792,76.62921348314607,290015228,5.767976654588723e-06,0.0781221307802843,0.0133633461265921,4,False,False
distilbert,1,12,79.25801011804384,78.70786516853933,1554283999,6.345446092769642e-05,0.0020099479540053,0.1132678929636653,3,False,False
distilbert,1,13,77.6840921866217,77.69662921348315,1046444079,1.223692013994773e-05,8.27888618822554e-05,0.1839306205052834,2,False,False
distilbert,1,14,80.15739179314221,78.08988764044943,1772874071,3.8685491537699696e-05,0.0179609169257103,0.1914948178288538,9,False,False
distilbert,1,15,80.4946599213041,79.15730337078652,545154932,3.0235950392177416e-05,0.0002371527792541,0.0485942922510632,10,True,False
distilbert,1,16,78.18999437886453,78.76404494382022,364644674,1.0106546682882966e-05,5.872887663408784e-05,0.1391183688043558,4,False,False
distilbert,1,17,78.24620573355818,79.10112359550561,800446260,6.473895804478103e-06,0.0096532995775773,0.1855627722257155,9,False,False
distilbert,1,18,77.796514896009,77.41573033707866,172600682,5.276640470772387e-06,0.0003681157927623,0.1431450568237424,5,False,False
distilbert,1,19,80.10118043844857,80.0561797752809,759304967,3.127589255725065e-05,0.0031651527774518,0.1646121202418066,6,False,False
distilbert,1,20,78.58347386172007,78.98876404494382,1132347960,9.62719024952479e-06,0.0186212773296604,0.0949795734635347,8,False,False
distilbert,1,21,79.42664418212479,78.87640449438203,1315532805,3.569374723371446e-05,2.3376853996674983e-05,0.1761870311086071,3,False,False
distilbert,1,22,78.47105115233278,78.48314606741573,1119542250,7.367094273765402e-06,0.0002481077678298,0.1823945486967489,9,False,False
distilbert,1,23,79.14558740865655,78.76404494382022,1721092719,1.0762797646687356e-05,8.519361623253616e-05,0.1532842939489715,9,False,False
distilbert,1,24,80.3822372119168,79.32584269662921,1103642891,2.4193101186563343e-05,0.0035948454093711,0.052835468052964,6,False,False
distilbert,1,25,79.59527824620574,79.21348314606742,1244383494,1.8633657209532525e-05,4.306630767388268e-05,0.14831549341952,6,False,False
distilbert,1,26,79.42664418212479,78.53932584269663,2053923200,5.6678100274638726e-05,0.0031733234301465,0.1027452845254297,4,False,False
distilbert,1,27,77.40303541315346,76.12359550561797,407162151,5.0991219900937415e-06,1.2414060682140426e-05,0.0043435274859483,3,False,False
distilbert,1,28,79.37043282743115,79.5505617977528,151271283,2.207516620364042e-05,0.0069345271582651,0.0315077830836818,7,False,False
distilbert,1,29,79.0893760539629,78.53932584269663,182972308,8.090158576583334e-05,0.0115452154561311,0.0356226230768377,10,False,False
distilbert,2,0,78.7209960384833,78.21165817770232,1476058881,6.312298436299645e-05,0.0010455950283033,0.0252198667282684,9,False,False
distilbert,2,1,80.07923033389926,79.51329937747595,34740782,1.6747967300770574e-05,0.04721782927889,0.0300113273297286,5,False,False
distilbert,2,2,79.51329937747595,79.68307866440294,93327448,1.940261572964739e-05,4.677116439835077e-05,0.1571025508864034,3,False,False
distilbert,2,3,80.36219581211093,80.47538200339558,532264459,2.5183791545517942e-05,0.0012370427369771,0.0556130671700672,3,False,True
distilbert,2,4,79.45670628183362,79.2303338992643,1874628289,8.227176426241154e-06,0.0013312890249196,0.1409500240399101,5,False,False
distilbert,2,5,79.73967176004527,79.9660441426146,1649974409,9.064207365346807e-06,0.0221207477882397,0.1448049100960271,8,False,False
distilbert,2,6,79.45670628183362,78.8907753254103,1659474613,8.88749134126507e-06,9.656936631993416e-05,0.0625676529218616,4,False,False
distilbert,2,7,79.9660441426146,80.24900962082626,821661986,2.5351197033751604e-05,2.871857626422672e-05,0.1826338358211349,3,False,False
distilbert,2,8,80.64516129032258,78.94736842105263,51811340,4.757292344449424e-05,0.0176689997746321,0.0866639773801813,6,False,False
distilbert,2,9,79.9660441426146,79.28692699490662,1370184748,1.858797699769428e-05,0.0026080067818137,0.1457055421549358,8,False,False
distilbert,2,10,79.62648556876061,77.815506508206,1203895905,6.921574990539842e-05,0.0014602592678737,0.1290379140724695,4,False,False
distilbert,2,11,79.90945104697226,78.04187889077532,379604272,5.9026296211822005e-05,0.0042151739198271,0.1811317603956508,9,False,False
distilbert,2,12,79.2303338992643,77.815506508206,196401405,8.162191969361115e-05,7.909251240274082e-05,0.0709760850723811,7,False,False
distilbert,2,13,77.87209960384833,77.985285795133,1903993823,9.212467363842429e-05,0.0028653848181436,0.0596795377030066,7,False,False
distilbert,2,14,80.1358234295416,78.21165817770232,353954204,5.692111324941027e-05,1.426580105378584e-05,0.1829565623237715,9,False,False
distilbert,2,15,78.66440294284098,80.47538200339558,943708875,4.158039831187024e-05,0.0009510805739444,0.1819685338809056,2,False,False
distilbert,2,16,80.70175438596492,79.28692699490662,1418233908,3.363650859151659e-05,0.0005267403759953,0.1460450413781006,2,True,False
distilbert,2,17,78.60780984719864,77.985285795133,355799092,7.761404508022706e-05,0.0012303289751376,0.1536655242190795,4,False,False
distilbert,2,18,78.43803056027164,77.41935483870968,737149352,9.805974714099856e-05,0.0229250015315777,0.0347236487465055,10,False,False
distilbert,2,19,79.40011318619129,79.2303338992643,254719712,6.119011346616606e-05,0.0011761964073052,0.1538480822480673,8,False,False
distilbert,2,20,78.7209960384833,78.15506508205999,1800125130,5.001358546997264e-05,0.001746129600685,0.1603858804837114,8,False,False
distilbert,2,21,78.38143746462931,77.70232031692133,1623307779,6.411461863883043e-05,0.000610819395238,0.0843899457468899,8,False,False
distilbert,2,22,79.40011318619129,79.68307866440294,967624948,1.8466017323071392e-05,4.985589231240148e-05,0.1209031040669924,7,False,False
distilbert,2,23,79.51329937747595,80.24900962082626,1488836575,1.0485060215502132e-05,2.7501970510492e-05,0.0011892398104652,6,False,False
distilbert,2,24,79.62648556876061,79.40011318619129,9994116,2.847547070924362e-05,2.054030904259721e-05,0.1566744279592227,10,False,False
distilbert,2,25,79.28692699490662,78.60780984719864,1651799048,7.567618030078251e-05,0.0006586030293106,0.1782360844432413,7,False,False
distilbert,2,26,79.34352009054895,79.11714770797963,1597783983,6.677216160659792e-06,0.0018302565632659,0.1578507282810958,5,False,False
distilbert,2,27,79.28692699490662,79.17374080362195,710511045,3.0667066656186473e-05,0.0094348328942823,0.1323591383634034,10,False,False
distilbert,2,28,79.2303338992643,78.32484436898699,68202265,5.341846114255861e-05,0.081646568663703,0.0288876426982377,8,False,False
distilbert,2,29,79.45670628183362,79.85285795132994,61032867,4.896078342358939e-05,0.0659504514779444,0.1058393185839227,3,False,False
distilbert,3,0,79.29844738355376,79.29844738355376,1981099757,8.791786266643867e-05,0.0078109737783518,0.0153684445050408,7,False,False
distilbert,3,1,78.37837837837837,79.52846463484761,1792816167,6.03566046648691e-06,0.0213313580903628,0.1641485958310957,9,False,False
distilbert,3,2,79.75848188614147,79.98849913743531,703538189,4.372985089036656e-05,0.0031840535223267,0.0662276699866393,2,False,False
distilbert,3,3,79.93099482461184,80.50603795284647,1261476321,2.6549080169771784e-05,0.0157227477281493,0.1534243118850535,3,False,False
distilbert,3,4,78.49338700402531,78.66589994249568,2138921729,9.097696933265996e-05,4.813810525995548e-05,0.0316291089287399,2,False,False
distilbert,3,5,79.41345600920069,80.27602070155261,25391938,1.1594972134296894e-05,0.000534432008611,0.1604668670329095,6,False,False
distilbert,3,6,79.18343875790684,78.953421506613,2128671234,9.461493267798056e-05,0.0002138434433143,0.114869479838151,8,False,False
distilbert,3,7,78.09085681426107,78.32087406555492,647373433,1.2033575561338564e-05,0.0238026959664214,0.1989197520019477,2,False,False
distilbert,3,8,79.24094307073031,81.02357676825761,828437867,5.6093672780834576e-05,0.00111458951836,0.1367445633027606,6,False,False
distilbert,3,9,79.81598619896492,79.81598619896492,1129938646,1.7869193903434963e-05,1.3617615490808624e-05,0.1509558700576291,5,False,False
distilbert,3,10,78.953421506613,79.41345600920069,1976053154,9.627908465449306e-05,0.0008021853292892,0.093689243571598,6,False,False
distilbert,3,11,79.87349051178839,80.62104657849339,505892572,3.86484350867263e-05,4.262409349115473e-05,0.1465781484924367,6,False,False
distilbert,3,12,76.88326624496837,78.32087406555492,1835615486,6.482610861154404e-06,0.0004712293546405,0.1325094370406123,3,False,False
distilbert,3,13,78.72340425531915,79.41345600920069,1343294022,7.466410090825227e-05,6.061042932062943e-05,0.0343839604426053,10,False,False
distilbert,3,14,77.97584818861415,80.16101207590569,349930564,5.951670529106636e-06,0.0199924864155433,0.1984038050520686,6,False,False
distilbert,3,15,78.37837837837837,79.29844738355376,880301415,6.2390207173164765e-06,0.0010681917836739,0.1893503588690862,6,False,False
distilbert,3,16,81.02357676825761,80.85106382978724,2047720501,2.6665876791856184e-05,0.0002056324684335,0.0138838088519959,9,False,False
distilbert,3,17,79.64347326049453,80.04600345025877,1022110319,3.830115414225287e-05,0.0069916816845978,0.1454971656251509,3,False,False
distilbert,3,18,79.81598619896492,80.27602070155261,2035352344,2.1780716646131345e-05,0.0008933600764109,0.1917282490618636,5,False,False
distilbert,3,19,79.24094307073031,80.16101207590569,283770779,7.875734115865506e-06,1.9107714706000093e-05,0.1491990859044505,9,False,False
distilbert,3,20,79.41345600920069,78.953421506613,628233981,7.978133987758289e-05,0.001321709850039,0.0137781360704335,3,False,False
distilbert,3,21,78.32087406555492,79.29844738355376,1094344085,5.756092007321492e-06,0.0091848046386925,0.1063315462378784,8,False,False
distilbert,3,22,81.08108108108108,80.50603795284647,1876104527,3.550516737549972e-05,0.0820494510689451,0.0822440431730557,5,True,False
distilbert,3,23,78.60839562967223,78.953421506613,846797501,1.475988276959861e-05,0.0878810730750337,0.0095105423354718,3,False,False
distilbert,3,24,80.04600345025877,80.448533640023,1019468584,2.525191195802317e-05,2.487310392240457e-05,0.0651624132313479,7,False,False
distilbert,3,25,80.79355951696377,79.81598619896492,1439390377,4.982774361898929e-05,0.0022935038057005,0.0602966349849824,8,False,False
distilbert,3,26,80.39102932719953,81.25359401955147,310387191,1.384612042144968e-05,0.0001523148899809,0.0409439570478901,8,False,True
distilbert,3,27,80.39102932719953,80.96607245543416,1482691924,2.642714526282286e-05,0.0014633768876403,0.030176459325161,6,False,False
distilbert,3,28,80.33352501437608,80.56354226566992,855252884,1.2076095203996571e-05,0.0001220430723504,0.1393451536128568,8,False,False
distilbert,3,29,78.83841288096608,78.43588269120184,901943280,9.750920260617908e-05,0.0015818062231403,0.1082195893784786,10,False,False
distilbert,4,0,79.1304347826087,79.18840579710145,429852946,2.1550378413881507e-05,0.0161917679657245,0.0126283557400836,2,False,False
distilbert,4,1,79.59420289855072,78.55072463768116,1981302553,1.2613270437460724e-05,2.035362513266985e-05,0.1591784745683587,3,False,False
distilbert,4,2,79.47826086956522,79.2463768115942,661047906,5.3094239016799385e-06,0.0038274281700345,0.0925065324360181,8,False,False
distilbert,4,3,77.97101449275362,77.15942028985508,2024957979,6.5867253706351e-06,0.0225605626546564,0.0295968790098299,3,False,False
distilbert,4,4,79.76811594202898,78.84057971014492,914908709,1.4231492497663446e-05,0.002042028875808,0.1022271609919876,4,False,False
distilbert,4,5,79.07246376811594,78.31884057971014,1408661568,1.0281495485595775e-05,4.372258316341163e-05,0.0774322970062652,5,False,False
distilbert,4,6,79.94202898550725,78.55072463768116,403423893,8.929698759781167e-05,0.0019441929100297,0.1261813490129324,6,False,False
distilbert,4,7,78.4927536231884,77.79710144927536,1647854217,5.272740384389524e-06,0.0754698418436333,0.0003475974841289,4,False,False
distilbert,4,8,79.2463768115942,78.3768115942029,448062267,1.0222765675196783e-05,0.0004068913557956,0.1564186797959502,4,False,False
distilbert,4,9,80.6376811594203,79.59420289855072,1376942165,1.2046255954500427e-05,0.0066295701836389,0.1112628592885808,7,False,False
distilbert,4,10,78.66666666666667,77.68115942028986,1303119579,5.859167202668176e-06,2.2295498974626997e-05,0.1556795386163958,4,False,False
distilbert,4,11,80.05797101449275,79.94202898550725,1284695274,7.515885346050772e-06,2.257810323816545e-05,0.1406003630430963,8,False,False
distilbert,4,12,79.94202898550725,79.3623188405797,170332001,6.535642917277034e-05,0.0035206460646229,0.1404550213651124,6,False,False
distilbert,4,13,80.7536231884058,78.31884057971014,1114082449,6.738137674139173e-05,0.0064803983629427,0.1190876582607614,2,False,False
distilbert,4,14,80.17391304347827,77.33333333333333,1253627374,8.02897851758143e-05,0.033454898617768,0.1147021741990519,10,False,False
distilbert,4,15,80.40579710144928,79.53623188405797,1735061824,1.242607384501884e-05,0.0001701202532149,0.0800222992666632,10,False,False
distilbert,4,16,80.57971014492753,79.76811594202898,1075824400,1.2725674784490994e-05,0.0129383669765752,0.1692177246164316,7,False,False
distilbert,4,17,80.34782608695652,79.42028985507247,1992285013,6.960326500116748e-06,0.0145955429287507,0.1234037738274714,9,False,False
distilbert,4,18,79.71014492753623,78.26086956521739,1077890665,9.151536430092804e-05,1.387678045201898e-05,0.1023655746051236,2,False,False
distilbert,4,19,79.30434782608695,77.91304347826087,1445913825,1.876562495092281e-05,0.0334756540394575,0.1371960491784086,2,False,False
distilbert,4,20,80.40579710144928,78.55072463768116,1542308476,6.064784415803813e-05,0.0569699049862318,0.1891334336405557,10,False,False
distilbert,4,21,79.76811594202898,79.07246376811594,391557976,2.887669789588156e-05,0.0039527874103362,0.0305976309749819,3,False,False
distilbert,4,22,78.31884057971014,77.44927536231884,435823227,5.024750406001708e-06,0.0032857866176298,0.033598316536311,5,False,False
distilbert,4,23,79.65217391304348,78.89855072463769,674365156,1.8271239647454213e-05,0.0045251870652694,0.1134929305736522,3,False,False
distilbert,4,24,79.94202898550725,79.82608695652173,516846854,8.410691645980235e-05,0.0002730884599176,0.1825702333322394,4,False,False
distilbert,4,25,80.1159420289855,77.5072463768116,575957728,8.17149737423049e-05,1.9112262106850624e-05,0.0747492858256313,10,False,False
distilbert,4,26,80.92753623188406,79.59420289855072,1653367465,3.06995498673403e-05,0.0001025518262416,0.0457028487802848,5,True,False
distilbert,4,27,80.05797101449275,78.08695652173913,1743742815,7.63957745708319e-05,2.1235488998393643e-05,0.0872603361006593,10,False,False
distilbert,4,28,80.1159420289855,80.1159420289855,2103108945,4.252608862829227e-05,0.0004469532129147,0.1276839280006656,4,False,True
distilbert,4,29,80.1159420289855,79.30434782608695,923149202,7.800275547004472e-06,0.0150502961112264,0.0100351145880451,8,False,False
distilbert,5,0,77.87068004459309,79.59866220735786,1751400486,9.612156794111291e-06,1.903688820503496e-05,0.1500485110314351,3,False,False
distilbert,5,1,78.81828316610925,80.32329988851728,145120285,3.490832448431747e-05,0.0052422047174911,0.1822559316149023,6,False,False
distilbert,5,2,79.71014492753623,80.43478260869566,203688029,1.2574322739910296e-05,2.7239281179002056e-05,0.0328012979257373,6,False,False
distilbert,5,3,78.6510590858417,79.8773690078038,97562888,2.4504028960975583e-05,0.0134387870309098,0.1171106653506102,2,False,False
distilbert,5,4,80.88071348940915,80.15607580824972,2044596338,3.272462877959308e-05,3.8964827967548345e-05,0.0730275209457129,5,True,False
distilbert,5,5,79.59866220735786,81.0479375696767,1852548769,2.831903676692404e-05,5.903220120791319e-05,0.1364194397538474,7,False,False
distilbert,5,6,79.93311036789298,80.49052396878484,135034131,5.398822835552053e-05,0.0047076414199962,0.0889242804107358,4,False,False
distilbert,5,7,76.92307692307692,78.76254180602007,857587502,1.2878856659724033e-05,2.910821140491085e-05,0.0030919739425933,2,False,False
distilbert,5,8,78.26086956521739,80.32329988851728,763342368,9.569478913297062e-06,0.0115735184560294,0.103154097630135,4,False,False
distilbert,5,9,79.98885172798217,80.10033444816054,1730410521,5.989785662356323e-05,0.0097703648932044,0.0784335028443083,3,False,False
distilbert,5,10,80.2675585284281,80.54626532887403,1073007645,3.1323697400320576e-05,5.3079328767117234e-05,0.1182029625017433,4,False,False
distilbert,5,11,78.98550724637681,80.93645484949833,507109948,4.7300656850288656e-05,0.0057128638550951,0.1318987323430615,2,False,False
distilbert,5,12,76.64437012263099,77.75919732441471,571200220,5.431341514211908e-06,3.0395540046282856e-05,0.192202116284518,3,False,False
distilbert,5,13,80.43478260869566,80.71348940914159,250142519,3.978030421328479e-05,0.0001114413196347,0.0956334714170461,6,False,False
distilbert,5,14,79.76588628762542,80.71348940914159,228811788,1.090433074659107e-05,0.0004891867124935,0.1511883699566583,6,False,False
distilbert,5,15,79.76588628762542,80.32329988851728,1889768558,2.448713982217877e-05,0.0001040990489182,0.1375475863805273,8,False,False
distilbert,5,16,78.26086956521739,79.93311036789298,657704047,5.105498662222796e-06,0.0257613426580132,0.1019489975093936,5,False,False
distilbert,5,17,80.2675585284281,81.0479375696767,370916955,3.0691982891612584e-05,0.0006541094121177,0.0139356548876894,9,False,False
distilbert,5,18,77.87068004459309,79.26421404682274,911490736,9.684730752648238e-05,0.0178405764608729,0.0080547653084557,10,False,False
distilbert,5,19,79.76588628762542,80.43478260869566,859977155,9.894926050920607e-06,0.0224688771977752,0.1730424094695278,9,False,False
distilbert,5,20,80.71348940914159,80.54626532887403,1529276867,5.14959582702168e-05,2.0867973654569383e-05,0.0949513082773525,4,False,False
distilbert,5,21,79.8773690078038,80.76923076923077,1121953227,3.718338416870506e-05,0.0001414915658827,0.1152144841903916,2,False,False
distilbert,5,22,80.71348940914159,81.10367892976589,705137896,3.0285127561611792e-05,0.0035766562706172,0.0630571740429125,7,False,True
distilbert,5,23,78.37235228539576,80.54626532887403,1407516755,1.8252621824506363e-05,0.0001488875895618,0.1346834189314218,2,False,False
distilbert,5,24,77.98216276477146,79.09698996655518,1060723076,8.297368781128679e-05,0.0015226171616429,0.1476141823560016,6,False,False
distilbert,5,25,77.20178372352285,79.041248606466,1577109980,1.1766002953628972e-05,1.1677308431433744e-05,0.0960164696889744,2,False,False
distilbert,5,26,79.76588628762542,80.88071348940915,1299009640,2.328709108602675e-05,0.0068884900460725,0.1842531596894871,3,False,False
distilbert,5,27,79.26421404682274,80.15607580824972,995483762,8.978745413135467e-06,3.1553804618668555e-05,0.1054662634424865,5,False,False
distilbert,5,28,80.37904124860647,80.21181716833891,2067707552,9.44612733161248e-06,0.0010472559779714,0.0151215663637899,8,False,False
distilbert,5,29,79.37569676700112,80.15607580824972,1129941033,1.2081331374441752e-05,0.0003674939339648,0.0319616740549357,4,False,False
distilbert,6,0,80.89315997738835,78.36158192090396,1673769624,5.293213985086056e-05,0.0021036725925453,0.169685407124266,7,False,False
distilbert,6,1,80.78010175240249,79.43502824858757,265034765,7.937782107897672e-06,0.0004103069484439,0.1251743474870219,7,False,False
distilbert,6,2,78.57546636517807,77.00564971751412,1507244585,8.650163549168827e-06,0.0011178244349846,0.0884733266083893,2,False,False
distilbert,6,3,81.00621820237423,79.03954802259886,1103886646,3.022259479211377e-05,5.205918131039873e-05,0.1815087006657665,8,False,False
distilbert,6,4,80.15828151498022,78.30508474576271,916959647,8.454811475981129e-05,0.0002127045641094,0.0667078685345693,7,False,False
distilbert,6,5,80.83663086489543,79.09604519774011,946643136,1.15905339799029e-05,0.0376542069492127,0.1177877764160469,9,False,False
distilbert,6,6,77.95364612775579,77.00564971751412,790210975,6.337323811949551e-06,0.0625189969333356,0.0713992121975675,3,False,False
distilbert,6,7,78.2928208027134,77.06214689265536,929904663,6.832114524871266e-06,0.0009837370140399,0.074033404612861,3,False,False
distilbert,6,8,81.34539287733183,79.49152542372882,9778237,1.3768401575002929e-05,0.0167498643342913,0.0348561415913228,10,False,False
distilbert,6,9,80.49745618993782,78.98305084745763,603566287,1.104270665073872e-05,9.003666976917983e-05,0.1014300902866288,9,False,False
distilbert,6,10,81.06274731486715,79.32203389830508,1198405539,8.856666505786829e-05,0.0025098472003403,0.0180082170921991,3,False,False
distilbert,6,11,81.85415488976822,79.43502824858757,1164648810,2.055777178558378e-05,0.0083841704246555,0.104197993390781,5,False,False
distilbert,6,12,81.06274731486715,79.37853107344633,1100853652,1.9467991227235076e-05,1.439764708882808e-05,0.0815304346034158,5,False,False
distilbert,6,13,81.91068400226116,79.32203389830508,792319306,2.2805286347771604e-05,0.0013603808131623,0.1925765485584606,4,False,False
distilbert,6,14,81.57150932730356,79.49152542372882,1742535357,1.559777542904621e-05,0.0037678611304533,0.0652234388294368,10,False,False
distilbert,6,15,81.74109666478236,79.88700564971751,2032884550,2.805251293754504e-05,4.179944370193804e-05,0.1760468590340421,8,False,True
distilbert,6,16,80.66704352741662,79.49152542372882,1799919494,3.598814404486468e-05,0.0119436762650011,0.0547238858587979,2,False,False
distilbert,6,17,80.89315997738835,79.26553672316385,463097743,8.564490831920545e-06,0.0070352624774962,0.1636940649704726,7,False,False
distilbert,6,18,81.6280384397965,78.8135593220339,594183737,3.364349470510583e-05,0.0002700681725059,0.1834267477462465,7,False,False
distilbert,6,19,80.66704352741662,78.19209039548022,2056967387,7.625189077232999e-05,0.0353544956708771,0.0116836144868315,9,False,False
distilbert,6,20,80.38439796495194,78.92655367231639,1808149245,2.505244613313984e-05,0.0202884192228191,0.0097516846236773,3,False,False
distilbert,6,21,81.2888637648389,78.75706214689265,316536801,1.3484103896759665e-05,2.1401932051081603e-05,0.1259613312295865,4,False,False
distilbert,6,22,81.7976257772753,79.77401129943503,931518633,5.5346125879751225e-05,1.2544240394140463e-05,0.1589647901754888,7,False,False
distilbert,6,23,81.57150932730356,78.0225988700565,1784845146,7.933679776132106e-05,2.347610612647306e-05,0.0734981135987432,3,False,False
distilbert,6,24,81.11927642736009,78.98305084745763,1089684611,2.5046091868288086e-05,0.098431564713567,0.0242911536198254,6,False,False
distilbert,6,25,81.6280384397965,79.83050847457628,1168792458,3.209005868579028e-05,0.0011396323348078,0.0563648674614382,7,False,False
distilbert,6,26,80.66704352741662,78.92655367231639,175243177,5.86681202079236e-06,0.001207004830789,0.1532918130826145,9,False,False
distilbert,6,27,82.24985867721877,79.54802259887006,640477774,3.093828025237064e-05,2.83618835165951e-05,0.0703449227626439,9,True,False
distilbert,6,28,81.06274731486715,79.32203389830508,676414195,1.8651235088671798e-05,0.0964316841979173,0.0040081422967163,5,False,False
distilbert,6,29,81.11927642736009,78.0225988700565,138763406,7.804794924549385e-05,0.0008244062592609,0.1916319783432665,2,False,False
distilbert,7,0,79.93235625704622,79.66197183098592,255552734,7.252281633083707e-06,1.3486023344224903e-05,0.0551994833250778,8,False,False
distilbert,7,1,80.94701240135288,79.83098591549296,187905027,4.1654496774285775e-05,0.00012061074341,0.1824857447646226,4,False,False
distilbert,7,2,78.91770011273957,77.74647887323944,686790696,7.91671386218679e-05,0.0694036976722863,0.098192555664073,10,False,False
distilbert,7,3,78.74859075535512,78.36619718309859,1640041687,1.420979247193198e-05,3.352967680952205e-05,0.1209920348733112,2,False,False
distilbert,7,4,81.39797068771139,78.8169014084507,779512117,3.4255508614876774e-05,0.0145824694668561,0.0308652818383857,3,False,False
distilbert,7,5,80.89064261555806,79.77464788732394,1504601609,1.2034063677737998e-05,0.004313815851445,0.1011199876972537,6,False,False
distilbert,7,6,79.53776775648252,79.54929577464789,1024811869,5.254991494129153e-06,0.000860581007832,0.1904098031049147,7,False,False
distilbert,7,7,81.11612175873732,79.09859154929578,1813345239,3.736461949624696e-05,0.0028276080410557,0.0013565735816469,6,False,False
distilbert,7,8,81.0033821871477,78.98591549295774,1635835134,6.68398190942873e-06,0.0006326918643883,0.1295745541636271,8,False,False
distilbert,7,9,80.55242390078918,79.66197183098592,66606017,7.155560231726685e-06,0.0001242142003534,0.0682749884661347,7,False,False
distilbert,7,10,81.22886133032695,80.61971830985915,1537377812,3.8142548605996814e-05,1.336761941127342e-05,0.0936859359692838,6,False,True
distilbert,7,11,81.22886133032695,79.88732394366197,497774417,2.730051212428079e-05,0.0120241073163899,0.0788854159881306,3,False,False
distilbert,7,12,80.2142051860203,79.49295774647888,961134392,7.246086512090317e-05,0.000441613160787,0.1923222778349474,4,False,False
distilbert,7,13,80.55242390078918,79.66197183098592,1378390357,9.797906836728566e-06,0.0158489851657284,0.0190446701125616,9,False,False
distilbert,7,14,79.31228861330327,78.70422535211267,178994012,7.76646416500453e-05,3.431243743085395e-05,0.1068192786112703,3,False,False
distilbert,7,15,81.0033821871477,79.43661971830986,1884861737,1.031206805824855e-05,0.003153031809271,0.112967418860566,8,False,False
distilbert,7,16,80.49605411499437,79.54929577464789,1879025444,6.775298615200993e-06,2.1744271755857526e-05,0.1725518559697915,8,False,False
distilbert,7,17,81.67981961668545,79.77464788732394,254009669,1.4546441241542655e-05,0.0088960159180805,0.0162776601579704,10,True,False
distilbert,7,18,80.49605411499437,79.49295774647888,465916154,1.1023484317936209e-05,2.1112265456237877e-05,0.045042902806175,7,False,False
distilbert,7,19,78.69222096956031,78.59154929577464,637133106,5.425957655749893e-06,0.0024733135052823,0.0035895384591078,5,False,False
distilbert,7,20,79.70687711386697,78.47887323943662,1989560551,7.34161831148124e-05,0.0011513370313785,0.0344287612653774,5,False,False
distilbert,7,21,80.49605411499437,79.66197183098592,1362124194,5.501800238971571e-05,3.200665915882012e-05,0.0831992868222394,5,False,False
distilbert,7,22,78.97406989853438,77.40845070422536,101688282,8.387085660731318e-05,5.814517720708289e-05,0.003137895420464,9,False,False
distilbert,7,23,81.05975197294251,79.32394366197182,1943109108,1.1656172191401505e-05,0.0485807786514506,0.0222642491108859,9,False,False
distilbert,7,24,79.4250281848929,78.70422535211267,74545486,6.825470213419436e-05,0.0224307081930017,0.0695204128069555,8,False,False
distilbert,7,25,80.83427282976325,79.49295774647888,1650615770,7.820556546706363e-06,0.0003450804587532,0.0040942522833164,9,False,False
distilbert,7,26,80.66516347237881,79.04225352112677,810785251,8.295566619018315e-05,0.028628119707635,0.1819808974958087,2,False,False
distilbert,7,27,79.93235625704622,79.6056338028169,2107445027,3.043106961649971e-05,0.0049093726584859,0.0755538968155889,9,False,False
distilbert,7,28,79.70687711386697,78.70422535211267,863763756,5.020520377057872e-06,0.0002676240676569,0.1798054302348898,7,False,False
distilbert,7,29,79.65050732807215,79.09859154929578,861462082,5.199334414388916e-05,8.066962382391918e-05,0.1526781752351261,2,False,False
distilbert,8,0,78.06967447173044,78.3675799086758,2126880703,9.987540492320442e-05,0.0097129325753457,0.0796192211600592,3,False,False
distilbert,8,1,79.38320959451742,79.39497716894977,2103500478,6.441036080409317e-06,9.470411574102472e-05,0.1310270215106105,7,False,False
distilbert,8,2,77.9554540262707,78.02511415525115,1876619251,8.728804597030076e-05,0.0050938747486193,0.0397221011019021,5,False,False
distilbert,8,3,79.66876070816676,79.68036529680366,2052349965,5.576285090824541e-05,0.0002009047645751,0.0213089722293962,7,True,False
distilbert,8,4,77.38435179897202,78.82420091324201,1065680086,5.20053873386158e-05,0.0002541041192889,0.0201628728780576,10,False,False
distilbert,8,5,78.41233580810965,80.59360730593608,707829807,5.053983888943783e-05,2.4927833871370053e-05,0.0586499733770726,7,False,True
distilbert,8,6,78.81210736721873,79.28082191780823,674534874,4.067787074434192e-05,0.0025369885129742,0.1657626024002636,6,False,False
distilbert,8,7,79.15476870359794,79.10958904109589,202343244,1.7457076712006006e-05,7.257160984815798e-05,0.1944879821086235,3,False,False
distilbert,8,8,79.44031981724729,79.22374429223744,1001562624,1.596891306632224e-05,0.0031883694490011,0.1016699515355771,4,False,False
distilbert,8,9,77.55568246716162,79.50913242009132,855393749,9.581684616155772e-05,0.012357022827911,0.102587002555776,5,False,False
distilbert,8,10,79.26898914905769,79.50913242009132,1266774285,1.0397944579758934e-05,0.0003060343200393,0.092515301617543,4,False,False
distilbert,8,11,78.98343803540834,79.50913242009132,149760986,1.8584028120631976e-05,0.043632005232364,0.1808654832741863,4,False,False
distilbert,8,12,79.55454026270702,80.19406392694064,237996462,1.6346038588897396e-05,0.0001270823804858,0.1293580298447789,4,False,False
distilbert,8,13,78.75499714448887,79.68036529680366,554297415,3.9522269396872965e-05,0.0198592002364157,0.0058135770029409,10,False,False
distilbert,8,14,78.81210736721873,80.07990867579909,1478070605,2.6927165818030783e-05,0.00109657406601,0.0282137906909911,10,False,False
distilbert,8,15,79.26898914905769,80.0228310502283,1822984047,5.471609724242143e-06,0.0004100399452526,0.0630609319909695,8,False,False
distilbert,8,16,78.18389491719017,79.05251141552512,254789127,2.286762627841052e-05,0.0019940688566599,0.174317804809838,2,False,False
distilbert,8,17,79.44031981724729,79.73744292237443,1999058128,1.2873248721888856e-05,1.4302045259716034e-05,0.1697704839614391,10,False,False
distilbert,8,18,79.21187892632781,79.68036529680366,750948108,2.8228769460412743e-05,0.0059999194156169,0.1129923942836146,4,False,False
distilbert,8,19,78.75499714448887,79.05251141552512,1699049220,7.080978262653509e-05,0.0106945208806885,0.1668942160046646,7,False,False
distilbert,8,20,78.24100513992005,78.25342465753425,962039696,8.964445261091039e-05,6.900263613799143e-05,0.0214471796299517,5,False,False
distilbert,8,21,78.697886921759,79.85159817351598,812631742,2.345104126699159e-05,0.0447244098693764,0.1768298908568423,4,False,False
distilbert,8,22,78.12678469446031,78.99543378995433,675877529,9.304759558740194e-05,1.1121589211040472e-05,0.1699157822129501,8,False,False
distilbert,8,23,79.32609937178755,79.45205479452055,1453492308,9.798187116839193e-06,7.262578825841066e-05,0.0593069351944563,7,False,False
distilbert,8,24,79.15476870359794,79.28082191780823,243004881,6.760186439912e-05,0.0790290094772886,0.1636343688036079,6,False,False
distilbert,8,25,79.49743003997716,79.10958904109589,141445890,3.543421277847851e-05,0.0016953240021159,0.1165263545988104,8,False,False
distilbert,8,26,79.15476870359794,79.68036529680366,1954143409,9.684783451906802e-06,4.31347465336789e-05,0.0272343819303265,5,False,False
distilbert,8,27,79.26898914905769,79.62328767123287,305861548,2.519735092830924e-05,0.0068110908367046,0.1726707240551704,3,False,False
distilbert,8,28,78.18389491719017,78.25342465753425,376496652,9.433611859046736e-06,6.859352317601747e-05,0.0778477548587138,3,False,False
distilbert,8,29,78.64077669902913,80.07990867579909,132059031,7.613451765113587e-06,0.0001186733411013,0.0639741475346047,7,False,False
distilbert,9,0,77.92869269949067,78.39366515837104,1691198688,7.978312444923624e-06,0.0057563231505272,0.0151888022698972,3,False,False
distilbert,9,1,79.56989247311827,79.58144796380091,508146745,1.4429729088353384e-05,7.009162832987183e-05,0.0681653386582078,8,False,True
distilbert,9,2,79.0605546123373,78.16742081447964,1589018407,6.496611116531345e-05,0.0004877765631538,0.0438977669871263,2,False,False
distilbert,9,3,79.56989247311827,79.1289592760181,1024956783,8.807099910573555e-06,0.0006266587132578,0.1469182877804509,7,False,False
distilbert,9,4,79.79626485568761,79.07239819004525,128024276,1.335722043860036e-05,0.0020964059402648,0.1945619792720121,7,False,False
distilbert,9,5,79.00396151669496,78.28054298642535,1351238940,2.1055864136886936e-05,0.00024475642291,0.0190902896851555,2,False,False
distilbert,9,6,78.38143746462931,78.28054298642535,1356931566,1.1647416245423428e-05,0.0012411314274367,0.1429522392249709,4,False,False
distilbert,9,7,80.36219581211093,79.29864253393666,1904849933,4.152595558217082e-05,0.000373580358725,0.1897390864723998,6,True,False
distilbert,9,8,79.34352009054895,78.33710407239819,1571859651,8.894192128214127e-05,0.0397079084387786,0.1546155632885635,3,False,False
distilbert,9,9,78.94736842105263,78.84615384615384,506322112,3.421248800471243e-05,2.2848443238141728e-05,0.087012231052296,4,False,False
distilbert,9,10,79.56989247311827,78.61990950226244,745754934,5.971975618588025e-05,0.0003244524334474,0.1077939366220635,7,False,False
distilbert,9,11,79.17374080362195,78.39366515837104,587157598,7.619527668582114e-06,6.862892663697506e-05,0.1253439524839789,5,False,False
distilbert,9,12,79.45670628183362,78.4502262443439,1735639276,1.418655189666121e-05,0.000347164705999,0.0960817009201049,3,False,False
distilbert,9,13,80.07923033389926,78.61990950226244,790107261,3.619420078223638e-05,0.0022711578490933,0.0171530983405866,2,False,False
distilbert,9,14,80.30560271646858,78.39366515837104,1851286197,2.6163449627284423e-05,0.0003403152757803,0.0919087882969692,5,False,False
distilbert,9,15,78.77758913412563,78.05429864253394,999164660,1.702055785960146e-05,0.012750964347495,0.1220041542183699,2,False,False
distilbert,9,16,79.11714770797963,78.28054298642535,1824428784,6.032808615925925e-05,0.0003857835486203,0.0987911660817075,2,False,False
distilbert,9,17,79.40011318619129,79.07239819004525,2144644967,1.762778403061194e-05,0.0025968718311858,0.0088425484736619,4,False,False
distilbert,9,18,79.62648556876061,79.52488687782805,876990861,3.867679259642805e-05,0.0179386906084365,0.1459952752773758,7,False,False
distilbert,9,19,79.56989247311827,79.29864253393666,1656490604,4.5890775664485823e-05,1.0158078961084263e-05,0.1066393721011694,5,False,False
distilbert,9,20,79.40011318619129,78.28054298642535,1742244685,3.18620434793039e-05,8.959156157695036e-05,0.0139044233815254,2,False,False
distilbert,9,21,78.8907753254103,79.46832579185521,179405447,1.0074108757309582e-05,7.507495788983415e-05,0.1173076916860573,10,False,False
distilbert,9,22,79.51329937747595,79.18552036199095,295812738,1.9053170952273474e-05,0.0001413962753585,0.0462277121702448,10,False,False
distilbert,9,23,78.77758913412563,79.18552036199095,581257578,1.529789559406282e-05,0.0001134563789885,0.1829342362954865,2,False,False
distilbert,9,24,78.8907753254103,78.5633484162896,1056117286,1.4646723029747985e-05,1.5119315732561896e-05,0.0859421700590391,9,False,False
distilbert,9,25,78.66440294284098,78.789592760181,1574607795,5.503573027728918e-06,0.0001552713720185,0.0343449489050986,8,False,False
distilbert,9,26,79.62648556876061,78.16742081447964,48888450,6.52010247762014e-05,0.0013690366311969,0.130337693262647,2,False,False
distilbert,9,27,76.7402376910017,76.92307692307692,85369532,5.691020780654349e-06,0.0048832777816367,0.0566322266340837,3,False,False
distilbert,9,28,79.56989247311827,79.46832579185521,1651664881,2.601145980999176e-05,0.0003074567714585,0.1736529009748482,6,False,False
distilbert,9,29,79.0605546123373,78.95927601809954,1243793983,6.275270532708913e-06,0.0038829544074206,0.0597839128155061,8,False,False
distilbert,10,0,79.88795518207283,79.5632698768197,1204335120,1.6584441236049745e-05,0.0041523242727537,0.1694508515413727,3,False,False
distilbert,10,1,78.59943977591037,79.61926091825308,1785081931,7.976381221944539e-05,1.4846245652571244e-05,0.1385256976145435,3,False,False
distilbert,10,2,79.49579831932773,80.23516237402016,1330956979,2.7868832187912505e-05,8.748511989386738e-05,0.144518662785219,7,False,False
distilbert,10,3,78.99159663865547,80.3471444568869,202228835,2.3941426618731356e-05,5.3999909014687926e-05,0.0961916131625179,2,False,False
distilbert,10,4,80.33613445378151,81.18701007838746,1289188668,4.767659853531383e-05,0.0583278340092421,0.1539797679155948,7,False,False
distilbert,10,5,80.33613445378151,80.3471444568869,573611085,4.302611315376496e-05,1.550553446030582e-05,0.0780765423583679,5,False,False
distilbert,10,6,78.82352941176471,80.23516237402016,992795775,6.189089872151358e-05,0.0344414061549215,0.0026780060708992,2,False,False
distilbert,10,7,79.88795518207283,79.5632698768197,1002201372,3.839518754161891e-05,0.0001945202761758,0.1174597584052119,10,False,False
distilbert,10,8,77.98319327731092,78.55543113101903,1699210223,9.51688709698262e-05,0.000683736758026,0.1647413937002504,5,False,False
distilbert,10,9,78.93557422969188,80.17917133258679,1366711408,5.258447578540639e-06,0.0001498363215145,0.1004782669724849,7,False,False
distilbert,10,10,80.0,81.18701007838746,102118057,1.4735377825649284e-05,0.0570735715761836,0.0534472297219884,6,False,False
distilbert,10,11,77.53501400560224,78.10750279955207,1609996425,9.928103411042564e-05,0.0001159088422485,0.1158426439853325,7,False,False
distilbert,10,12,78.93557422969188,79.28331466965285,1767675784,7.29581337405336e-05,0.0009163762444194,0.0808545301530773,10,False,False
distilbert,10,13,79.55182072829132,80.57110862262039,136932964,1.3869464224793011e-05,9.366013876759072e-05,0.038016034180986,4,False,False
distilbert,10,14,78.37535014005603,80.06718924972004,1290957671,4.369036272385898e-05,0.0003197985690474,0.1264458907462077,2,False,False
distilbert,10,15,79.04761904761905,79.84322508398657,1992126730,4.8474742404256334e-05,2.676918512788131e-05,0.0406917898673852,5,False,False
distilbert,10,16,79.71988795518207,80.73908174692049,1076680810,5.9178954892457154e-05,0.0127386474554695,0.097531458923675,4,False,False
distilbert,10,17,80.11204481792717,81.46696528555431,906780143,1.207108596151695e-05,0.0052688562204932,0.0723577912841609,8,False,True
distilbert,10,18,77.47899159663865,78.83538633818588,717760988,8.465491408434294e-06,0.0001861236923346,0.0479576147560844,3,False,False
distilbert,10,19,78.59943977591037,79.73124300111982,1632911804,8.361129664920604e-06,0.0008977883041422,0.0830429730278892,4,False,False
distilbert,10,20,79.43977591036415,79.003359462486,292843782,5.987216366426436e-05,1.5005881919310665e-05,0.0864881147249808,3,False,False
distilbert,10,21,80.05602240896359,79.89921612541993,669965341,8.051150306179245e-05,0.0636495715309196,0.0454952902109539,3,False,False
distilbert,10,22,79.49579831932773,80.12318029115342,576860687,1.3829240402178722e-05,0.0003723003285631,0.0298272406650361,3,False,False
distilbert,10,23,80.16806722689076,81.18701007838746,1130506463,2.9746677226742515e-05,0.0002293354030805,0.0516122885362677,4,False,False
distilbert,10,24,79.94397759103641,81.35498320268756,1171461404,2.7410524067261924e-05,0.022619482632364,0.1896594044876517,5,False,False
distilbert,10,25,78.71148459383754,79.50727883538634,1860852507,5.302973986523413e-06,3.05180064359622e-05,0.0438170218279114,6,False,False
distilbert,10,26,79.66386554621849,80.06718924972004,1114582562,8.400094173420546e-06,0.0002431473558387,0.1606904048070478,8,False,False
distilbert,10,27,80.28011204481793,80.85106382978724,1583177386,3.296627252935498e-05,0.0399696389175385,0.0727534775171732,6,False,False
distilbert,10,28,79.88795518207283,79.73124300111982,459856195,7.439734017204134e-06,0.0558306152156195,0.1382518800387477,7,False,False
distilbert,10,29,80.44817927170868,80.79507278835386,1029756814,3.330145192086248e-05,0.0001656199454133,0.1795177775289531,7,True,False
distilbert,11,0,80.19133370849747,79.5838020247469,165763742,7.245944171544786e-05,0.0011036172260221,0.0257061372486411,10,False,False
distilbert,11,1,80.86662915025323,80.20247469066366,1552038259,2.7331002562946206e-05,1.2584086025189356e-05,0.1968312343900126,9,False,False
distilbert,11,2,79.85368598761958,80.08998875140607,33804694,1.1764960024897125e-05,0.0387744335541846,0.0400183894920836,4,False,False
distilbert,11,3,80.30388294879009,79.7525309336333,397613878,4.427168913517855e-05,0.000124061847728,0.1612832197830898,10,False,False
distilbert,11,4,81.65447383230163,80.70866141732283,980639559,2.065620164947524e-05,0.0006374685858062,0.1179755906130495,6,False,False
distilbert,11,5,79.74113674732696,80.14623172103487,512481692,7.687323484346859e-05,0.0001328860172603,0.0682083072569341,9,False,False
distilbert,11,6,81.03545301069218,80.53993250843645,395958650,7.8267909783499e-06,2.1074799322942852e-05,0.0338196073704383,6,False,False
distilbert,11,7,80.92290377039954,80.37120359955006,994870621,8.51275115256972e-06,2.1444553265470896e-05,0.1965974623180881,8,False,False
distilbert,11,8,81.1480022509848,80.59617547806525,862260470,1.357236921925772e-05,0.0771749943593219,0.1719912279871089,10,False,False
distilbert,11,9,81.71074845244794,80.03374578177728,958611878,9.19921492265058e-06,0.0108450785226752,0.0042517550146735,8,False,False
distilbert,11,10,81.26055149127744,79.97750281214849,1386676613,4.532352881975268e-05,0.00568176392148,0.1884459773240755,4,False,False
distilbert,11,11,81.48564997186268,80.53993250843645,2143725799,1.0336199407717978e-05,0.0014698226160721,0.1092466424825899,8,False,False
distilbert,11,12,80.86662915025323,79.92125984251969,981008434,8.128947330754963e-06,0.0239712911380028,0.0072913760346684,5,False,False
distilbert,11,13,80.24760832864378,79.30258717660293,960353211,1.3245317060982643e-05,0.0002349510292552,0.1547781871578438,3,False,False
distilbert,11,14,79.17839054586382,80.03374578177728,811510478,9.129272433726858e-05,2.254745523039379e-05,0.0723986562875651,2,False,False
distilbert,11,15,81.09172763083849,81.2710911136108,794127091,1.830056752150336e-05,4.883679393745265e-05,0.0745979603446256,6,False,True
distilbert,11,16,79.57231288688801,78.74015748031496,1262945054,1.594528571329914e-05,0.0422396555328519,0.1310416223057624,2,False,False
distilbert,11,17,80.97917839054587,80.08998875140607,1427267984,6.640129957595759e-06,0.0004969064922789,0.0758639978438998,7,False,False
distilbert,11,18,81.65447383230163,80.59617547806525,1377162352,2.248402613721709e-05,0.001237606407924,0.0738545674120856,4,False,False
distilbert,11,19,80.81035453010692,80.48368953880765,1432144941,1.3147380329672508e-05,0.0115713540419473,0.0020376028127241,3,False,False
distilbert,11,20,79.74113674732696,78.68391451068617,2072191574,9.419736202834446e-05,2.788629485539226e-05,0.1066883793147117,6,False,False
distilbert,11,21,81.87957231288689,80.37120359955006,1701523545,9.500039808721991e-06,0.000953048455161,0.0358701789743426,10,True,False
distilbert,11,22,81.31682611142375,80.70866141732283,255282014,8.875635063190295e-06,0.0003944081786291,0.1877958060981866,7,False,False
distilbert,11,23,81.1480022509848,81.214848143982,1123566006,1.7651885406418892e-05,0.0184392391363223,0.1767280533970146,6,False,False
distilbert,11,24,81.09172763083849,80.76490438695163,1991903035,1.1793611333577557e-05,9.114173072936966e-05,0.0203792117900309,9,False,False
distilbert,11,25,80.97917839054587,80.20247469066366,1618307505,3.9024704957735285e-05,0.0002103039371225,0.1114570747859749,8,False,False
distilbert,11,26,81.37310073157006,80.70866141732283,1624070636,7.25340366929235e-06,0.0005636648887859,0.0406560387662562,9,False,False
distilbert,11,27,81.03545301069218,80.76490438695163,1368182727,1.142326390812566e-05,0.0039064575484069,0.0770504728216361,7,False,False
distilbert,11,28,78.95329206527856,80.31496062992126,86817160,7.388332358643014e-05,0.0165530974999736,0.0528142289350982,10,False,False
distilbert,11,29,81.03545301069218,80.98987626546682,1800634101,1.4861025156752983e-05,0.0003869604566999,0.1350990486524103,4,False,False
distilbert,12,0,79.76257772752967,79.26553672316385,1539634977,6.118572285763248e-05,0.0001215476053694,0.0581039189399069,7,False,False
distilbert,12,1,79.93216506500848,78.0225988700565,601876297,9.744958321835272e-05,8.830137265525326e-05,0.0396993185504079,4,False,False
distilbert,12,2,80.32786885245902,78.75706214689265,869393732,6.97580752266965e-06,6.89568006485703e-05,0.0488909120044302,5,False,False
distilbert,12,3,79.19728660260034,79.09604519774011,1230847742,6.124861151032153e-05,0.0256304136333984,0.0329130395015316,10,False,False
distilbert,12,4,80.21481062747314,79.88700564971751,817129460,4.3388422126635525e-05,5.27453775198692e-05,0.1624096434533098,7,False,False
distilbert,12,5,77.21876766534766,76.15819209039547,544104932,5.791568128786417e-06,3.650162223806421e-05,0.1317279289552595,2,False,False
distilbert,12,6,78.68852459016394,78.58757062146893,2132229626,8.604860158593116e-05,0.0029232564808244,0.0291590880193702,9,False,False
distilbert,12,7,80.04522328999435,79.6045197740113,1764528077,4.2922461502284745e-05,0.0063844628788028,0.1047586861556035,3,False,False
distilbert,12,8,79.70604861503675,78.92655367231639,1089654619,1.6003557763681605e-05,0.0003039546379985,0.1166364219878398,2,False,False
distilbert,12,9,80.83663086489543,80.05649717514125,207162120,7.901805923731028e-06,3.5154033064562674e-05,0.1641093924574857,9,False,False
distilbert,12,10,80.44092707744488,79.71751412429379,1708281028,3.196513240618583e-05,0.0132135457801548,0.126791407812962,7,False,False
distilbert,12,11,80.27133973996608,80.11299435028249,346153941,3.107695423728353e-05,0.0015694232847631,0.0786615865720602,7,False,False
distilbert,12,12,80.44092707744488,80.73446327683615,1765533805,3.427892481348521e-05,9.379946157685984e-05,0.1479721898739428,3,False,True
distilbert,12,13,79.25381571509327,77.96610169491525,404218545,9.760082259187672e-05,0.0004817646923005,0.1627503213451116,5,False,False
distilbert,12,14,80.21481062747314,78.8135593220339,1719585450,7.037123236911715e-05,0.0076547728778596,0.032736609919018,5,False,False
distilbert,12,15,79.64951950254381,79.37853107344633,134739954,6.389982495786533e-05,0.0647803814381817,0.1933063360746646,4,False,False
distilbert,12,16,79.76257772752967,79.37853107344633,1487710179,2.6477181260980103e-05,1.976122080885613e-05,0.0581339844048282,2,False,False
distilbert,12,17,81.17580553985303,80.50847457627118,1393294242,1.820041245191326e-05,0.0003051470932999,0.0534684849730708,7,False,False
distilbert,12,18,80.21481062747314,79.49152542372882,1468830596,6.840206483720354e-06,0.0049553188381083,0.0760515831174196,7,False,False
distilbert,12,19,80.61051441492368,80.3954802259887,1397750079,8.399394399000948e-06,0.0001546557726356,0.0299821107074474,8,False,False
distilbert,12,20,80.78010175240249,80.50847457627118,1532778268,1.804141692146419e-05,0.0001250888212678,0.1239174272893876,7,False,False
distilbert,12,21,80.38439796495194,80.16949152542372,119190497,9.119707964271686e-06,0.000841591610035,0.0169174109688566,9,False,False
distilbert,12,22,80.83663086489543,79.83050847457628,1409414197,8.574670237106603e-06,0.0001256166481424,0.0764274679495542,7,False,False
distilbert,12,23,77.50141322781232,75.9322033898305,996995996,6.278785735686743e-06,3.150062977257034e-05,0.0518691245802572,2,False,False
distilbert,12,24,80.15828151498022,79.09604519774011,155848986,3.408185618575592e-05,0.0001262554661709,0.1737661968059248,2,False,False
distilbert,12,25,80.78010175240249,78.70056497175142,1789943597,5.214249098609294e-05,2.008292198428145e-05,0.1474901136201998,8,False,False
distilbert,12,26,80.78010175240249,80.50847457627118,1142408633,1.6638366833918665e-05,0.0469983338644066,0.0515608824422845,9,False,False
distilbert,12,27,81.23233465234595,80.50847457627118,1439872168,1.8007051465598526e-05,0.0024881296166876,0.1574596557610744,10,True,False
distilbert,12,28,79.08422837761447,78.07909604519774,953598420,8.854384705935827e-05,0.0029880432427201,0.058334909739028,8,False,False
distilbert,12,29,79.87563595251555,78.92655367231639,1112521002,5.487844427450669e-06,0.0362007579761348,0.1337014878911254,7,False,False
distilbert,13,0,76.7536231884058,78.91077636152954,2091785747,6.88775378222685e-06,0.0997363973599272,0.112664067412156,2,False,False
distilbert,13,1,79.18840579710145,80.5909617612978,1098535648,5.6091452041502966e-05,0.0009062790920046,0.1914929561861437,6,False,False
distilbert,13,2,79.47826086956522,80.9385863267671,1287394921,1.559622513496219e-05,1.8327503242924298e-05,0.1259871104825114,9,False,False
distilbert,13,3,79.42028985507247,80.76477404403245,1109997266,5.606751882411725e-06,9.361654175767008e-05,0.0359809476975072,9,False,False
distilbert,13,4,79.01449275362319,80.30127462340673,1810319975,1.801609759312343e-05,0.00270514407894,0.0116682497289243,4,False,False
distilbert,13,5,79.1304347826087,80.06952491309386,1017310859,2.309491363070779e-05,0.0103928632099044,0.1195897325479526,4,False,False
distilbert,13,6,79.2463768115942,79.89571263035921,2040035074,7.077162646838571e-06,3.896641031185941e-05,0.1502841858659596,9,False,False
distilbert,13,7,79.42028985507247,80.64889918887602,200903960,6.59196676315695e-06,0.001675790596843,0.0802949907946972,9,False,False
distilbert,13,8,78.89855072463769,80.9965237543453,349300238,5.4858579173520025e-05,2.4337907867817484e-05,0.1315340733645924,10,False,False
distilbert,13,9,80.34782608695652,80.70683661645423,589157405,1.263600635185175e-05,0.0002065713115529,0.0816957802938884,7,False,False
distilbert,13,10,77.73913043478261,80.64889918887602,1625248400,8.503163728187147e-05,0.0055384783666122,0.0500358254691999,7,False,False
distilbert,13,11,79.8840579710145,81.22827346465817,2069643859,3.420312222229972e-05,0.0002937679453786,0.1277264011577077,7,False,False
distilbert,13,12,79.8840579710145,80.76477404403245,1287318643,7.745339310643548e-06,0.0078658374942024,0.0608304105011276,8,False,False
distilbert,13,13,79.2463768115942,80.70683661645423,713942443,8.475638542292205e-06,1.3389955764479826e-05,0.0462661699825956,4,False,False
distilbert,13,14,77.97101449275362,80.70683661645423,1624093754,8.82915564490932e-05,0.0013941470875951,0.1190550779774786,4,False,False
distilbert,13,15,79.8840579710145,80.70683661645423,623445691,9.93531296564136e-06,0.0062422161966994,0.0736898850677147,10,False,False
distilbert,13,16,77.56521739130434,79.89571263035921,383319551,1.1746830325970988e-05,0.0001081200216075,0.1565575892258575,2,False,False
distilbert,13,17,79.65217391304348,81.05446118192353,593741514,2.7054513406298874e-05,0.0291951684392545,0.1026116447058737,4,False,False
distilbert,13,18,78.43478260869566,80.5909617612978,390255959,1.5681159022975426e-05,5.02659792226655e-05,0.1986508711680338,2,False,False
distilbert,13,19,80.17391304347827,81.11239860950174,995458381,2.5363831929899072e-05,8.524264531684774e-05,0.1589574204426741,8,False,False
distilbert,13,20,78.89855072463769,80.30127462340673,677483900,7.588308352855318e-06,0.0006689415142095,0.1625129474173347,6,False,False
distilbert,13,21,80.52173913043478,79.89571263035921,81985797,2.6110719124848143e-05,0.0093216786951118,0.1101027299842336,5,True,False
distilbert,13,22,79.42028985507247,80.06952491309386,407141024,1.196735431541572e-05,0.0136254777900445,0.1495984828908264,6,False,False
distilbert,13,23,79.71014492753623,80.76477404403245,368104399,2.705166957666279e-05,0.0111457503476933,0.1870541874028126,6,False,False
distilbert,13,24,79.76811594202898,80.88064889918887,243752470,1.6269509541615742e-05,0.0608393088772146,0.0697559769883511,8,False,False
distilbert,13,25,80.05797101449275,82.03939745075319,291438706,2.9470882748913576e-05,0.0009420854337663,0.1318407682864349,7,False,True
distilbert,13,26,77.97101449275362,79.837775202781,2018194325,8.360302652896303e-05,0.0340837727530972,0.016658642063384,10,False,False
distilbert,13,27,79.3623188405797,80.5909617612978,172971788,2.9018357682377043e-05,0.0007541607532664,0.0552441984350975,3,False,False
distilbert,13,28,77.27536231884058,80.82271147161066,627936435,8.929084493900556e-05,0.0006513854464373,0.0247545665860419,4,False,False
distilbert,13,29,78.95652173913044,80.2433371958285,1191652186,5.076043521628874e-06,0.007792571004209,0.1778390093582018,10,False,False
distilbert,14,0,81.00399315459212,80.27366020524515,1616059129,1.939901660250145e-05,0.0243745249048396,0.0996418544278128,9,False,False
distilbert,14,1,79.3496862521392,79.0763968072976,793976326,6.620222036128106e-05,4.035266416929258e-05,0.1252980431958535,4,False,False
distilbert,14,2,80.26240730176839,79.70353477765109,1712317976,6.136182952007355e-05,0.0007832135204148,0.1728656570027646,5,False,False
distilbert,14,3,78.83628066172277,76.85290763968072,50802480,1.4007048705608956e-05,5.263486757917559e-05,0.1562110610018471,2,False,False
distilbert,14,4,80.88990302338847,81.29988597491447,1560945390,2.905732883963046e-05,0.0769235636273217,0.1250661394174464,9,False,True
distilbert,14,5,80.20536223616656,79.64652223489168,440277704,1.329858322428175e-05,0.0011207991523366,0.0036074856036233,6,False,False
distilbert,14,6,80.09127210496293,79.8745724059293,1830651516,5.977320532788113e-05,0.0001452215954229,0.1981555955617543,6,False,False
distilbert,14,7,79.69195664575014,80.21664766248574,39127101,1.7614220852285964e-05,0.0044790228713494,0.1467684695514738,3,False,False
distilbert,14,8,80.60467769537935,80.15963511972635,2001047038,2.083462682801368e-05,1.2800858279993629e-05,0.1680200645688193,5,False,False
distilbert,14,9,80.0342270393611,78.44925883694413,672276900,1.3033897434439637e-05,0.0010694412932988,0.1537265486466598,5,False,False
distilbert,14,10,80.77581289218483,79.53249714937286,194954770,1.879823552058204e-05,0.0312542014825488,0.1592797119681047,4,False,False
distilbert,14,11,80.88990302338847,80.27366020524515,1421157543,1.118873311373138e-05,0.0002891824308194,0.0361597109408493,8,False,False
distilbert,14,12,80.83285795778666,80.672748004561,657642620,2.1762247695186752e-05,0.0005326900838237,0.1222344155809641,5,False,False
distilbert,14,13,80.60467769537935,79.93158494868871,1758221467,4.099439701488681e-05,0.0004034533055554,0.101908696680317,6,False,False
distilbert,14,14,80.54763262977752,79.8745724059293,638540319,4.041466656143513e-05,3.761745336175853e-05,0.0050592764774462,6,False,False
distilbert,14,15,79.74900171135197,79.19042189281642,1252353981,1.062006248935786e-05,0.0005736488345851,0.0708827239928672,5,False,False
distilbert,14,16,81.51739874500856,79.36145952109464,1606068224,3.3171459810881934e-05,0.0446252542565026,0.050811677802718,9,True,False
distilbert,14,17,79.06446092413006,77.87913340935006,472221007,1.000859581017336e-05,0.049117045959739,0.0049625773165834,3,False,False
distilbert,14,18,80.66172276098118,79.81755986316989,1351935155,6.601186724616802e-05,1.0047780840028933e-05,0.0037352281264304,4,False,False
distilbert,14,19,80.77581289218483,80.33067274800456,1793049662,2.752725908336902e-05,0.0104797543692866,0.0959530717486293,9,False,False
distilbert,14,20,80.20536223616656,79.70353477765109,1795648102,1.3103218842795297e-05,0.0002360201513652,0.0529035154290372,8,False,False
distilbert,14,21,79.23559612093554,78.90535917901938,786336681,6.511836025172355e-05,0.002462223721804,0.0394993738848332,5,False,False
distilbert,14,22,80.37649743297204,79.8745724059293,1095460232,1.397706696263072e-05,0.0002347428097916,0.0208428096559321,9,False,False
distilbert,14,23,79.29264118653737,77.30900798175598,1338479320,9.077323001214994e-05,0.0015879203863426,0.0975251796882327,3,False,False
distilbert,14,24,79.12150598973189,79.24743443557583,292888403,4.591887899008791e-05,0.0783130814918656,0.0824873618542598,2,False,False
distilbert,14,25,78.83628066172277,79.19042189281642,1096698576,9.322222212103094e-05,0.0082274945771159,0.0153723272314558,3,False,False
distilbert,14,26,80.718767826583,80.55872291904218,1321808381,2.811674222796151e-05,0.0132847647958892,0.0453370978472544,4,False,False
distilbert,14,27,80.0342270393611,79.36145952109464,1207814456,8.48725275937829e-06,0.008413696622826,0.1170609065147942,7,False,False
distilbert,14,28,80.14831717056475,79.0763968072976,466170894,6.308255934429461e-05,0.0001169963121654,0.1313496135927041,5,False,False
distilbert,14,29,78.60810039931546,79.13340935005701,954648296,6.830993076272884e-05,2.324828345578698e-05,0.0269447150580165,10,False,False
distilbert,15,0,78.94438138479,79.6821793416572,418033243,2.1522513947694192e-05,0.0012785758589722,0.0620692721782607,10,False,False
distilbert,15,1,78.77412031782066,78.49035187287174,1957522980,2.4734133603797222e-05,0.0157132556839452,0.0078073670670606,2,False,False
distilbert,15,2,79.11464245175937,79.56867196367764,1338390805,5.0435997455885466e-05,0.002459152049665,0.1537298404438311,9,False,False
distilbert,15,3,78.94438138479,79.3416572077185,1607412941,1.9916517923280456e-05,0.0988849875523782,0.1908058317136216,6,False,False
distilbert,15,4,78.2633371169126,78.49035187287174,1440051375,3.268474725951481e-05,0.0426801633263018,0.0205602571927556,2,False,False
distilbert,15,5,78.94438138479,79.85244040862656,798828370,4.185063418272636e-05,0.0002833617764573,0.1861680499096923,4,False,False
distilbert,15,6,78.88762769580023,79.96594778660612,168735415,3.043055944202305e-05,0.0261319835797997,0.1676650964211252,10,False,True
distilbert,15,7,77.8660612939841,77.41203178206584,720834489,6.902718838561956e-06,0.0002358445138715,0.0590625811662834,5,False,False
distilbert,15,8,78.2633371169126,78.43359818388195,1051678596,6.729167741288929e-06,0.0125125936423559,0.153998098849907,9,False,False
distilbert,15,9,78.03632236095346,78.77412031782066,369903345,1.3000038741055629e-05,4.542319338691333e-05,0.0486434632854001,4,False,False
distilbert,15,10,78.88762769580023,79.3416572077185,2073388187,3.75676417581733e-05,0.0003935314074889,0.1381323765666763,2,False,False
distilbert,15,11,78.20658342792281,78.20658342792281,349505826,5.691842922914192e-06,0.0160333384809771,0.1865679781798262,5,False,False
distilbert,15,12,78.43359818388195,78.20658342792281,1704633640,7.631195103910024e-05,0.0339534976573714,0.0169901689273543,7,False,False
distilbert,15,13,78.43359818388195,77.80930760499433,1828291067,1.368085614713262e-05,0.0054891200546839,0.0767167961475477,3,False,False
distilbert,15,14,78.03632236095346,79.79568671963678,258030216,3.496718211249684e-05,0.005959005101807,0.088907231946738,4,False,False
distilbert,15,15,78.32009080590238,78.66061293984109,1913842475,7.830563781256458e-05,0.0539701455501602,0.1305572440293395,2,False,False
distilbert,15,16,79.45516458569807,79.28490351872871,1909177595,1.255214198654306e-05,0.0118985017217702,0.0361382986626632,9,True,False
distilbert,15,17,78.6038592508513,79.51191827468786,1239347146,3.877695287945692e-05,0.004035836160777,0.1240922112498794,8,False,False
distilbert,15,18,78.71736662883087,78.09307604994325,1131758196,2.218944589148885e-05,0.0146862762920626,0.0083639801021312,3,False,False
distilbert,15,19,78.88762769580023,79.45516458569807,1685904289,4.828856648841248e-05,1.0224617810454844e-05,0.0911693378013071,5,False,False
distilbert,15,20,76.27695800227015,75.93643586833144,808318330,6.867156649931934e-06,0.0008982573723372,0.010821124855487,2,False,False
distilbert,15,21,78.66061293984109,79.39841089670828,1595342996,5.177229676027269e-05,1.1984924283025688e-05,0.0290958514011435,5,False,False
distilbert,15,22,79.11464245175937,79.39841089670828,803308582,3.442461149964435e-05,0.0006330393754194,0.0013523100575117,3,False,False
distilbert,15,23,77.80930760499433,79.00113507377979,1342360808,8.656116817326771e-05,1.6598959222433494e-05,0.1713372742118931,8,False,False
distilbert,15,24,79.17139614074915,77.97956867196368,1080139605,1.5241667537115875e-05,0.0318621401640955,0.169105270724819,3,False,False
distilbert,15,25,78.20658342792281,78.94438138479,859573545,2.1534909965091285e-05,0.0138776608349245,0.1964835463560941,2,False,False
distilbert,15,26,78.88762769580023,79.22814982973894,1462255215,6.345166005926671e-05,0.000253993505384,0.0530186464431633,10,False,False
distilbert,15,27,78.14982973893304,78.43359818388195,1818385491,7.533014686471184e-05,0.0101815895933046,0.0319909896818886,8,False,False
distilbert,15,28,79.3416572077185,78.94438138479,825536080,2.353001138305375e-05,0.0437375012354795,0.176727083582331,3,False,False
distilbert,15,29,78.77412031782066,78.83087400681045,1290401189,5.4196991048574295e-05,0.0002622525513757,0.0531231907789379,4,False,False
distilbert,16,0,78.58356940509915,80.6798866855524,1614258718,5.910116344764352e-05,0.0002577627735809,0.1794361111645289,5,False,False
distilbert,16,1,79.4900849858357,81.13314447592067,442585373,1.459968055375906e-05,1.3191710731686093e-05,0.0453293367280806,9,False,False
distilbert,16,2,80.1699716713881,81.75637393767705,904867595,1.3860436833010824e-05,9.62476804169204e-05,0.1065252067184198,10,True,False
distilbert,16,3,78.64022662889518,82.03966005665723,963542077,1.846920476181085e-05,0.0840897425181155,0.1494456038648913,4,False,True
distilbert,16,4,78.75354107648725,79.66005665722379,737348942,1.1368277678274888e-05,0.002144679512269,0.1577584252309203,3,False,False
distilbert,16,5,78.35694050991502,79.8300283286119,87018966,5.07294236389016e-06,0.0004938956890691,0.1074764580893243,9,False,False
distilbert,16,6,79.8300283286119,80.6798866855524,388713133,4.35693027107818e-05,0.0004553818057961,0.1584234267885794,7,False,False
distilbert,16,7,79.60339943342777,79.60339943342777,822458227,2.3534180106579118e-05,0.0034664478530515,0.0371897104603231,3,False,False
distilbert,16,8,79.77337110481587,80.56657223796034,1806997346,4.0092047819826856e-05,0.0007962517466447,0.06962515897714,6,False,False
distilbert,16,9,78.92351274787535,80.05665722379604,504993466,2.020557848064232e-05,2.2169702416233126e-05,0.025697036157915,2,False,False
distilbert,16,10,79.60339943342777,81.64305949008498,1201730602,1.979068686325303e-05,0.0002161681719564,0.0992600170181054,7,False,False
distilbert,16,11,79.3201133144476,80.6798866855524,466959660,1.035928558066373e-05,0.0010837230393023,0.0215355956695231,7,False,False
distilbert,16,12,79.77337110481587,80.79320113314448,810045278,1.4684779690443592e-05,0.0045733939871732,0.0703655951953676,6,False,False
distilbert,16,13,78.30028328611898,80.33994334277621,986495235,6.368976054821336e-05,0.0089234286022743,0.1060265021547231,6,False,False
distilbert,16,14,78.81019830028329,80.6798866855524,873541365,4.49072317051647e-05,0.0006452151716314,0.0446505613087643,3,False,False
distilbert,16,15,77.90368271954674,77.84702549575071,325600425,1.0779771571874242e-05,3.590269437920202e-05,0.0036792496983842,2,False,False
distilbert,16,16,79.09348441926346,80.6798866855524,2049962464,8.127268591963451e-06,0.0010639325056608,0.1220150686513908,7,False,False
distilbert,16,17,77.56373937677054,79.77337110481587,1232064305,7.945153942796515e-05,0.0004793315197801,0.0810930182232894,4,False,False
distilbert,16,18,79.54674220963173,81.18980169971671,1515306558,2.556020991817298e-05,0.0079820426990657,0.0258866466451956,7,False,False
distilbert,16,19,78.86685552407933,79.15014164305948,1882344233,1.144338555090429e-05,0.0001317597507355,0.1423287866321237,3,False,False
distilbert,16,20,79.03682719546742,80.96317280453258,1339195316,1.544680844914128e-05,0.021507273728273,0.0022609303882657,5,False,False
distilbert,16,21,79.4900849858357,80.6798866855524,1860525379,1.2884688889082418e-05,0.0298100075937286,0.182406991625931,9,False,False
distilbert,16,22,78.86685552407933,81.69971671388102,918290549,1.865271895110947e-05,0.0044660930672418,0.105300598616073,10,False,False
distilbert,16,23,78.18696883852691,80.79320113314448,634645140,3.37072422672903e-05,0.0043570921199245,0.0005195856896518,3,False,False
distilbert,16,24,79.03682719546742,80.28328611898017,1698615402,5.160496923965107e-05,0.0001272246753104,0.1169058079074417,3,False,False
distilbert,16,25,79.37677053824362,80.22662889518413,1033143749,5.8575988577891e-06,0.0009632904396563,0.0983201748697963,9,False,False
distilbert,16,26,78.24362606232295,79.94334277620396,632496958,5.966221704126688e-05,0.0214911481818623,0.1031915350460356,4,False,False
distilbert,16,27,78.69688385269122,79.15014164305948,932712754,9.23717246446751e-06,4.421443145226814e-05,0.1609361827989353,4,False,False
distilbert,16,28,79.03682719546742,80.56657223796034,1158528980,3.485666155192336e-05,0.0149394478404722,0.070370939009103,3,False,False
distilbert,16,29,78.75354107648725,81.01983002832861,256911921,3.4471057759440496e-05,0.0039142782422894,0.0975156652273669,6,False,False
distilbert,17,0,78.99829254410928,77.8030734206033,1128890179,9.191297626841012e-05,0.0280156234666637,0.1924009871443585,8,False,False
distilbert,17,1,80.42117245304496,79.6812749003984,257100095,4.6011856376347e-05,0.0001540549821778,0.1554912326831228,8,False,False
distilbert,17,2,79.4536141149687,79.4536141149687,1189700553,5.7040711695172206e-05,1.893171121707182e-05,0.0069131424935607,8,False,False
distilbert,17,3,80.87649402390439,78.88446215139442,1898823926,1.4018549775670976e-05,0.0027502820452133,0.0383747403268984,7,False,False
distilbert,17,4,79.96585088218555,78.88446215139442,1976518422,5.937030300389351e-05,5.345702001371015e-05,0.0978826287681137,8,False,False
distilbert,17,5,79.33978372225384,78.429140580535,1789904487,8.982308396233655e-05,0.0001979074068263,0.1827228602819098,9,False,False
distilbert,17,6,80.76266363118953,78.77063175867957,1678112944,1.3026724521062849e-05,0.0199136789453813,0.050726421840851,6,False,False
distilbert,17,7,78.99829254410928,78.37222538417758,1702090508,5.35317961677127e-06,0.0002566079921023,0.1034303041824344,6,False,False
distilbert,17,8,76.5509391007399,74.44507683551508,2123197418,5.106586315490253e-06,1.3509719302394985e-05,0.0880056491735495,2,False,False
distilbert,17,9,79.56744450768355,78.25839499146272,1712887502,1.063361136275152e-05,0.0002100280698253,0.0043795224004704,3,False,False
distilbert,17,10,78.08764940239044,77.63232783153101,219675291,6.500355285188805e-06,0.0784729383217439,0.0094625132238284,3,False,False
distilbert,17,11,80.7057484348321,79.22595332953898,875096085,1.2021162811783644e-05,0.0122304242702405,0.0476719523933252,8,False,False
distilbert,17,12,79.73819009675583,78.65680136596471,749686724,9.627746375232354e-05,0.0063611557198905,0.1597186511566252,6,False,False
distilbert,17,13,80.02276607854297,79.0552077404667,201297805,5.798376573491749e-05,1.0545382349453962e-05,0.1793945695684975,5,False,False
distilbert,17,14,80.30734206033011,79.73819009675583,505694712,3.139152149511828e-05,0.0761703280527811,0.1530728528864867,4,False,False
distilbert,17,15,80.76266363118953,79.22595332953898,1891593648,9.252058305759711e-06,0.0204983753908278,0.0102432429358641,10,False,False
distilbert,17,16,80.64883323847468,78.08764940239044,1564196714,5.958498984201246e-06,0.0168638988034474,0.1415858077651055,6,False,False
distilbert,17,17,79.56744450768355,77.85998861696073,1026590958,9.018715545246132e-05,0.0355979564498126,0.0686505713740972,8,False,False
distilbert,17,18,80.4780876494024,79.56744450768355,488630249,4.742334741281359e-05,0.011313300198394,0.0619761751492694,6,False,False
distilbert,17,19,78.827546955037,77.00626067159932,1078761957,7.622779375356076e-06,0.0005169213069987,0.0933865785395475,2,False,False
distilbert,17,20,79.0552077404667,78.31531018782015,2119079687,6.126093861921381e-05,2.66635352884456e-05,0.000858690479923,10,False,False
distilbert,17,21,80.7057484348321,80.42117245304496,337901064,3.872255391293384e-05,0.0111526345912123,0.1963180537128591,7,False,True
distilbert,17,22,80.59191804211724,79.0552077404667,2102196893,2.2884880686598236e-05,0.0039565092936558,0.1575531932775906,10,False,False
distilbert,17,23,80.13659647125783,78.48605577689243,31975070,8.368073341855564e-06,1.7096965818260285e-05,0.00907945361444,5,False,False
distilbert,17,24,80.13659647125783,79.6812749003984,579837612,2.9634863082847674e-05,0.0511278936095356,0.1371582262053205,9,False,False
distilbert,17,25,80.02276607854297,79.28286852589642,874591835,3.3228827625402775e-05,0.0002068209858654,0.1717072598990435,6,False,False
distilbert,17,26,79.96585088218555,79.11212293682414,1516856557,7.14575437973695e-05,0.0020242605356072,0.1556800379091878,3,False,False
distilbert,17,27,79.4536141149687,78.03073420603302,954369714,1.2101319929187985e-05,0.0024658625577371,0.1697325503568024,3,False,False
distilbert,17,28,80.93340922026181,79.85202048947069,1889001640,1.036021680794715e-05,1.902661045427752e-05,0.0072775664972152,9,True,False
distilbert,17,29,80.64883323847468,79.39669891861126,402829039,1.6673065868748465e-05,1.59069530302385e-05,0.1175717119852472,5,False,False
distilbert,18,0,79.71830985915493,81.1830985915493,876153873,8.25887309384792e-06,0.0729338374277803,0.0878330939330966,7,False,False
distilbert,18,1,79.49295774647888,81.63380281690141,1098820635,1.938244899174669e-05,3.638122423289717e-05,0.0279227479302707,8,False,False
distilbert,18,2,79.09859154929578,80.28169014084507,427290849,6.557072478754945e-05,0.0002144578156492,0.1050846415816757,9,False,False
distilbert,18,3,77.12676056338029,77.01408450704226,1594432764,7.5911355268118035e-06,1.561166967206658e-05,0.0520206355390473,2,False,False
distilbert,18,4,79.49295774647888,80.84507042253522,2111056422,3.282438904994516e-05,0.0002064859665833,0.0931443722463307,2,False,False
distilbert,18,5,80.11267605633803,81.40845070422536,898986116,1.665501492649415e-05,0.0271652597610934,0.0436143086355393,6,True,False
distilbert,18,6,78.59154929577464,81.01408450704226,621208368,4.164590633601868e-05,0.0761042951434294,0.1229725717181108,9,False,False
distilbert,18,7,79.21126760563381,79.88732394366197,585384616,7.043974792739062e-05,3.241885610802033e-05,0.0120844628648264,8,False,False
distilbert,18,8,79.77464788732394,81.5774647887324,430669503,2.12983010329592e-05,0.0219991971178598,0.115500473704113,5,False,False
distilbert,18,9,80.0,81.40845070422536,147879645,1.1261062986809912e-05,0.0001267280296151,0.0269647430902906,7,False,False
distilbert,18,10,79.49295774647888,81.12676056338029,279271775,5.7075082278343554e-05,1.6831452835024563e-05,0.0741813576300442,3,False,False
distilbert,18,11,79.21126760563381,80.11267605633803,86878620,7.333021037108793e-05,3.1772007118979864e-05,0.1898014098996943,6,False,False
distilbert,18,12,79.21126760563381,78.8169014084507,393587161,9.021921124167835e-06,0.0004591901994895,0.074721026091212,4,False,False
distilbert,18,13,79.32394366197182,79.26760563380282,989986712,7.998059580826262e-06,0.0001265596282013,0.0626710285274163,4,False,False
distilbert,18,14,78.36619718309859,80.45070422535211,259526806,6.433892885169701e-05,0.0247569469855352,0.1361798661989217,2,False,False
distilbert,18,15,79.21126760563381,81.40845070422536,74997233,1.8393233329694624e-05,0.0601227782943456,0.0350433406569563,10,False,False
distilbert,18,16,79.43661971830986,81.85915492957747,368292772,1.3104550889594506e-05,0.0025013262191752,0.0633857747794274,10,False,True
distilbert,18,17,79.71830985915493,80.73239436619718,1693278855,5.154875951725122e-06,0.0057679086320981,0.1261761686042684,9,False,False
distilbert,18,18,79.54929577464789,81.1830985915493,1613763198,9.050993772942602e-06,8.185560024427945e-05,0.0006557735879629,9,False,False
distilbert,18,19,78.87323943661971,79.88732394366197,1328528043,7.509750705122414e-05,4.8217082209469534e-05,0.0763186548018701,7,False,False
distilbert,18,20,79.04225352112677,80.0,326838725,1.1194084289294387e-05,0.0228346851081134,0.073638669255674,3,False,False
distilbert,18,21,79.04225352112677,81.2394366197183,1810727184,4.0911468426305626e-05,7.535553754065019e-05,0.0042132124986025,3,False,False
distilbert,18,22,79.6056338028169,80.3943661971831,897083077,2.4385540504420644e-05,0.0010492052186106,0.0312703880068584,8,False,False
distilbert,18,23,79.88732394366197,80.56338028169014,94951985,1.23642806009882e-05,0.0001957640428921,0.1126377201985141,4,False,False
distilbert,18,24,79.21126760563381,81.29577464788733,1127009735,2.696123180645164e-05,0.000132782712127,0.0134770615725692,10,False,False
distilbert,18,25,79.38028169014085,81.01408450704226,156227833,6.910677194590424e-06,0.0008514177716193,0.1877152402180617,9,False,False
distilbert,18,26,77.63380281690141,76.78873239436619,72861418,7.714589545579006e-06,0.0286853186659777,0.0797860416284082,2,False,False
distilbert,18,27,78.98591549295774,81.12676056338029,352566243,3.051209047201028e-05,1.0056877989308073e-05,0.0495846249887857,10,False,False
distilbert,18,28,79.49295774647888,80.50704225352112,622381826,6.349173925092186e-05,0.0031640586897732,0.070174771398511,9,False,False
distilbert,18,29,79.83098591549296,80.95774647887323,1057278150,4.5935256072287215e-05,0.0562201739316045,0.1912402501807606,4,False,False
distilbert,19,0,80.67796610169492,79.2772444946358,151221642,2.3004330787383316e-05,0.0208795480751716,0.048200838702745,8,False,False
distilbert,19,1,78.92655367231639,80.23715415019763,1517759452,6.411810509368493e-05,0.0112880338708022,0.1217165031727775,4,False,False
distilbert,19,2,80.50847457627118,81.08413325804631,475825965,1.1451879873891476e-05,7.939231124301587e-05,0.1688954041589435,9,False,False
distilbert,19,3,80.22598870056497,80.40654997176736,955473578,2.9402131930101844e-05,0.0052975346146861,0.0555715485032448,4,False,False
distilbert,19,4,80.28248587570621,80.68887634105026,408749127,1.6423773724384673e-05,6.25353103126004e-05,0.1617881385961429,9,False,False
distilbert,19,5,80.73446327683615,80.5759457933371,596712066,1.6526804573950077e-05,0.0001118092190054,0.1084647959276212,5,False,False
distilbert,19,6,80.3954802259887,80.23715415019763,1029676590,1.770086764320911e-05,0.0314169566444763,0.18565824181498,4,False,False
distilbert,19,7,79.49152542372882,79.16431394692265,1467812344,5.564974947887106e-06,0.0678404020790131,0.146355162104202,6,False,False
distilbert,19,8,79.94350282485875,80.74534161490683,124555241,1.26087848773035e-05,0.0036002237713555,0.1093229043600561,9,False,False
distilbert,19,9,78.87005649717514,80.74534161490683,1798190504,4.156425582095166e-05,0.0633567959317358,0.1529128461430754,2,False,False
distilbert,19,10,80.28248587570621,81.14059853190288,1249881926,5.7141074633752494e-05,0.0319277261659186,0.0149708372903346,2,False,True
distilbert,19,11,80.16949152542372,80.06775832862789,252372698,2.348210928604039e-05,0.0107651716932561,0.075097908988762,4,False,False
distilbert,19,12,79.43502824858757,78.82552230378317,1726136647,9.804156220344944e-05,0.0176987800387405,0.0023353096185553,4,False,False
distilbert,19,13,80.50847457627118,79.785431959345,607976950,3.8577046447355294e-05,0.0427938941113011,0.1531186422885214,6,False,False
distilbert,19,14,80.90395480225989,81.08413325804631,2003061556,2.11063356645524e-05,0.0033889118685509,0.0931020236239662,8,False,False
distilbert,19,15,80.96045197740114,80.46301524562394,967744443,2.0826594637694672e-05,1.658170078832875e-05,0.1793942009965937,6,True,False
distilbert,19,16,80.90395480225989,80.74534161490683,1415260937,1.3517240185003337e-05,0.0001891334812694,0.0782560595395474,7,False,False
distilbert,19,17,77.96610169491525,78.71259175607001,617185049,1.2093597063808026e-05,0.0620961431765475,0.0891930153260204,2,False,False
distilbert,19,18,80.67796610169492,80.68887634105026,1609124266,2.068568514504865e-05,0.0033485076177706,0.0336823951875197,4,False,False
distilbert,19,19,78.92655367231639,78.71259175607001,1561233700,9.83599508405878e-05,0.0001082716150662,0.1268157610825213,4,False,False
distilbert,19,20,79.88700564971751,80.12422360248448,1331292051,5.761171015916539e-05,0.0001308803540664,0.1154822761453751,7,False,False
distilbert,19,21,78.87005649717514,78.93845285149634,2132391163,9.411089316240056e-05,0.0075372133815505,0.1410503708754571,4,False,False
distilbert,19,22,78.30508474576271,79.10784867306606,1011337068,1.2724382164297157e-05,1.8429534573072744e-05,0.1244478171419013,2,False,False
distilbert,19,23,79.6045197740113,80.06775832862789,754743875,3.9282541881383055e-05,0.0027829726401925,0.1547090364875034,2,False,False
distilbert,19,24,79.94350282485875,81.08413325804631,1849869756,1.8122222853878275e-05,3.381696467692212e-05,0.1656314627807491,9,False,False
distilbert,19,25,78.70056497175142,79.61603613777527,478598480,5.182903701385826e-06,0.000119654895447,0.0742029087074657,7,False,False
distilbert,19,26,80.11299435028249,80.51948051948052,555595643,5.172161516238067e-05,0.0052566086264572,0.1026342363435226,5,False,False
distilbert,19,27,78.98305084745763,79.33370976849238,1294693188,6.348457333651184e-05,0.0004915185697427,0.0363630311487068,8,False,False
distilbert,19,28,77.57062146892656,78.54319593450028,1037956563,5.106102913768372e-06,0.0001083867511609,0.0597010698190788,3,False,False
distilbert,19,29,79.26553672316385,78.82552230378317,731808292,7.483287810701613e-06,0.000113245249903,0.0929608079658303,4,False,False
distilbert,20,0,78.98876404494382,77.98989331836047,1494281379,7.978985758107419e-06,2.575855666041109e-05,0.1527180590064915,5,False,False
distilbert,20,1,79.5505617977528,80.51656372824256,1080244178,1.579516994070014e-05,0.0001031659231623,0.0967978851821436,8,False,False
distilbert,20,2,77.02247191011236,77.70915216170691,1386888144,5.385403653038416e-06,0.0154633945108737,0.0850883477292117,3,False,False
distilbert,20,3,77.58426966292134,77.93374508702976,61210420,8.69494311705384e-06,0.0101386840561823,0.1473978191965778,3,False,False
distilbert,20,4,79.66292134831461,78.77596855699045,553351662,8.425344653357304e-06,0.001183045528105,0.0013001356821593,9,False,False
distilbert,20,5,80.2247191011236,80.12352610892756,1338827990,1.624268257728548e-05,0.0058044582571746,0.1711784462330271,8,False,False
distilbert,20,6,79.04494382022472,79.0005614823133,941624108,7.042699665926351e-05,0.0106967338961182,0.1200008870343409,10,False,False
distilbert,20,7,78.93258426966293,78.04604154969118,1314553892,7.2603694770898525e-06,0.0001889523285257,0.1785321853693571,6,False,False
distilbert,20,8,80.0,80.06737787759685,2002893037,4.400085660228851e-05,0.0049372223999851,0.073841904271256,10,False,False
distilbert,20,9,80.3932584269663,80.01122964626614,2136543675,1.6057803412097872e-05,1.7459702263124958e-05,0.0790382074635681,5,True,False
distilbert,20,10,78.42696629213484,79.56204379562044,1012522005,4.529936898636385e-05,1.2378009395517924e-05,0.0636322254498495,9,False,False
distilbert,20,11,80.1685393258427,79.50589556428973,12325378,1.4675366736484118e-05,0.0026007600493097,0.0189005870386148,7,False,False
distilbert,20,12,79.38202247191012,80.235822571589,703252639,3.9898937403746e-05,0.0147888744505969,0.1189088044713099,6,False,False
distilbert,20,13,78.93258426966293,79.56204379562044,1819584412,1.0894117967673864e-05,1.2978835796477678e-05,0.065966364035539,8,False,False
distilbert,20,14,79.5505617977528,79.449747332959,88319951,2.6354011658865868e-05,0.0002301084626187,0.0970009943204694,5,False,False
distilbert,20,15,77.69662921348315,78.60752386299832,2026317175,8.464438115855921e-05,0.0358974004189632,0.142568384824652,6,False,False
distilbert,20,16,78.93258426966293,80.06737787759685,28270799,1.530370155917468e-05,2.107375650367621e-05,0.0733477589375742,10,False,False
distilbert,20,17,77.02247191011236,77.93374508702976,1782133486,8.320703997564055e-05,1.608405556965542e-05,0.1111951095577329,8,False,False
distilbert,20,18,79.5505617977528,79.78663672094329,68502018,3.548485036263123e-05,0.0498463760402806,0.139961064435636,2,False,False
distilbert,20,19,79.71910112359551,79.28130263896688,1479484655,1.778901412989668e-05,2.6219869626327188e-05,0.0171863643446128,4,False,False
distilbert,20,20,80.1685393258427,78.66367209432903,1879042045,1.7083245253289942e-05,0.0006719375817403,0.0101379586911319,3,False,False
distilbert,20,21,76.91011235955057,76.13700168444694,87820666,5.996142667799075e-06,1.1948819232460728e-05,0.0559341983766965,2,False,False
distilbert,20,22,78.70786516853933,79.73048848961258,417934951,5.465356591897096e-05,0.0005128473757661,0.1363795745484746,7,False,False
distilbert,20,23,78.08988764044943,78.83211678832117,1185637171,5.113022792573879e-06,0.0849701806248717,0.0418165024547498,9,False,False
distilbert,20,24,78.87640449438203,78.15833801235262,1567674709,7.656339885500721e-06,0.0105954928081925,0.1522207728488488,6,False,False
distilbert,20,25,80.0561797752809,79.89893318360471,225213964,1.698625982851877e-05,0.0009111395614645,0.0350331430402883,7,False,False
distilbert,20,26,79.5505617977528,79.05670971364403,277897643,9.32536201406381e-06,2.5184384197700697e-05,0.0030665861695025,7,False,False
distilbert,20,27,79.10112359550561,78.43907916900618,2092642932,5.015741176121138e-06,0.0004317346537552,0.0276358271388915,8,False,False
distilbert,20,28,80.1685393258427,81.02189781021897,1506553555,2.090958347259681e-05,0.0013636697884875,0.0874168685726559,6,False,True
distilbert,20,29,78.14606741573034,79.16900617630544,1182024946,5.323117198453534e-05,0.0039615132396271,0.0394614249033721,7,False,False
distilbert,21,0,81.07042253521126,80.05633802816901,56124729,6.897851235837978e-05,0.0546144452819807,0.1293884216883927,3,False,False
distilbert,21,1,78.64788732394366,78.8169014084507,1642271529,6.469104534058045e-06,0.0013601484717221,0.1247387984200844,3,False,False
distilbert,21,2,80.05633802816901,78.70422535211267,1732904707,8.002068426674764e-05,0.0002780680248636,0.0085667207571745,6,False,False
distilbert,21,3,80.33802816901408,79.15492957746478,1981954667,5.4940900600469016e-05,0.0077187795451824,0.1115823727757809,2,False,False
distilbert,21,4,81.97183098591549,80.67605633802818,1308529757,1.3222884852507036e-05,0.0059462051074199,0.1680432922423745,7,False,False
distilbert,21,5,81.35211267605634,80.50704225352112,426281201,1.2389876806254204e-05,7.052236807203021e-05,0.1368094568489094,8,False,False
distilbert,21,6,81.1830985915493,79.49295774647888,1653720689,1.2069666293493145e-05,0.0021437946337783,0.0179719930190698,7,False,False
distilbert,21,7,80.95774647887323,80.61971830985915,370936780,2.197699868266698e-05,0.0065392736714323,0.1748322813482064,3,False,False
distilbert,21,8,81.46478873239437,80.78873239436619,1714353171,1.889105716791785e-05,0.0004543759501862,0.1442036933578945,4,False,False
distilbert,21,9,81.12676056338029,80.16901408450704,1904627765,4.232380843402717e-05,0.0002229811436771,0.0787394531814818,5,False,False
distilbert,21,10,82.08450704225352,81.07042253521126,1020866317,1.3946156463059172e-05,2.759357253882536e-05,0.036952760467,8,False,True
distilbert,21,11,81.91549295774648,80.16901408450704,1852886087,2.719865805183308e-05,0.0032021165954658,0.1262757540622857,7,False,False
distilbert,21,12,80.84507042253522,80.61971830985915,1635087450,3.254739427408749e-05,0.0001951917366864,0.1827325880787092,8,False,False
distilbert,21,13,80.50704225352112,80.50704225352112,167364242,1.1829530135667303e-05,0.0746649696534138,0.0382812204234838,3,False,False
distilbert,21,14,81.52112676056338,79.83098591549296,1391813091,3.993555571981832e-05,0.0063296221184553,0.0052797793897522,7,False,False
distilbert,21,15,81.2394366197183,80.33802816901408,216595798,2.3521620683048704e-05,0.0147469254342119,0.0805889545048914,8,False,False
distilbert,21,16,78.59154929577464,78.92957746478874,993682824,6.368499586158945e-06,6.535652972863596e-05,0.0934720190990897,3,False,False
distilbert,21,17,82.4225352112676,80.56338028169014,1965231174,1.503637265868374e-05,0.0432423173672381,0.1967636599865044,8,True,False
distilbert,21,18,77.40845070422536,77.46478873239437,597299702,6.174703792683642e-06,0.0002761231140364,0.0810367816095348,2,False,False
distilbert,21,19,80.05633802816901,79.6056338028169,610816769,1.1233385025281335e-05,0.02417614011355,0.199289070959298,3,False,False
distilbert,21,20,81.5774647887324,80.67605633802818,1937737959,2.0167991188662287e-05,1.4002857755984791e-05,0.0121438444731991,5,False,False
distilbert,21,21,80.22535211267606,79.15492957746478,43934526,6.474986834319437e-05,0.0442363813472149,0.0244282302528341,4,False,False
distilbert,21,22,82.02816901408451,80.90140845070422,245986772,1.472381881020677e-05,0.0018158751102241,0.0759026856828761,10,False,False
distilbert,21,23,81.07042253521126,79.54929577464789,505782244,4.695777811872495e-05,0.0010533168188037,0.1107384536445235,9,False,False
distilbert,21,24,78.98591549295774,78.4225352112676,1014474363,1.281352074420494e-05,0.0001751334064083,0.1162438990172876,2,False,False
distilbert,21,25,81.01408450704226,80.11267605633803,1344217436,5.992814796451084e-06,0.0745504715028063,0.0812831795213686,7,False,False
distilbert,21,26,79.66197183098592,79.66197183098592,1739396740,7.26635098376263e-05,0.0010976356709819,0.1675741507684307,4,False,False
distilbert,21,27,81.40845070422536,80.45070422535211,1210818131,1.030541692198172e-05,0.0542347781906102,0.1189571403660011,8,False,False
distilbert,21,28,81.40845070422536,80.28169014084507,66898420,1.1430030863318698e-05,0.0020945454336689,0.0608360472820798,4,False,False
distilbert,21,29,80.50704225352112,78.64788732394366,783229754,6.938190211806931e-05,0.0192007031019717,0.1602295672740344,4,False,False
distilbert,22,0,77.75280898876404,78.76404494382022,754063351,9.493333511781344e-05,0.0004249815613227,0.0794436420132768,6,False,False
distilbert,22,1,78.03370786516854,78.93258426966293,1238315257,7.995408602282608e-05,1.2252266423048573e-05,0.0255337207120756,2,False,False
distilbert,22,2,79.9438202247191,79.6067415730337,1634517554,4.7485604843066776e-05,5.287311538039241e-05,0.1419483874438564,5,False,False
distilbert,22,3,79.7752808988764,80.50561797752809,1191636124,3.838548804051534e-05,7.13744979568457e-05,0.0632556633968248,4,False,False
distilbert,22,4,79.71910112359551,80.67415730337079,805469767,2.22222337592138e-05,0.0032109240123388,0.1303156101749342,10,False,False
distilbert,22,5,77.97752808988764,78.70786516853933,745332978,9.960597532806147e-06,0.011491852380763,0.1479827091603791,3,False,False
distilbert,22,6,79.32584269662921,80.33707865168539,749360656,9.01622860066696e-06,0.0003224241261391,0.010186551938154,8,False,False
distilbert,22,7,78.87640449438203,79.66292134831461,395379402,6.954590646095949e-05,0.0389599858455745,0.1712454894406682,6,False,False
distilbert,22,8,79.43820224719101,79.21348314606742,578707112,1.051268661866355e-05,0.0022055486874589,0.014190077336078,5,False,False
distilbert,22,9,79.5505617977528,80.56179775280899,1235368723,1.545317754289238e-05,0.0014161934215826,0.0381656179965832,4,False,False
distilbert,22,10,78.53932584269663,80.61797752808988,989557743,1.0192688663243103e-05,0.024270896233983,0.1448368332758633,6,False,False
distilbert,22,11,79.15730337078652,80.73033707865169,1527311785,1.5387098228263628e-05,0.0253715096248022,0.0615126960428261,6,False,False
distilbert,22,12,79.7752808988764,81.12359550561797,952038125,2.9374243017231688e-05,0.0016628168238008,0.1280920611088949,4,False,True
distilbert,22,13,79.6067415730337,80.78651685393258,1128277719,2.520935423526357e-05,0.0185691710342269,0.1742378746224679,4,False,False
distilbert,22,14,79.66292134831461,79.5505617977528,570012915,3.832864449819215e-05,0.0156602874175669,0.1325130889798363,4,False,False
distilbert,22,15,79.21348314606742,79.6067415730337,888869005,4.523912224525321e-05,0.0004707145568048,0.0540188020946474,10,False,False
distilbert,22,16,79.38202247191012,80.4494382022472,827321793,1.0896541501325329e-05,0.0408661953981425,0.1254259046804569,9,False,False
distilbert,22,17,79.9438202247191,79.32584269662921,1673299664,5.009705162217036e-05,2.127503998685513e-05,0.1040042605500052,3,False,False
distilbert,22,18,79.43820224719101,80.33707865168539,80032949,2.4896119906162368e-05,0.0030190347521774,0.1142372501585792,9,False,False
distilbert,22,19,80.11235955056179,80.84269662921348,373242148,4.240877910853192e-05,0.0002206300157507,0.0226754722192658,7,True,False
distilbert,22,20,79.21348314606742,80.1685393258427,1450851806,1.202087912841701e-05,0.0062918965337818,0.0480998296393428,7,False,False
distilbert,22,21,79.5505617977528,79.43820224719101,1918814809,3.302899489619713e-05,0.0005124217756233,0.0134674377965149,9,False,False
distilbert,22,22,79.21348314606742,80.50561797752809,562670573,3.209124554868328e-05,8.0608615221012e-05,0.0779252857079589,6,False,False
distilbert,22,23,79.26966292134831,79.8314606741573,1107439626,1.7885258930460612e-05,4.509556489462267e-05,0.1991715039065713,3,False,False
distilbert,22,24,77.86516853932584,78.53932584269663,1487463069,1.1123352823969292e-05,1.825417931802623e-05,0.0516424881939735,3,False,False
distilbert,22,25,78.53932584269663,80.84269662921348,1272256746,1.14246238394591e-05,4.045097407799405e-05,0.1261579641246734,8,False,False
distilbert,22,26,79.66292134831461,80.0561797752809,1249441509,1.1405304270701167e-05,0.0020723267172659,0.0767727502956975,5,False,False
distilbert,22,27,77.35955056179775,78.20224719101124,1691083298,6.2392840273759584e-06,0.0003794353891279,0.0225857081378841,3,False,False
distilbert,22,28,79.04494382022472,79.49438202247191,595994831,6.800778353123379e-05,0.0089881227272847,0.0517793390753226,9,False,False
distilbert,22,29,79.04494382022472,79.66292134831461,1136786363,6.704312286111426e-06,0.0010084498574656,0.035263321711022,7,False,False
distilbert,23,0,79.42825112107623,79.48430493273543,2081888272,2.6996882239691523e-05,0.0031412281160575,0.1965242132541605,10,False,False
distilbert,23,1,78.41928251121077,80.26905829596413,1106347517,5.963084805579446e-06,0.0018130956043761,0.1271477695767193,8,False,False
distilbert,23,2,79.26008968609865,80.54932735426009,332220079,2.083893606259867e-05,0.0002831803255029,0.0346285274260743,7,False,False
distilbert,23,3,77.80269058295964,78.58744394618834,1972902852,8.116560246795996e-05,0.0058460732520951,0.0251762241052307,7,False,False
distilbert,23,4,78.53139013452915,80.21300448430493,1506203279,1.6182995821648448e-05,0.0025009203937318,0.1274902155115631,3,False,False
distilbert,23,5,77.74663677130044,79.76457399103138,1506414920,7.821261118597858e-06,0.0003269812592718,0.1876799826299645,7,False,False
distilbert,23,6,77.57847533632287,78.64349775784753,1254989725,8.120644236126668e-05,1.1110366770753554e-05,0.0148455730858501,7,False,False
distilbert,23,7,77.29820627802691,78.8677130044843,1268323381,9.460829320862548e-05,4.3723925367988746e-05,0.0707119556386162,7,False,False
distilbert,23,8,77.63452914798206,79.54035874439462,859865922,6.681831839131405e-06,0.0408094574890776,0.1488371690502201,6,False,False
distilbert,23,9,77.52242152466367,79.14798206278027,1309545417,5.198608149168331e-06,1.5147350973305897e-05,0.0892351405588306,6,False,False
distilbert,23,10,78.19506726457399,80.21300448430493,1013343392,3.202987160954842e-05,0.0327028759368923,0.0237287154404758,4,False,False
distilbert,23,11,78.19506726457399,80.32511210762331,138005416,3.960620275436974e-05,0.0061277970114799,0.1509856911507957,4,False,False
distilbert,23,12,79.5964125560538,80.60538116591928,1988618529,3.418774017371447e-05,4.543468657646466e-05,0.199590330496999,5,True,False
distilbert,23,13,78.8677130044843,79.98878923766816,1318865281,1.605263119854834e-05,0.000212881898502,0.179037787054214,9,False,False
distilbert,23,14,78.9237668161435,80.99775784753363,444889112,1.6989123121015085e-05,7.092766653477741e-05,0.1836236997458464,6,False,True
distilbert,23,15,78.9237668161435,79.87668161434978,153777611,1.0075093275900497e-05,0.0577872312855351,0.0304751512930767,7,False,False
distilbert,23,16,78.53139013452915,80.32511210762331,871635122,2.9138625162875617e-05,0.0064833649176429,0.010146081025162,5,False,False
distilbert,23,17,79.14798206278027,80.4932735426009,448295110,2.0666150617521596e-05,0.000936657482973,0.0636916964540662,10,False,False
distilbert,23,18,79.37219730941705,80.66143497757848,55848944,2.518290996570959e-05,0.0136065641311115,0.0036599900768208,6,False,False
distilbert,23,19,78.47533632286995,78.8677130044843,121315389,2.812544170225192e-05,0.0286751432007975,0.1180549813016855,2,False,False
distilbert,23,20,78.9237668161435,79.37219730941705,267788222,1.5899620998165964e-05,0.0930098052796098,0.0743106221227973,4,False,False
distilbert,23,21,77.29820627802691,78.30717488789237,666908121,7.768976964560892e-06,2.156056671993346e-05,0.0190724515372784,2,False,False
distilbert,23,22,78.41928251121077,80.60538116591928,1447198627,6.073310857509944e-05,0.0087176994122453,0.1028504585788995,2,False,False
distilbert,23,23,79.09192825112108,80.38116591928251,1865360320,3.796576209619707e-05,0.0018705411687701,0.1765244589381387,8,False,False
distilbert,23,24,77.07399103139014,77.46636771300449,1962306693,5.359790166981666e-06,0.009251071458968,0.1312022798635438,2,False,False
distilbert,23,25,78.02690582959642,80.4372197309417,740816928,1.0290800098173456e-05,0.0001642103241055,0.0682711828633261,9,False,False
distilbert,23,26,77.97085201793722,78.69955156950672,934197851,7.5264081280315e-06,0.0394993291003125,0.1555303737481999,4,False,False
distilbert,23,27,78.0829596412556,79.20403587443946,1824354205,8.439122716994783e-06,0.0030496805700633,0.1806823143769099,4,False,False
distilbert,23,28,78.30717488789237,79.7085201793722,980202889,9.910215680353982e-06,0.00170116146733,0.0111148200450405,8,False,False
distilbert,23,29,78.19506726457399,79.98878923766816,1289376758,6.469205309234024e-06,6.300510804134487e-05,0.0724941132090974,7,False,False
distilbert,24,0,79.17607223476298,76.93175408911449,1925573276,1.5117044670031896e-05,0.0004726382389958,0.0053976425553825,2,False,False
distilbert,24,1,80.98194130925508,78.68020304568527,1384398723,2.7533020536705412e-05,0.0419712865832821,0.0547385260307357,6,False,False
distilbert,24,2,80.19187358916479,78.05978567399887,178286501,6.583197056436476e-05,1.129701132770478e-05,0.1344660268917172,9,False,False
distilbert,24,3,81.09480812641084,79.13141567963903,33792526,6.861112296199447e-06,1.757451730913984e-05,0.0692125885432324,10,False,False
distilbert,24,4,79.28893905191873,78.28539199097575,318262258,6.220698029431731e-05,8.150912257494169e-05,0.1195323142158095,6,False,False
distilbert,24,5,80.86907449209933,77.77777777777777,1061436426,3.45610435990747e-05,0.0013284594662436,0.1032462380670524,10,False,False
distilbert,24,6,79.9097065462754,77.2701635645798,1590335909,6.791425288926232e-05,1.2700353591888656e-05,0.1969089656083112,10,False,False
distilbert,24,7,81.54627539503386,78.96221094190638,1543963220,2.8098220016309344e-05,0.00026937242182,0.1623093106851096,7,False,False
distilbert,24,8,80.47404063205417,77.834179357022,1047473624,3.340071984368463e-05,0.0001092862736304,0.0455657881016134,8,False,False
distilbert,24,9,81.60270880361173,78.1161872532431,854825264,2.4730777285719105e-05,9.602897466169796e-05,0.194881634009099,4,False,False
distilbert,24,10,80.6997742663657,78.56739988719684,1018851779,8.166487989647532e-06,0.0003771573065046,0.1038112021683665,8,False,False
distilbert,24,11,80.19187358916479,78.68020304568527,1462276052,8.493910874833252e-05,0.0004486869539841,0.0244114781409273,6,False,False
distilbert,24,12,79.1196388261851,77.2701635645798,184839118,1.1415352277020836e-05,4.345715321772298e-05,0.146525176758218,3,False,False
distilbert,24,13,81.20767494356659,77.834179357022,1004297469,6.8206696502945095e-06,0.0417079880382482,0.0298552048630909,7,False,False
distilbert,24,14,80.75620767494357,78.79300620417372,1714384592,2.820057718739388e-05,0.000245323337166,0.160302903368471,3,False,False
distilbert,24,15,80.6433408577878,78.22899041173153,1334563570,3.58042932051613e-05,0.0194324662380374,0.1497653658653388,7,False,False
distilbert,24,16,79.57110609480813,77.15736040609137,969281222,7.446740912835298e-06,5.362344749128317e-05,0.1569074931320112,4,False,False
distilbert,24,17,81.26410835214448,78.62380146644107,205739081,4.124850652828098e-05,0.0013750321377697,0.1707538538687478,8,False,False
distilbert,24,18,80.07900677200902,77.94698251551043,1996182578,6.868564090779142e-05,0.003228741534454,0.003393311324476,7,False,False
distilbert,24,19,81.26410835214448,78.84940778341793,1370945922,1.6362144195584228e-05,0.0992064922134923,0.1882851365388278,7,False,False
distilbert,24,20,80.9255079006772,79.07501410039481,1018763127,4.995215045801368e-05,0.0381283831202638,0.1574851888092048,8,False,False
distilbert,24,21,80.24830699774266,78.39819514946419,619346754,4.282024522625456e-05,0.0018122982968447,0.0563300826654406,3,False,False
distilbert,24,22,78.38600451467269,76.93175408911449,1404809420,5.293185860537355e-06,0.0011682322637453,0.1592122881541989,4,False,False
distilbert,24,23,81.09480812641084,78.90580936266215,1778772936,1.0214358496386064e-05,0.0223105536866897,0.1930933911043316,8,False,False
distilbert,24,24,81.7155756207675,79.24421883812747,1468427400,2.556119748967667e-05,0.0373326696072911,0.1316042395482803,7,False,True
distilbert,24,25,81.77200902934537,78.56739988719684,1459490777,2.0079504230641397e-05,0.004947170932529,0.039096079939874,8,True,False
distilbert,24,26,80.53047404063206,77.72137619853356,1459662862,6.820348612226888e-06,6.086128331146939e-05,0.1972825711089939,8,False,False
distilbert,24,27,80.24830699774266,79.18781725888324,1167985354,3.403927986893588e-05,0.0359836284541107,0.1839951266398348,10,False,False
distilbert,24,28,79.23250564334086,77.49576988155668,1375311093,8.62844167631588e-06,0.0004572920666901,0.1333375936081457,3,False,False
distilbert,24,29,80.36117381489842,77.5521714608009,1097766227,8.342935951773057e-06,9.58275636007252e-05,0.0102637403268349,5,False,False
distilbert,25,0,80.12387387387388,80.85585585585585,302702289,6.371632746005791e-05,2.219170198065093e-05,0.003282383433549,7,False,False
distilbert,25,1,81.53153153153153,81.25,567330861,2.363113225548444e-05,0.0069711254425556,0.0642371711540397,7,True,False
distilbert,25,2,80.85585585585585,81.25,89979979,1.6255794564791728e-05,0.0014274858839258,0.003673418423936,5,False,False
distilbert,25,3,79.89864864864865,80.68693693693693,1458127232,6.0331614888843525e-05,0.0117557437244822,0.1872122515619142,5,False,False
distilbert,25,4,79.89864864864865,79.50450450450451,224623663,3.838797803284073e-05,0.0138623785850201,0.0713785675269181,2,False,False
distilbert,25,5,77.42117117117117,76.63288288288288,331297450,5.198952498841877e-06,0.0001472753979269,0.0542498087859101,3,False,False
distilbert,25,6,80.57432432432432,80.79954954954955,1312840484,1.3693081619505168e-05,0.0064610906493744,0.0966549085763722,7,False,False
distilbert,25,7,79.33558558558559,78.65990990990991,1810812551,6.089771552482885e-06,0.0012243674599319,0.193208694003561,4,False,False
distilbert,25,8,76.23873873873873,76.23873873873873,2124517009,5.118604186681395e-06,0.0392050043124715,0.198472242692006,2,False,False
distilbert,25,9,80.68693693693693,80.01126126126127,1524742842,7.266047472456673e-06,0.002698845059187,0.0902215861426656,10,False,False
distilbert,25,10,80.06756756756756,80.74324324324324,1064054533,5.987479588082161e-05,0.0001946059472609,0.1544192371732167,4,False,False
distilbert,25,11,79.84234234234235,80.74324324324324,346441908,3.960224737926627e-05,0.0112211972591622,0.184774636265762,9,False,False
distilbert,25,12,80.68693693693693,81.19369369369369,2110317541,2.955302031411368e-05,0.0116664854371955,0.1358368874901025,7,False,False
distilbert,25,13,80.63063063063063,80.4054054054054,2284471,4.144947521582233e-05,0.032909734723623,0.1071591047389741,2,False,False
distilbert,25,14,80.63063063063063,81.36261261261261,878702855,2.059326685871185e-05,0.0070765189802605,0.1131934146306096,5,False,False
distilbert,25,15,80.63063063063063,81.08108108108108,792752414,4.825495941360481e-05,0.0900877423457237,0.1871336968202961,8,False,False
distilbert,25,16,79.5608108108108,80.2927927927928,947167557,8.339399770791343e-05,2.9274013759074414e-05,0.006620279879625,3,False,False
distilbert,25,17,78.6036036036036,77.98423423423424,1641579969,7.23338638235767e-06,0.0056917592852393,0.1932608363649461,2,False,False
distilbert,25,18,80.57432432432432,80.18018018018019,1820334931,1.8284147879086875e-05,0.0016498827283232,0.1880590545386303,9,False,False
distilbert,25,19,80.79954954954955,80.96846846846847,1003882528,6.472783829023453e-05,0.0013506885091554,0.0058455991260464,2,False,False
distilbert,25,20,79.16666666666667,79.22297297297297,1703609837,9.121583670408098e-05,0.0819941134134089,0.0399751579726492,2,False,False
distilbert,25,21,80.2927927927928,80.57432432432432,1053599612,5.178402283384895e-05,1.998221199342968e-05,0.1338617250851292,9,False,False
distilbert,25,22,81.25,81.70045045045045,1151874211,3.56781952002693e-05,0.0013782249353761,0.0430863381535338,5,False,True
distilbert,25,23,80.4054054054054,80.4054054054054,1052813782,5.6182772892134745e-05,0.0001475844347226,0.1551999933260812,9,False,False
distilbert,25,24,78.15315315315316,79.33558558558559,505779567,8.461028697887899e-05,0.0002831994864164,0.1585686578281692,7,False,False
distilbert,25,25,80.4054054054054,81.19369369369369,2023205352,1.959098555403253e-05,0.0004022991457838,0.1532333807310507,6,False,False
distilbert,25,26,80.06756756756756,80.74324324324324,57698783,3.8695297138537775e-05,0.0404250883392917,0.0854803450888568,2,False,False
distilbert,25,27,80.68693693693693,81.02477477477477,163085660,5.79985462238301e-05,0.0739064532092091,0.063016864724044,5,False,False
distilbert,25,28,79.5608108108108,80.91216216216216,806803589,6.826495122400182e-05,0.019970130859296,0.0958727655489184,4,False,False
distilbert,25,29,80.4054054054054,81.25,487379538,5.4940535576958426e-05,0.0636995627937365,0.131354742711866,6,False,False
distilbert,26,0,78.61599546228021,79.92058990357346,592937150,1.935481219270166e-05,1.2083406936351752e-05,0.1213766520871279,2,False,False
distilbert,26,1,79.01304594441294,78.38910947249008,1143029314,6.765661357347319e-05,0.0262998768237326,0.140947037433798,9,False,False
distilbert,26,2,79.75042541123085,79.92058990357346,104194981,1.4690215195111832e-05,0.0142772399683064,0.1444277487477266,3,False,False
distilbert,26,3,79.41009642654566,80.43108338060125,1434255786,9.53497984418321e-06,0.0006811160802541,0.1807445317198466,6,False,False
distilbert,26,4,79.58026091888826,80.31764038570618,1020858877,1.1757646707139638e-05,0.0032583966412491,0.12758798161704,10,False,False
distilbert,26,5,79.80714690867839,80.65796937039138,1601478540,1.2101072651385413e-05,0.0016554511075402,0.0343008681831193,10,False,False
distilbert,26,6,78.72943845717526,77.48156551332956,2045422166,5.785898083676034e-06,0.0071607036234339,0.0688867684874219,3,False,False
distilbert,26,7,80.37436188315371,80.43108338060125,59066498,5.140650679505936e-05,0.007116323437103,0.1297339004676934,4,True,False
distilbert,26,8,80.14747589336359,80.26091888825864,1976095434,2.725000604379184e-05,0.0101721822265134,0.184450767491785,9,False,False
distilbert,26,9,79.06976744186046,79.126488939308,362404262,7.374391149644191e-05,0.0012404916651932,0.0592367902729468,6,False,False
distilbert,26,10,79.2966534316506,80.43108338060125,799093297,7.5999226121637714e-06,0.0002533517528299,0.1363784137302901,6,False,False
distilbert,26,11,79.06976744186046,79.2966534316506,206497092,1.8710372281093585e-05,0.0052257823142431,0.1120668251645095,2,False,False
distilbert,26,12,80.09075439591605,79.2966534316506,1208209837,2.7567716674461884e-05,0.0008449545682374,0.0408924251173941,2,False,False
distilbert,26,13,79.97731140102098,79.46681792399319,685668250,5.493855230267416e-05,0.0373590187159461,0.0099506712073918,7,False,False
distilbert,26,14,79.75042541123085,79.75042541123085,534821136,7.430467421080159e-06,6.496379188128942e-05,0.0925769958972843,9,False,False
distilbert,26,15,78.4458309699376,79.126488939308,156715800,7.328585760687816e-05,0.0037572238034655,0.0008219610850817,3,False,False
distilbert,26,16,78.9563244469654,79.80714690867839,98296925,1.147663177185735e-05,0.0004086374563342,0.1055786149189761,3,False,False
distilbert,26,17,79.58026091888826,80.43108338060125,158219578,3.973938865412579e-05,0.0061281163076716,0.1808991852599741,7,False,False
distilbert,26,18,79.52353942144073,80.48780487804878,598425922,1.08082441480273e-05,0.0080608708469862,0.1110628486719136,10,False,False
distilbert,26,19,79.35337492909812,80.14747589336359,1428145584,2.5227134249936194e-05,0.0010799415566549,0.1959515665710523,6,False,False
distilbert,26,20,79.01304594441294,79.126488939308,745261811,8.69362057301015e-06,3.756944371592617e-05,0.1900313728010477,3,False,False
distilbert,26,21,78.7861599546228,79.86386840612592,1727933865,3.361635006105102e-05,0.0002779863942489,0.193159637105525,2,False,False
distilbert,26,22,79.41009642654566,79.92058990357346,922419803,8.634608267189681e-06,2.41082974215025e-05,0.034008310593682,7,False,False
distilbert,26,23,80.31764038570618,80.14747589336359,1649366602,2.652318445541128e-05,0.0364815564795573,0.0546493359279062,10,False,False
distilbert,26,24,78.67271695972774,79.18321043675553,1008140547,6.976043292939904e-06,0.016229079897693,0.0364836653520954,6,False,False
distilbert,26,25,80.37436188315371,79.80714690867839,1123821074,2.923204786770517e-05,0.0005310584697668,0.0737889804790723,4,False,False
distilbert,26,26,78.55927396483267,79.52353942144073,909035396,6.376869745778546e-06,1.2526785664142e-05,0.1256046398934087,5,False,False
distilbert,26,27,79.86386840612592,79.2966534316506,1257849981,3.067809556716056e-05,2.495326442000435e-05,0.1659499525423396,2,False,False
distilbert,26,28,80.03403289846852,81.05501985252411,1809135781,1.6206330411569822e-05,2.8386996817540656e-05,0.0946872729177057,6,False,True
distilbert,26,29,79.41009642654566,80.43108338060125,1478187243,3.19271604873877e-05,0.0009822009812611,0.1109517575385867,5,False,False
distilbert,27,0,80.89244851258582,79.64551172098342,1534819693,7.111505039773116e-06,1.2193889931168296e-05,0.1266264220400957,8,False,False
distilbert,27,1,80.09153318077803,80.73184676958262,1734260665,5.101782298513094e-05,7.73594795310528e-05,0.0251434419497639,6,False,False
distilbert,27,2,81.40732265446225,78.55917667238423,1157441939,8.777049379070293e-05,0.0001846775003959,0.1745374849844266,5,False,False
distilbert,27,3,81.75057208237986,80.61749571183533,1154871925,1.67812501737849e-05,0.0003378973506605,0.0135628336266548,9,True,False
distilbert,27,4,80.1487414187643,79.87421383647799,398300022,2.526128932927794e-05,0.0366085037214177,0.109994602079078,3,False,False
distilbert,27,5,80.60640732265446,79.53116066323614,1740894201,1.3238793283375411e-05,2.750825537725969e-05,0.0346887238099645,7,False,False
distilbert,27,6,80.54919908466819,80.27444253859348,1763770133,2.982955803530222e-05,0.0008784676497344,0.0904292519071714,3,False,False
distilbert,27,7,80.54919908466819,79.01658090337335,1535324572,6.908260845359865e-05,0.0364355142648662,0.0726091758220663,2,False,False
distilbert,27,8,81.2929061784897,80.4459691252144,658954799,2.9456139496886634e-05,0.0072714220048179,0.0381547275982008,6,False,False
distilbert,27,9,80.49199084668192,79.64551172098342,914068898,1.597310992950314e-05,0.0920021682644815,0.1246672767993534,4,False,False
distilbert,27,10,79.74828375286042,78.78787878787878,1356157877,9.21618168439639e-05,2.3590782134497355e-05,0.0306663144621343,6,False,False
distilbert,27,11,80.54919908466819,78.90222984562607,719117125,1.0159838956952983e-05,0.0596198362839404,0.0477541080049679,4,False,False
distilbert,27,12,81.06407322654462,80.50314465408805,1649784065,2.393586770819724e-05,0.000336480147357,0.1412434173991724,4,False,False
distilbert,27,13,79.17620137299771,78.73070325900514,162409814,8.875176971939745e-05,0.017761513502301,0.0879634572325158,10,False,False
distilbert,27,14,80.94965675057209,80.67467124070897,1478633711,1.8215141430373165e-05,3.264699154449358e-05,0.1034354048038206,7,False,False
distilbert,27,15,79.63386727688787,79.4739851343625,590717308,7.067262625743632e-05,0.0009367486107442,0.006973663001073,2,False,False
distilbert,27,16,81.17848970251717,79.87421383647799,1927036981,1.1902474377330353e-05,0.0008114621112153,0.0320936446788345,5,False,False
distilbert,27,17,80.83524027459954,80.50314465408805,1762504539,1.5001316567382143e-05,1.594605255985333e-05,0.0014329869969871,7,False,False
distilbert,27,18,80.60640732265446,79.30245854774157,1666168307,1.7857253921761454e-05,6.657782875772306e-05,0.1339108049435008,2,False,False
distilbert,27,19,80.26315789473684,78.55917667238423,1992180053,8.42950617490237e-05,5.769840041749765e-05,0.176924302357033,7,False,False
distilbert,27,20,80.89244851258582,79.4739851343625,1788206459,2.981976113577904e-05,0.0021580152829434,0.1013280909583736,10,False,False
distilbert,27,21,81.40732265446225,80.61749571183533,693052727,1.5656371905180135e-05,0.0007997473805899,0.0884721808746657,10,False,False
distilbert,27,22,80.20594965675058,80.16009148084619,544335750,4.851546880606883e-05,0.001099457054641,0.0778666634459181,10,False,False
distilbert,27,23,80.94965675057209,80.90337335620355,1857031950,1.2022228924734496e-05,0.0979697635670724,0.029262659814096,9,False,True
distilbert,27,24,80.83524027459954,80.33161806746712,1032605912,3.343151868417979e-05,2.9646430334419744e-05,0.1327146355862782,2,False,False
distilbert,27,25,79.34782608695652,77.07261292166953,172781190,5.686305066640893e-06,0.0057876555168795,0.1166010399955678,3,False,False
distilbert,27,26,81.23569794050343,80.04574042309892,1279264097,3.39210543082016e-05,4.119336506969621e-05,0.0680421599006243,9,False,False
distilbert,27,27,81.46453089244851,80.50314465408805,1893397907,1.7879862370534892e-05,0.0005087364836011,0.1898419600146446,10,False,False
distilbert,27,28,80.83524027459954,80.61749571183533,1656673292,1.963017707604889e-05,0.0022080768900454,0.025447956810996,9,False,False
distilbert,27,29,81.00686498855835,80.61749571183533,1582376692,3.360428052436907e-05,7.537384904492218e-05,0.0925646113457124,5,False,False
distilbert,28,0,80.30388294879009,81.88976377952756,1476271776,1.3187948453488823e-05,8.105182328278005e-05,0.0058732492021508,10,False,False
distilbert,28,1,80.81035453010692,81.94600674915635,2006097828,3.122619982490668e-05,0.0001006450386762,0.0625429378189466,4,False,False
distilbert,28,2,78.7281935846933,80.03374578177728,299028772,1.0150069155079693e-05,0.0027645961189964,0.0773672138113712,3,False,False
distilbert,28,3,80.47270680922904,81.55230596175478,802967854,2.898288217603049e-05,0.0123735239967459,0.0508720149472119,6,False,False
distilbert,28,4,79.68486212718064,80.20247469066366,616736476,8.744515768225305e-05,0.0162664040120965,0.0980101843792261,3,False,False
distilbert,28,5,76.02701181767023,76.5466816647919,516541670,5.159644960840059e-06,0.0188776928586071,0.0050492114668196,2,False,False
distilbert,28,6,80.24760832864378,82.00224971878515,86384506,2.643794420654127e-05,1.0587559726421962e-05,0.1346336439282746,3,False,False
distilbert,28,7,79.06584130557118,81.04611923509562,1922769946,1.7149754957344125e-05,0.0011288026265785,0.0257526851203498,3,False,False
distilbert,28,8,79.34721440630275,80.48368953880765,865280534,1.1733576568944224e-05,0.0869415239970175,0.1359872769541009,3,False,False
distilbert,28,9,79.85368598761958,80.98987626546682,2055263180,1.3911624126305013e-05,0.0499456900215708,0.1088513200341065,3,False,False
distilbert,28,10,80.02250984805852,81.88976377952756,272629208,4.08285322987151e-05,0.0017479017450681,0.1903084712800982,5,False,False
distilbert,28,11,81.1480022509848,81.83352080989876,1892584036,1.3487252927117093e-05,0.0721914769875676,0.0623363603871341,6,True,False
distilbert,28,12,80.47270680922904,82.22722159730034,10863462,1.6921388655286278e-05,0.000470285460368,0.0509599736275777,7,False,False
distilbert,28,13,80.47270680922904,81.77727784026996,1253520282,2.7532665849721764e-05,0.0003720799515908,0.0460592306070882,6,False,False
distilbert,28,14,78.67191896454699,79.86501687289089,857367479,9.401797239805306e-05,0.0605275483024595,0.1224363364192457,8,False,False
distilbert,28,15,80.75407990996061,81.72103487064118,2107073426,1.7114991765939985e-05,7.862523619508812e-05,0.0844565048746474,10,False,False
distilbert,28,16,79.45976364659539,80.08998875140607,940180610,6.786585632382903e-06,0.0098414344347949,0.1058814869708768,4,False,False
distilbert,28,17,80.58525604952166,81.83352080989876,1661025023,1.5191745452794696e-05,0.034689791495368,0.1875417401814106,9,False,False
distilbert,28,18,80.52898142937535,82.50843644544432,169317041,2.3948259119888823e-05,0.0079900953364662,0.0054378312906089,7,False,True
distilbert,28,19,80.97917839054587,81.72103487064118,164736013,1.0964137013972015e-05,0.0004595366260842,0.1066455947655004,9,False,False
distilbert,28,20,80.86662915025323,82.11473565804275,886588261,1.5331616222007486e-05,1.9104150705867004e-05,0.0788159697908512,9,False,False
distilbert,28,21,79.9099606077659,81.32733408323959,1979603074,5.783713925034109e-05,0.0021503795768624,0.0460181040169438,5,False,False
distilbert,28,22,78.89701744513225,78.2902137232846,29422226,9.932395531812128e-05,0.0023056235605921,0.1309084983437674,8,False,False
distilbert,28,23,78.2779966235228,79.5838020247469,877396699,8.464318945408507e-05,0.0027954443177668,0.1269725039256369,10,False,False
distilbert,28,24,80.19133370849747,81.04611923509562,1365122571,2.6140514932849246e-05,5.652847280271832e-05,0.033059225486081,10,False,False
distilbert,28,25,80.64153066966799,82.17097862767154,651779422,9.769235604707011e-06,0.0068678511187302,0.1758458892309755,9,False,False
distilbert,28,26,78.78446820483961,79.24634420697413,1666433031,7.563899384642815e-06,0.003276423741141,0.0118226450193658,3,False,False
distilbert,28,27,79.06584130557118,79.5275590551181,553024236,1.3369986359055334e-05,0.0001835277851236,0.0033626768821416,2,False,False
distilbert,28,28,80.19133370849747,81.88976377952756,1943468495,3.914664020456055e-05,7.469387340151368e-05,0.1123056657375698,5,False,False
distilbert,28,29,80.58525604952166,81.83352080989876,1688726174,9.236609827904763e-06,6.524738708754604e-05,0.0267283679358693,7,False,False
distilbert,29,0,77.97281993204983,78.82219705549264,2103810488,8.91111352886539e-06,3.2369392204321376e-05,0.1140565519528163,3,False,False
distilbert,29,1,78.8788221970555,79.33182332955832,1828535300,6.802926927405768e-06,0.0015559394840596,0.0169372740218317,9,False,False
distilbert,29,2,79.84144960362401,78.9920724801812,373412989,6.6724081845590645e-06,0.008055403448407,0.0508292898659097,7,False,False
distilbert,29,3,80.23782559456399,78.3691959229898,1463029323,7.42674550134477e-05,2.723610748919585e-05,0.1555764812274305,9,False,False
distilbert,29,4,80.4643261608154,79.78482446206115,1720996833,2.8091586424555328e-05,0.0004001391815622,0.0965124086270907,6,False,False
distilbert,29,5,80.4643261608154,80.3510758776897,285214351,2.90156919238764e-05,0.0718783818230482,0.0371636564172691,7,False,True
distilbert,29,6,77.6330690826727,78.08607021517554,1260759248,9.931946095906144e-06,0.0001303011186324,0.1703298220569325,2,False,False
distilbert,29,7,78.19932049830125,78.48244620611551,1398383853,6.082117863508357e-06,0.0296029512076445,0.1422124653368076,6,False,False
distilbert,29,8,80.01132502831257,79.7281993204983,2106781992,7.086153625408943e-06,0.0035874048734387,0.0832751818465487,10,False,False
distilbert,29,9,78.53907134767837,77.85956964892412,1665126104,1.051233780237713e-05,0.0295546901707117,0.1921649704751298,2,False,False
distilbert,29,10,76.27406568516422,76.67044167610419,496141193,5.534334330115066e-06,0.0383021655368205,0.0483101326903918,2,False,False
distilbert,29,11,79.44507361268403,79.50169875424689,804686711,5.339130295849875e-06,0.0042617583430548,0.0604338039308134,9,False,False
distilbert,29,12,76.67044167610419,77.29331823329558,1142781293,7.86116297658803e-06,0.0069895700391121,0.0460098105699291,2,False,False
distilbert,29,13,78.59569648924122,78.65232163080408,176063854,9.474073822411514e-05,4.728411000205228e-05,0.043205510775571,4,False,False
distilbert,29,14,80.69082672706682,79.7281993204983,17961712,8.417768331191288e-05,0.0242233986355814,0.0273524675587285,9,False,False
distilbert,29,15,80.18120045300114,79.16194790486976,405717736,9.619158372478316e-06,0.0065893735267595,0.1031234608316622,7,False,False
distilbert,29,16,79.67157417893544,78.02944507361268,109897858,9.194203865655644e-05,0.0041199548171874,0.1756171466674443,7,False,False
distilbert,29,17,79.1053227633069,78.3691959229898,1767177738,2.483515270337826e-05,0.0003401654175666,0.0712634246523045,2,False,False
distilbert,29,18,80.74745186862967,79.84144960362401,433587132,3.4631188039247504e-05,0.0078903115655733,0.1045386472113295,3,True,False
distilbert,29,19,79.50169875424689,79.21857304643261,1524146961,1.215338240838412e-05,0.0557689147058192,0.0763091894956202,5,False,False
distilbert,29,20,79.16194790486976,79.6149490373726,1396858945,7.592906542419552e-06,5.913029330845643e-05,0.1284147658772235,8,False,False
distilbert,29,21,78.14269535673839,78.31257078142696,1832857996,6.493663316646729e-06,0.0085168492494756,0.0159674202165009,4,False,False
distilbert,29,22,79.38844847112118,79.21857304643261,1161433423,4.13718058280185e-05,0.0471137834943236,0.1385148358328419,9,False,False
distilbert,29,23,79.21857304643261,78.8788221970555,280583049,8.27194612291094e-05,0.0171677115024646,0.0557874744394817,10,False,False
distilbert,29,24,80.18120045300114,79.16194790486976,437717159,4.565492905932448e-05,0.0009323621590898,0.093711196012305,10,False,False
distilbert,29,25,77.29331823329558,77.34994337485844,1085843082,7.3161999269107394e-06,0.0015315886135662,0.0858298288417648,2,False,False
distilbert,29,26,79.95469988674972,79.04869762174405,433129805,2.2388331867975087e-05,0.0020962279181966,0.1813198980147835,8,False,False
distilbert,29,27,80.01132502831257,79.6149490373726,247713867,7.507772862233078e-06,0.0018440510723069,0.0951034699142095,10,False,False
distilbert,29,28,80.63420158550396,80.12457531143828,347273913,2.54112895842718e-05,0.0002161745322483,0.1786002334404968,8,False,False
distilbert,29,29,80.40770101925254,79.16194790486976,498523080,1.7619715614769843e-05,0.0192844207057862,0.0083584877148215,7,False,False
bert-base,0,0,80.9879379666858,82.83582089552239,1469677895,1.3618410212793605e-05,0.0086806183085921,0.1637136831448449,3,,
bert-base,0,1,81.6771970132108,83.52468427095293,1094702457,2.0023184937514018e-05,0.0002649524469967,0.0768049968278288,3,,
bert-base,0,2,81.44744399770246,81.05625717566016,2014900178,9.370802195547198e-05,2.5402422570727326e-05,0.1653371038399871,10,,
bert-base,0,3,81.90695002871912,83.52468427095293,1074855444,2.2736927881463945e-05,0.0077657425193807,0.1917905203472059,6,,
bert-base,0,4,81.84951177484204,83.35246842709529,2084178571,2.033755080215004e-05,2.392437012476309e-05,0.0921031373644835,5,,
bert-base,0,5,81.79207352096496,82.49138920780712,1893145773,1.930405129589745e-05,0.0062806924035922,0.1987507959280086,9,,
bert-base,0,6,82.13670304422746,83.46727898966705,1039849391,4.006672646449236e-05,0.0666116463531594,0.1082083731035331,6,,
bert-base,0,7,83.51522113727742,83.52468427095293,498401203,3.588751171236142e-05,0.0001338554962719,0.0359788858868365,5,,
bert-base,0,8,81.6771970132108,83.52468427095293,629603929,1.9567795013729376e-05,0.0013812500333263,0.1685268264624916,4,,
bert-base,0,9,83.11315336013786,82.43398392652124,1038816572,5.523889514280386e-05,3.89541493535718e-05,0.1471663328308524,10,,
bert-base,0,10,82.36645605973578,83.63949483352468,68397645,3.120414578168492e-05,0.0003435509674119,0.1057003487277347,6,,
bert-base,0,11,81.9643882825962,83.98392652123995,1480477890,1.8162208587793732e-05,0.0009628338455681,0.1467130393948015,10,,
bert-base,0,12,81.21769098219414,83.12284730195178,6228799,9.463276226690902e-06,0.0007275577014235,0.1955316694597648,5,,
bert-base,0,13,81.90695002871912,82.548794489093,1731705567,4.471469307613613e-05,0.0961273701844734,0.1365504021549251,6,,
bert-base,0,14,80.9879379666858,82.43398392652124,267986446,4.9252159730950325e-05,1.0353578267959684e-05,0.1661024894101724,2,,
bert-base,0,15,81.61975875933372,83.35246842709529,1479107601,1.196117841494088e-05,8.565202898210425e-05,0.0399017343900742,9,,
bert-base,0,16,80.18380241240666,82.0321469575201,1322601894,7.787473408783927e-06,8.826765453049754e-05,0.1661995676447495,6,,
bert-base,0,17,82.25157955198162,81.80252583237657,1970285057,9.234333230600862e-05,0.0156529046972309,0.0343181574253575,4,,
bert-base,0,18,82.25157955198162,83.0654420206659,358328446,4.233276505110385e-05,0.0071864487348755,0.1876578290478174,4,,
bert-base,0,19,82.6536473291212,82.77841561423651,1660770546,2.3157261683753573e-05,0.0003729044886215,0.045333795474029,10,,
bert-base,0,20,80.29867892016082,82.49138920780712,1059009684,9.711371773438668e-06,0.0124719786879765,0.0933635086063504,4,,
bert-base,0,21,80.29867892016082,82.72101033295063,2091034195,5.4590302701843166e-06,0.0056008697069485,0.1289122402601301,4,,
bert-base,0,22,80.24124066628374,81.85993111366246,324438271,6.512012175924989e-06,6.477951370707128e-05,0.0956000117205385,4,,
bert-base,0,23,80.75818495117748,82.49138920780712,1552213747,7.827482536076027e-06,3.3621319104815694e-05,0.1485278202282331,6,,
bert-base,0,24,81.21769098219414,84.09873708381171,954822735,1.6117438778276145e-05,0.00296019728224,0.0529209602406342,3,,
bert-base,0,25,80.47099368179208,82.43398392652124,81815446,6.4361840248642285e-06,0.0014624813154212,0.1999184452565608,3,,
bert-base,0,26,83.51522113727742,83.18025258323766,570329445,3.388596749040379e-05,6.457691585877441e-05,0.0467485784412165,7,,
bert-base,0,27,80.93049971280873,83.18025258323766,1192702124,1.4420523510909804e-05,0.0001779905975053,0.1640262784077449,9,,
bert-base,0,28,80.52843193566916,82.95063145809415,135501936,7.803241110431957e-06,0.0001951448368135,0.0072881441321927,7,,
bert-base,0,29,81.6771970132108,84.09873708381171,910325203,2.4698471801829192e-05,0.0027486302667135,0.0112152162094594,5,,
bert-base,1,0,83.35240274599542,81.41795311606633,194232765,6.296758130267332e-05,0.0007225365501208,0.0813560927981643,8,,
bert-base,1,1,82.37986270022883,80.33161806746712,1006762408,4.543478254220925e-05,0.0728481163863679,0.0839694898819076,9,,
bert-base,1,2,83.92448512585813,81.9325328759291,1022104203,1.113048647780383e-05,3.8992963795082455e-05,0.1430646417999215,9,,
bert-base,1,3,81.69336384439359,81.2464265294454,2115355813,9.939494815479708e-05,0.0425409877713998,0.0199926896714234,5,,
bert-base,1,4,82.78032036613273,81.47512864493997,2054009927,5.350686236015714e-06,0.0033758113198636,0.1422203359836262,10,,
bert-base,1,5,82.20823798627002,80.96054888507719,856225357,5.349109588459744e-05,3.905946019416581e-05,0.0994873761925677,4,,
bert-base,1,6,83.81006864988558,81.53230417381361,185430613,1.9914974378696064e-05,0.0002521806848866,0.0756847487123342,10,,
bert-base,1,7,82.03661327231121,79.98856489422528,1937177910,8.424947825847607e-05,3.049953511308221e-05,0.0923605251181861,7,,
bert-base,1,8,83.52402745995424,82.21841052029731,721245830,2.017796742513696e-05,0.0010807485906465,0.1170417016047681,3,,
bert-base,1,9,82.72311212814645,79.58833619210978,1271661101,9.423272584029689e-05,6.192900133158658e-05,0.0978321037949232,2,,
bert-base,1,10,83.4096109839817,80.90337335620355,200145669,2.7826438950214543e-05,0.0007161438253147,0.0338417234442464,4,,
bert-base,1,11,84.1533180778032,81.36077758719269,685955002,6.149714499074484e-06,4.234087816615987e-05,0.1585075598600294,7,,
bert-base,1,12,84.49656750572082,81.70383076043453,1174211410,1.2094517104576816e-05,1.1507466921309088e-05,0.0732714836103238,9,,
bert-base,1,13,84.1533180778032,82.21841052029731,334601145,2.335642880496433e-05,0.0071087665587159,0.172592479962184,4,,
bert-base,1,14,81.63615560640733,79.4739851343625,1814757877,8.954642302567909e-05,2.535493902854905e-05,0.057401247405114,8,,
bert-base,1,15,82.72311212814645,80.56032018296169,1878189316,5.070122119819242e-05,0.0012559271581513,0.0656027416768128,5,,
bert-base,1,16,83.9816933638444,82.96169239565467,258008443,2.0508996510771284e-05,0.013724228980788,0.1094208838489693,4,,
bert-base,1,17,83.92448512585813,81.98970840480274,135015517,2.781394814921198e-05,0.0007573000622585,0.1313929646580008,4,,
bert-base,1,18,82.83752860411899,81.07489994282447,1913758409,1.152945356672877e-05,0.0017041143218175,0.0308664844287102,4,,
bert-base,1,19,83.52402745995424,81.81818181818181,1721595278,1.4176501712215954e-05,7.313868843096382e-05,0.0218118776039027,7,,
bert-base,1,20,83.12356979405034,81.01772441395083,259856086,8.245972356117092e-06,0.0012514130958966,0.15937878459392,4,,
bert-base,1,21,82.6086956521739,80.33161806746712,1275423838,8.037928280581556e-05,1.2355951591475486e-05,0.0253662335572909,4,,
bert-base,1,22,84.26773455377574,82.27558604917095,1102881462,2.393609642347119e-05,0.0002448958149672,0.0251537920792148,3,,
bert-base,1,23,81.69336384439359,79.4739851343625,1393678684,8.283297292522748e-05,1.1023361449117313e-05,0.1516355601687242,7,,
bert-base,1,24,83.46681922196797,81.87535734705546,804731213,1.0485023424834896e-05,1.22578110591948e-05,0.1092051498797635,5,,
bert-base,1,25,83.63844393592677,81.64665523156089,893490709,1.4172058910423888e-05,0.0002941574902727,0.0242267225823362,7,,
bert-base,1,26,80.89244851258582,78.90222984562607,2045260234,5.452347961066886e-06,0.0386156549110441,0.1594087113389647,2,,
bert-base,1,27,82.83752860411899,81.9325328759291,2031953730,2.5620501602463933e-05,6.685924022073113e-05,0.1584277583444466,10,,
bert-base,1,28,83.75286041189932,81.81818181818181,1052064424,1.2238184424127917e-05,0.0761092735632191,0.1588832609037832,3,,
bert-base,1,29,83.81006864988558,81.58947970268726,1419662639,1.3718308854971315e-05,7.292574618876229e-05,0.1823128974874821,7,,
bert-base,2,0,84.17757541263518,83.56086461888509,1144224246,4.0887410091235055e-05,0.0160512011964276,0.132961328618655,7,,
bert-base,2,1,84.06374501992032,82.0250284414107,267673950,6.654512934324001e-06,0.0002347039293758,0.1885312704434255,10,,
bert-base,2,2,84.40523619806488,82.93515358361775,918514810,2.7103190402980645e-05,0.0011240536616715,0.1270723226033904,9,,
bert-base,2,3,83.66533864541833,82.82138794084186,1602509416,2.564919749532137e-05,0.0345183915722445,0.0376412411411108,7,,
bert-base,2,4,84.80364257256687,83.33333333333333,1318242195,1.871955030710357e-05,0.0209817287373581,0.0215458425655686,6,,
bert-base,2,5,83.43767785998861,82.36632536973833,301911931,1.4662669649276808e-05,0.0003271286030177,0.1494496240216002,7,,
bert-base,2,6,83.38076266363119,82.42320819112628,607366092,4.945063163998876e-05,0.0294292056761963,0.0873925963261773,9,,
bert-base,2,7,82.52703471826977,80.94425483503981,798490128,9.460423230746594e-05,0.0001043173093712,0.0925644035268339,8,,
bert-base,2,8,83.2100170745589,81.6268486916951,647012451,8.929444023591934e-06,2.881807743177904e-05,0.0860548498334309,6,,
bert-base,2,9,84.12066021627774,82.42320819112628,597489663,2.7385392054979325e-05,0.0102876119431228,0.0833156468896562,2,,
bert-base,2,10,84.40523619806488,82.48009101251422,318904453,2.0110747320916995e-05,0.0047505679600445,0.0989342079658112,7,,
bert-base,2,11,84.80364257256687,82.5938566552901,1099532785,1.7607622005428127e-05,0.0001925500408336,0.1666660490275936,7,,
bert-base,2,12,82.81161070005692,80.83048919226394,432718418,7.158343397650892e-06,1.5497808341518793e-05,0.1177070610077622,6,,
bert-base,2,13,82.86852589641434,81.45620022753128,320255391,5.67971798887594e-05,0.0009740301805141,0.1776543855475016,10,,
bert-base,2,14,82.81161070005692,82.5938566552901,1930933438,8.7750511426454e-06,9.30102714898594e-05,0.0789517085265276,4,,
bert-base,2,15,82.86852589641434,81.56996587030717,1065378186,5.337109112199432e-06,0.0001964526617562,0.1848856088720206,9,,
bert-base,2,16,81.67330677290836,80.60295790671218,331341594,9.555481792514964e-06,0.0007050560626033,0.1670584774521116,2,,
bert-base,2,17,84.40523619806488,82.70762229806598,1792923770,1.7044882461027423e-05,0.0093021075735746,0.0358370529610975,8,,
bert-base,2,18,82.41320432555493,80.71672354948805,1971549738,8.077935539994836e-06,5.481751860232045e-05,0.0873537053666592,2,,
bert-base,2,19,83.6084234490609,81.68373151308305,1574469879,7.247117080033834e-06,0.0116388469641119,0.109671126767194,10,,
bert-base,2,20,82.9823562891292,82.0250284414107,271616709,1.672066815106309e-05,0.0043510498074662,0.1820751097582661,4,,
bert-base,2,21,83.94991462720546,81.68373151308305,1124954815,1.0423951534418724e-05,9.733980157800144e-05,0.1964316370697066,6,,
bert-base,2,22,84.17757541263518,81.85437997724686,1191601382,7.82766580021049e-06,0.0043787127339049,0.0710935689573883,10,,
bert-base,2,23,84.12066021627774,82.48009101251422,345086845,3.429425279594152e-05,6.213241885951205e-05,0.1669262052825159,8,,
bert-base,2,24,83.89299943084804,81.91126279863481,1063139316,1.3762607008461116e-05,0.025441522631536,0.1937430833752995,8,,
bert-base,2,25,82.69778030734206,81.34243458475541,2028774394,5.43608379995473e-06,0.0001011170492986,0.0611912101633002,6,,
bert-base,2,26,83.66533864541833,81.51308304891923,803468078,5.444265547808746e-06,6.303851635559862e-05,0.1328518562258777,10,,
bert-base,2,27,82.64086511098463,81.0580204778157,732612510,8.042571196128609e-05,8.075955801632426e-05,0.068782680933485,10,,
bert-base,2,28,84.29140580535002,82.42320819112628,1882077758,5.731621522141765e-05,0.0162498457078918,0.0697069991665269,6,,
bert-base,2,29,84.57598178713717,82.65073947667804,1926267999,1.537570346663594e-05,1.2483677472054335e-05,0.0177327724412127,10,,
bert-base,3,0,81.47522522522523,81.71074845244794,2090124816,7.672468016551541e-06,0.0123166610643313,0.0069652683766042,3,,
bert-base,3,1,83.33333333333333,82.38604389420371,2060115556,6.0060143233715495e-05,0.005106481021864,0.1720253746813994,4,,
bert-base,3,2,82.65765765765765,81.71074845244794,803218695,1.0221075921681323e-05,0.0662748538860718,0.1546173949107114,8,,
bert-base,3,3,83.84009009009009,82.72369161508159,1808005986,2.119486547469234e-05,0.0004035212517024,0.0383880439861939,3,,
bert-base,3,4,82.03828828828829,82.04839617332583,2082800837,1.4346237186924728e-05,1.6977224160983385e-05,0.1029890243012527,3,,
bert-base,3,5,82.71396396396396,82.38604389420371,1638142375,4.994675709434604e-05,0.0054287778174606,0.0776432545873139,8,,
bert-base,3,6,83.44594594594595,82.27349465391109,1785285231,5.175204241407328e-05,0.0212581910707622,0.129879591506641,7,,
bert-base,3,7,84.17792792792793,82.21722003376478,342373114,2.5266196036604896e-05,0.003814478292647,0.0237571981834573,7,,
bert-base,3,8,82.54504504504504,82.44231851435003,114092199,6.659945224990081e-05,6.069747083745953e-05,0.0851472674686852,9,,
bert-base,3,9,83.84009009009009,83.68036015756894,669418202,3.4082027251480915e-05,1.521731882960123e-05,0.1542382864838545,6,,
bert-base,3,10,82.15090090090091,81.82329769274057,947830479,5.939826950363079e-06,1.6572785930728866e-05,0.1503076799900906,6,,
bert-base,3,11,84.06531531531532,83.39898705683737,771907903,2.520465324865655e-05,0.0007519098274707,0.0380347004643361,9,,
bert-base,3,12,82.77027027027027,81.82329769274057,1249895427,5.514705666937984e-05,0.0010828204919192,0.1068280899961815,10,,
bert-base,3,13,83.33333333333333,82.77996623522792,1651172058,1.9132673991476825e-05,0.0001241484337063,0.1996528520062995,4,,
bert-base,3,14,84.06531531531532,82.94879009566685,263308358,1.901862193043852e-05,0.0014249984880112,0.177302749294423,8,,
bert-base,3,15,83.22072072072072,83.06133933595949,1443936627,6.0800484845359005e-05,0.0589077001915183,0.068846195563882,6,,
bert-base,3,16,83.72747747747748,82.77996623522792,318366770,3.497417482527385e-05,1.0935437001995012e-05,0.1889129998310451,6,,
bert-base,3,17,83.78378378378379,82.10467079347214,1974415756,3.207587262902122e-05,0.0062056386818778,0.1717856609496792,7,,
bert-base,3,18,83.67117117117117,82.89251547552054,605389971,1.621596395943515e-05,0.0856231098863509,0.1562146875147456,6,,
bert-base,3,19,83.16441441441441,82.44231851435003,24140557,1.025661141436384e-05,0.0635479241734033,0.095293901984239,10,,
bert-base,3,20,83.22072072072072,82.77996623522792,452759217,8.313384696448265e-06,0.0029530741937461,0.0799284048635385,7,,
bert-base,3,21,83.55855855855856,82.66741699493528,1378036053,1.186277524820806e-05,0.0234856858553823,0.0147154226903954,10,,
bert-base,3,22,83.33333333333333,82.55486775464266,87932639,8.640079248506583e-06,0.0001016854814754,0.120553816428002,9,,
bert-base,3,23,82.26351351351352,80.58525604952166,198977586,8.188409982178149e-05,0.0033498061031152,0.1173880937137027,9,,
bert-base,3,24,83.38963963963964,82.61114237478897,1882157223,3.550214148047544e-05,0.0065278123008286,0.0687227854174918,4,,
bert-base,3,25,83.55855855855856,83.00506471581316,2108418088,1.8484997031135405e-05,0.0001086092692621,0.1473041360312661,4,,
bert-base,3,26,82.88288288288288,82.3297692740574,1386475953,7.365030960352827e-06,0.0003049731024494,0.1710308841675033,9,,
bert-base,3,27,83.27702702702703,82.10467079347214,2004801858,5.054518798257296e-05,0.0001133622407326,0.1596924975767971,5,,
bert-base,3,28,82.54504504504504,82.38604389420371,1392448554,5.479178674303223e-06,0.0023063581206748,0.0193965590630004,9,,
bert-base,3,29,84.06531531531532,82.44231851435003,1869761586,4.559383824571082e-05,0.0011680123965577,0.0616599635918259,7,,
bert-base,4,0,83.6608646827625,83.89450056116723,403246971,1.5418643204768286e-05,2.423031238922302e-05,0.0799490922150404,10,,
bert-base,4,1,81.30263896687255,82.54769921436588,1085446914,2.1934424269342203e-05,1.6755777618880686e-05,0.0718995277458959,2,,
bert-base,4,2,81.5272318921954,83.44556677890012,1946347154,6.620211459139908e-06,8.553152518655675e-05,0.0644237441005523,9,,
bert-base,4,3,82.25715889949467,83.83838383838383,2006205544,3.5932008168576595e-05,0.0012515517978913,0.1797010480144599,7,,
bert-base,4,4,82.36945536215609,83.83838383838383,2135234684,1.1040001834114569e-05,1.8918111182155422e-05,0.0793129704117455,8,,
bert-base,4,5,82.53790005614823,84.006734006734,45425213,1.1558700783977533e-05,0.001598475739945,0.1754189349549148,10,,
bert-base,4,6,81.92026951151038,82.15488215488216,394305542,7.170605968456028e-05,0.0002132087018621,0.0848745974195631,9,,
bert-base,4,7,82.20101066816396,83.10886644219977,1948007489,7.67627299460815e-06,9.130217916171843e-05,0.1586861117049889,9,,
bert-base,4,8,79.67434025828186,81.4253647586981,427373615,9.651876439539592e-05,0.046427740373301,0.1962841565714504,9,,
bert-base,4,9,81.80797304884896,83.22109988776656,1917335791,4.765007880018068e-05,8.819243257405695e-05,0.1440187920143975,9,,
bert-base,4,10,82.93093767546323,83.95061728395062,19786650,1.2094200924552852e-05,1.895458617618818e-05,0.169665016632311,9,,
bert-base,4,11,81.41493542953397,83.67003367003367,1118866864,3.926619948172058e-05,0.0016406614933372,0.0656419119922448,8,,
bert-base,4,12,79.67434025828186,81.64983164983165,222179862,6.468065976462415e-06,0.0383905757907627,0.0267362408336881,3,,
bert-base,4,13,81.35878719820326,82.77216610549944,1240053651,6.605603892590172e-06,0.0385205167203725,0.1185395272621083,10,,
bert-base,4,14,81.41493542953397,83.27721661054994,182184041,2.2268851906275325e-05,0.0001523452725229,0.1864004920330023,9,,
bert-base,4,15,82.20101066816396,81.9304152637486,1794293179,9.215335835635568e-05,0.001664153370474,0.1280991977524488,4,,
bert-base,4,16,81.24649073554183,83.5016835016835,3170336,7.623857890473606e-05,3.071323761453618e-05,0.1689813654513282,7,,
bert-base,4,17,81.86412128017967,83.22109988776656,354356276,8.406509293754055e-06,0.007528840940742,0.0338840163457436,5,,
bert-base,4,18,81.47108366086468,83.33333333333333,1871525412,5.538664449290952e-05,1.804619976981458e-05,0.079848198347402,2,,
bert-base,4,19,82.03256597417182,83.44556677890012,1470614652,1.6726661548329032e-05,0.0004000471026194,0.1295921139667795,5,,
bert-base,4,20,82.31330713082538,83.5016835016835,1375479139,1.6621846490750927e-05,0.0187710405416791,0.1439794965869313,10,,
bert-base,4,21,81.69567658618753,82.88439955106622,719200875,3.500725293047359e-05,0.0792768380486209,0.1639569108263314,7,,
bert-base,4,22,82.36945536215609,83.61391694725027,33445641,1.7006399512268194e-05,3.788496231573489e-05,0.0710749336537358,6,,
bert-base,4,23,80.01122964626614,82.04264870931537,1411814707,5.052608540205742e-06,0.0023608277656186,0.0534638194298629,4,,
bert-base,4,24,78.88826501965188,80.3030303030303,401578780,6.626483632197144e-06,0.0419469774247185,0.0577388079928093,3,,
bert-base,4,25,81.24649073554183,82.37934904601572,996774570,7.429988829557429e-05,0.0918428951063213,0.1984365804187143,3,,
bert-base,4,26,82.31330713082538,83.38945005611673,1815650449,5.51227950569352e-05,1.6505241678557157e-05,0.0320570905526613,10,,
bert-base,4,27,81.0780460415497,80.97643097643098,1857592354,9.560894625766014e-05,1.88060218508075e-05,0.185674520485662,10,,
bert-base,4,28,82.59404828747894,83.38945005611673,1933208773,6.46220822895037e-05,0.0028873220954226,0.1134857680335152,6,,
bert-base,4,29,81.69567658618753,83.67003367003367,1038776181,4.1151482326549705e-05,6.036737478892432e-05,0.1693690916446343,6,,
bert-base,5,0,81.85437997724686,82.36632536973833,1069771232,6.708650872699681e-06,0.0110860371755649,0.1244598640507048,5,,
bert-base,5,1,82.08191126279864,82.82138794084186,2005137442,6.49364047941135e-06,1.7832010416792132e-05,0.0966724287373976,6,,
bert-base,5,2,81.28555176336747,83.8452787258248,913302534,1.3650200984626208e-05,3.5193958526069335e-05,0.0188831392527802,6,,
bert-base,5,3,81.34243458475541,83.8452787258248,127086772,1.863592922101531e-05,1.5387081307087548e-05,0.175990524123468,9,,
bert-base,5,4,82.13879408418657,83.2764505119454,1805323963,5.861984191540817e-06,0.0019291170785888,0.1367734260408404,9,,
bert-base,5,5,81.79749715585893,83.16268486916951,1300175845,7.08867289223593e-06,1.0603836754540407e-05,0.1157165154799221,8,,
bert-base,5,6,81.34243458475541,83.10580204778157,457634356,3.97550552120853e-05,0.0001330224364051,0.1882999532826865,10,,
bert-base,5,7,81.45620022753128,84.35722411831627,1943643156,3.757048842675863e-05,0.0392322257515064,0.0672610876923683,8,,
bert-base,5,8,82.08191126279864,84.01592718998862,722844876,4.289611384141639e-05,0.0779793174305484,0.1037242611065503,5,,
bert-base,5,9,79.92036405005689,82.25255972696246,752026311,7.447666705325574e-05,0.0029111843640097,0.0793698286170292,10,,
bert-base,5,10,82.8782707622298,83.78839590443685,323240851,2.6405681001427117e-05,0.0068198829187357,0.0339889595366677,4,,
bert-base,5,11,80.54607508532423,82.42320819112628,853339529,6.368666141448573e-05,0.0002786545300982,0.1512838146489508,6,,
bert-base,5,12,82.3094425483504,82.93515358361775,941955528,5.981462143744012e-06,0.0010508002781914,0.0288779820772064,8,,
bert-base,5,13,81.56996587030717,82.5938566552901,1414498571,3.235341089657359e-05,0.0220338322532583,0.1717549822158446,8,,
bert-base,5,14,81.39931740614334,84.52787258248009,1481033499,3.939885558596395e-05,0.0002352199266521,0.02626707760047,6,,
bert-base,5,15,81.6268486916951,83.10580204778157,687699922,5.490448058241984e-05,0.0002626390395119,0.1531464274179694,4,,
bert-base,5,16,81.74061433447099,81.79749715585893,1342158075,1.2732725474906463e-05,4.009571113298653e-05,0.1829920671655242,2,,
bert-base,5,17,80.54607508532423,83.39021615472127,308157149,6.574396760835528e-05,9.709100321726206e-05,0.1645163268816953,10,,
bert-base,5,18,81.91126279863481,83.10580204778157,1481688712,6.075099049974035e-05,0.0003694617331131,0.0455717205814178,2,,
bert-base,5,19,82.08191126279864,83.73151308304892,755431487,2.0844982940752764e-05,0.001607077943192,0.1539359649521029,7,,
bert-base,5,20,82.19567690557452,82.76450511945393,1684327770,2.2800963635845658e-05,0.0007872212996383,0.0085763180937234,3,,
bert-base,5,21,82.13879408418657,82.36632536973833,1860966178,9.187248764599642e-06,0.0297816511083098,0.0301260540069918,5,,
bert-base,5,22,81.28555176336747,82.08191126279864,698397915,1.5060717792633155e-05,0.0005406063421482,0.0079184984731573,2,,
bert-base,5,23,80.71672354948805,83.39021615472127,441339061,4.37052467709395e-05,0.0018011783531416,0.0057288921392558,10,,
bert-base,5,24,81.51308304891923,82.93515358361775,53085371,8.7441867848089e-06,0.0004279053437164,0.1705112770746387,4,,
bert-base,5,25,82.0250284414107,82.93515358361775,1964846607,5.532774828924001e-05,0.0317326907731908,0.0646760154121934,2,,
bert-base,5,26,81.68373151308305,83.04891922639364,1246458827,1.03712601465485e-05,0.0026870689715125,0.1574452555520002,7,,
bert-base,5,27,82.65073947667804,83.21956769055745,630854788,1.742962592354367e-05,0.0137336332051333,0.0044021806752326,3,,
bert-base,5,28,81.85437997724686,83.56086461888509,1069319965,2.0316620323787474e-05,0.0014210224023869,0.1591395489627527,8,,
bert-base,5,29,81.34243458475541,82.25255972696246,1296797698,5.14290321174885e-06,6.295768022604978e-05,0.0882167977854106,9,,
bert-base,6,0,82.73092369477912,81.9954128440367,409375701,7.648839923559196e-06,1.0595632425492506e-05,0.0725935581503967,8,,
bert-base,6,1,82.04245553643143,82.85550458715596,1337552389,2.450738335900512e-05,6.314456683632635e-05,0.1380988500059427,6,,
bert-base,6,2,83.1899024670109,83.25688073394495,140301680,3.718952118591134e-05,4.2279275725873766e-05,0.0116915550530834,4,,
bert-base,6,3,82.04245553643143,82.85550458715596,1216412566,5.510757268174559e-05,0.0064104074902866,0.0580357241230625,2,,
bert-base,6,4,82.04245553643143,82.05275229357798,1835011150,5.8437139291207146e-06,0.0001219688894976,0.1281216865228268,9,,
bert-base,6,5,83.30464716006885,83.14220183486239,1154345026,1.54705525110229e-05,1.9378944536028675e-05,0.1517591906611051,8,,
bert-base,6,6,80.89500860585198,80.27522935779817,87385955,1.4332693152079992e-05,0.0001981599986873,0.069774808460757,2,,
bert-base,6,7,80.03442340791739,80.38990825688073,350828949,5.4128801674067664e-06,0.0017337323579792,0.1507414557512719,3,,
bert-base,6,8,82.90304073436603,83.14220183486239,777239074,1.196668248827493e-05,0.0003762448195404,0.1605400377242191,9,,
bert-base,6,9,81.06712564543889,80.21788990825688,601657973,6.244040633711265e-06,0.0005795576187056,0.0119699624168717,3,,
bert-base,6,10,81.98508318990247,81.42201834862385,755438454,7.622032036286322e-05,0.0194250130341857,0.0213659607376018,8,,
bert-base,6,11,82.27194492254733,83.14220183486239,1196716469,3.5744058065644824e-05,0.0002029681667091,0.0662749301896277,8,,
bert-base,6,12,81.12449799196787,81.30733944954129,1668131561,8.190391665596007e-05,1.7626338060054356e-05,0.0656598026742839,4,,
bert-base,6,13,82.90304073436603,83.0848623853211,337077315,3.6597372564194334e-05,1.8841110047461417e-05,0.0530436622112358,6,,
bert-base,6,14,82.04245553643143,83.25688073394495,1653715507,4.2797934384426064e-05,0.0040184380133419,0.1344393609944484,2,,
bert-base,6,15,80.55077452667814,81.76605504587155,24578350,9.910874661577776e-05,5.672550647418515e-05,0.043572915890032,3,,
bert-base,6,16,81.06712564543889,80.79128440366972,78028167,8.231959002736142e-05,0.0008010054066823,0.1172761186474749,10,,
bert-base,6,17,82.09982788296041,82.85550458715596,1761514492,1.6149800417444595e-05,0.000110304098351,0.1863614868998363,4,,
bert-base,6,18,82.09982788296041,82.51146788990826,1438634840,1.6784181459027035e-05,0.0111209975445469,0.1549199472471569,9,,
bert-base,6,19,83.53413654618474,83.65825688073394,1296928918,1.5348702344565915e-05,0.0017664003328448,0.1619889671630551,9,,
bert-base,6,20,79.5754446356856,80.16055045871559,565258904,6.530341668998621e-06,7.97497230593669e-05,0.0678537740688901,2,,
bert-base,6,21,81.75559380378658,82.97018348623853,675924407,1.13745071453743e-05,0.0063621012466406,0.1034516843067405,4,,
bert-base,6,22,81.92771084337349,82.68348623853211,1263293565,6.9383790208608845e-06,0.0193194518281789,0.1071001954714146,7,,
bert-base,6,23,82.38668961560528,81.76605504587155,822072507,5.828586052535442e-05,9.263614057261054e-05,0.0228741618253245,6,,
bert-base,6,24,82.38668961560528,82.91284403669725,676367362,3.740453795233319e-05,0.0126000231519781,0.1725572791656507,5,,
bert-base,6,25,81.12449799196787,81.9954128440367,420337027,5.209426446183404e-06,0.0001214664478284,0.1109225581139196,8,,
bert-base,6,26,83.13253012048193,82.79816513761467,62802228,1.7406751195560527e-05,0.0431769733170071,0.0326828826483449,6,,
bert-base,6,27,81.81296615031555,82.28211009174312,731173993,4.943579999557745e-05,2.826035977056748e-05,0.1889007141002221,3,,
bert-base,6,28,82.90304073436603,83.54357798165138,1792050266,1.4403092474752152e-05,0.0396780000047262,0.0210643658899953,6,,
bert-base,6,29,81.23924268502581,81.88073394495413,1604871909,9.077525283558416e-05,0.0077717888587703,0.102919251742398,5,,
bert-base,7,0,82.69876819708847,82.86674132138857,202217825,1.4885273803352198e-05,0.0117230337821026,0.1693792486475522,8,,
bert-base,7,1,80.51511758118701,80.73908174692049,908293187,1.3376952033075762e-05,6.727976303537039e-05,0.0043787846843784,2,,
bert-base,7,2,81.80291153415453,82.6427771556551,1892472630,1.4847445829846989e-05,0.0047402217262443,0.1153230278337511,3,,
bert-base,7,3,81.52295632698768,83.42665173572229,2029525399,5.752074093303073e-05,0.0334273427890125,0.1949385391582433,4,,
bert-base,7,4,81.18701007838746,82.02687569988802,1174048288,4.713059341807181e-05,0.0029382646564254,0.0365222216869726,10,,
bert-base,7,5,81.24300111982083,81.6909294512878,554411745,8.28921655621103e-05,0.0006021487790948,0.0556286873962072,10,,
bert-base,7,6,81.74692049272116,81.6909294512878,976870063,1.8579229755740603e-05,0.0118415721183458,0.0930428225560652,2,,
bert-base,7,7,81.74692049272116,82.13885778275476,296754640,7.776419268037726e-06,3.3532383113448704e-05,0.1048490073002135,8,,
bert-base,7,8,82.86674132138857,83.09070548712207,1250651564,5.409746570866738e-05,0.0024663913847656,0.136146429522404,7,,
bert-base,7,9,81.46696528555431,79.73124300111982,756084508,8.322810229194344e-06,0.0015815649801727,0.1230143070576094,2,,
bert-base,7,10,81.63493840985443,82.53079507278835,612508645,9.735802667730809e-06,0.0013871216957635,0.0265905501578866,10,,
bert-base,7,11,82.30683090705487,82.08286674132138,92332599,5.3289775621774046e-05,0.0786528624415105,0.1520016127883764,2,,
bert-base,7,12,82.47480403135498,82.36282194848825,1768443258,1.719640304707155e-05,0.004126167393773,0.1963554391539598,9,,
bert-base,7,13,82.6427771556551,83.03471444568869,1511563024,5.479790362803852e-05,0.0003839784850674,0.0396699808923603,6,,
bert-base,7,14,81.6909294512878,82.69876819708847,1702224785,7.436688469418915e-06,0.0431239827770385,0.1617121381862006,7,,
bert-base,7,15,82.92273236282195,82.47480403135498,852158778,5.155843053232393e-05,0.0504866503642816,0.1390093301715149,8,,
bert-base,7,16,82.19484882418813,81.2989921612542,1387640896,1.3439354229417317e-05,0.0001068363437771,0.0625643924717543,2,,
bert-base,7,17,82.08286674132138,82.41881298992162,1752666044,1.6169536866197064e-05,0.0095869515443626,0.1745258319707681,5,,
bert-base,7,18,82.69876819708847,82.75475923852184,1973112275,2.0459997445861425e-05,0.0064768878876308,0.1989326785980171,9,,
bert-base,7,19,81.35498320268756,81.18701007838746,1770542319,7.680371003992364e-05,0.006115637054462,0.0122046248373131,2,,
bert-base,7,20,82.75475923852184,81.97088465845465,1538961596,7.418875699678129e-05,0.0002528714616439,0.0458624458011017,3,,
bert-base,7,21,83.48264277715566,82.53079507278835,1667611571,1.3907242464601388e-05,0.01832967813027,0.0844368636803907,8,,
bert-base,7,22,82.30683090705487,83.42665173572229,279973939,2.7097262761573095e-05,0.0001705458105459,0.1207777705718183,8,,
bert-base,7,23,82.30683090705487,83.37066069428892,1440097825,2.885808549744416e-05,4.763153007963326e-05,0.0694589217241506,6,,
bert-base,7,24,81.52295632698768,82.30683090705487,1477384979,1.1014239344348545e-05,0.0008990696113677,0.1128533853989477,4,,
bert-base,7,25,82.2508398656215,82.6427771556551,633504811,3.021450464511705e-05,1.2645228647609464e-05,0.1208408659787756,7,,
bert-base,7,26,82.69876819708847,81.80291153415453,1735687313,2.2388826584161503e-05,0.02464513394534,0.1926373728311535,10,,
bert-base,7,27,82.02687569988802,82.30683090705487,422580013,4.160602881865955e-05,0.0128440952253574,0.166923359758632,7,,
bert-base,7,28,82.6427771556551,82.58678611422172,516478224,5.305344649665885e-05,0.0005119258208392,0.141970079550445,3,,
bert-base,7,29,82.36282194848825,82.8107502799552,1840450178,3.393777818524513e-05,0.007721645131188,0.1365118766615448,5,,
bert-base,8,0,81.67040358744394,81.33408071748879,11648818,1.2321358743359937e-05,0.0086053814247449,0.1873134816691378,5,,
bert-base,8,1,81.61434977578476,81.61434977578476,1681951584,1.039124363623545e-05,3.047547396162413e-05,0.0488806942563817,4,,
bert-base,8,2,82.67937219730942,81.44618834080717,1629997749,4.937556798082646e-05,1.466905654102666e-05,0.0040784074470246,10,,
bert-base,8,3,82.73542600896862,82.0067264573991,1388933119,2.774112476159154e-05,5.740742379004711e-05,0.1644652321231934,6,,
bert-base,8,4,82.28699551569507,81.10986547085201,8696332,5.107378631313572e-05,0.0107133487807864,0.0576026854747937,4,,
bert-base,8,5,81.10986547085201,81.72645739910314,762767865,9.936010590276582e-06,0.0010266199044696,0.096253047366496,3,,
bert-base,8,6,81.22197309417041,81.95067264573991,1329579328,6.074634634648492e-06,0.0028573762460915,0.1331462850841258,6,,
bert-base,8,7,80.66143497757848,82.28699551569507,1512175675,6.02760030916348e-06,0.0095660748329984,0.1778793801884758,6,,
bert-base,8,8,81.10986547085201,81.95067264573991,392232064,5.201510122829849e-06,0.000647492935235,0.1028205896348658,6,,
bert-base,8,9,81.61434977578476,81.10986547085201,2026397522,5.3183935657993625e-05,0.0126691301226406,0.1319337351600164,2,,
bert-base,8,10,82.67937219730942,80.21300448430493,1043778619,7.969231902671544e-05,0.0851780498107519,0.0886953789925911,9,,
bert-base,8,11,79.03587443946188,79.82062780269058,155803954,5.628955257243111e-06,0.0164230453905266,0.1172204065499881,3,,
bert-base,8,12,81.50224215246637,81.72645739910314,1915243383,9.85888144594663e-06,1.1341831223474668e-05,0.0834272818445545,4,,
bert-base,8,13,82.45515695067265,82.0627802690583,1304042175,4.595340017402403e-05,0.0069823831574279,0.1047283936632825,2,,
bert-base,8,14,82.67937219730942,80.21300448430493,580521638,9.4802277959113e-05,0.0218045828249309,0.1322803074945543,6,,
bert-base,8,15,80.54932735426009,81.33408071748879,1926129642,5.384766179171485e-06,0.0001039306574176,0.1921375325338291,7,,
bert-base,8,16,82.23094170403587,81.89461883408072,205414097,7.58331087352335e-06,1.1189368121676772e-05,0.1606627639552723,9,,
bert-base,8,17,82.11883408071749,81.83856502242152,975228076,1.7091616194243165e-05,0.0043721538422842,0.0110429225276953,4,,
bert-base,8,18,80.38116591928251,81.05381165919283,2130637139,1.0551317720835865e-05,0.0017292696527447,0.0806045038605489,2,,
bert-base,8,19,81.55829596412556,82.56726457399103,357721134,7.636187519195043e-06,0.0031631092548057,0.152026455960203,7,,
bert-base,8,20,83.18385650224215,81.78251121076234,2023013380,2.1925382748328163e-05,0.0004011717402193,0.1294651202389401,9,,
bert-base,8,21,82.73542600896862,81.95067264573991,1223605916,2.519494697141445e-05,0.0040208427635118,0.0855543449624036,7,,
bert-base,8,22,82.51121076233184,81.39013452914799,579773621,1.5317560783131648e-05,1.372444019828449e-05,0.0950607206185993,9,,
bert-base,8,23,79.09192825112108,79.7085201793722,119554839,5.367797561624555e-06,0.0088473182943354,0.0899821753136867,3,,
bert-base,8,24,82.67937219730942,81.44618834080717,1688472663,2.066368380870797e-05,0.065713523449077,0.0747311089538626,8,,
bert-base,8,25,81.22197309417041,81.05381165919283,714441359,5.126002205597775e-05,2.5226768675023527e-05,0.0366995289822013,10,,
bert-base,8,26,81.72645739910314,81.83856502242152,1036659099,8.072851989970143e-06,0.0094844958426576,0.1566552812892938,9,,
bert-base,8,27,81.05381165919283,81.95067264573991,1874308313,8.407230755915067e-06,2.193432210071281e-05,0.1290731068684224,6,,
bert-base,8,28,80.94170403587444,80.04484304932735,1635960567,8.696266168645133e-05,0.0001224783608088,0.1168864552430711,10,,
bert-base,8,29,82.39910313901345,81.72645739910314,1156761733,1.467567848009176e-05,6.233302625957785e-05,0.1513669176745777,5,,
bert-base,9,0,82.70634475014037,83.10886644219977,832463598,3.095723511092296e-05,1.530927005534967e-05,0.0836226318715413,7,,
bert-base,9,1,82.25715889949467,82.94051627384961,799501519,6.18673141204555e-05,0.0016554649588544,0.0737232266225803,3,,
bert-base,9,2,82.31330713082538,83.72615039281706,533948233,5.519438930101456e-05,0.0721616367493273,0.0064022520585357,6,,
bert-base,9,3,82.03256597417182,83.16498316498317,306734254,2.604486807295972e-05,0.0168824704117542,0.1060125118649283,4,,
bert-base,9,4,80.40426726558114,81.59371492704825,1631213068,9.13814541557561e-06,5.4365481306801535e-05,0.1366241573548274,2,,
bert-base,9,5,82.8747894441325,83.78226711560045,1937240731,1.6604151840186236e-05,0.0163660544630982,0.0617251959091438,10,,
bert-base,9,6,81.80797304884896,83.72615039281706,860112453,1.3343905746066088e-05,0.0551568820860954,0.0208818623009581,9,,
bert-base,9,7,81.58338012352611,82.94051627384961,310183616,1.871707037955884e-05,0.0030888581629954,0.1283174719820785,2,,
bert-base,9,8,82.36945536215609,82.60381593714926,445942419,3.071431794187181e-05,0.0002494726790246,0.0699519441810679,10,,
bert-base,9,9,81.47108366086468,82.60381593714926,1707500315,8.340446208311377e-05,0.0008373598337708,0.1837578711400471,4,,
bert-base,9,10,80.51656372824256,82.54769921436588,1416413038,8.530494842182304e-06,0.0162081314986232,0.0024332543866975,3,,
bert-base,9,11,80.46041549691185,80.97643097643098,100640133,9.377399663278116e-05,0.0871550261510995,0.0153581218807703,6,,
bert-base,9,12,81.92026951151038,82.82828282828282,1347809030,2.014643671451933e-05,0.0002140505154994,0.0046191292605047,10,,
bert-base,9,13,82.8747894441325,83.38945005611673,1283745926,1.5437919792905538e-05,0.0004138069135985,0.0546373681841245,7,,
bert-base,9,14,82.03256597417182,84.11896745230078,191307792,1.4469285320920353e-05,0.000168075565288,0.1203327813530624,6,,
bert-base,9,15,82.36945536215609,83.16498316498317,466166831,1.3584082091681474e-05,0.0001478550079407,0.0529393583403776,10,,
bert-base,9,16,80.90960134755755,82.71604938271605,1195652534,6.591206706054733e-06,0.0015844154052769,0.0040773666554001,6,,
bert-base,9,17,81.69567658618753,83.05274971941638,502021706,1.0475448099215496e-05,0.0259598828262485,0.190902437141087,9,,
bert-base,9,18,82.36945536215609,82.94051627384961,1979612794,5.600531386335677e-05,2.678364984359405e-05,0.1788229251856614,6,,
bert-base,9,19,82.8747894441325,83.72615039281706,816712906,4.2651145287428805e-05,0.0009775950308029,0.013663006036471,9,,
bert-base,9,20,83.38012352610893,82.54769921436588,972186903,2.970742043713867e-05,0.0056503350305037,0.189447629921561,5,,
bert-base,9,21,80.79730488489612,82.37934904601572,1992125552,8.185215547599553e-06,0.0047082500898463,0.1893751665604319,3,,
bert-base,9,22,81.97641774284111,82.88439955106622,1549556279,4.009693703414101e-05,6.54519257093277e-05,0.1635897705730556,6,,
bert-base,9,23,80.51656372824256,81.98653198653199,501658644,1.3531830985553458e-05,0.0151752007475332,0.0419125180463087,2,,
bert-base,9,24,83.2678270634475,82.4354657687991,1265187901,3.613679974808954e-05,9.359145804491064e-05,0.1449465085480147,8,,
bert-base,9,25,82.20101066816396,81.4253647586981,2093311714,6.294653675555147e-05,0.0527302436954422,0.0072640184301573,9,,
bert-base,9,26,81.97641774284111,82.4354657687991,1658257247,5.989021857131154e-05,0.0020750167544561,0.016132280694782,6,,
bert-base,9,27,82.48175182481752,83.78226711560045,594386280,3.57313631830119e-05,6.416765892438181e-05,0.0988028572602702,7,,
bert-base,9,28,83.09938236945536,82.77216610549944,863875994,3.383732269005095e-05,0.0023429931914217,0.0975837311172054,5,,
bert-base,9,29,82.36945536215609,83.27721661054994,1053087343,6.21136249527302e-05,1.531738873278371e-05,0.108706033503062,3,,
bert-base,10,0,81.73669467787114,82.36282194848825,1239196824,5.052373485742345e-06,0.0148667547769288,0.1433879118628071,8,,
bert-base,10,1,81.5126050420168,82.53079507278835,1567461220,6.163442861681592e-05,1.0811695609028336e-05,0.0248619967746726,10,,
bert-base,10,2,81.9047619047619,83.31466965285554,1408274378,3.2194689354707856e-05,0.0021065640342923,0.0326288666117122,9,,
bert-base,10,3,81.06442577030812,81.13101903695409,299824591,5.5243915006858604e-06,0.000141220058867,0.0734159131492427,5,,
bert-base,10,4,82.18487394957984,82.47480403135498,350222644,6.226688615789082e-05,0.0151981200425824,0.0757493384615957,5,,
bert-base,10,5,82.52100840336135,82.58678611422172,1512259179,1.6133263945726894e-05,3.946577767622829e-05,0.1110311813959513,10,,
bert-base,10,6,81.1204481792717,80.90705487122061,50141790,1.1321172881020354e-05,9.627715432031884e-05,0.0398966860138681,2,,
bert-base,10,7,82.12885154061625,82.30683090705487,523289783,1.2746718259610342e-05,0.0009109502555768,0.0737061467447441,5,,
bert-base,10,8,82.91316526610645,83.42665173572229,1949641919,4.083252144860434e-05,0.0052145718671932,0.1487274685307491,2,,
bert-base,10,9,81.79271708683473,82.2508398656215,2126317227,5.457523464573284e-06,0.0048493973103039,0.1512976828109388,8,,
bert-base,10,10,83.02521008403362,82.97872340425532,87025694,2.131050451497217e-05,0.005669078291421,0.1235809012813518,6,,
bert-base,10,11,82.46498599439776,82.53079507278835,953179579,3.685502783351216e-05,0.0785118158163509,0.0430365741057771,10,,
bert-base,10,12,80.95238095238095,81.74692049272116,1696781029,9.6335741239089e-05,0.0293521018061427,0.0873175222210999,6,,
bert-base,10,13,79.55182072829132,80.79507278835386,2008241615,7.547037024754324e-05,0.0085115173649211,0.048790503746076,9,,
bert-base,10,14,82.80112044817928,83.37066069428892,638874654,3.978674818568141e-05,0.0001012359547577,0.076234275085198,6,,
bert-base,10,15,80.61624649859944,80.73908174692049,834543196,7.888747530439397e-05,0.014854713269562,0.0162326571100056,8,,
bert-base,10,16,80.67226890756302,81.6909294512878,236722864,5.160881204841954e-05,0.0004230476470347,0.157121574154647,10,,
bert-base,10,17,82.24089635854342,82.08286674132138,370699858,2.082912849836584e-05,0.0693519353785793,0.1080154117961018,2,,
bert-base,10,18,82.63305322128852,82.13885778275476,669177166,1.814641367439802e-05,0.0042793350494516,0.1782650432995619,7,,
bert-base,10,19,81.00840336134453,81.57894736842105,1431896516,7.990264122069313e-06,0.0015925043794021,0.0535727713009686,3,,
bert-base,10,20,82.07282913165267,82.86674132138857,107020444,6.083370308946069e-05,8.392653884477434e-05,0.016345014924753,4,,
bert-base,10,21,83.02521008403362,83.03471444568869,1965899026,2.2626981063986048e-05,0.0479863995728602,0.1461818625643021,4,,
bert-base,10,22,83.02521008403362,84.04255319148936,1074840065,3.126804541386797e-05,0.0097238625029677,0.0613687226302972,3,,
bert-base,10,23,80.72829131652661,81.97088465845465,766026670,7.732038829965426e-05,0.0005168735101481,0.0761505151135196,8,,
bert-base,10,24,82.29691876750701,83.70660694288914,463622525,2.6532253905253813e-05,0.0602757695364879,0.0789936755633462,9,,
bert-base,10,25,82.18487394957984,82.53079507278835,149947364,7.251974041026951e-06,0.0077843164682846,0.0098890730874916,6,,
bert-base,10,26,81.23249299719888,82.30683090705487,736155420,7.893892669637398e-05,0.0007355945439507,0.1521049936079083,5,,
bert-base,10,27,82.74509803921569,81.41097424412094,247192487,1.9446922906050976e-05,1.496549311719716e-05,0.0077860911006731,2,,
bert-base,10,28,80.7843137254902,82.6427771556551,1890329052,9.811737122929792e-05,0.0474032345326721,0.1299563194534859,2,,
bert-base,10,29,82.12885154061625,81.6909294512878,878951250,9.412233919075967e-06,0.0002090070173914,0.0568574615982308,8,,
bert-base,11,0,80.92255125284738,79.72665148063781,2073441818,7.446583193472236e-06,1.0133267035066976e-05,0.1474227455478775,2,,
bert-base,11,1,82.51708428246013,80.92255125284738,40919285,6.9128663650756834e-06,0.0143875410367289,0.0781480742289169,3,,
bert-base,11,2,81.54897494305239,79.66970387243735,583874388,6.945928263343789e-06,0.0001765724522434,0.0371200969542494,2,,
bert-base,11,3,83.7129840546697,80.92255125284738,683901780,7.801788306904615e-05,0.0226076578567392,0.0616841056914535,2,,
bert-base,11,4,83.48519362186788,81.77676537585421,1281302519,6.904446297612861e-05,2.6418447331164064e-05,0.1365269121589049,8,,
bert-base,11,5,83.88382687927107,81.89066059225513,2123029565,3.892259557685174e-05,0.0324011452206321,0.0586957798610545,2,,
bert-base,11,6,84.39635535307517,82.63097949886105,1895077181,1.869850186545225e-05,0.0326906458034418,0.1029984225550588,10,,
bert-base,11,7,83.5990888382688,82.63097949886105,526436962,5.792360844197054e-05,0.0005477954712884,0.1783038285298485,6,,
bert-base,11,8,83.14350797266515,82.00455580865604,1058643558,7.522670400922066e-05,0.0050991824180619,0.1721278531907878,3,,
bert-base,11,9,83.65603644646924,82.23234624145786,1507256995,6.165447762326669e-05,0.008953856727593,0.0208973704557518,3,,
bert-base,11,10,84.1116173120729,82.28929384965832,2036376796,7.178353591984749e-06,0.0785904382315728,0.0611929110785683,7,,
bert-base,11,11,84.39635535307517,81.94760820045558,2066295214,1.3409634344586909e-05,0.0081897840011604,0.1724233594866299,4,,
bert-base,11,12,83.65603644646924,81.83371298405467,546897471,8.792856383865358e-06,0.0004668037265439,0.0704767987415878,4,,
bert-base,11,13,84.16856492027335,81.83371298405467,553024913,5.513355041041996e-06,0.0076856013814897,0.0960339362567898,10,,
bert-base,11,14,82.80182232346242,80.97949886104783,1093553543,6.801752840310295e-06,0.0303328156322092,0.0305513124320753,3,,
bert-base,11,15,83.7129840546697,81.54897494305239,1530998605,5.395948139984324e-06,0.0008533284523513,0.0769503018054395,7,,
bert-base,11,16,84.79498861047836,82.57403189066059,294359711,9.535887583960191e-06,1.7287088380972095e-05,0.1153544548405468,10,,
bert-base,11,17,83.88382687927107,81.54897494305239,764208917,6.465557941555435e-06,0.0562791642363837,0.0691852698557394,5,,
bert-base,11,18,82.51708428246013,82.28929384965832,103208268,7.100155591100021e-05,0.080593997081356,0.0093952462886643,9,,
bert-base,11,19,85.36446469248291,82.46013667425969,1322908621,3.3672954976058584e-05,0.0063759184013818,0.0883586460518643,8,,
bert-base,11,20,85.30751708428247,82.11845102505694,759226527,3.1263141065892524e-05,3.6678605948359465e-05,0.1505080375182858,6,,
bert-base,11,21,84.56719817767653,82.57403189066059,1449834292,2.0403020844970865e-05,0.0019654270919753,0.0663711501701564,10,,
bert-base,11,22,84.1116173120729,82.46013667425969,1868075741,5.6395511527818826e-05,0.0006623282730265,0.0044076665964528,10,,
bert-base,11,23,84.96583143507972,81.71981776765377,222219376,1.3344270189406055e-05,0.0001522118146044,0.0663501355262714,5,,
bert-base,11,24,84.05466970387243,83.08656036446469,113859036,5.195549037441324e-05,0.0100602020324844,0.1763434806841231,6,,
bert-base,11,25,83.82687927107061,81.83371298405467,899160063,1.0079485498438745e-05,0.0020026974614247,0.0765974817626441,4,,
bert-base,11,26,81.37813211845102,79.84054669703872,1249247406,5.251617021793043e-06,0.0004448634982714,0.054506193827956,3,,
bert-base,11,27,83.14350797266515,80.69476082004556,511867007,7.234742982320596e-06,0.0028239653520683,0.1550143873889086,3,,
bert-base,11,28,83.88382687927107,81.09339407744875,595534449,9.510683354949162e-06,0.0003697420483534,0.038057583935324,4,,
bert-base,11,29,83.37129840546697,82.40318906605923,965526381,4.371756608815156e-05,0.0293971633895919,0.0247023959603805,2,,
bert-base,12,0,82.72519954389966,82.89623717217788,1784183251,1.4727247033426872e-05,0.0030832427848657,0.1882767504586533,3,,
bert-base,12,1,79.36145952109464,79.30444697833524,234707284,5.974686554247095e-06,0.0009821238466574,0.1962592791073682,2,,
bert-base,12,2,82.04104903078677,83.23831242873432,1330975168,1.840098646619974e-05,0.0237642077577163,0.0296874579777226,4,,
bert-base,12,3,82.49714937286203,82.89623717217788,969025653,2.1549585521681653e-05,0.0001977400720482,0.0190002512389365,9,,
bert-base,12,4,81.69897377423032,83.18129988597491,1692983114,1.8635566448286087e-05,0.0003209483061802,0.0525301958399409,10,,
bert-base,12,5,82.04104903078677,83.0672748004561,136058981,5.404878685754665e-05,3.4322202128826264e-05,0.148055798669548,5,,
bert-base,12,6,82.89623717217788,82.32611174458381,1161488755,2.215883709522834e-05,0.026085999189624,0.0317158399658437,3,,
bert-base,12,7,81.35689851767388,82.95324971493729,627234165,1.0324439999518751e-05,0.0004618519897397,0.1441669034189778,8,,
bert-base,12,8,82.38312428734322,83.0102622576967,745483049,6.777854630649477e-05,0.0005094309231259,0.110282218699495,3,,
bert-base,12,9,83.0102622576967,83.0102622576967,1491773816,4.376037013432618e-05,0.0108006836053442,0.0813104720128725,5,,
bert-base,12,10,81.18586088939567,81.69897377423032,365001448,8.204152858017516e-05,0.0160107995980616,0.0374323711737128,6,,
bert-base,12,11,81.58494868871152,81.4709236031927,1245949355,9.64602539903446e-05,0.0021729943666749,0.0369607306907622,2,,
bert-base,12,12,81.81299885974914,82.04104903078677,2116514141,1.9065038063875715e-05,0.0431806454108112,0.0847160748633482,3,,
bert-base,12,13,81.98403648802737,82.2690992018244,183427922,8.195053650186878e-06,0.0227708541594545,0.07505938568938,9,,
bert-base,12,14,81.64196123147093,81.75598631698973,1132636469,7.629020763336408e-06,0.0005616715241063,0.134776461216724,6,,
bert-base,12,15,81.4709236031927,81.52793614595211,121730356,6.632538929854575e-06,0.000552456565038,0.1134349949521833,6,,
bert-base,12,16,81.75598631698973,82.2690992018244,1271657571,6.281608118055681e-05,0.0010809954284811,0.0775926058807748,5,,
bert-base,12,17,81.18586088939567,82.212086659065,1162443942,9.292819804077932e-05,0.0001733290719519,0.1972007319696361,5,,
bert-base,12,18,81.81299885974914,82.66818700114025,712263769,7.701673593214734e-06,0.07532055090406,0.1279041325655262,10,,
bert-base,12,19,81.4709236031927,82.95324971493729,352670988,5.817984065294647e-05,2.4050561266415545e-05,0.1300060679048273,8,,
bert-base,12,20,82.212086659065,82.66818700114025,1199461612,1.7387289864982035e-05,0.0031723591708284,0.098885490429204,5,,
bert-base,12,21,81.41391106043329,80.95781071835803,1168312168,7.762537339510905e-05,0.0001568590420042,0.1628257826763984,9,,
bert-base,12,22,81.87001140250855,82.95324971493729,1088266779,5.650279751440197e-05,1.978807950711518e-05,0.1335819012389971,2,,
bert-base,12,23,81.41391106043329,82.09806157354618,93199748,6.156747370791568e-05,7.926865971923652e-05,0.1741864993872331,2,,
bert-base,12,24,81.18586088939567,82.44013683010262,26682154,6.564985011913363e-05,0.0007814397894972,0.068979205354725,5,,
bert-base,12,25,82.38312428734322,82.61117445838084,1015568032,1.2045365653276498e-05,0.0086025047137297,0.1783535391924764,7,,
bert-base,12,26,82.55416191562144,82.38312428734322,1660357046,1.5227510136860636e-05,0.0022489832556261,0.0145608307000956,8,,
bert-base,12,27,79.81755986316989,79.64652223489168,1823713620,6.2738690747990015e-06,0.0008176046676218,0.0587125881120961,3,,
bert-base,12,28,81.69897377423032,83.0672748004561,1216224727,1.4452304179170751e-05,0.0765956734247082,0.1870119455248198,10,,
bert-base,12,29,82.2690992018244,83.18129988597491,674019156,3.167498811734445e-05,4.168863060520863e-05,0.1346648926946006,3,,
bert-base,13,0,81.38087153367289,82.22976796830787,831746256,5.172990603456051e-05,4.174504613030516e-05,0.1294178764285601,8,,
bert-base,13,1,83.07866440294283,82.2863610639502,1418200652,2.0823210596934155e-05,0.0085547074592515,0.1041638093323256,5,,
bert-base,13,2,81.77702320316921,80.64516129032258,1723050594,3.696645744364229e-05,0.0005230521763641,0.0934942921401246,7,,
bert-base,13,3,81.55065082059988,81.43746462931523,557516815,6.487691399433863e-06,0.0815973000803866,0.0433046728139472,6,,
bert-base,13,4,83.41822297679683,82.39954725523486,1308796758,3.268675893694472e-05,0.0532274132831625,0.035787627588043,9,,
bert-base,13,5,81.26768534238823,79.68307866440294,347595943,7.854991515957008e-06,5.3144304174541e-05,0.197410380094898,3,,
bert-base,13,6,81.26768534238823,81.38087153367289,945752280,7.345466693585583e-05,0.0001764709410892,0.1625581182513307,5,,
bert-base,13,7,80.53197509903792,79.00396151669496,1511042739,7.098242210010249e-06,4.216049436323173e-05,0.1947085441247305,3,,
bert-base,13,8,81.9468024900962,79.79626485568761,151011184,9.882171198344472e-05,0.0189201187197933,0.1286892599719213,2,,
bert-base,13,9,82.2863610639502,81.89020939445388,866649193,7.859260861684483e-06,0.0142897205012832,0.0308220838757986,10,,
bert-base,13,10,80.92812676853424,80.02263723825693,791931492,1.1589083911923503e-05,0.0357659843484372,0.0386167808329444,2,,
bert-base,13,11,82.62591963780419,82.56932654216186,1888268611,3.097501084085267e-05,0.0002051651733131,0.0827241303126079,8,,
bert-base,13,12,80.53197509903792,79.2303338992643,1357884807,1.727807225557029e-05,0.0181328449538948,0.0726313443052707,2,,
bert-base,13,13,82.62591963780419,82.17317487266554,733174799,3.487030408385679e-05,0.0007194198759458,0.1424882210442957,9,,
bert-base,13,14,81.89020939445388,80.87153367289191,840320252,6.743299508697445e-05,0.0007038632058103,0.1914006502578708,5,,
bert-base,13,15,80.92812676853424,79.45670628183362,1103069191,5.661986437348201e-06,0.0979216849639509,0.0410096652652675,4,,
bert-base,13,16,82.17317487266554,81.21109224674589,1865385551,4.865794380937175e-05,0.0009560737842681,0.1563008740648837,2,,
bert-base,13,17,80.41878890775325,81.09790605546124,1678054796,7.938338952227177e-05,8.719958643767415e-05,0.041453832373417,10,,
bert-base,13,18,79.40011318619129,78.09847198641766,1861282358,6.437070654779424e-06,0.0036708714710576,0.0086260428432277,2,,
bert-base,13,19,81.15449915110356,80.36219581211093,472338496,8.795947386191145e-06,0.0007070923985883,0.1625205783073865,3,,
bert-base,13,20,83.1918505942275,81.83361629881155,442724464,4.248052827050958e-05,0.0042456054523523,0.0531328710393382,4,,
bert-base,13,21,82.17317487266554,81.26768534238823,114439911,3.215619931895109e-05,0.0001571704916618,0.0374179300177496,2,,
bert-base,13,22,81.60724391624221,81.89020939445388,336976735,7.196104531099672e-05,0.0002335590180116,0.1029285936677451,3,,
bert-base,13,23,82.05998868138087,81.49405772495756,1806660659,1.3376677697858387e-05,3.771775822587174e-05,0.1571154911803786,8,,
bert-base,13,24,82.39954725523486,82.17317487266554,1532793544,1.7584606914947748e-05,0.0052953024688083,0.0032098184804871,7,,
bert-base,13,25,82.00339558573855,81.26768534238823,1493757869,1.4596857673335958e-05,0.0003326852888998,0.0937266531547979,3,,
bert-base,13,26,80.53197509903792,79.45670628183362,1555136742,7.055463496878718e-06,0.0239127862876843,0.1430816380848722,3,,
bert-base,13,27,82.73910582908886,81.60724391624221,511978870,3.0181797617731023e-05,0.0003169892501838,0.163852110513422,9,,
bert-base,13,28,81.60724391624221,81.15449915110356,1100976041,7.785165174363326e-05,0.0003789474822518,0.185462543541355,8,,
bert-base,13,29,83.13525749858518,82.17317487266554,871685255,2.1041132407071493e-05,2.7104047531652835e-05,0.1986621348628335,7,,
bert-base,14,0,81.41795311606633,81.36077758719269,464802068,8.066530531866084e-05,1.5091882902311736e-05,0.0142592275665499,7,,
bert-base,14,1,78.33047455688965,78.04459691252144,1328867929,5.120844337528923e-06,0.0031448860374076,0.039905987981439,2,,
bert-base,14,2,82.04688393367638,81.81818181818181,2142307188,1.0336099211758237e-05,2.069861576471741e-05,0.1871074588083692,4,,
bert-base,14,3,83.19039451114922,82.44711263579188,2117696724,1.007032636645435e-05,0.0528779886223851,0.0032888726201071,6,,
bert-base,14,4,80.78902229845626,81.01772441395083,209925199,1.1216006934654967e-05,1.457047339079875e-05,0.0941998542475727,2,,
bert-base,14,5,82.61863922241281,81.70383076043453,1174795212,9.275979937291298e-05,0.0658250684168745,0.0955167300907612,5,,
bert-base,14,6,82.21841052029731,81.81818181818181,1425883147,7.043313478299272e-05,1.377227420423581e-05,0.1988757635927233,2,,
bert-base,14,7,83.01886792452831,81.47512864493997,540317487,2.6133904226332223e-05,7.990285091678321e-05,0.1195476960246837,2,,
bert-base,14,8,79.18810748999428,79.18810748999428,306853110,6.285932383286034e-06,1.1602351667065304e-05,0.0536518387236035,2,,
bert-base,14,9,82.96169239565467,82.27558604917095,147428188,2.3360153019064596e-05,0.0090231555953065,0.1378880070455078,4,,
bert-base,14,10,83.24757004002286,82.67581475128645,1224504763,3.577102089385303e-05,0.0757443469251087,0.0728301493022203,2,,
bert-base,14,11,79.41680960548885,79.98856489422528,1553439631,7.848126228059841e-06,0.0328864138584944,0.1579796410314007,2,,
bert-base,14,12,82.04688393367638,82.38993710691824,549977283,6.36468566567984e-05,0.010893772353123,0.1446299555761852,9,,
bert-base,14,13,83.13321898227558,81.07489994282447,531954914,7.897424103866461e-05,0.0001897086886076,0.1502820972825479,6,,
bert-base,14,14,81.41795311606633,81.76100628930817,1729258950,1.191023052744745e-05,0.0001212570073672,0.106388164098079,3,,
bert-base,14,15,82.67581475128645,82.27558604917095,603903563,1.662574286673111e-05,0.0005771272938102,0.1596504420443186,10,,
bert-base,14,16,83.36192109777015,82.79016580903374,147014991,3.936515633938625e-05,9.4172343143108e-05,0.1242202585335094,3,,
bert-base,14,17,81.98970840480274,80.27444253859348,208086198,5.769942298543524e-06,0.012454662473825,0.1081806017896986,4,,
bert-base,14,18,82.44711263579188,81.98970840480274,1908699910,5.241466926329418e-05,0.0172308942946045,0.0803608190618156,10,,
bert-base,14,19,83.47627215551744,82.7329902801601,236536332,3.1465951381865166e-05,1.011076976525882e-05,0.024454812763645,10,,
bert-base,14,20,83.19039451114922,82.10405946255003,1687170777,3.570220460861253e-05,0.0177973167952184,0.0814313744892643,4,,
bert-base,14,21,81.41795311606633,81.36077758719269,1361382432,1.2712916100225006e-05,0.0007004450592953,0.1394641126562447,2,,
bert-base,14,22,82.90451686678102,83.36192109777015,1791003548,1.4959577909644032e-05,2.256236108634061e-05,0.1462464292159074,4,,
bert-base,14,23,82.38993710691824,81.9325328759291,1748642698,4.298131444263271e-05,4.05783616133701e-05,0.128889196421873,10,,
bert-base,14,24,82.84734133790738,81.76100628930817,450673138,3.050369684015271e-05,0.0003488379709911,0.0168906407571119,6,,
bert-base,14,25,81.30360205831904,80.56032018296169,1810889139,7.439712362075121e-05,4.581355763887239e-05,0.1629496308724063,8,,
bert-base,14,26,82.84734133790738,81.01772441395083,860168145,4.38906777859402e-05,1.1660257991234592e-05,0.084395146243347,10,,
bert-base,14,27,83.13321898227558,82.67581475128645,1016589045,2.16767207109222e-05,1.383889520034008e-05,0.1974087237415703,6,,
bert-base,14,28,81.76100628930817,81.70383076043453,91376113,6.512271780629643e-05,0.0006747543444431,0.1897996380127278,6,,
bert-base,14,29,82.56146369353917,82.79016580903374,1538631886,5.9453908406912726e-06,0.0035932971863444,0.0499817237300987,9,,
bert-base,15,0,82.78032036613273,83.00915331807781,1128953115,6.191122576096186e-05,0.0020279854308007,0.0185199363469175,6,,
bert-base,15,1,81.2929061784897,81.80778032036613,700513878,8.87772753398707e-05,0.00094112810358,0.1934950738459306,6,,
bert-base,15,2,82.78032036613273,81.97940503432494,1598811850,2.4471895071824747e-05,0.0057429294556177,0.1866083493752317,3,,
bert-base,15,3,81.46453089244851,81.06407322654462,203399846,8.92839335070737e-06,0.0217510426637605,0.0615650345610676,3,,
bert-base,15,4,82.89473684210526,83.81006864988558,1315981885,4.58987557170208e-05,2.1056096073690805e-05,0.1269974050498816,8,,
bert-base,15,5,82.32265446224257,82.03661327231121,1179339619,5.1158573662576806e-05,0.0719373539082728,0.1267738424491699,2,,
bert-base,15,6,83.23798627002289,82.6086956521739,1972598548,1.1586412316710733e-05,0.0002290871727291,0.0502826227841475,5,,
bert-base,15,7,82.15102974828375,82.15102974828375,132813771,9.670248381046578e-06,1.8606037307615897e-05,0.1706663129221646,4,,
bert-base,15,8,82.09382151029749,82.83752860411899,1124361410,6.602773695890636e-05,0.0175639183069526,0.1972867412999392,4,,
bert-base,15,9,82.2654462242563,81.46453089244851,781431980,1.8411511856592414e-05,0.0574841982008705,0.0379848139885968,3,,
bert-base,15,10,83.52402745995424,82.49427917620137,1832346213,1.8796885555116163e-05,0.0002635096970311,0.1688257338969365,9,,
bert-base,15,11,83.4096109839817,82.83752860411899,1414102245,1.962728046697492e-05,0.0018616460160065,0.1574017985560158,7,,
bert-base,15,12,82.55148741418765,82.49427917620137,649752733,6.34148522251499e-05,0.0004352491433108,0.1699954123157379,3,,
bert-base,15,13,82.37986270022883,83.00915331807781,1099865012,3.326957668357917e-05,9.655179548341151e-05,0.1972028835324335,10,,
bert-base,15,14,83.35240274599542,81.97940503432494,2012769402,1.1002508835991295e-05,0.02176419551904,0.0587505786628016,5,,
bert-base,15,15,81.75057208237986,81.86498855835241,654651101,1.2463382342537594e-05,3.993910913875721e-05,0.0186690476614766,6,,
bert-base,15,16,81.46453089244851,80.72082379862701,84627220,9.25440352228858e-05,0.0877612227065893,0.1050686867971165,6,,
bert-base,15,17,82.37986270022883,82.95194508009153,1289942662,2.253350449470029e-05,0.002536214618327,0.1244310914429097,2,,
bert-base,15,18,82.83752860411899,82.32265446224257,355604051,8.631888087921993e-06,0.0003330471663914,0.0053140389457274,8,,
bert-base,15,19,81.17848970251717,81.57894736842105,519046511,9.730582689277398e-05,0.0088160704784508,0.0315075688720237,9,,
bert-base,15,20,81.75057208237986,82.37986270022883,295228529,4.570403575979297e-05,1.9089068619660013e-05,0.1114378206967461,10,,
bert-base,15,21,82.66590389016018,82.55148741418765,2025987571,5.326815131430328e-05,0.0029078640124929,0.0254369773548939,3,,
bert-base,15,22,83.23798627002289,83.29519450800915,1145728414,2.0670811248416348e-05,0.0501162904117833,0.1138077403907821,7,,
bert-base,15,23,83.00915331807781,82.66590389016018,1633430140,1.6071966946823313e-05,0.0002648579877096,0.1009078181491798,9,,
bert-base,15,24,82.83752860411899,83.00915331807781,717867326,1.804758461253839e-05,2.2714469412458343e-05,0.1053509305633372,10,,
bert-base,15,25,82.83752860411899,82.95194508009153,2122635252,3.478114407102917e-05,0.0040682313438204,0.1504689788886895,4,,
bert-base,15,26,82.49427917620137,82.32265446224257,1619638331,1.2774655819943057e-05,0.000280950584995,0.1934090540846749,4,,
bert-base,15,27,83.00915331807781,83.18077803203661,1953161686,1.4149178932436055e-05,0.0031664963135788,0.0704806608982186,7,,
bert-base,15,28,81.92219679633867,81.97940503432494,536900672,7.031577316372444e-06,0.0012566662378208,0.0353055781615124,5,,
bert-base,15,29,82.09382151029749,82.37986270022883,637885391,5.086868319027854e-05,1.2573444363477858e-05,0.0751796594284329,8,,
bert-base,16,0,83.0777967064168,83.70244179443498,1968560351,2.760677501151548e-05,9.721579348825932e-05,0.0437592189113296,6,,
bert-base,16,1,82.90743895513913,81.94207836456559,693623277,5.467641798336963e-05,0.0110688383176884,0.0196049541463739,6,,
bert-base,16,2,82.05565019875071,82.90743895513913,238314711,7.105423049938712e-05,0.000892666967355,0.0507843954350197,2,,
bert-base,16,3,82.16922203293583,82.68029528676888,740403981,5.691013887722014e-05,1.4116946032909754e-05,0.0923225953320039,8,,
bert-base,16,4,82.39636570130608,82.73708120386144,1313365996,1.5206039769803397e-05,0.008910062256134,0.1189484360200212,6,,
bert-base,16,5,82.73708120386144,81.94207836456559,434851877,6.548819852935375e-06,0.0846738734988476,0.0865238952021113,7,,
bert-base,16,6,83.30494037478705,82.05565019875071,1076188188,7.35898276430284e-06,0.0073349622075271,0.0629420840121559,9,,
bert-base,16,7,82.90743895513913,81.94207836456559,1604398000,2.7664557178691075e-05,0.0002270238524555,0.1351489884777101,7,,
bert-base,16,8,82.33957978421351,82.05565019875071,1167048124,5.973777136713948e-06,0.0154920802736659,0.0052399374993653,9,,
bert-base,16,9,81.77172061328791,81.94207836456559,1771996645,7.030170665249272e-05,0.0449864523122535,0.1600284217172614,2,,
bert-base,16,10,79.27314026121522,77.73992049971606,1885817690,8.047038859684369e-06,0.0737030442357292,0.0945649121821528,2,,
bert-base,16,11,82.56672345258376,81.99886428165814,275666419,9.052550642540608e-06,0.0006348044311302,0.1166185883153347,6,,
bert-base,16,12,81.09028960817717,81.99886428165814,1828117557,7.685089417242343e-05,0.0033721071841156,0.0679676694393044,5,,
bert-base,16,13,83.0777967064168,82.28279386712096,568905752,6.759502928921262e-06,0.0014405029161419,0.1339954050923046,9,,
bert-base,16,14,82.96422487223168,83.02101078932425,1584029633,2.1167835083281065e-05,0.0077764546517821,0.0271006514348328,5,,
bert-base,16,15,82.16922203293583,81.99886428165814,1224438228,2.08515228880099e-05,5.6233350305281454e-05,0.1504989335504168,3,,
bert-base,16,16,82.28279386712096,81.4877910278251,1860593723,8.672245759133563e-06,0.0450241300063891,0.1960248590240948,5,,
bert-base,16,17,82.22600795002839,81.65814877910279,1118004817,1.671907277017612e-05,2.0343564459069324e-05,0.1439799691024029,2,,
bert-base,16,18,82.62350936967633,81.77172061328791,200785391,6.609843116030563e-06,0.0044943805734994,0.0879147608322158,6,,
bert-base,16,19,83.75922771152754,83.19136854060193,677235954,2.9056548082855923e-05,0.0030225974310695,0.1371059256078865,3,,
bert-base,16,20,81.43100511073254,81.71493469619534,1818781000,7.649581580065849e-05,4.418425077563885e-05,0.0824064650902886,9,,
bert-base,16,21,81.09028960817717,82.85065303804656,586393641,7.785038165524455e-05,0.0003515663895899,0.1310138981517356,6,,
bert-base,16,22,82.33957978421351,83.0777967064168,1492218997,5.0669640455650914e-05,0.0004105072579312,0.0419033632236081,4,,
bert-base,16,23,81.94207836456559,81.54457694491767,2072949345,5.561421602314349e-05,0.0016183845136882,0.1080961085772163,5,,
bert-base,16,24,83.36172629187962,82.90743895513913,737141571,9.02181959970282e-06,0.0014310270069415,0.0978892500530223,8,,
bert-base,16,25,83.13458262350937,82.56672345258376,1839584937,1.1460998770914649e-05,0.0038958328254463,0.1309046189281561,10,,
bert-base,16,26,82.62350936967633,81.77172061328791,311579365,5.241871087595704e-06,0.0553624487361337,0.1056791382851754,8,,
bert-base,16,27,81.99886428165814,82.56672345258376,1200270100,2.718114214785834e-05,0.0008289112412563,0.1136937581684868,10,,
bert-base,16,28,83.30494037478705,81.60136286201022,315373538,6.668605099352084e-06,0.0001012374527234,0.1615806243974377,4,,
bert-base,16,29,82.5099375354912,82.96422487223168,667331089,7.378014320027564e-06,0.0274077279061865,0.1813374660291365,10,,
bert-base,17,0,80.08998875140607,81.49606299212599,1572639123,8.069580378020785e-05,0.0820973900653177,0.0281392355216775,10,,
bert-base,17,1,81.88976377952756,83.91451068616423,257991829,6.51822765164133e-06,0.0128340922748758,0.0618445411887309,9,,
bert-base,17,2,80.76490438695163,82.00224971878515,1868330311,9.598074893070268e-06,0.0251231260812083,0.0287621294008193,2,,
bert-base,17,3,82.22722159730034,83.97075365579303,698148722,1.954710725773464e-05,0.0103387873750996,0.07365478046461,6,,
bert-base,17,4,82.62092238470191,84.08323959505061,1619450748,3.2597860745299675e-05,0.0457351927952211,0.122987042777433,4,,
bert-base,17,5,81.94600674915635,84.02699662542182,2079630173,1.2955940912124694e-05,0.000286100473991,0.1710756362094187,4,,
bert-base,17,6,81.83352080989876,83.91451068616423,2012315099,5.224407436224348e-06,7.816587682056885e-05,0.0090901648285157,9,,
bert-base,17,7,81.72103487064118,83.40832395950507,1576893504,1.165728088418375e-05,0.0025610125942166,0.0969811576319203,5,,
bert-base,17,8,81.2710911136108,82.17097862767154,871172816,5.416138061953003e-05,1.711076950804638e-05,0.1679279075744277,8,,
bert-base,17,9,82.73340832395951,84.98312710911136,1510855450,1.338072096304726e-05,0.0007343696652504,0.1784265632040406,7,,
bert-base,17,10,79.5838020247469,82.45219347581552,541092512,7.923556495031366e-05,0.0004693239126613,0.1068419143287157,10,,
bert-base,17,11,81.32733408323959,83.46456692913385,885794266,6.061660211247508e-05,0.0019718763357947,0.1002601453884573,9,,
bert-base,17,12,81.72103487064118,83.35208098987627,692307237,8.742276651470186e-06,0.0014828588623348,0.0197953340011262,5,,
bert-base,17,13,82.56467941507312,84.3644544431946,1156155811,9.128329985257126e-06,1.4932592416783832e-05,0.0965802559309017,10,,
bert-base,17,14,82.39595050618672,83.46456692913385,1363152835,1.2048596277800716e-05,0.0286867906249304,0.1459549679915238,5,,
bert-base,17,15,82.11473565804275,83.57705286839145,52091527,2.6071333185165145e-05,0.000103488066789,0.0439288042516216,6,,
bert-base,17,16,81.88976377952756,83.29583802024747,464626009,4.828187384000553e-05,2.166644497620049e-05,0.007859829750727,5,,
bert-base,17,17,82.05849268841395,83.63329583802025,1778279540,1.0169279265392495e-05,0.0771372046935319,0.0078522750889304,4,,
bert-base,17,18,81.49606299212599,84.4206974128234,605815553,2.367949333955821e-05,0.0004416291633064,0.1210578202430625,6,,
bert-base,17,19,81.55230596175478,83.63329583802025,690168766,6.262148711501686e-06,0.0158562274696528,0.1077039286994138,8,,
bert-base,17,20,82.05849268841395,84.13948256467941,759815240,2.3190335513661734e-05,0.0264458047845011,0.0625550178298297,5,,
bert-base,17,21,81.60854893138358,83.01462317210348,782785612,5.325937504448666e-05,0.0003440111796523,0.0353254295620686,3,,
bert-base,17,22,81.2710911136108,83.63329583802025,1933974717,3.0277227065548e-05,0.0002157194203329,0.1275444207048455,8,,
bert-base,17,23,80.82114735658043,82.8458942632171,1889608958,8.225901892300483e-05,0.0179247704346527,0.1927826633020065,8,,
bert-base,17,24,81.49606299212599,83.23959505061868,85149859,3.816243302379076e-05,4.943102086251164e-05,0.0638859054119261,2,,
bert-base,17,25,82.05849268841395,83.35208098987627,1433405642,6.645981873944907e-06,0.0930606426650597,0.067586528646089,10,,
bert-base,17,26,81.72103487064118,83.57705286839145,1437825755,6.045641877367651e-06,0.0258037887040649,0.1951091437238814,7,,
bert-base,17,27,79.47131608548932,81.10236220472441,1743691892,9.205778024769118e-05,8.23371814302122e-05,0.0149335478615925,8,,
bert-base,17,28,80.53993250843645,83.68953880764904,718245522,7.172911232350369e-05,0.0998055185734154,0.1188546374102918,10,,
bert-base,17,29,82.56467941507312,83.57705286839145,481714930,1.6199816566319e-05,0.0001215212639432,0.1887491495638262,6,,
bert-base,18,0,82.40635641316686,82.47305728871243,429735320,1.0917073671682118e-05,0.0123711746794926,0.138759585149154,10,,
bert-base,18,1,82.34960272417707,82.0760068065797,1952002125,2.8369135132274825e-05,0.0001014221333141,0.1756094653299667,5,,
bert-base,18,2,81.83881952326901,82.41633579126488,1616455254,6.633043504011218e-05,1.2054061935816183e-05,0.0371189072750392,9,,
bert-base,18,3,80.8172531214529,81.96256381168463,921925728,9.747913319316168e-05,1.2022687141424768e-05,0.1928161842591625,8,,
bert-base,18,4,79.96594778660612,80.71469086783891,876769701,6.33296571720391e-06,0.0888447398976228,0.1757840971121168,4,,
bert-base,18,5,81.66855845629966,82.58650028360749,1847000632,5.3636574450144e-05,0.00011431079134,0.1534349883746231,3,,
bert-base,18,6,80.24971623155506,81.2251843448667,514637441,9.286605930196028e-05,5.176765336182347e-05,0.0350820459488998,10,,
bert-base,18,7,81.78206583427922,81.84912081678956,97145620,9.390450425952814e-05,0.0340179185525803,0.1937379938514506,5,,
bert-base,18,8,81.66855845629966,82.18944980147477,1153184435,6.560160010488355e-06,0.000154807826324,0.0632919260752749,7,,
bert-base,18,9,80.8172531214529,81.2251843448667,1909816411,5.391783154246511e-06,0.0001214629009447,0.1232299700795546,6,,
bert-base,18,10,81.21452894438139,81.28190584231423,480461835,8.366908457238237e-05,0.0626013717359496,0.0856192039140637,4,,
bert-base,18,11,81.55505107832009,82.92682926829268,2055745378,5.367097079057745e-06,0.0001532785463914,0.0071990200945858,10,,
bert-base,18,12,81.61180476730988,82.75666477595009,1318086730,9.506966528607265e-06,0.0068805439704994,0.1899777415340165,10,,
bert-base,18,13,79.62542565266742,79.23993193420306,1932975862,7.305839399946947e-06,1.6159132923637906e-05,0.0878845365567478,2,,
bert-base,18,14,82.17934165720771,82.58650028360749,197399988,1.0533719872922923e-05,0.0545986142063963,0.1505798890201029,7,,
bert-base,18,15,81.61180476730988,81.62223482699943,1614565382,9.08912882803231e-05,0.0082106998144802,0.0830550976233531,5,,
bert-base,18,16,81.83881952326901,82.01928530913216,1434332315,1.60278931116631e-05,4.291501312509633e-05,0.0186464987348058,3,,
bert-base,18,17,81.55505107832009,81.90584231423709,804750516,3.297379792495416e-05,0.0107105573421214,0.1292467625652709,2,,
bert-base,18,18,83.3144154370034,81.33862733976177,280662354,5.8899560625955584e-05,5.410740448164736e-05,0.0956699562756758,2,,
bert-base,18,19,81.83881952326901,81.96256381168463,1019412980,5.141313229311139e-05,0.0022268601331895,0.0492114003355742,10,,
bert-base,18,20,80.64699205448355,81.7356778218945,1492807838,9.155091829862772e-05,0.0009795515556264,0.0058082505465008,7,,
bert-base,18,21,82.46311010215663,81.50879183210436,1431588713,6.357141871282604e-05,0.0371412792546548,0.159195552049527,2,,
bert-base,18,22,80.59023836549376,82.0760068065797,708240456,9.491542508549656e-05,0.0110710619698467,0.1742758691042216,7,,
bert-base,18,23,81.04426787741203,80.77141236528644,1895447202,2.440764773151912e-05,0.0133929295671344,0.1026496755076909,2,,
bert-base,18,24,82.06583427922816,83.04027226318775,1974469089,2.224382590175957e-05,3.644429080549866e-05,0.145809878944224,8,,
bert-base,18,25,81.66855845629966,82.64322178105502,694659378,1.397859447554558e-05,0.0098834828968224,0.1377568395647466,7,,
bert-base,18,26,81.95232690124858,81.7356778218945,546140951,5.36241435883004e-05,7.200476946899613e-05,0.1367429419099629,2,,
bert-base,18,27,82.91713961407491,82.13272830402722,486037587,6.425597260864655e-05,0.0077765817407285,0.1084218071956217,2,,
bert-base,18,28,80.4199772985244,80.71469086783891,425690593,6.302531599644743e-05,0.0015667047728405,0.1305947430592239,8,,
bert-base,18,29,81.78206583427922,82.24617129892229,75702229,7.960484302916921e-05,0.007702358225243,0.1843722684933404,7,,
bert-base,19,0,81.69491525423729,82.72162619988707,1122064968,1.2377311564217876e-05,0.0337194073408523,0.1970824441250382,4,,
bert-base,19,1,81.46892655367232,81.25352907961603,2108991775,8.360957196995455e-06,0.0249509288418055,0.0937597775956382,4,,
bert-base,19,2,79.6045197740113,81.36645962732919,1111488690,1.1511490899999536e-05,2.8886967872541534e-05,0.1834692670569093,2,,
bert-base,19,3,82.88135593220339,83.73800112930547,1942687587,1.556726474148462e-05,1.3573986500196836e-05,0.0935920829144194,7,,
bert-base,19,4,81.9774011299435,83.11688311688312,1310440040,4.440163906297731e-05,0.0001698767727079,0.004439504728,7,,
bert-base,19,5,81.69491525423729,82.8910220214568,1728554150,5.524466207851134e-05,0.0365535693911763,0.1878142072776006,8,,
bert-base,19,6,81.92090395480226,82.43929983060418,1398331918,2.9850817884220078e-05,2.4891804604246425e-05,0.1084443010796709,10,,
bert-base,19,7,79.94350282485875,81.42292490118577,296694231,8.12204850630493e-05,0.0298833008052258,0.1650632124508804,10,,
bert-base,19,8,81.86440677966101,84.13325804630152,2010796981,1.9359562946196185e-05,0.0059339705854784,0.1755714597943563,4,,
bert-base,19,9,81.24293785310735,83.00395256916995,279059039,1.0427254191345578e-05,2.5105919662910724e-05,0.1098811456500557,7,,
bert-base,19,10,81.35593220338983,82.6086956521739,1698619840,6.378867977034743e-05,0.0488508574790129,0.0853438876995403,9,,
bert-base,19,11,80.96045197740114,82.04404291360814,604208537,9.805381508851356e-05,0.0095735699847979,0.0620476742243764,2,,
bert-base,19,12,82.99435028248588,83.39920948616601,1302493645,1.673971079293702e-05,0.0044388019386175,0.1129095262932369,6,,
bert-base,19,13,82.54237288135593,83.56860530773574,1855533718,4.013409783902367e-05,0.0002902087914933,0.0171171373919857,3,,
bert-base,19,14,80.7909604519774,81.93111236589498,736269912,6.810604348924892e-05,0.0035198153451559,0.1656425084542868,6,,
bert-base,19,15,81.63841807909604,83.62507058159233,1618648568,1.3901263661804904e-05,0.0017833495592656,0.1527908866039637,8,,
bert-base,19,16,81.5819209039548,82.6651609260305,1101684536,7.313192070576799e-06,0.0010205522176183,0.0262246397384958,6,,
bert-base,19,17,81.24293785310735,82.83455674760023,419207077,6.4963606138586775e-06,0.0001162055698648,0.1537110340734104,6,,
bert-base,19,18,81.69491525423729,82.8910220214568,1531465482,4.354293939986488e-05,0.0003528648339309,0.1781297970003108,7,,
bert-base,19,19,80.90395480225989,82.10050818746471,231987121,1.3368140111718576e-05,2.9127672136364856e-05,0.121453374308467,3,,
bert-base,19,20,81.5819209039548,82.8910220214568,726031764,5.024084604493284e-06,0.0075183952907277,0.0210638753702329,10,,
bert-base,19,21,82.14689265536722,83.34274421230943,1943406849,3.102059292569525e-05,0.0001485375252974,0.0703125289053026,6,,
bert-base,19,22,80.50847457627118,82.3828345567476,84370543,7.031790690054205e-05,0.0016041826835115,0.0872163577950608,10,,
bert-base,19,23,82.20338983050847,83.06041784302654,1315610125,2.6187046846358917e-05,0.00113244099255,0.1218453178449076,6,,
bert-base,19,24,81.92090395480226,83.17334839073969,216855009,4.575106114717331e-05,0.001420497270935,0.0074416568320451,3,,
bert-base,19,25,81.01694915254237,81.81818181818181,346908278,3.621678359452088e-05,0.0001797621252753,0.1443080283077134,2,,
bert-base,19,26,82.42937853107344,83.45567476002259,1717007495,1.5511015895171756e-05,0.0001550574584305,0.1111209744874231,8,,
bert-base,19,27,81.24293785310735,82.8910220214568,1209239108,3.241167744754128e-05,0.0001885813591478,0.0161744383573219,8,,
bert-base,19,28,80.22598870056497,81.81818181818181,1616747849,8.97345216002332e-05,0.0001912232433694,0.1488755016889128,10,,
bert-base,19,29,82.25988700564972,83.34274421230943,608530871,4.504934713785148e-05,1.5054741754451938e-05,0.0729807363468224,9,,
bert-base,20,0,83.0028328611898,83.05949008498584,563274550,6.615977249408953e-05,0.0024984158764976,0.0935998500909761,5,,
bert-base,20,1,83.34277620396601,83.45609065155807,837007937,3.149303745763011e-05,0.0588287417437882,0.1186743280895169,9,,
bert-base,20,2,83.73937677053824,83.90934844192634,1747433035,1.4814669680862375e-05,0.0052553355424425,0.0427283225302276,10,,
bert-base,20,3,83.45609065155807,84.58923512747876,386354688,2.0431488935883024e-05,4.833307506659599e-05,0.1717514072726547,7,,
bert-base,20,4,83.0028328611898,82.8328611898017,1823377174,7.047873131097742e-06,0.051258083722189,0.1481419274269035,8,,
bert-base,20,5,82.94617563739376,83.62606232294617,1731762798,2.8450964574643385e-05,0.0058302788634261,0.0455403207609092,10,,
bert-base,20,6,79.4900849858357,80.79320113314448,249054401,5.727694072369396e-06,0.0119695017715692,0.1277662976543631,2,,
bert-base,20,7,82.20963172804532,82.94617563739376,309200789,7.739045693890035e-05,0.0026755012607463,0.1870342532382812,3,,
bert-base,20,8,80.96317280453258,81.81303116147309,1298268,8.399256142040346e-05,0.0015760036794691,0.1578149093346309,10,,
bert-base,20,9,83.73937677053824,84.02266288951841,1534838116,1.746361210905246e-05,0.0316864530471429,0.0012957034007347,8,,
bert-base,20,10,82.54957507082153,83.28611898016997,917724511,5.2029852591032936e-05,0.0037204245591634,0.0220545600095542,8,,
bert-base,20,11,83.85269121813032,84.02266288951841,666952379,7.616065147169027e-06,1.81450483890492e-05,0.0844630672991463,10,,
bert-base,20,12,83.39943342776203,83.39943342776203,943400261,3.074835798891469e-05,0.0001399720861821,0.1225963640666991,4,,
bert-base,20,13,82.94617563739376,83.45609065155807,786103710,1.0630924114951305e-05,0.0077179235646987,0.1431707039790949,9,,
bert-base,20,14,83.90934844192634,83.56940509915015,1697432722,1.4675036963087563e-05,0.0062334144809951,0.1396854416544513,8,,
bert-base,20,15,84.19263456090651,84.19263456090651,1722877466,8.524406018405415e-06,0.0142878739315918,0.12813949604232,10,,
bert-base,20,16,83.11614730878188,84.02266288951841,15593771,4.154995877213854e-05,0.0016245753803047,0.1053896111555355,6,,
bert-base,20,17,84.07932011331445,83.62606232294617,1936148712,1.7892634125409155e-05,0.0881231562076714,0.1094347117279482,9,,
bert-base,20,18,83.11614730878188,84.07932011331445,600182860,2.2606235122833116e-05,0.0015433109507801,0.0898070151521586,7,,
bert-base,20,19,83.22946175637394,83.79603399433428,1487726466,1.2593146865905763e-05,0.0003704632214905,0.171849935032985,10,,
bert-base,20,20,83.56940509915015,83.39943342776203,774624183,2.5196466203413023e-05,0.0002467153534459,0.0755184492255894,5,,
bert-base,20,21,83.0028328611898,82.4929178470255,725868460,5.4528709619073474e-05,0.0002798697647862,0.1069526105799052,7,,
bert-base,20,22,82.66288951841359,83.90934844192634,2059242656,8.256605595366865e-06,0.0703168073271114,0.0660055866286474,5,,
bert-base,20,23,83.62606232294617,83.62606232294617,1421754541,2.744179933696777e-05,0.000922097348649,0.1864974089571819,4,,
bert-base,20,24,83.22946175637394,83.1728045325779,1708752720,8.111144276909511e-05,0.0003695371565143,0.1309390646060663,3,,
bert-base,20,25,81.64305949008498,83.34277620396601,482803123,8.80585761592427e-06,0.0010240647272968,0.0864367287609084,8,,
bert-base,20,26,83.1728045325779,84.36260623229462,1405738518,8.810887223956243e-06,0.0002961540030853,0.1961601490306507,10,,
bert-base,20,27,83.11614730878188,81.75637393767705,1978552142,5.309578404163008e-05,0.0017558370542775,0.0326062851880228,10,,
bert-base,20,28,79.09348441926346,80.56657223796034,471474481,5.626963922897103e-06,0.0003794233333576,0.0120244656759482,2,,
bert-base,20,29,83.62606232294617,84.24929178470255,691277247,1.7961461698956698e-05,0.0001105080186786,0.0203437595296784,5,,
bert-base,21,0,81.37142857142857,78.74285714285715,1997247569,6.690345982274708e-06,3.4771857960742615e-05,0.1952147587599136,2,,
bert-base,21,1,81.54285714285714,80.0,1014559529,5.611425334595926e-06,0.0060663642584627,0.0762254005559021,4,,
bert-base,21,2,83.42857142857143,82.22857142857143,1865474233,5.707780871229201e-05,1.9429782282159955e-05,0.0495749927310236,10,,
bert-base,21,3,83.31428571428572,82.34285714285714,1121609169,3.66104378426112e-05,0.0009093328360272,0.1752938307528052,5,,
bert-base,21,4,82.85714285714286,81.08571428571429,481235691,7.297403351460116e-06,0.0144048500776744,0.1003426751345561,5,,
bert-base,21,5,83.31428571428572,81.71428571428571,1669348365,6.276169350652502e-05,0.0278279626019692,0.0996013763023894,3,,
bert-base,21,6,83.37142857142857,82.8,853662488,9.96303180646229e-06,5.2500772241945136e-05,0.0763022524014997,10,,
bert-base,21,7,83.65714285714286,82.22857142857143,887359805,1.1057520994401922e-05,0.0023383669706164,0.0910709711927375,8,,
bert-base,21,8,83.25714285714285,82.85714285714286,442658861,1.936872510949697e-05,0.0464004995139377,0.1876980163769542,4,,
bert-base,21,9,84.22857142857143,81.65714285714286,312708729,1.335857976393614e-05,0.0019022428787564,0.1093774581979118,4,,
bert-base,21,10,82.91428571428571,82.34285714285714,437905094,5.871628839641866e-05,0.0019386300872411,0.1627237365779625,3,,
bert-base,21,11,82.74285714285715,81.94285714285714,404166431,6.216370441274585e-05,0.0008029961418559,0.174088931758235,4,,
bert-base,21,12,83.65714285714286,82.28571428571429,531554058,4.141870807781656e-05,0.0002831272089954,0.0130040552524838,5,,
bert-base,21,13,83.31428571428572,82.05714285714286,1427994789,1.5225228783043038e-05,0.0084096333015096,0.0434718074162341,7,,
bert-base,21,14,82.62857142857143,81.94285714285714,660331680,6.000364091876151e-06,0.0164805548536829,0.1687588155262758,10,,
bert-base,21,15,82.68571428571428,82.45714285714286,2012162959,1.0334314661394664e-05,1.196205063808936e-05,0.0671823148354422,7,,
bert-base,21,16,83.14285714285714,81.65714285714286,757341323,9.607699210070209e-06,6.137377939830764e-05,0.1672414268811299,4,,
bert-base,21,17,82.68571428571428,81.94285714285714,1676766427,7.745007189913028e-05,0.0029423729415525,0.0544688719270676,3,,
bert-base,21,18,83.88571428571429,81.48571428571428,1146941287,3.081297394168286e-05,0.0014756914176354,0.1426357067873345,2,,
bert-base,21,19,83.37142857142857,81.6,238840396,2.6376007736903467e-05,9.740494986058638e-05,0.0709649459596637,2,,
bert-base,21,20,82.8,81.77142857142857,210047409,6.0864046684720846e-05,0.0030543590269207,0.0140510792673377,10,,
bert-base,21,21,82.0,80.91428571428571,2070085511,7.188459703653984e-06,0.0064848715499537,0.0620438204140101,3,,
bert-base,21,22,82.11428571428571,80.17142857142858,543863350,5.648380593168752e-06,0.0001857304396212,0.002950062667815,4,,
bert-base,21,23,83.54285714285714,82.4,1617426790,1.7089392591490528e-05,0.0007971299171652,0.1942097794520776,9,,
bert-base,21,24,83.94285714285714,82.57142857142857,1069542961,5.285685789319872e-05,3.581624542792352e-05,0.0326632852381466,4,,
bert-base,21,25,83.37142857142857,81.94285714285714,1851618386,1.6987453079898718e-05,7.659911238423571e-05,0.0541759766292809,4,,
bert-base,21,26,84.11428571428571,82.45714285714286,289258018,2.5791814251596206e-05,0.0194614396265332,0.1341338234026686,7,,
bert-base,21,27,82.74285714285715,82.34285714285714,44019713,7.306188565483139e-06,0.0001275302749127,0.0361563236847995,8,,
bert-base,21,28,82.62857142857143,82.17142857142858,700554343,1.6300162560688218e-05,1.0003819562859185e-05,0.1340196278358147,3,,
bert-base,21,29,82.74285714285715,80.97142857142858,2050001851,8.276155085395304e-06,0.0021232039688409,0.1718719675453765,5,,
bert-base,22,0,82.22976796830787,82.91855203619909,340483453,3.083696884227711e-05,0.0159586747784905,0.0998192314290546,2,,
bert-base,22,1,82.05998868138087,81.27828054298642,2089883989,6.519677311141434e-05,0.0060649646997275,0.1394268391095362,9,,
bert-base,22,2,81.09790605546124,81.22171945701358,1931714688,5.696861336423564e-06,0.0022808661084313,0.0083816381413725,4,,
bert-base,22,3,81.15449915110356,82.8054298642534,305618005,1.13554169472475e-05,0.0249173166821338,0.0637320083557115,6,,
bert-base,22,4,82.79569892473118,82.8054298642534,817389887,2.506506037577544e-05,0.001807290265511,0.1153801413145831,8,,
bert-base,22,5,81.55065082059988,81.22171945701358,2140512310,8.434316741855549e-05,0.0008901923805138,0.060554742971756,10,,
bert-base,22,6,82.68251273344652,83.42760180995475,1527895272,2.689479616713912e-05,0.0001764286161257,0.0690534238825623,7,,
bert-base,22,7,82.39954725523486,82.40950226244344,604755212,3.488339689301119e-05,0.0695271076270728,0.1255458946236585,2,,
bert-base,22,8,82.79569892473118,83.20135746606334,2007572036,2.581998417520056e-05,0.0001688169265952,0.1201289568086446,7,,
bert-base,22,9,82.51273344651952,83.1447963800905,1035947402,1.8877447764694757e-05,0.0032956062599116,0.1277153235639103,3,,
bert-base,22,10,82.1165817770232,83.42760180995475,1010453637,2.207134049157036e-05,0.0104099333442195,0.1095529997221568,4,,
bert-base,22,11,81.72043010752688,82.12669683257919,1822568258,6.390118265142885e-06,0.0109670091843083,0.063561662897036,10,,
bert-base,22,12,82.56932654216186,82.40950226244344,2072093302,4.923910172826245e-05,0.0113694157945699,0.1902564487293701,7,,
bert-base,22,13,83.13525749858518,82.97511312217195,1079381172,2.3809209486249597e-05,7.468543208179674e-05,0.1785653636745383,10,,
bert-base,22,14,81.32427843803056,81.78733031674209,1095657387,5.230908536153494e-06,0.0001713056327056,0.1320917267031013,7,,
bert-base,22,15,81.72043010752688,82.46606334841628,1492790347,1.9721968701918806e-05,1.0905726077065084e-05,0.1670541416050625,5,,
bert-base,22,16,82.00339558573855,83.20135746606334,1729911015,4.717919056266701e-05,0.0001157260922141,0.0267271460066157,2,,
bert-base,22,17,80.70175438596492,81.67420814479638,282426731,1.050690782088922e-05,0.0009127019026555,0.0819181974450043,3,,
bert-base,22,18,82.68251273344652,83.1447963800905,276958262,3.81872769599815e-05,3.533461021432564e-05,0.1467005345536075,8,,
bert-base,22,19,82.73910582908886,82.3529411764706,277103947,4.912956908273157e-05,2.773384652695381e-05,0.0576249708632968,3,,
bert-base,22,20,78.66440294284098,79.46832579185521,830472777,6.370595395657838e-06,0.0011692646490144,0.0544068246521222,2,,
bert-base,22,21,82.34295415959252,83.31447963800905,1299323019,1.5755364161555082e-05,0.026797677781951,0.1909734125674343,6,,
bert-base,22,22,82.90888511601585,82.8054298642534,1714391852,5.08425738687483e-05,0.0002896036651758,0.0676253552932945,6,,
bert-base,22,23,82.2863610639502,83.2579185520362,880751100,2.7052765436426188e-05,0.0006776898246181,0.0901713599245377,7,,
bert-base,22,24,79.56989247311827,80.37330316742081,854453455,9.379788927896193e-06,0.0004483223416452,0.0128633275791376,2,,
bert-base,22,25,82.45614035087719,81.61764705882354,155143757,5.0801274022169054e-05,0.0594738265027577,0.0770157185349393,10,,
bert-base,22,26,83.02207130730051,82.40950226244344,361202770,3.2327906501782754e-05,5.340737523575796e-05,0.114132700512397,7,,
bert-base,22,27,82.00339558573855,82.63574660633485,897155940,1.6382531221594613e-05,0.0003554780409732,0.0622711303975072,5,,
bert-base,22,28,82.2863610639502,83.08823529411765,1470325504,3.886614139449447e-05,0.0596987158845708,0.0813435692289575,7,,
bert-base,22,29,83.47481607243917,83.31447963800905,2102797517,4.354482197325564e-05,0.0010009382241383,0.0291040419515703,3,,
bert-base,23,0,82.08784940102682,82.89623717217788,910481245,1.3909804781982632e-05,4.705880110340504e-05,0.1168832472046012,10,,
bert-base,23,1,80.83285795778666,80.95781071835803,1962748658,9.487301022483312e-05,0.0008944708080695,0.1535840012318821,3,,
bert-base,23,2,81.85966913861951,82.212086659065,1982772158,1.1534094192362631e-05,0.0342199908660759,0.1637397619605282,4,,
bert-base,23,3,82.20193953223047,80.21664766248574,6726715,6.055086216072316e-06,0.0001498374622633,0.0478375543501987,6,,
bert-base,23,4,81.1751283513976,79.98859749144812,2067537250,7.581269027307275e-06,0.0399896704311354,0.1494848170187004,3,,
bert-base,23,5,82.54420992584141,81.41391106043329,1766910218,5.216012614651756e-05,1.5292228941638534e-05,0.1479347063541271,7,,
bert-base,23,6,82.48716486023959,82.32611174458381,1447915947,1.2252372747254704e-05,4.3844705933407246e-05,0.0736114561089684,9,,
bert-base,23,7,81.80262407301768,82.32611174458381,800238347,8.386400717181529e-06,0.0009830916910456,0.1754289843557016,10,,
bert-base,23,8,83.11466058185967,82.44013683010262,798001837,1.680023010558338e-05,2.899533116447768e-05,0.0680639626425969,9,,
bert-base,23,9,82.20193953223047,83.23831242873432,1328273665,5.757327291728933e-05,0.077400893872596,0.0759074356939776,3,,
bert-base,23,10,82.08784940102682,81.12884834663626,1691975281,6.783769086309288e-06,0.0027420262576814,0.0589771561523981,7,,
bert-base,23,11,81.40330861380491,83.52337514253135,308672543,6.282373278786921e-05,0.0007645225471528,0.0710519360500575,3,,
bert-base,23,12,80.31945236737022,79.98859749144812,1244558992,8.0167240707152e-06,0.0032471262485382,0.1602626965513849,3,,
bert-base,23,13,82.65830005704507,81.18586088939567,1178768999,1.5273888456259044e-05,0.0957365897555002,0.0690301023353548,3,,
bert-base,23,14,82.77239018824872,81.81299885974914,1762444622,3.057699371253131e-05,0.0554482866821302,0.049674884694742,2,,
bert-base,23,15,81.51739874500856,80.78677309007982,2049240558,8.90325481194841e-06,0.0010766676848791,0.1689616733978451,3,,
bert-base,23,16,81.57444381061038,81.64196123147093,1685001700,4.48232749663054e-05,0.0001995313200085,0.0605036687104053,9,,
bert-base,23,17,82.25898459783228,82.09806157354618,757965760,2.8398316221980372e-05,0.0003657183398144,0.116951413950037,4,,
bert-base,23,18,81.46035367940674,81.52793614595211,971655281,5.488068022814847e-05,0.0014578092492888,0.1874541981812341,8,,
bert-base,23,19,82.54420992584141,82.09806157354618,1040276195,6.439330245453154e-06,1.7541317185957766e-05,0.070292811581173,10,,
bert-base,23,20,81.97375926982316,81.75598631698973,565073410,7.468232135974331e-06,0.0025977713446399,0.128130647743864,6,,
bert-base,23,21,77.98060467769538,77.87913340935006,1116930541,6.182405263799001e-06,0.0010474821789035,0.0971459621119159,2,,
bert-base,23,22,83.11466058185967,82.32611174458381,42205647,1.0652189849623502e-05,0.0002693594994575,0.1312077254925139,5,,
bert-base,23,23,82.08784940102682,81.18586088939567,1375474647,6.051667493928044e-06,0.001652001793672,0.0304406463031247,8,,
bert-base,23,24,81.91671420422134,82.04104903078677,566708008,2.435426168271034e-05,0.0078404310761775,0.0391756798622719,3,,
bert-base,23,25,81.80262407301768,80.72976054732041,1557951093,7.766773284049684e-06,0.000120466630236,0.009886591411022,5,,
bert-base,23,26,81.80262407301768,82.15507411630558,1225973066,1.4552573111732482e-05,0.0003090547184122,0.0190702326792306,4,,
bert-base,23,27,81.34626354820308,81.87001140250855,1990924069,4.897221873173789e-05,0.0069777963254504,0.0020356845599339,7,,
bert-base,23,28,82.25898459783228,82.78221208665906,130225898,1.0905727800994975e-05,0.0007275056220792,0.1216501284016648,8,,
bert-base,23,29,80.77581289218483,79.93158494868871,514804433,9.473126846927782e-06,0.0157811447165628,0.088764432662772,3,,
bert-base,24,0,83.02417088251826,82.51826869027543,1863832393,1.3347166062255595e-05,0.0225070373049258,0.0005464862832833,5,,
bert-base,24,1,81.78752107925801,82.34963462619449,1648044509,9.72645080354418e-05,0.0083664475331834,0.1025686051289049,4,,
bert-base,24,2,82.79932546374367,82.40584598088815,72384002,8.785208671552432e-06,3.981479630657361e-05,0.1413966381055728,6,,
bert-base,24,3,82.85553681843733,82.74311410905003,1099170592,5.6449946838421775e-05,0.0002258188126593,0.0480176983593601,3,,
bert-base,24,4,82.1247892074199,81.78752107925801,205774090,5.770935021400641e-06,0.004970556787553,0.1463948985518589,4,,
bert-base,24,5,81.00056211354693,81.45025295109612,1096392483,9.492444807615672e-05,0.0080186186047781,0.1484744025366384,9,,
bert-base,24,6,82.34963462619449,81.73130972456437,1446635081,9.290782103737856e-05,0.0003191057703343,0.1258834564775176,10,,
bert-base,24,7,83.19280494659921,82.46205733558179,2120980317,1.6046066011816878e-05,0.0905292712508532,0.0986358787891746,3,,
bert-base,24,8,83.7549184935357,83.13659359190557,2048233740,4.20211943131195e-05,4.105065273618589e-05,0.0349995463677674,4,,
bert-base,24,9,82.40584598088815,83.7549184935357,727130897,3.64689029736726e-05,0.0017745650989741,0.1099473004511593,2,,
bert-base,24,10,83.69870713884205,82.85553681843733,1044592467,2.464371293547767e-05,4.511293103752859e-05,0.0655328891085247,8,,
bert-base,24,11,83.36143901068016,82.74311410905003,2039695881,4.126136176482325e-05,0.0069570145021813,0.197933371403285,4,,
bert-base,24,12,80.3822372119168,79.31422147273749,1215193638,5.351775007934813e-06,1.8620069754056977e-05,0.0794084870170852,2,,
bert-base,24,13,83.4176503653738,82.85553681843733,938514155,3.3562263180071264e-05,0.0030769098379345,0.1541792477822982,4,,
bert-base,24,14,83.81112984822934,82.96795952782462,1703974629,2.09558895748668e-05,0.0101530742084554,0.1404414269131567,9,,
bert-base,24,15,80.3822372119168,79.37043282743115,1772716629,6.437706332283693e-06,0.0180957303588679,0.0783683351757841,2,,
bert-base,24,16,83.81112984822934,83.24901630129285,1178334469,2.859238139483092e-05,0.0001172208786105,0.1838323334598248,4,,
bert-base,24,17,83.13659359190557,83.13659359190557,412863278,6.017941424161753e-05,0.0001367248351662,0.1208547555025542,5,,
bert-base,24,18,83.24901630129285,83.30522765598651,1607171436,2.6764570335413127e-05,0.0116427859956803,0.0069306896257132,8,,
bert-base,24,19,83.7549184935357,83.30522765598651,1042240896,1.346506132659389e-05,0.0286519804534254,0.1697964877055846,5,,
bert-base,24,20,83.30522765598651,82.51826869027543,1615482730,5.142579330931963e-06,0.00816184642128,0.0750512318287834,6,,
bert-base,24,21,82.96795952782462,83.4176503653738,2084827508,3.6741593295399056e-05,1.48188713751236e-05,0.0937551855988011,3,,
bert-base,24,22,83.81112984822934,83.24901630129285,990724464,2.558800929229944e-05,0.053892203675472,0.0360094950131918,8,,
bert-base,24,23,83.4176503653738,82.18100056211355,980472820,6.37731074809511e-05,0.026113758911279,0.1651760470543287,8,,
bert-base,24,24,81.00056211354693,80.77571669477234,1406087687,9.357542636000263e-06,0.0018820553620577,0.1081930392048673,3,,
bert-base,24,25,83.58628442945475,82.85553681843733,20845313,9.302452232659254e-06,0.0006217889724803,0.1734903085642139,8,,
bert-base,24,26,83.6424957841484,83.02417088251826,756084836,1.6784128709173494e-05,0.0721085032089174,0.0636150661843729,10,,
bert-base,24,27,83.5300730747611,82.29342327150084,1018430255,8.525926860359854e-06,2.51496714420232e-05,0.0072751590762313,9,,
bert-base,24,28,82.18100056211355,83.02417088251826,1511264005,5.825929097073007e-05,0.0147015174793897,0.0040932133824237,10,,
bert-base,24,29,82.1247892074199,81.84373243395166,2039002481,1.530385088540361e-05,0.004272910284997,0.1796680100197821,3,,
bert-base,25,0,82.36961451247166,82.93650793650794,53243531,5.359965123821208e-05,0.0001661541766548,0.1407531504777222,8,,
bert-base,25,1,79.93197278911565,80.78231292517007,1522165609,8.101949706590333e-06,0.0612504059436618,0.1996591017572791,2,,
bert-base,25,2,83.39002267573696,83.16326530612245,564590719,1.5981185202193403e-05,0.0001792478248341,0.156484907600061,7,,
bert-base,25,3,82.65306122448979,82.48299319727892,1231607719,8.448885429364134e-06,0.0208635473249097,0.0386703111447971,9,,
bert-base,25,4,82.42630385487529,81.91609977324264,1817804388,8.957485809704731e-06,1.626644254928315e-05,0.0043004545248281,7,,
bert-base,25,5,82.65306122448979,83.33333333333333,1586786700,2.5184327093309105e-05,0.0031387045656109,0.1715130266307992,5,,
bert-base,25,6,82.02947845804988,81.859410430839,266293113,9.6591482027814e-05,0.0017663011296251,0.1149759281977416,8,,
bert-base,25,7,81.12244897959184,82.87981859410431,257376124,6.825766437772586e-06,8.982562074288803e-05,0.0185224603842132,6,,
bert-base,25,8,82.19954648526077,82.70975056689342,1110313644,5.9882795752525546e-05,0.0001963794979358,0.1690928784863492,5,,
bert-base,25,9,83.21995464852608,83.90022675736961,301897770,2.884366128929737e-05,1.362183640440564e-05,0.1431937321774453,5,,
bert-base,25,10,82.42630385487529,83.16326530612245,1448549706,1.864800948296315e-05,0.0255572432361466,0.103944668078051,5,,
bert-base,25,11,82.42630385487529,81.57596371882086,1294726643,5.466322254821589e-05,3.713319469593864e-05,0.1728063063973174,5,,
bert-base,25,12,82.65306122448979,81.859410430839,435702451,1.8657999569756225e-05,0.023624582996951,0.0911697827633785,10,,
bert-base,25,13,82.65306122448979,83.39002267573696,510281122,2.4456711674114555e-05,0.0338702032642426,0.1500695196869296,8,,
bert-base,25,14,82.42630385487529,82.59637188208617,1112100739,1.22591099672814e-05,0.0134305121483958,0.1277131549952125,9,,
bert-base,25,15,82.93650793650794,81.06575963718821,688382456,9.088246998760684e-05,0.0059826662880824,0.1776753379123046,3,,
bert-base,25,16,81.34920634920636,81.80272108843538,309700855,5.179805719021673e-06,0.0002173116654811,0.1950176128607854,7,,
bert-base,25,17,82.59637188208617,83.10657596371883,909244283,2.7074399097595204e-05,0.0013652233529554,0.048078140259561,4,,
bert-base,25,18,82.08616780045351,82.65306122448979,1378359471,6.868631515251659e-06,1.0486561609592828e-05,0.1872681013644956,7,,
bert-base,25,19,81.859410430839,82.31292517006803,268040321,2.0241645655764908e-05,0.0565007745640035,0.0683280822637889,3,,
bert-base,25,20,83.0498866213152,82.82312925170068,1530839409,1.919138117755263e-05,0.0002168619293045,0.0425034127216379,8,,
bert-base,25,21,80.32879818594104,80.4421768707483,1290479805,9.698178324780594e-05,2.759037345488621e-05,0.0334188083718525,9,,
bert-base,25,22,82.31292517006803,82.87981859410431,1145845294,1.3321415719296235e-05,0.0001070821047677,0.1122389844527185,5,,
bert-base,25,23,82.19954648526077,81.80272108843538,1447902500,8.03303625767717e-05,3.532019692883386e-05,0.1863463141613702,2,,
bert-base,25,24,81.68934240362812,81.63265306122449,1294548137,5.803069358847873e-06,0.0024892595349724,0.055270977518006,5,,
bert-base,25,25,82.14285714285714,81.859410430839,716411103,9.070329038570876e-06,0.000900891857982,0.0961701139462724,4,,
bert-base,25,26,82.2562358276644,82.14285714285714,23957270,5.072857789054122e-05,0.0015868604023442,0.0305975858802823,2,,
bert-base,25,27,82.76643990929705,82.31292517006803,500746434,1.4377520965631164e-05,0.000449121156124,0.1903270538317237,10,,
bert-base,25,28,81.91609977324264,81.40589569160997,1780667707,9.72525471725891e-05,0.0072624602838159,0.1536520901728223,2,,
bert-base,25,29,81.17913832199547,80.89569160997732,557848150,7.961954163538697e-05,5.178344862915104e-05,0.0249685506216343,2,,
bert-base,26,0,83.31460674157303,83.7170129140932,454979926,2.8344469576084605e-05,1.161845007593524e-05,0.0917817949097028,4,,
bert-base,26,1,83.59550561797752,83.2678270634475,1116062854,2.7819565800707944e-05,2.017793306128869e-05,0.1745875424782859,6,,
bert-base,26,2,82.24719101123596,82.76249298147108,1603902293,6.52436597245818e-05,0.0917073910401514,0.1241769232248722,10,,
bert-base,26,3,82.64044943820225,83.2678270634475,232163991,3.326703256859725e-05,7.966298374023448e-05,0.0099343850010886,2,,
bert-base,26,4,82.52808988764045,83.77316114542391,720321726,6.2772025138275325e-06,0.0084201576829811,0.1951918387688854,9,,
bert-base,26,5,82.64044943820225,83.82930937675464,949152156,1.4066592231012138e-05,0.0007680488938625,0.0698977649494929,7,,
bert-base,26,6,82.35955056179775,82.8186412128018,1901402759,6.530604092245624e-06,0.0013411424723236,0.1898596856631058,7,,
bert-base,26,7,82.24719101123596,82.98708590679394,627813694,5.406006704465771e-06,6.28973861844853e-05,0.1812003813901321,6,,
bert-base,26,8,81.74157303370787,82.59404828747894,1765836034,4.323108339266349e-05,0.0032838629174989,0.1328934897300871,7,,
bert-base,26,9,83.48314606741573,83.88545760808535,1262552367,3.0280593826284516e-05,0.0023771792136444,0.1520505159564673,4,,
bert-base,26,10,82.02247191011236,83.2678270634475,2045019339,7.420696773082587e-05,0.0001034386239199,0.1675700314607944,10,,
bert-base,26,11,82.75280898876404,83.6608646827625,497607129,5.458907420149159e-05,0.003674140851113,0.0007721289797524,10,,
bert-base,26,12,82.19101123595506,82.65019651880965,2142023288,1.270361162751102e-05,0.0152127834577341,0.0303505970132527,4,,
bert-base,26,13,81.74157303370787,83.15553060078608,293829365,6.762059927282048e-06,0.0146706477799327,0.1501938002159948,8,,
bert-base,26,14,82.13483146067416,83.38012352610893,1198995201,1.2419856104203002e-05,0.0003772536234304,0.0433231916306821,7,,
bert-base,26,15,82.80898876404494,83.04323413812465,1693308304,2.6762543496971792e-05,3.683963762294708e-05,0.1742218263913809,7,,
bert-base,26,16,82.13483146067416,83.04323413812465,1244539039,8.269564993957081e-05,1.3802834529712327e-05,0.007240981891935,6,,
bert-base,26,17,82.13483146067416,82.65019651880965,1299740190,5.5146909206738256e-05,5.899393595772762e-05,0.1240030090717966,6,,
bert-base,26,18,83.65168539325843,83.6608646827625,577798764,2.435971357498409e-05,0.0078002032568398,0.1518781601413713,8,,
bert-base,26,19,81.57303370786516,82.31330713082538,817766323,9.728589908509204e-05,1.677926313947982e-05,0.1597105974862194,4,,
bert-base,26,20,82.19101123595506,83.49241998877035,366545148,1.703072200592387e-05,0.0004095723552866,0.0650859259186623,3,,
bert-base,26,21,82.19101123595506,82.8186412128018,1450697918,8.254179211558233e-06,0.0597479668478051,0.027147613430143,4,,
bert-base,26,22,82.58426966292134,82.8186412128018,417123548,1.0629265104952575e-05,0.0014669053293487,0.1497761844541792,10,,
bert-base,26,23,82.41573033707866,82.59404828747894,1158482097,6.288290668213512e-05,0.0003307971337848,0.0804965503342191,7,,
bert-base,26,24,82.35955056179775,82.8747894441325,1472474889,1.1771623500126869e-05,7.235086547284504e-05,0.1176329460036281,5,,
bert-base,26,25,82.02247191011236,82.70634475014037,1452055139,8.190021720296854e-05,0.0005507667698604,0.0217586825858296,6,,
bert-base,26,26,82.52808988764045,83.43627175743964,1013752690,9.462827813695962e-06,0.0214748944778359,0.0542100966586341,6,,
bert-base,26,27,82.75280898876404,83.04323413812465,897380684,8.244454792743495e-06,0.0004606547860734,0.1666526919432867,8,,
bert-base,26,28,82.30337078651685,83.15553060078608,1769686474,7.458281926431424e-06,0.0795921134935948,0.1924688144297115,4,,
bert-base,26,29,82.24719101123596,82.70634475014037,1921272199,2.08755080998223e-05,0.016622987303411,0.1908394762553762,2,,
bert-base,27,0,80.65425831923294,81.79255918827508,981103906,6.584475194368329e-05,1.0255452180109383e-05,0.194255826616596,4,,
bert-base,27,1,81.1618725324309,82.41262683201803,701772862,7.742300324943096e-05,0.0027539642578004,0.0042514670575797,5,,
bert-base,27,2,82.6283135927806,82.18714768883878,1732560471,9.677433758030552e-06,0.0048120455279373,0.0384175658046063,6,,
bert-base,27,3,82.23350253807106,82.07440811724915,841030834,3.951723450493655e-05,0.0001822673459264,0.0591566480829689,7,,
bert-base,27,4,81.95149464184998,81.56708004509584,1020969615,1.0419070108397005e-05,0.0351696163716097,0.1757695521162473,4,,
bert-base,27,5,81.50028200789622,82.01803833145433,828869873,5.362728433680477e-05,0.0188908971606627,0.0684229825265728,4,,
bert-base,27,6,81.61308516638466,81.4543404735062,1964691269,5.820449770913684e-06,8.092950475185298e-05,0.1521239544356498,6,,
bert-base,27,7,81.38747884940778,82.6944757609921,355377984,3.4587678790992984e-05,0.014622848676545,0.1302359936030116,8,,
bert-base,27,8,82.12069937958263,82.41262683201803,647355283,9.509108586953314e-06,0.0002468314680393,0.01242287339668,8,,
bert-base,27,9,82.00789622109419,81.62344983089065,1702334043,9.593989058556606e-06,0.0002078969819574,0.0924839183861666,5,,
bert-base,27,10,82.6283135927806,82.2998872604284,1068853067,3.5713182736844606e-05,3.312637270603659e-05,0.1752958535639603,2,,
bert-base,27,11,80.65425831923294,80.77790304396844,56651952,8.058768491100132e-06,0.0241444202070874,0.179720053016617,3,,
bert-base,27,12,81.78228990411732,82.46899661781285,346580673,5.477324144459236e-05,0.004775057847392,0.1210037012253058,5,,
bert-base,27,13,81.7258883248731,82.2998872604284,874241117,2.793330575092687e-05,0.0701890273081719,0.1960982962291093,9,,
bert-base,27,14,81.78228990411732,82.24351747463359,594591276,7.305305880401087e-06,0.0003655260536715,0.0154807929505479,10,,
bert-base,27,15,81.38747884940778,82.24351747463359,1893172588,8.657178755482258e-05,0.0042270487666445,0.153179381270722,2,,
bert-base,27,16,81.27467569091935,82.46899661781285,303761437,4.0697419877074055e-05,0.000823087356067,0.1156236308183814,9,,
bert-base,27,17,80.42865200225606,81.28523111612176,773994786,2.220201155639907e-05,0.0215922128737805,0.0369723022254787,2,,
bert-base,27,18,80.5414551607445,81.28523111612176,1289545534,9.734680305657294e-05,3.2187522487591524e-05,0.1764806102930135,6,,
bert-base,27,19,81.95149464184998,82.2998872604284,84525699,2.1648628848324643e-05,0.0941149269819411,0.1122822564189808,8,,
bert-base,27,20,80.87986463620982,81.17249154453214,1855666351,1.4018180754129704e-05,0.0018917550238254,0.045253908905131,2,,
bert-base,27,21,81.7258883248731,81.51071025930102,788199441,1.8071402353735572e-05,8.094075004608216e-05,0.1568003812808616,4,,
bert-base,27,22,81.1054709531867,82.75084554678692,60589975,1.7678170722895645e-05,6.525934709546284e-05,0.0978978844914016,9,,
bert-base,27,23,79.97743936830231,80.72153325817362,2115814267,9.263376798173604e-05,0.0005811107028975,0.0719080496095401,5,,
bert-base,27,24,81.95149464184998,82.2998872604284,676730438,3.250047441480223e-05,0.0008202955580299,0.0781601375215806,5,,
bert-base,27,25,82.79751833051326,82.86358511837655,1177470535,2.170803389566696e-05,0.0082277367946449,0.0426851103433968,4,,
bert-base,27,26,82.3463056965595,82.24351747463359,2116480337,2.2691827028000083e-05,2.8352638006508683e-05,0.0839597725893804,10,,
bert-base,27,27,81.78228990411732,81.73618940248026,1177787309,8.408616888579276e-06,0.0060742820278856,0.0325800887760549,5,,
bert-base,27,28,81.44388042865201,82.01803833145433,1023754447,3.0577196288864064e-05,2.815991031706689e-05,0.0581679627690341,10,,
bert-base,27,29,80.8234630569656,81.9052987598647,96178843,2.3423942530043304e-05,0.0154237397692513,0.1795433581703827,10,,
bert-base,28,0,82.23350253807106,81.66948674562887,1938576111,5.9908317829955786e-06,0.0002457151370925,0.1489177536848944,10,,
bert-base,28,1,81.44388042865201,81.50028200789622,1318623159,7.435846621204969e-05,0.012239394838446,0.0486152078267696,10,,
bert-base,28,2,81.61308516638466,81.1054709531867,207703976,1.0026914539349744e-05,0.0013394139067052,0.05931820984048,5,,
bert-base,28,3,82.96672306824591,82.12069937958263,421827644,3.570627147211414e-05,0.001022730962974,0.0868695035002781,10,,
bert-base,28,4,83.02312464749014,81.89509306260575,2110807765,1.4519917371610064e-05,0.0092945720316559,0.1612334159291955,10,,
bert-base,28,5,82.00789622109419,81.7258883248731,419600353,4.4430837488914034e-05,3.776232467807542e-05,0.0408840207734763,2,,
bert-base,28,6,83.07952622673434,82.23350253807106,1211924536,2.4219990404777243e-05,0.0306634151010063,0.0001734409274674,5,,
bert-base,28,7,82.51551043429215,81.44388042865201,1257810205,1.6196271220141156e-05,0.000253828486056,0.1133824442699932,5,,
bert-base,28,8,82.51551043429215,82.17710095882684,216997658,2.363084821943182e-05,0.0170992152214725,0.147756537993906,7,,
bert-base,28,9,81.1054709531867,81.44388042865201,857659268,5.834889868772714e-06,0.0009515023086007,0.1141115600284017,5,,
bert-base,28,10,82.51551043429215,81.55668358714044,1256441565,2.04599391864341e-05,0.0015897797900844,0.1605964521844736,10,,
bert-base,28,11,82.17710095882684,82.00789622109419,611270267,7.2053319009469705e-06,0.0021908636133974,0.0609249599751598,7,,
bert-base,28,12,81.1054709531867,82.06429780033841,1092479207,8.565056107927397e-06,0.0064166065187862,0.0287245994794026,5,,
bert-base,28,13,82.3463056965595,82.6283135927806,833862274,4.56959276895985e-05,0.0642181362787486,0.0279793167939417,10,,
bert-base,28,14,82.74111675126903,82.12069937958263,222731593,2.423728912039713e-05,0.0068965573081156,0.0158053653905214,5,,
bert-base,28,15,82.40270727580372,82.51551043429215,1586977007,2.2517797122597416e-05,1.6266399299972362e-05,0.0071851543057897,4,,
bert-base,28,16,82.68471517202482,81.89509306260575,806949238,1.1407583386432323e-05,0.0010161617036729,0.1783734381196264,9,,
bert-base,28,17,82.45910885504794,81.33107727016356,1772684475,6.164383832570626e-05,0.0946427673989533,0.0504423160995114,6,,
bert-base,28,18,80.65425831923294,80.20304568527919,1574720342,5.077877002599739e-06,2.589310314384506e-05,0.0626543105446271,4,,
bert-base,28,19,80.2594472645234,79.01861252115059,433732175,7.189903524434683e-06,0.0001431316193448,0.0915722933783155,2,,
bert-base,28,20,80.93626621545403,81.50028200789622,1697511831,7.031099566863415e-05,0.0397935681275848,0.1268683212018752,10,,
bert-base,28,21,82.17710095882684,81.78228990411732,61447392,5.642693501267634e-06,2.108126643705519e-05,0.0427088017239235,8,,
bert-base,28,22,82.3463056965595,83.47433728144388,1851210608,3.979253965599599e-05,0.0004901683507653,0.0469817851485018,6,,
bert-base,28,23,81.7258883248731,80.76706147772137,1452830156,5.886056422814685e-06,0.0004363541323026,0.0380558081903571,4,,
bert-base,28,24,81.95149464184998,81.7258883248731,275319349,6.744612317496694e-06,1.6110507842906887e-05,0.0235269785291888,10,,
bert-base,28,25,83.30513254371122,82.17710095882684,1660812532,1.4012420161518291e-05,0.0727922070259089,0.1359255321634673,9,,
bert-base,28,26,81.83869148336153,81.38747884940778,1925997724,5.813952793631911e-06,0.0004598178196881,0.0905090287375806,6,,
bert-base,28,27,82.57191201353638,81.55668358714044,646344392,1.0698079503621836e-05,0.0006899472073137,0.1782098283949978,9,,
bert-base,28,28,81.89509306260575,81.38747884940778,949610329,4.126604808063938e-05,0.0118696036423301,0.1288917624813284,2,,
bert-base,28,29,83.30513254371122,82.28990411731529,325499782,4.166505408035504e-05,0.0050250004352867,0.1289054947997068,8,,
bert-base,29,0,83.29545454545455,82.56672345258376,1313637312,3.762157447283007e-05,0.0246032050860269,0.0963221378432283,10,,
bert-base,29,1,80.17045454545455,81.2038614423623,575606336,9.2695862131307e-05,0.0001562520565252,0.1518268825616642,5,,
bert-base,29,2,82.27272727272727,82.05565019875071,2136843786,9.5270493038668e-06,0.0103497383417822,0.0384579745124279,7,,
bert-base,29,3,80.9659090909091,82.11243611584327,1424692776,5.709111065983516e-06,1.1108668180202827e-05,0.1421861048289286,4,,
bert-base,29,4,81.64772727272727,82.62350936967633,407969237,5.1154141574533225e-06,0.0573264809012485,0.195369998763711,10,,
bert-base,29,5,81.98863636363636,83.41851220897217,1636653585,1.1522164614785494e-05,4.995970858815212e-05,0.0789427133243734,5,,
bert-base,29,6,82.38636363636364,82.05565019875071,1105225736,2.711260110298013e-05,0.0312739625714627,0.1089630069583404,10,,
bert-base,29,7,82.67045454545455,82.45315161839864,76789283,3.982589626414032e-05,0.0013572942358099,0.1440961018007983,4,,
bert-base,29,8,81.13636363636364,80.9199318568995,262014542,8.922688424551645e-05,1.0619114628625388e-05,0.0323374753849238,8,,
bert-base,29,9,81.64772727272727,82.68029528676888,1753830388,8.184083047117702e-06,2.082562751962945e-05,0.033858868263987,8,,
bert-base,29,10,81.42045454545455,81.14707552526973,536043151,7.507365664881657e-05,0.0351986690621604,0.0676200242806593,4,,
bert-base,29,11,82.04545454545455,81.71493469619534,944457062,2.9879081338522285e-05,0.0063572185722837,0.0911794117978143,10,,
bert-base,29,12,80.79545454545455,80.40885860306643,298248678,6.50954202850066e-06,0.0010795279874443,0.0384763010260363,3,,
bert-base,29,13,81.875,82.96422487223168,1893948698,3.513134443066182e-05,7.853509096837528e-05,0.1700740679860978,3,,
bert-base,29,14,80.73863636363636,81.82850653038047,1828136387,1.00873498546752e-05,9.139734527099476e-05,0.007975236387509,2,,
bert-base,29,15,79.88636363636364,81.82850653038047,162154717,9.1461064780978e-05,0.0152153410234246,0.1512332663563994,9,,
bert-base,29,16,82.1590909090909,82.39636570130608,844776663,9.444998826422884e-06,2.9173702205929136e-05,0.1498165560743797,8,,
bert-base,29,17,81.5909090909091,82.62350936967633,1084693426,1.7872076516615056e-05,0.0011798979403212,0.1324671289466737,9,,
bert-base,29,18,80.73863636363636,82.11243611584327,2064789041,7.452733299014402e-05,0.0012520927341606,0.0809047573659942,4,,
bert-base,29,19,82.2159090909091,82.90743895513913,1569050226,2.9456364451541785e-05,0.0004089340278046,0.0358589147124997,6,,
bert-base,29,20,82.1590909090909,83.02101078932425,314815402,2.2527556288108107e-05,0.0004206532175099,0.0461273673156336,6,,
bert-base,29,21,82.04545454545455,83.02101078932425,1519706681,1.4776717564143655e-05,0.0004908972517984,0.0423969390377906,9,,
bert-base,29,22,81.47727272727273,82.05565019875071,1872617611,5.624044059064149e-06,7.126554989308253e-05,0.1616029349981441,7,,
bert-base,29,23,82.55681818181819,82.96422487223168,1090121526,2.4435804359260417e-05,0.0001431212375134,0.1814088816697789,9,,
bert-base,29,24,81.42045454545455,81.54457694491767,655761914,7.689892779704063e-05,0.0018994297710626,0.1906405879610605,7,,
bert-base,29,25,81.30681818181819,82.5099375354912,1972436895,7.40384096101916e-06,0.0069104773821043,0.0266060646344073,5,,
bert-base,29,26,81.70454545454545,82.90743895513913,1581706107,3.169733653721284e-05,9.59331276642782e-05,0.1841650793782603,6,,
bert-base,29,27,80.79545454545455,81.88529244747302,1115436597,9.235682849860832e-05,0.0109097083558657,0.0567286949998593,2,,
bert-base,29,28,81.76136363636364,82.28279386712096,1099033978,2.211256235164749e-05,3.069736562871229e-05,0.1621926856829576,9,,
bert-base,29,29,81.42045454545455,82.16922203293583,1936795390,5.484469736763405e-06,0.0021675731468474,0.132131870864543,8,,
xlnet-base,0,0,78.58376511226253,76.45365572826712,774418712,1.95179181531026e-05,0.003883450682065,0.1428566628050263,9,,
xlnet-base,0,1,79.38975244674727,77.08693149107657,929140596,1.5059557065902554e-05,0.0173045571290695,0.18651286857127,9,,
xlnet-base,0,2,78.35348301669545,76.3385146804836,1116030297,1.4933762760692e-05,1.5631935841771874e-05,0.1675619979510385,9,,
xlnet-base,0,3,78.92918825561313,77.77777777777777,835378423,1.88483074286876e-05,0.0018501710145241,0.1803547672945738,7,,
xlnet-base,0,4,76.22337363270006,73.05699481865285,143049326,7.96532750472156e-06,0.0007330809374311,0.1895619422051861,6,,
xlnet-base,0,5,72.48128957973518,71.84801381692573,208226187,9.68632903709782e-05,2.5371038429802805e-05,0.1416395353301732,8,,
xlnet-base,0,6,76.85664939550949,74.84168105929764,1836271605,1.2187359735236878e-05,5.834819834030232e-05,0.0361552980860145,6,,
xlnet-base,0,7,71.50259067357513,68.50892343120323,655783008,2.6187433140480885e-05,0.0005374716730228,0.1025503144734008,5,,
xlnet-base,0,8,78.92918825561313,77.60506620610248,1413087041,5.1087589037580594e-05,0.0010356190115952,0.0711133471845012,8,,
xlnet-base,0,9,79.56246401842257,78.52619458837076,1585153407,5.287046190844454e-05,0.0014918945256243,0.0119062838551431,8,,
xlnet-base,0,10,77.89291882556131,78.92918825561313,815734264,5.120294344447643e-05,0.0003594487032096,0.1643449935458099,10,,
xlnet-base,0,11,78.92918825561313,77.95048934945308,1811937986,6.912130651235074e-05,4.44804651521844e-05,0.1318716189036356,9,,
xlnet-base,0,12,79.62003454231433,78.29591249280368,1950448142,2.092732760537626e-05,3.033375820072049e-05,0.0322173360664536,10,,
xlnet-base,0,13,74.0356937248129,70.63903281519862,1269706477,5.569679126922443e-06,0.0124329291516015,0.1095202811829939,5,,
xlnet-base,0,14,78.18077144502016,77.20207253886011,863763418,3.780633300013053e-05,1.549663470828463e-05,0.146284342795348,4,,
xlnet-base,0,15,79.44732297063904,77.77777777777777,873697982,2.4033807162757377e-05,0.0001095220400846,0.1696390314719962,6,,
xlnet-base,0,16,71.50259067357513,68.50892343120323,287860611,2.5383229914934548e-05,9.266817725212936e-05,0.0834564206261019,10,,
xlnet-base,0,17,76.22337363270006,72.59643062751871,635893042,1.163464827233746e-05,0.0004356941038431,0.0968373609325733,5,,
xlnet-base,0,18,75.76280944156592,73.45998848589522,489819515,4.130012365705974e-05,0.0003899841636293,0.1738823762817928,3,,
xlnet-base,0,19,76.91421991940126,73.69027058146229,1195920885,6.671594358758595e-06,6.519547553864495e-05,0.0088882595040581,9,,
xlnet-base,0,20,80.42602187679908,80.02302820955671,1322543331,5.5608925725842e-05,6.430813500460429e-05,0.1686009773787471,9,,
xlnet-base,0,21,76.85664939550949,76.28094415659183,614947251,9.246564509019084e-05,0.0091517019990287,0.1724932220053402,6,,
xlnet-base,0,22,75.53252734599884,73.57512953367876,451435846,1.0011081562426065e-05,9.05382833972198e-05,0.00959745743732,7,,
xlnet-base,0,23,80.94415659182499,80.08059873344847,1920223749,3.6694033713174686e-05,0.0607925733570381,0.1081113023354944,8,,
xlnet-base,0,24,77.31721358664363,75.82037996545769,469147568,4.174099034193828e-05,0.001326557596726,0.0079136947372812,4,,
xlnet-base,0,25,72.36614853195164,69.08462867012089,160824431,7.353108618765764e-06,0.0068514876821764,0.1779388274444256,3,,
xlnet-base,0,26,77.0293609671848,73.63270005757052,217524147,6.944835391695763e-06,8.017486745615707e-05,0.0782239784134594,7,,
xlnet-base,0,27,80.195739781232,80.31088082901555,3508471,3.405580183061283e-05,0.0387204224132748,0.1830817992787356,9,,
xlnet-base,0,28,79.10189982728843,76.51122625215889,871080468,3.1526072455537266e-05,6.049748305534556e-05,0.0587243386291747,8,,
xlnet-base,0,29,75.01439263097294,72.88428324697755,685302020,3.906093369389479e-05,0.0021799342059813,0.185762187193499,2,,
xlnet-base,1,0,79.41176470588235,76.24434389140272,272999935,9.52641648676962e-06,0.091177520141212,0.129184228897342,10,,
xlnet-base,1,1,74.2081447963801,72.11538461538461,232393567,1.3220605099443034e-05,0.0015948321259715,0.065225243854998,3,,
xlnet-base,1,2,77.77149321266968,75.3393665158371,1884924545,6.851302067975356e-05,0.0210340633695952,0.0245767481896737,8,,
xlnet-base,1,3,75.62217194570135,73.69909502262443,1742252829,8.065864198563068e-06,0.0808201810452022,0.0674236098159995,5,,
xlnet-base,1,4,74.32126696832579,72.62443438914028,215611742,9.803987142673e-06,0.0004305486949932,0.1579787098572117,4,,
xlnet-base,1,5,79.63800904977376,76.92307692307692,625517064,8.714955768025082e-05,0.0014903702840432,0.0433650796983414,9,,
xlnet-base,1,6,77.09276018099547,74.37782805429865,1515147313,7.934309940402125e-06,0.040359995383986,0.0223857191008034,7,,
xlnet-base,1,7,76.01809954751131,73.98190045248869,631367021,5.821727947097749e-06,0.0182958711808936,0.1764601884310375,6,,
xlnet-base,1,8,73.69909502262443,71.88914027149322,1972092089,1.6154568381518034e-05,0.0007537774572454,0.1952753543679621,3,,
xlnet-base,1,9,78.67647058823529,75.73529411764706,493684534,1.6864977992904864e-05,7.125406503784418e-05,0.0633035641698519,4,,
xlnet-base,1,10,72.17194570135747,70.13574660633485,1443024310,1.494362442500903e-05,0.0232697568192224,0.1305348792694659,2,,
xlnet-base,1,11,77.99773755656109,75.39592760180996,1795583245,1.1159445279838978e-05,9.156027274326954e-05,0.1711505633773735,9,,
xlnet-base,1,12,75.96153846153847,73.52941176470588,1533992014,2.736596288688724e-05,0.0313975407449975,0.1560854689251239,3,,
xlnet-base,1,13,70.6447963800905,69.06108597285068,1248988982,6.970188082583802e-05,7.302407342328325e-05,0.0968530706517159,9,,
xlnet-base,1,14,77.14932126696833,74.03846153846153,1976828550,7.047119212174326e-06,0.0002025934299111,0.1921232604714509,8,,
xlnet-base,1,15,74.26470588235294,72.17194570135747,1170848314,9.942124518651364e-06,0.0723862978315973,0.0451566047002903,4,,
xlnet-base,1,16,71.94570135746606,69.73981900452489,1742395438,1.1189601085618985e-05,0.0001235570368794,0.0241760735471588,3,,
xlnet-base,1,17,79.41176470588235,76.97963800904978,1966814045,6.713711022858242e-05,0.000647695424891,0.064067131045396,4,,
xlnet-base,1,18,76.97963800904978,74.03846153846153,1961450499,5.127237412146134e-06,2.305944081542628e-05,0.0606127721370336,8,,
xlnet-base,1,19,75.39592760180996,73.07692307692308,1551459697,1.2034767300806069e-05,0.0003946000977095,0.1913434349694535,5,,
xlnet-base,1,20,70.6447963800905,69.06108597285068,769563836,2.86344579101041e-05,0.0020543292775187,0.0575042830462366,4,,
xlnet-base,1,21,79.1289592760181,75.84841628959276,1546904840,4.123272353362376e-05,0.0369279666369491,0.149283004660069,4,,
xlnet-base,1,22,79.75113122171946,76.86651583710407,892458020,5.72778900704888e-05,0.0466346070850247,0.1344076639286135,5,,
xlnet-base,1,23,70.6447963800905,69.06108597285068,654379398,6.807794391506385e-05,0.0003214076730764,0.1431952893854789,8,,
xlnet-base,1,24,77.77149321266968,75.16968325791855,1626698182,1.3194941555285922e-05,1.9138640705811216e-05,0.0334069944483714,4,,
xlnet-base,1,25,81.33484162895928,78.11085972850678,611780173,4.401019907830368e-05,0.0008391136668561,0.1834864903362653,6,,
xlnet-base,1,26,71.15384615384616,69.8529411764706,374591707,7.066241131746089e-06,0.0009983780057843,0.0219197690365741,3,,
xlnet-base,1,27,77.31900452488688,74.83031674208145,988852211,7.148126379062704e-06,0.0006411101005545,0.1164925298521945,9,,
xlnet-base,1,28,70.6447963800905,69.06108597285068,1339586710,5.890921652797987e-06,0.0004374978973714,0.0146137392507318,2,,
xlnet-base,1,29,76.92307692307692,74.2081447963801,99440365,5.718607983123569e-06,0.0001422668176186,0.1770065264212233,10,,
xlnet-base,2,0,76.0942760942761,74.649467190129,751394894,9.960457012268058e-05,0.0002342691622143,0.1646911795414414,8,,
xlnet-base,2,1,80.13468013468014,78.6315199102636,369064437,2.426146976774553e-05,0.0726302383036459,0.1407184577161217,8,,
xlnet-base,2,2,76.5993265993266,76.55636567582725,1250237310,1.7691591825860072e-05,0.0009376803799189,0.0888670558713404,4,,
xlnet-base,2,3,70.20202020202021,69.04094223219293,1386254601,6.055500210826517e-05,0.0019447579092759,0.0635828443815679,7,,
xlnet-base,2,4,78.1705948372615,78.79977565900168,768105247,7.738394806248755e-05,0.0011530143274708,0.1700357171246898,10,,
xlnet-base,2,5,71.71717171717172,71.228266965788,2124361656,1.3950486475095598e-05,0.0652850739420549,0.1345038995656299,2,,
xlnet-base,2,6,77.72166105499439,76.61245092540662,1006246604,9.99623646778066e-06,0.0281977370120977,0.0902759517582654,8,,
xlnet-base,2,7,78.45117845117845,77.95849691531127,327882761,1.955190140782664e-05,0.0001809445796389,0.011610271397892,7,,
xlnet-base,2,8,77.27272727272727,76.55636567582725,384150740,5.36331747692882e-05,0.0015150060537104,0.0708667783266665,3,,
xlnet-base,2,9,77.32884399551067,76.27593942793045,65620061,9.444265337827824e-05,0.0005587554503424,0.098943958701877,7,,
xlnet-base,2,10,70.20202020202021,69.04094223219293,862486730,9.622167537345243e-05,0.0034685711003586,0.0014606807154944,9,,
xlnet-base,2,11,76.31874298540966,75.37857543466069,1349890449,9.74665967740265e-06,0.0001563715835888,0.1261566756736692,6,,
xlnet-base,2,12,77.94612794612794,77.28547392035894,131952488,6.80270086299506e-05,0.0820657820639186,0.1059227430208729,5,,
xlnet-base,2,13,78.84399551066218,78.29500841278744,1440657616,2.10842474232261e-05,0.017697986439643,0.0817479657243794,5,,
xlnet-base,2,14,71.71717171717172,70.7795849691531,2092311537,7.479981599341277e-06,1.6682558104205883e-05,0.1449466172423461,4,,
xlnet-base,2,15,79.46127946127946,79.86539540100954,1606288239,8.445153977634146e-05,0.0004953722162553,0.1993015672568275,9,,
xlnet-base,2,16,80.58361391694724,80.2019068984857,1081788269,3.8707997485476766e-05,0.0445977754267291,0.0755827764682506,10,,
xlnet-base,2,17,79.79797979797979,77.84632641615255,117850762,3.187583285375781e-05,3.891292744603874e-05,0.0239067116905638,4,,
xlnet-base,2,18,79.85409652076319,79.47279865395402,682614087,4.575348929569533e-05,0.0208813766974415,0.1245991949184189,8,,
xlnet-base,2,19,77.1604938271605,76.72462142456534,1951523068,7.878185968031827e-05,0.0184272863526488,0.0863801914646259,7,,
xlnet-base,2,20,73.00785634118968,72.29388670779585,1826649929,1.0636920477577087e-05,0.0049643728518227,0.1175406430240699,3,,
xlnet-base,2,21,78.56341189674524,79.24845765563657,907306113,5.563290160819306e-05,0.0001038970061876,0.1236823842177382,7,,
xlnet-base,2,22,80.97643097643098,80.87492989343802,1917533937,1.789176241205892e-05,0.0005808525042989,0.1111037655133879,9,,
xlnet-base,2,23,70.20202020202021,69.04094223219293,345607663,8.443799534914634e-05,0.0006843130049542,0.0084470873999381,8,,
xlnet-base,2,24,70.20202020202021,69.04094223219293,1173712891,4.766921933009263e-05,0.0124276102931479,0.038229305296725,6,,
xlnet-base,2,25,75.25252525252525,74.87380818844643,1433857961,5.318400159304718e-06,3.832086331236211e-05,0.1666458342948048,9,,
xlnet-base,2,26,77.27272727272727,77.00504767246214,1009039349,7.5766759464434205e-06,0.036582487898456,0.0510091884285165,10,,
xlnet-base,2,27,76.31874298540966,75.43466068424004,1552615271,9.112923991228946e-05,1.9310630826047414e-05,0.1290662982957831,8,,
xlnet-base,2,28,77.10437710437711,77.17330342120023,1154838689,2.69810262953437e-05,0.000739369116833,0.039061440355035,4,,
xlnet-base,2,29,70.31425364758698,69.43353897924845,1166392896,8.47042439138626e-06,4.21695725848916e-05,0.1118333837574263,3,,
xlnet-base,3,0,77.75891341256367,77.94117647058823,1495614377,2.970480885250605e-05,0.0116241789401892,0.0843992976473239,9,,
xlnet-base,3,1,72.77872099603849,72.79411764705883,132413882,8.410124042920914e-06,2.7457465400862063e-05,0.0219312994764211,4,,
xlnet-base,3,2,79.00396151669496,79.2420814479638,604366796,4.054416594227728e-05,0.0741417722000379,0.0830319980035017,8,,
xlnet-base,3,3,69.38313525749858,70.6447963800905,1574137031,8.836458406023637e-05,1.2384879948279234e-05,0.0152765158974169,8,,
xlnet-base,3,4,69.38313525749858,70.6447963800905,609033115,5.956154373862918e-05,0.0396032822743839,0.0999095704425197,2,,
xlnet-base,3,5,73.5144312393888,73.64253393665159,958015840,8.389548055549159e-06,0.0901658852941188,0.0410398172555709,5,,
xlnet-base,3,6,78.60780984719864,77.94117647058823,67004344,2.6879854449888866e-05,0.0018061103670634,0.109165834997553,5,,
xlnet-base,3,7,76.5704584040747,76.58371040723982,1853632866,7.750181032111677e-05,0.0056329077186568,0.0559682162512925,8,,
xlnet-base,3,8,72.32597623089983,72.34162895927602,1176022070,7.2332693377030355e-06,0.0008883544097527,0.0483718170162282,4,,
xlnet-base,3,9,73.00509337860781,73.58597285067873,61084384,5.546005474713795e-05,0.0005464176598851,0.0859631908430197,2,,
xlnet-base,3,10,69.38313525749858,70.6447963800905,342074880,9.459430909395456e-05,0.0157761379385688,0.1288988980809753,3,,
xlnet-base,3,11,76.79683078664402,76.69683257918552,1342408515,4.832643056444016e-05,0.0003548361749904,0.0456985683761434,4,,
xlnet-base,3,12,73.11827956989248,72.85067873303167,389922894,8.065728394020252e-06,0.0001951858515959,0.0116994302399069,4,,
xlnet-base,3,13,73.3446519524618,74.6606334841629,1810794165,9.76845150523482e-05,0.0386222941671057,0.1014441259253589,9,,
xlnet-base,3,14,79.2303338992643,79.6945701357466,683900769,5.05238736042784e-05,1.2127023881544783e-05,0.1346670243570296,9,,
xlnet-base,3,15,77.30616864742501,77.77149321266968,1335872776,4.4641387608180255e-05,0.0359321266926318,0.1125008344092453,5,,
xlnet-base,3,16,65.02546689303905,67.3076923076923,72368643,5.493204850175393e-05,0.0006750938621848,0.0512158005713591,9,,
xlnet-base,3,17,78.8907753254103,79.75113122171946,2136512712,4.976443351490917e-05,0.0209282011300954,0.1108507350190182,6,,
xlnet-base,3,18,72.15619694397283,72.39819004524887,1345858732,6.299790783674388e-06,0.0093601787173308,0.1244784246955284,4,,
xlnet-base,3,19,77.30616864742501,76.30090497737557,164595936,1.054412079454626e-05,0.0002341578149862,0.1336363928979712,6,,
xlnet-base,3,20,77.645727221279,77.48868778280543,1361359752,4.612107514027745e-05,3.3295012559963166e-05,0.023614475411139,7,,
xlnet-base,3,21,77.92869269949067,78.22398190045249,1290667719,5.381456039039591e-05,0.0009192861308552,0.1391506748371632,9,,
xlnet-base,3,22,75.15563101301642,75.28280542986425,301009289,8.968082912202475e-05,0.0002073748262448,0.1282023919012838,7,,
xlnet-base,3,23,76.62705149971704,76.64027149321267,1372160736,5.559399051311677e-05,0.0002994638334807,0.193163941078881,4,,
xlnet-base,3,24,79.40011318619129,78.67647058823529,1740332738,1.7788826812779598e-05,0.0005386799821072,0.1892685492294774,10,,
xlnet-base,3,25,77.70232031692133,76.86651583710407,506006417,9.842924852233835e-06,3.093631047577801e-05,0.0727345718690048,7,,
xlnet-base,3,26,76.5704584040747,77.71493212669684,436989637,4.9660666479773214e-05,6.912272085088372e-05,0.1967741077986243,4,,
xlnet-base,3,27,76.91001697792869,77.48868778280543,1071210969,3.1909007609022715e-05,0.0010636019401094,0.1430033998254905,5,,
xlnet-base,3,28,76.06112054329371,75.3393665158371,868760945,1.5969799953623927e-05,0.0051477179010452,0.1440858519890512,4,,
xlnet-base,3,29,76.00452744765138,75.05656108597285,1111320779,1.0871561119058124e-05,0.0010212359448886,0.143455351828958,4,,
xlnet-base,4,0,81.61764705882354,81.16515837104072,1283506105,2.6595983666552487e-05,0.0190196491056919,0.1087223757025004,8,,
xlnet-base,4,1,78.84615384615384,78.50678733031674,606272358,6.730371124929118e-05,0.0047658262515582,0.1941361636602598,4,,
xlnet-base,4,2,74.5475113122172,74.83031674208145,1827172595,9.369075181975206e-06,0.0075672650508011,0.0739346499501352,4,,
xlnet-base,4,3,72.39819004524887,72.79411764705883,91992215,5.717441290189367e-06,2.1750638829821e-05,0.14960123390424,5,,
xlnet-base,4,4,79.07239819004525,77.88461538461539,779471943,2.862755734105081e-05,0.0332841884274964,0.1301452728449313,5,,
xlnet-base,4,5,77.94117647058823,77.88461538461539,218332984,2.9410276920616637e-05,0.0035921204375602,0.1079296479922133,4,,
xlnet-base,4,6,78.84615384615384,79.3552036199095,1500094237,4.2307657213998e-05,0.0173111522541176,0.0277176914700906,10,,
xlnet-base,4,7,79.0158371040724,79.18552036199095,1078679949,7.608238348861225e-05,0.0272417229706302,0.1684949718971323,8,,
xlnet-base,4,8,72.68099547511312,72.22850678733032,1803141684,8.713602799710492e-06,6.595570899278381e-05,0.1233808188867603,3,,
xlnet-base,4,9,80.76923076923077,80.42986425339366,1115903430,3.677802129710955e-05,0.0007803180179699,0.0870295202235419,10,,
xlnet-base,4,10,78.95927601809954,78.9027149321267,1311286873,4.9230378574778345e-05,0.0178415007970905,0.1621897224724894,6,,
xlnet-base,4,11,80.93891402714932,81.50452488687783,1963183078,2.2709758414707608e-05,0.0001425980155243,0.0096137180678816,10,,
xlnet-base,4,12,78.28054298642535,78.22398190045249,459496547,1.842522224856441e-05,0.0833806633880047,0.0903670443576725,6,,
xlnet-base,4,13,78.33710407239819,77.94117647058823,1358457650,2.105192084453721e-05,0.0307786679396941,0.0878186741650149,4,,
xlnet-base,4,14,70.3054298642534,70.13574660633485,2086748627,4.88044046117566e-05,0.0115439534678283,0.0935555680900467,2,,
xlnet-base,4,15,71.0972850678733,70.8710407239819,555059490,6.240321214219308e-06,3.185530239995637e-05,0.0774778569542204,3,,
xlnet-base,4,16,75.50904977375566,76.92307692307692,794791459,5.954533538080831e-06,0.000932254316774,0.0577474666044713,9,,
xlnet-base,4,17,76.75339366515837,78.22398190045249,773751286,8.16026680736051e-06,0.0135036456349242,0.0076023042509062,8,,
xlnet-base,4,18,70.3054298642534,70.13574660633485,766516668,1.090106704502494e-05,5.932588006438607e-05,0.0421290388065013,3,,
xlnet-base,4,19,79.75113122171946,80.1470588235294,562778262,8.408968711790598e-06,4.559943994481197e-05,0.0606924266800262,10,,
xlnet-base,4,20,73.92533936651584,73.98190045248869,202028710,9.264638701682752e-06,0.0899498049446219,0.0635368844377614,4,,
xlnet-base,4,21,75.90497737556561,76.69683257918552,1000766038,5.65813435921501e-06,4.895410560471868e-05,0.1700966835603018,10,,
xlnet-base,4,22,79.86425339366515,79.2420814479638,2107285874,5.529676844838756e-05,5.104314773973689e-05,0.1877978664493544,3,,
xlnet-base,4,23,79.58144796380091,79.75113122171946,711488128,1.4938042281332115e-05,1.8950090596126328e-05,0.0548976671234079,8,,
xlnet-base,4,24,80.26018099547511,79.29864253393666,1021848973,4.256112995627085e-05,1.426202470939934e-05,0.1464842196660344,3,,
xlnet-base,4,25,71.26696832579185,70.70135746606334,1490492561,6.742876516921706e-06,0.0016255050737406,0.1790619458136885,4,,
xlnet-base,4,26,70.1923076923077,69.96606334841628,1646127371,5.188145737315112e-06,0.0029357540942366,0.1276003939404281,3,,
xlnet-base,4,27,70.1923076923077,70.02262443438914,791197944,7.086143740928995e-06,0.0007435158928394,0.1241688769232914,2,,
xlnet-base,4,28,70.3054298642534,70.13574660633485,1546417819,4.937962263780181e-05,0.0140327369721973,0.1653548160672082,7,,
xlnet-base,4,29,76.92307692307692,76.80995475113122,1404301292,1.566434640626196e-05,0.002159693634767,0.0329990423566104,6,,
xlnet-base,5,0,76.18223760092272,76.19596541786744,740861316,6.8635017519771445e-06,0.0003500122409411,0.0006221155965548,8,,
xlnet-base,5,1,81.08419838523645,80.69164265129683,989954879,2.48759348260016e-05,5.160375981481129e-05,0.0538915199281686,8,,
xlnet-base,5,2,77.50865051903114,77.40634005763688,353777017,1.863652302860163e-05,5.7188614292384445e-05,0.0786275208821251,3,,
xlnet-base,5,3,76.29757785467127,76.25360230547551,1746673099,6.575779241202902e-06,0.0007923490450505,0.0665401503649856,9,,
xlnet-base,5,4,77.68166089965398,77.1757925072046,1245118030,1.3611230369146436e-05,0.0006360418799565,0.0881417022791444,6,,
xlnet-base,5,5,77.39331026528258,77.34870317002881,1430472615,7.170572857995859e-06,0.010811177424056,0.1797417423771457,7,,
xlnet-base,5,6,80.1038062283737,78.73198847262248,523880822,4.6251891701048274e-05,0.0017306073365331,0.1553602780426038,5,,
xlnet-base,5,7,79.35409457900808,78.84726224783861,173539993,2.251125026220284e-05,1.834865706444618e-05,0.1652470709303128,9,,
xlnet-base,5,8,78.37370242214533,78.90489913544668,101646799,2.0769135307237247e-05,0.0001876572074406,0.0619280818011708,6,,
xlnet-base,5,9,78.02768166089966,78.21325648414985,72007343,9.52918909705793e-06,0.0001476262025882,0.1028848755878166,6,,
xlnet-base,5,10,80.85351787773934,79.76945244956772,684713928,2.527341566458133e-05,0.0012702792322117,0.0990930267642208,4,,
xlnet-base,5,11,77.85467128027682,77.34870317002881,328396927,2.323502799439778e-05,0.0002408629388599,0.1158968927549433,7,,
xlnet-base,5,12,78.31603229527104,78.61671469740634,261876812,1.401108743648414e-05,0.0671480656689396,0.0267459530127349,9,,
xlnet-base,5,13,76.98961937716263,77.69452449567723,1934778520,8.432409337977995e-06,0.0036761687895919,0.0635769442129582,7,,
xlnet-base,5,14,71.56862745098039,71.0086455331412,962691298,9.4763485005301e-06,0.0668342036349298,0.0730151596775792,2,,
xlnet-base,5,15,78.02768166089966,78.15561959654178,1991685928,5.574236254545537e-05,0.0001555218182316,0.013898695343438,5,,
xlnet-base,5,16,76.70126874279123,76.36887608069165,912870613,3.72998927052474e-05,1.450587140870518e-05,0.0120877619030725,3,,
xlnet-base,5,17,72.89504036908882,73.0835734870317,205922479,1.2850136976021548e-05,1.2809464649727632e-05,0.0134830279666718,3,,
xlnet-base,5,18,71.45328719723183,71.64265129682997,1236361502,1.5926134141612436e-05,0.0008834241170857,0.1391542231265336,2,,
xlnet-base,5,19,76.75893886966551,76.82997118155619,1872106118,7.34528594412744e-06,0.0001065794570967,0.0237855162958518,8,,
xlnet-base,5,20,78.77739331026528,78.15561959654178,1760069913,3.682623323738408e-05,0.0002024863794124,0.1379933164935218,9,,
xlnet-base,5,21,77.85467128027682,77.86743515850144,877639415,1.045691893726516e-05,0.0001268675971164,0.1322173814805928,9,,
xlnet-base,5,22,78.54671280276817,77.40634005763688,1880407609,9.14947248748026e-06,0.0078319385224228,0.054856224972021,10,,
xlnet-base,5,23,76.87427912341407,76.82997118155619,544328560,5.683367917416682e-06,0.0043080873176785,0.0611533884819837,9,,
xlnet-base,5,24,81.25720876585929,80.40345821325649,1174767008,4.607684766832428e-05,0.0895605636984234,0.1612343988105125,9,,
xlnet-base,5,25,80.50749711649365,80.11527377521614,1108786782,2.73234145509074e-05,0.0152991047936054,0.0822057154128773,5,,
xlnet-base,5,26,80.27681660899654,79.82708933717579,734839678,1.9037438663008428e-05,0.0009716964012404,0.0359994295729654,5,,
xlnet-base,5,27,79.70011534025375,78.90489913544668,789715620,2.443613181919092e-05,0.012868523122244,0.1462237895699884,5,,
xlnet-base,5,28,76.29757785467127,75.85014409221903,1744249766,7.498814091525047e-06,0.0289464304853678,0.003399869015777,7,,
xlnet-base,5,29,75.37485582468281,75.21613832853026,872730897,1.6293475273929646e-05,2.505486756970252e-05,0.0239237284158446,3,,
xlnet-base,6,0,76.61971830985915,73.97183098591549,1052769997,7.844140590093954e-06,0.000386194738918,0.0017945715842767,7,,
xlnet-base,6,1,80.05633802816901,79.15492957746478,2040828490,5.279017458314032e-05,0.0030860792143029,0.1430300193906143,8,,
xlnet-base,6,2,80.05633802816901,77.52112676056338,537281783,2.42757538694032e-05,0.0090051306568024,0.1030916122030921,5,,
xlnet-base,6,3,76.28169014084507,74.36619718309859,165244744,2.672066847835333e-05,0.0466019997992264,0.0734874113750149,2,,
xlnet-base,6,4,70.7605633802817,68.90140845070422,1723122074,1.0250331075286486e-05,0.001388686764333,0.0412609440814296,4,,
xlnet-base,6,5,74.59154929577464,72.61971830985915,1249464225,5.562095302363738e-06,0.0042133355403499,0.0433762062120941,6,,
xlnet-base,6,6,70.98591549295774,69.5774647887324,1645724718,6.298075179119287e-06,0.0001979369176764,0.065965124135117,3,,
xlnet-base,6,7,77.12676056338029,75.15492957746478,1606922647,8.298155008254863e-06,0.0009308678637807,0.0122641980398136,8,,
xlnet-base,6,8,70.7605633802817,68.90140845070422,1769069163,3.0012384155871905e-05,5.462630867871959e-05,0.0517181563733366,3,,
xlnet-base,6,9,77.97183098591549,76.05633802816901,1186198301,2.8050948630555847e-05,0.0065343133632193,0.1579910754262943,3,,
xlnet-base,6,10,72.3943661971831,70.98591549295774,935847723,7.054937909029918e-06,0.0077180945057309,0.0821164482287422,4,,
xlnet-base,6,11,70.7605633802817,68.90140845070422,411666146,9.415940104490932e-05,0.0177434542345113,0.0149799650256636,7,,
xlnet-base,6,12,73.5774647887324,72.28169014084507,420081102,9.084531550999976e-06,0.0133786266045148,0.0092841475347472,5,,
xlnet-base,6,13,76.67605633802818,74.8169014084507,1573987779,1.0634532664539918e-05,0.0047647501890368,0.1780469577938016,5,,
xlnet-base,6,14,79.32394366197182,77.46478873239437,632280145,1.5421439300637673e-05,0.0069034933876066,0.1424200414246278,6,,
xlnet-base,6,15,80.45070422535211,78.59154929577464,842532863,4.712688574661735e-05,0.0008890007513149,0.1779561926314256,6,,
xlnet-base,6,16,77.91549295774648,76.05633802816901,1821486979,5.664272247080739e-05,0.0346276117252045,0.0079777104219743,9,,
xlnet-base,6,17,79.71830985915493,78.14084507042253,1409182334,2.236085827392922e-05,0.0331531810113167,0.0815396117147188,9,,
xlnet-base,6,18,78.25352112676056,75.09859154929578,418892859,1.1771586112527288e-05,0.0006741804524727,0.0327408991403554,6,,
xlnet-base,6,19,80.22535211267606,78.92957746478874,318320038,2.8185700882368966e-05,0.0500610368959435,0.0778666907718399,9,,
xlnet-base,6,20,79.04225352112677,77.5774647887324,1096260291,8.153232125973877e-05,4.050206810365989e-05,0.1835943921065125,8,,
xlnet-base,6,21,76.16901408450704,74.53521126760563,1577711622,1.0951883123228606e-05,0.0016378047960529,0.0972949341551809,4,,
xlnet-base,6,22,81.07042253521126,78.92957746478874,66636769,2.272278817407558e-05,5.773431305435349e-05,0.15522252989513,7,,
xlnet-base,6,23,76.05633802816901,74.64788732394366,1656448428,5.384572166450281e-06,0.0004855541360783,0.1685789460432899,8,,
xlnet-base,6,24,70.7605633802817,68.90140845070422,249044557,7.680628425673338e-05,0.0102992909229791,0.0487617580762909,8,,
xlnet-base,6,25,78.59154929577464,76.67605633802818,2119383911,2.208929066438787e-05,0.0015479363445753,0.116107917192984,6,,
xlnet-base,6,26,77.5774647887324,74.98591549295774,260699881,6.381697369639321e-05,0.0083794180852311,0.0676454418858735,4,,
xlnet-base,6,27,70.7605633802817,68.90140845070422,1473143166,9.994025941310708e-05,0.0006211101798023,0.1133268462365897,9,,
xlnet-base,6,28,78.14084507042253,78.02816901408451,1857840576,9.171149466384774e-05,0.0001543904418269,0.1540044498081816,10,,
xlnet-base,6,29,80.61971830985915,79.94366197183099,767238562,4.404182381138019e-05,0.0015656469568994,0.0611216967761715,5,,
xlnet-base,7,0,80.08948545861297,79.25055928411633,1891461858,1.042678112709708e-05,0.0738279752717145,0.0675703454767827,9,,
xlnet-base,7,1,79.92170022371364,80.59284116331096,2140773498,1.3337196661634014e-05,0.0808566251259318,0.1942097824843446,9,,
xlnet-base,7,2,78.07606263982103,78.41163310961969,119069891,8.913437402035588e-05,0.020987347362142,0.1434054843700634,10,,
xlnet-base,7,3,81.26398210290827,81.54362416107382,1353514540,2.10918713647426e-05,7.574077905257015e-05,0.1943291549560521,7,,
xlnet-base,7,4,80.25727069351231,82.10290827740492,88682609,4.056539613699377e-05,0.0002282680322689,0.0997034274783724,7,,
xlnet-base,7,5,78.57941834451901,80.36912751677852,1547162555,8.54213146244883e-05,8.7285873056653e-05,0.1602460501222534,7,,
xlnet-base,7,6,80.08948545861297,79.53020134228188,528328445,1.3057307427106005e-05,0.0035742183393131,0.1803398966601208,8,,
xlnet-base,7,7,77.06935123042506,76.51006711409396,27143120,2.572744960585449e-05,0.0001083976230592,0.0341442840998486,2,,
xlnet-base,7,8,75.50335570469798,74.55257270693512,1893034632,7.589183911019957e-06,0.0657112499210971,0.0368738033397978,5,,
xlnet-base,7,9,78.69127516778524,78.29977628635346,261839036,6.450925221072108e-06,0.02651899806623,0.0413387771206923,9,,
xlnet-base,7,10,71.92393736017897,71.81208053691275,1612922690,8.823548600680083e-05,0.0204690006423962,0.0739339874662599,3,,
xlnet-base,7,11,78.80313199105146,79.08277404921701,1215495165,6.176444518782897e-05,0.000231895996293,0.1377122714900941,2,,
xlnet-base,7,12,77.3489932885906,77.2930648769575,418358643,1.1829936434688276e-05,0.0286753845858251,0.0090489183001305,4,,
xlnet-base,7,13,76.90156599552573,76.39821029082773,1156222254,9.42329207788805e-06,6.483215417277676e-05,0.1921702578866397,5,,
xlnet-base,7,14,77.23713646532438,76.45413870246085,2076004319,9.055212038465022e-06,0.0004724943364327,0.1584540431647052,5,,
xlnet-base,7,15,78.52348993288591,78.41163310961969,2007682907,9.018838647068651e-06,0.0074316406243727,0.0476661431817956,10,,
xlnet-base,7,16,76.39821029082773,76.28635346756153,1723405204,1.0818199192361006e-05,0.000202837091153,0.1983037363736155,4,,
xlnet-base,7,17,79.97762863534676,80.20134228187919,1134084152,1.6036758580653513e-05,0.0001535032950148,0.177788297272287,6,,
xlnet-base,7,18,78.57941834451901,80.59284116331096,226965232,3.337976829277843e-05,0.0202567766667423,0.0521460434124196,8,,
xlnet-base,7,19,77.96420581655481,77.79642058165548,1637384658,1.0476568642249335e-05,2.553106112753353e-05,0.0101709980084564,10,,
xlnet-base,7,20,71.92393736017897,71.81208053691275,2006984227,1.010528495577178e-05,0.0003277988537425,0.0591984904702583,3,,
xlnet-base,7,21,71.92393736017897,71.81208053691275,1524528202,3.304978288211765e-05,0.0001129580649737,0.0447263143652188,8,,
xlnet-base,7,22,72.25950782997762,71.92393736017897,1969726271,6.263012033687133e-06,0.003562391311801,0.1248164230523579,4,,
xlnet-base,7,23,77.74049217002238,77.3489932885906,249210883,5.816386687314614e-06,7.882419356479198e-05,0.1687376678323077,9,,
xlnet-base,7,24,74.49664429530202,74.04921700223714,1072724276,1.2601748633490893e-05,0.0676919213099113,0.0555853480870753,3,,
xlnet-base,7,25,76.90156599552573,76.06263982102908,1524183755,5.280237817030576e-06,0.000225751287698,0.147697154321971,8,,
xlnet-base,7,26,76.23042505592841,76.00671140939598,1277517856,8.687672524903266e-06,4.8878052220650034e-05,0.1388379467673772,4,,
xlnet-base,7,27,71.92393736017897,71.86800894854586,2143219722,1.0203171641870004e-05,3.11637094232676e-05,0.1378005306658279,2,,
xlnet-base,7,28,71.92393736017897,71.81208053691275,1565322413,9.972936746767992e-05,0.0147545344350126,0.1208121611077702,10,,
xlnet-base,7,29,74.77628635346755,73.71364653243847,1581131747,6.796110764516789e-06,0.0003525566039532,0.0767622206692308,3,,
xlnet-base,8,0,78.50255246738514,77.6077097505669,1880196948,1.7714955552448006e-05,8.615176637810735e-05,0.0780161916399955,4,,
xlnet-base,8,1,70.50482132728304,68.5374149659864,381980040,8.402372735992777e-06,5.440134033468904e-05,0.1198701350023736,2,,
xlnet-base,8,2,79.18321043675553,78.74149659863946,823065494,2.3249144671549595e-05,0.0783139678125273,0.0973736310407141,8,,
xlnet-base,8,3,79.06976744186046,76.47392290249434,397668078,2.634509645650466e-05,0.000447728285587,0.02667256062476,9,,
xlnet-base,8,4,70.50482132728304,68.5374149659864,1486759159,9.939412435163708e-05,2.2421255172696684e-05,0.0247894726186399,7,,
xlnet-base,8,5,70.50482132728304,68.59410430839003,163368905,5.708554116639138e-06,0.0001965897834599,0.0263601404133494,2,,
xlnet-base,8,6,78.33238797504254,77.72108843537416,1035336668,4.881520485974928e-05,0.0002590201819588,0.1854626329893967,4,,
xlnet-base,8,7,78.72943845717526,78.11791383219955,1241362619,6.653185448527138e-05,2.4775790230442364e-05,0.1549198452597647,8,,
xlnet-base,8,8,76.8576290414067,75.34013605442176,982837482,7.336538956763557e-05,0.0082386670508079,0.1280641356588306,9,,
xlnet-base,8,9,74.4186046511628,71.25850340136054,1058227733,5.307143978500847e-05,0.0044898428293744,0.0128161957719126,2,,
xlnet-base,8,10,78.7861599546228,77.8344671201814,547230487,8.892789332081663e-06,0.001666033201668,0.003502381339266,6,,
xlnet-base,8,11,74.81565513329552,72.56235827664399,737832739,4.43634737752651e-05,0.007647346798002,0.025590404669589,4,,
xlnet-base,8,12,81.62223482699943,80.15873015873017,535018102,4.325911911666956e-05,0.0151472799464618,0.1083781162595549,9,,
xlnet-base,8,13,77.76517300056722,75.34013605442176,701091286,1.3220754686376628e-05,0.005409449900687,0.1376332669356715,6,,
xlnet-base,8,14,74.92909812819059,72.3922902494331,1708438768,3.290862095259095e-05,9.57732360042753e-05,0.0612132448766905,2,,
xlnet-base,8,15,70.50482132728304,68.5374149659864,1609267903,7.394206636098915e-05,0.0001064801949063,0.1650528910336261,2,,
xlnet-base,8,16,78.55927396483267,77.8344671201814,824280923,4.579236496974931e-05,0.0009753424369623,0.1293651347114187,4,,
xlnet-base,8,17,77.02779353374929,74.48979591836735,1116746644,9.53186842031198e-05,1.0995981871566038e-05,0.1666420239655797,5,,
xlnet-base,8,18,70.67498581962563,68.5374149659864,1051741180,1.3335376302793444e-05,0.0322982320159788,0.1165820391795003,2,,
xlnet-base,8,19,76.80090754395916,75.28344671201815,843957764,7.631406368567358e-06,0.001300518167722,0.0776157213291218,7,,
xlnet-base,8,20,77.59500850822462,76.41723356009071,422678887,1.0923357551077737e-05,0.0026413960280077,0.0366186232171982,5,,
xlnet-base,8,21,76.29041406693136,74.65986394557824,547707509,6.034528301505638e-05,1.2535408503079512e-05,0.0906368305957582,2,,
xlnet-base,8,22,78.9563244469654,77.55102040816327,744414364,1.0536446134209278e-05,0.0002363130016819,0.0866792453790109,9,,
xlnet-base,8,23,77.48156551332956,75.85034013605443,205590613,8.019967252209114e-06,1.964399124844213e-05,0.0748280975829005,7,,
xlnet-base,8,24,73.62450368689733,71.3718820861678,2105049008,5.490370282412879e-06,0.0111794685316185,0.0876455789643792,6,,
xlnet-base,8,25,80.43108338060125,79.98866213151928,61182042,3.4528085657088165e-05,0.0064860167090453,0.197085634387609,10,,
xlnet-base,8,26,70.50482132728304,68.5374149659864,1458509463,1.7670235598807768e-05,7.805908896143443e-05,0.1079439505977949,2,,
xlnet-base,8,27,71.52580828133863,69.50113378684807,610656606,5.102192000455198e-06,1.2049745823959582e-05,0.0955265135753316,4,,
xlnet-base,8,28,70.50482132728304,68.5374149659864,202377270,2.2116358230849257e-05,0.0020101459661573,0.0814579086920338,3,,
xlnet-base,8,29,79.92058990357346,80.10204081632654,1868351694,4.409829398815112e-05,0.00172767081484,0.1545344645445228,6,,
xlnet-base,9,0,75.45045045045045,75.40799099606078,1475271521,9.056008135582522e-06,0.0525552253341877,0.0403121469243167,6,,
xlnet-base,9,1,77.02702702702703,78.10917276308385,2006377455,7.628415661104777e-06,0.0002633229100794,0.0767657481073785,9,,
xlnet-base,9,2,78.20945945945945,79.23466516601013,1715904534,4.4733743934246976e-05,0.0024603399572027,0.1645229996968683,2,,
xlnet-base,9,3,76.06981981981981,76.87113111986494,1897289355,6.117286012388709e-06,0.0018806207264852,0.0637947901786994,7,,
xlnet-base,9,4,76.12612612612612,77.03995498030389,1726948606,1.161222671833015e-05,0.0011458979938097,0.019828815614429,7,,
xlnet-base,9,5,80.12387387387388,80.86662915025323,1096714619,3.9787461630556125e-05,0.0868741475240549,0.1455672636243336,7,,
xlnet-base,9,6,76.18243243243244,76.87113111986494,1538665712,3.609893049953022e-05,0.0059944244273093,0.035145720856279,2,,
xlnet-base,9,7,79.67342342342343,80.24760832864378,613026579,3.657130568988679e-05,0.000426714595893,0.0543919336509574,8,,
xlnet-base,9,8,72.69144144144144,72.93190770962296,974737292,9.722668422157011e-06,0.0002330933255042,0.1623606207494928,3,,
xlnet-base,9,9,74.66216216216216,74.84524479459763,1361795003,6.28497694221725e-06,0.0937683042773452,0.0372703102321505,6,,
xlnet-base,9,10,81.08108108108108,81.31682611142375,1005338636,5.000998769946418e-05,0.0770953783671924,0.1750195296950661,5,,
xlnet-base,9,11,79.95495495495496,80.92290377039954,150563693,2.708830589083288e-05,0.0006324760217336,0.1307635471444578,6,,
xlnet-base,9,12,80.51801801801801,80.64153066966799,1528254143,4.152505566452749e-05,0.0008057817674705,0.0171006156034321,9,,
xlnet-base,9,13,78.43468468468468,78.95329206527856,952374836,1.0289903025548256e-05,0.0210125097416359,0.0423592045186137,10,,
xlnet-base,9,14,78.94144144144144,78.22172200337647,702002658,8.645578565794732e-05,0.0425764945387361,0.1524505848552206,8,,
xlnet-base,9,15,74.09909909909909,74.45132245357344,822765953,7.648066216360474e-06,0.0012667626822496,0.0451926190582459,4,,
xlnet-base,9,16,74.1554054054054,74.22622397298818,2132198552,5.060705198339087e-05,0.0312611296069756,0.0605342537805139,2,,
xlnet-base,9,17,70.77702702702703,71.75014068655037,1114582968,1.2823224315612067e-05,0.0572596359274393,0.0293380874626919,2,,
xlnet-base,9,18,73.76126126126127,73.71975239167135,1709460559,1.9707883924633672e-05,0.0024100094276219,0.1922325916780458,2,,
xlnet-base,9,19,70.10135135135135,71.35621834552617,354881451,5.605022954451304e-05,2.506306929890091e-05,0.0577330125031986,2,,
xlnet-base,9,20,77.53378378378379,78.44682048396173,979555748,2.972291425786399e-05,2.160590846786479e-05,0.1159789258296629,4,,
xlnet-base,9,21,74.43693693693693,74.62014631401237,1904300291,1.4187392697560806e-05,0.0018747588305054,0.1273839052044088,2,,
xlnet-base,9,22,76.63288288288288,77.82779966235228,611257036,2.042084089576693e-05,0.0003751274707773,0.1172331515076473,3,,
xlnet-base,9,23,79.33558558558559,79.57231288688801,834093485,3.0433838897316835e-05,2.116947543781783e-05,0.0214568593872496,8,,
xlnet-base,9,24,79.78603603603604,80.19133370849747,348241537,1.3261183173426451e-05,7.277759964436643e-05,0.1454028473653522,10,,
xlnet-base,9,25,77.08333333333333,77.20877884074282,1631213162,7.98171302020275e-06,0.0002706248025162,0.1839641577405845,8,,
xlnet-base,9,26,70.10135135135135,71.35621834552617,468000527,7.780532968034985e-05,0.0002150077903888,0.018408222494457,5,,
xlnet-base,9,27,79.05405405405405,79.40348902644907,395126498,5.793255898756822e-05,0.0013980108596914,0.1133329824667961,9,,
xlnet-base,9,28,80.12387387387388,80.64153066966799,1781665015,3.316872158296417e-05,0.0009796809624855,0.0374486423771303,8,,
xlnet-base,9,29,75.90090090090091,75.97073719752392,708185113,5.019723431200546e-06,6.393191556441556e-05,0.1382112053954487,8,,
xlnet-base,10,0,77.7903043968433,75.8173618940248,1786089190,6.985965320493569e-06,0.0297477400219228,0.1270232605792792,9,,
xlnet-base,10,1,71.19503945885006,71.02593010146562,531147867,9.864454273121964e-05,0.000851625670917,0.0551941637704696,6,,
xlnet-base,10,2,77.7903043968433,76.66290868094701,2075612287,7.002681600965144e-06,0.0223785694582711,0.035530552764536,10,,
xlnet-base,10,3,71.19503945885006,71.02593010146562,71221322,9.901883236403498e-05,0.0022791152251599,0.1646292469798462,2,,
xlnet-base,10,4,78.52311161217587,76.2119503945885,726884092,5.384166519849482e-05,2.112054522891879e-05,0.1122122088494328,3,,
xlnet-base,10,5,71.19503945885006,71.02593010146562,819298873,8.934028251468766e-05,5.612401411171344e-05,0.0210162982621208,10,,
xlnet-base,10,6,80.15783540022548,78.86133032694475,1166720607,1.5788405981727767e-05,1.6866969540521734e-05,0.1243397255377884,9,,
xlnet-base,10,7,71.19503945885006,71.02593010146562,179334004,8.912264723259031e-05,0.051378020053905,0.0144494536097128,10,,
xlnet-base,10,8,77.28297632468997,75.98647125140924,899496473,2.8405985616562304e-05,3.078968196446202e-05,0.0049614384354085,9,,
xlnet-base,10,9,71.64599774520858,71.815107102593,1973854077,5.992582578909064e-06,1.6978479403380975e-05,0.079148174302649,3,,
xlnet-base,10,10,77.95941375422774,77.84667418263811,1226228862,6.472568191135703e-05,0.0026478459828046,0.1791989274802949,9,,
xlnet-base,10,11,78.52311161217587,77.7903043968433,986247412,1.260669990612234e-05,0.0034680296693199,0.1381731608437172,10,,
xlnet-base,10,12,79.76324689966178,79.19954904171364,484768155,3.6445756490676194e-05,2.0182686071893457e-05,0.1560915010189943,7,,
xlnet-base,10,13,79.14317925591882,77.62119503945885,382809421,1.481884258820653e-05,1.2187102308797136e-05,0.16767293771101,5,,
xlnet-base,10,14,76.6065388951522,74.9718151071026,993571430,9.376526565097164e-06,0.0983204100936208,0.1903683025437998,6,,
xlnet-base,10,15,80.43968432919955,79.70687711386697,1355055695,3.812831163075408e-05,0.0413195123168909,0.1203118002046955,6,,
xlnet-base,10,16,78.69222096956031,78.52311161217587,1706795644,4.055738101352714e-05,0.000242410650358,0.0701904628444674,7,,
xlnet-base,10,17,75.8173618940248,75.4227733934611,420675139,2.49520805051732e-05,0.0029543191558003,0.1104636834362335,2,,
xlnet-base,10,18,75.87373167981961,74.68996617812853,73881353,2.108733474493483e-05,0.0337272384578698,0.1922806618217931,2,,
xlnet-base,10,19,71.19503945885006,71.02593010146562,717312457,8.264996099718844e-05,0.0006991159049147,0.017215542787495,4,,
xlnet-base,10,20,71.19503945885006,71.02593010146562,1682114006,8.293397041870255e-05,0.0116940131093576,0.1162496960330298,4,,
xlnet-base,10,21,79.36865839909808,78.74859075535512,701285273,4.637470748167759e-05,0.0024950940317972,0.089411810070226,4,,
xlnet-base,10,22,78.12852311161218,76.77564825253664,2142600149,9.624364577168632e-06,0.0039246402289609,0.0280677750462747,5,,
xlnet-base,10,23,80.66516347237881,79.0304396843292,570849800,3.5985497774822665e-05,0.0234920205193076,0.1339027793320397,10,,
xlnet-base,10,24,80.38331454340474,78.97406989853438,2012376833,3.4944232475032825e-05,0.0502786890316101,0.0752391492298564,8,,
xlnet-base,10,25,77.84667418263811,78.41037204058624,1515181463,9.215733101070784e-05,0.0138210857932279,0.1808633077210075,4,,
xlnet-base,10,26,80.27057497181511,80.49605411499437,741755849,4.523044018780593e-05,0.0006890679794925,0.041680279063323,8,,
xlnet-base,10,27,81.17249154453214,79.65050732807215,35442016,1.7818228406311894e-05,0.0007298233549729,0.174792032877466,10,,
xlnet-base,10,28,79.19954904171364,78.184892897407,2002476005,6.872661881846539e-05,3.0883223845408425e-05,0.1797358078552629,2,,
xlnet-base,10,29,77.62119503945885,76.2119503945885,125268967,9.979431620856415e-06,9.912383821794512e-05,0.1676717570823052,7,,
xlnet-base,11,0,78.60011474469306,78.88697647733792,743224889,3.3057225179647544e-05,0.0673375211731574,0.075540897161103,3,,
xlnet-base,11,1,77.96901893287435,76.87894434882386,2111121102,5.365244301936946e-05,0.0082177991294503,0.0423724083098711,7,,
xlnet-base,11,2,77.91164658634538,76.8215720022949,1046412845,1.0597192998183533e-05,0.0007826293254518,0.1382975314603938,8,,
xlnet-base,11,3,72.23178427997705,71.77280550774526,1357235723,5.485707052808666e-06,0.0008296085672996,0.1530001413860051,4,,
xlnet-base,11,4,71.60068846815835,71.88755020080322,697716842,5.212649224391787e-06,0.0024153510411308,0.0966018821664449,4,,
xlnet-base,11,5,72.28915662650603,72.86288009179576,1409691103,1.7845490329726006e-05,0.0154221826215983,0.1578771958491905,2,,
xlnet-base,11,6,79.28858290304073,80.14916810097533,655048700,2.9511237658267756e-05,0.0016427070109242,0.1321543015902572,4,,
xlnet-base,11,7,71.7154331612163,71.37119908204245,448179193,7.894453774682066e-06,0.0343396848834964,0.1938315305720507,4,,
xlnet-base,11,8,79.46069994262766,78.02639127940333,553532545,2.331763584590892e-05,2.6450708006308846e-05,0.1808984622448919,7,,
xlnet-base,11,9,77.62478485370052,76.53471026965003,1865127458,3.5213988556491315e-05,0.0303522024128084,0.019247617516797,5,,
xlnet-base,11,10,79.97705106138841,80.26391279403327,1087740985,2.56281634149602e-05,0.0457063095401008,0.1567240744361457,9,,
xlnet-base,11,11,74.29718875502007,72.86288009179576,1392983699,4.516078939097419e-05,0.0002242963706064,0.0280445380382566,4,,
xlnet-base,11,12,75.67412507171544,76.19047619047619,55701029,6.442864245791078e-06,0.0025000777377053,0.1502158009457055,7,,
xlnet-base,11,13,73.43660355708549,73.78083763625932,1645207480,1.2635107743460645e-05,0.0002737763570907,0.1337483772927672,3,,
xlnet-base,11,14,80.60814687320712,79.74756167527252,939390408,4.3512901854325e-05,0.0188624052743821,0.0608595111317494,9,,
xlnet-base,11,15,76.93631669535284,77.22317842799771,1917988295,2.9031641172446385e-05,4.101525327002279e-05,0.1769209953717848,3,,
xlnet-base,11,16,81.23924268502581,80.60814687320712,1048915940,2.7759665782071e-05,0.0001231908139753,0.0823971593004013,8,,
xlnet-base,11,17,80.55077452667814,80.09179575444635,672825820,4.127790709641624e-05,0.0001799022010739,0.1865360003334085,6,,
xlnet-base,11,18,79.40332759609868,77.73952954675846,819964858,3.983404719160028e-05,0.01211320040694,0.1568620338274121,4,,
xlnet-base,11,19,74.23981640849111,73.89558232931726,1163109119,7.792890009838615e-06,0.0178126896541041,0.0034385096137314,6,,
xlnet-base,11,20,74.8709122203098,74.8709122203098,1118881354,5.410073767128291e-06,0.0013675750474063,0.0805079979006723,8,,
xlnet-base,11,21,70.16637980493402,70.22375215146299,1676661585,8.727607227880642e-05,4.9663279369533646e-05,0.0721669033729784,10,,
xlnet-base,11,22,75.21514629948365,75.21514629948365,2078717059,1.0681910460150151e-05,0.0108032417043061,0.1254258913623281,6,,
xlnet-base,11,23,70.16637980493402,70.22375215146299,806596934,9.140144304638864e-05,0.0001166206416451,0.0585378632401625,2,,
xlnet-base,11,24,70.16637980493402,70.22375215146299,1804815256,4.712212750643488e-05,3.229013098567975e-05,0.0117551054461136,6,,
xlnet-base,11,25,73.95295467584624,73.66609294320138,1265343124,6.334981068484925e-06,0.0020941244475641,0.1952139033299778,5,,
xlnet-base,11,26,80.09179575444635,78.37062535857717,1242271031,2.976660853260376e-05,1.7572906292621845e-05,0.0642939726148588,9,,
xlnet-base,11,27,74.64142283419392,74.64142283419392,681554984,2.306221973634099e-05,0.0348768075347528,0.0697638456644282,9,,
xlnet-base,11,28,78.48537005163512,77.79690189328744,955211823,2.9627032514480697e-05,1.369062617779006e-05,0.1069170794961238,5,,
xlnet-base,11,29,77.4526678141136,76.8215720022949,215657897,7.601841385316483e-06,0.0064265162956627,0.0122361446288941,9,,
xlnet-base,12,0,79.14529914529915,78.97435897435898,366590094,1.6728307284780828e-05,1.169296285017859e-05,0.0160949819919023,4,,
xlnet-base,12,1,76.63817663817663,76.12535612535612,1219312453,7.015452819440069e-06,0.0003846157057199,0.1462928080111542,8,,
xlnet-base,12,2,79.37321937321937,78.97435897435898,472336818,1.7746466201403758e-05,0.0058334492907149,0.1777895483965741,6,,
xlnet-base,12,3,79.43019943019944,77.66381766381767,1121784487,7.023118530631258e-05,1.4097215752909635e-05,0.1347220079512829,3,,
xlnet-base,12,4,70.25641025641026,71.68091168091168,2093309957,8.071331734290883e-06,0.0074379521738208,0.1732830185340794,2,,
xlnet-base,12,5,73.04843304843305,73.96011396011396,1389685190,1.5438981891010495e-05,0.0032731786562919,0.1847051545666699,3,,
xlnet-base,12,6,75.78347578347578,76.23931623931624,31074401,1.8153832529456968e-05,0.0145897417136225,0.1697361118834218,3,,
xlnet-base,12,7,77.72079772079772,76.52421652421653,1773144712,7.325368386234774e-06,0.0189409112361092,0.0648335969783032,9,,
xlnet-base,12,8,72.87749287749288,74.01709401709402,880227582,5.446501657313188e-06,6.689397561897187e-05,0.0474168850839873,5,,
xlnet-base,12,9,81.48148148148148,79.31623931623932,346030518,4.0597500703028577e-05,6.774639083646286e-05,0.1595296191224543,7,,
xlnet-base,12,10,79.37321937321937,78.91737891737891,991057312,1.501714913110763e-05,2.788878804272346e-05,0.0821048795429036,6,,
xlnet-base,12,11,72.76353276353277,74.1880341880342,1002476907,3.26607931750694e-05,0.0005424466648993,0.1288951771065497,2,,
xlnet-base,12,12,76.92307692307692,76.98005698005699,242492890,5.585827764216136e-05,0.0002482288613246,0.1958872285334169,2,,
xlnet-base,12,13,70.25641025641026,71.68091168091168,482755209,6.864226414406483e-05,6.752350685380373e-05,0.007867809733257,8,,
xlnet-base,12,14,79.25925925925925,78.46153846153847,459128015,1.887246423788955e-05,0.00026762072398,0.0604459091023026,8,,
xlnet-base,12,15,77.6068376068376,77.37891737891738,1357816699,6.894139634026711e-06,0.0006436289718099,0.1512669385271712,9,,
xlnet-base,12,16,79.37321937321937,78.80341880341881,1224951027,3.219520451478411e-05,6.13793526013823e-05,0.0858567531105937,5,,
xlnet-base,12,17,70.25641025641026,71.68091168091168,1519656582,6.179047928487309e-05,0.0633348829838013,0.0397453976100441,6,,
xlnet-base,12,18,72.19373219373219,72.99145299145299,228262418,1.7544042173417306e-05,3.575362295788829e-05,0.1241516503262122,2,,
xlnet-base,12,19,70.25641025641026,71.68091168091168,15929626,8.087125111126701e-05,0.0169852132937141,0.0094360999314964,8,,
xlnet-base,12,20,79.37321937321937,78.86039886039886,1157627493,2.6612091562455784e-05,0.003457915685454,0.1118998663565715,10,,
xlnet-base,12,21,78.2905982905983,78.46153846153847,604510038,9.978528600275324e-06,0.0007577797837862,0.1032113535901927,6,,
xlnet-base,12,22,76.80911680911682,76.29629629629629,790967212,7.493615831160721e-06,0.0031361231562826,0.1490152962520513,9,,
xlnet-base,12,23,78.51851851851852,77.72079772079772,87893868,5.750132471295512e-06,0.0001650772007778,0.0879450870985067,9,,
xlnet-base,12,24,76.35327635327636,75.78347578347578,1498151874,5.471405364374463e-06,0.0001016021703078,0.0343120537860802,9,,
xlnet-base,12,25,77.26495726495726,77.6068376068376,489741037,7.817408321007943e-06,3.4651623028204586e-05,0.1189799866179481,6,,
xlnet-base,12,26,71.3960113960114,72.70655270655271,1762156061,1.5395434943003567e-05,0.0001080198805243,0.071534804654007,2,,
xlnet-base,12,27,74.58689458689459,74.3019943019943,1623095867,7.037458672267601e-06,0.0098142411812348,0.0759381072705044,6,,
xlnet-base,12,28,71.11111111111111,72.99145299145299,377584128,6.736084248517256e-06,0.0032089509893741,0.0910945817819883,3,,
xlnet-base,12,29,70.25641025641026,71.68091168091168,919198902,7.413033470356465e-05,0.0024951832843457,0.0085046600798534,8,,
xlnet-base,13,0,80.24900962082626,78.32484436898699,1771746664,5.846379671848514e-05,0.0046347435828512,0.1423946557169001,10,,
xlnet-base,13,1,79.79626485568761,78.38143746462931,1973595100,4.252483519093312e-05,4.953038841709358e-05,0.1857109012657134,7,,
xlnet-base,13,2,80.02263723825693,78.04187889077532,1442851099,1.504675201059917e-05,1.4985693181943994e-05,0.1714877546437551,8,,
xlnet-base,13,3,70.79796264855688,69.77928692699491,106018314,3.210680797601758e-05,0.0041592881482924,0.0275983458563869,4,,
xlnet-base,13,4,78.55121675155631,75.94793435200906,1251761966,2.1663634578193065e-05,0.0069931277717487,0.0026160153442382,4,,
xlnet-base,13,5,78.43803056027164,77.53254102999433,939498018,1.0947572432779812e-05,0.0005111843731681,0.0851021631152954,7,,
xlnet-base,13,6,79.0605546123373,77.07979626485569,1028064252,5.049239853048083e-05,0.0010243528047736,0.0707007531184019,3,,
xlnet-base,13,7,76.00452744765138,74.25014148273911,955731206,8.754800979631315e-06,0.0106585331199477,0.0719760423279121,5,,
xlnet-base,13,8,70.79796264855688,69.77928692699491,1551607120,8.365007868569533e-05,0.0317405396215201,0.0777391396295937,3,,
xlnet-base,13,9,71.64685908319186,70.40181097906056,1650970788,2.3863839135336407e-05,0.0101587364167135,0.0656435780490435,2,,
xlnet-base,13,10,71.47707979626486,71.0243350311262,1154804119,8.09868480858696e-06,2.73462905943176e-05,0.1462830551160098,2,,
xlnet-base,13,11,81.49405772495756,79.9660441426146,1426317931,1.6637964275624657e-05,0.026876372618023,0.1088285768297467,7,,
xlnet-base,13,12,77.645727221279,75.55178268251274,244914681,1.0319296599296798e-05,0.0068571315098368,0.0040728857377386,5,,
xlnet-base,13,13,74.64629315223543,73.40124504810413,857551699,1.1856107680313804e-05,0.0001697198788844,0.0670828274609273,3,,
xlnet-base,13,14,76.11771363893605,74.25014148273911,199156819,7.370566095070314e-06,0.0247432506723748,0.1542772431371796,5,,
xlnet-base,13,15,71.36389360498019,69.9490662139219,1200738674,1.0626358597136272e-05,9.622671743774216e-05,0.1867972934340023,2,,
xlnet-base,13,16,80.24900962082626,78.77758913412563,160205156,6.452842368520934e-05,0.0026663632826217,0.0938090088779137,9,,
xlnet-base,13,17,77.24957555178268,75.15563101301642,1885148058,1.578691685880909e-05,0.0003766749288456,0.1736554949237471,4,,
xlnet-base,13,18,79.79626485568761,77.645727221279,981977548,1.3515686246221766e-05,6.222675694973555e-05,0.0752821967830783,8,,
xlnet-base,13,19,79.2303338992643,77.87209960384833,461728684,3.199541710850062e-05,9.807324773853626e-05,0.1639718666572391,6,,
xlnet-base,13,20,80.70175438596492,78.66440294284098,1977873499,3.83373617955506e-05,2.343603963304588e-05,0.1887002578733004,4,,
xlnet-base,13,21,76.11771363893605,74.19354838709677,926536429,1.911460924697832e-05,0.0001437344475052,0.0844430481417666,2,,
xlnet-base,13,22,75.38200339558574,73.85398981324279,1380708595,6.4818333773610925e-06,0.061170760752366,0.0316714712888574,6,,
xlnet-base,13,23,78.94736842105263,77.07979626485569,72627324,2.727053574517714e-05,0.0135163568306042,0.025975628761071,3,,
xlnet-base,13,24,77.02320316921336,75.09903791737408,740426113,2.9059112783742016e-05,0.0055932724169498,0.1270200316154487,2,,
xlnet-base,13,25,78.26825127334465,75.38200339558574,903312104,6.928002402678073e-06,0.0279490798855878,0.091897852205978,8,,
xlnet-base,13,26,81.77702320316921,80.24900962082626,770275905,4.7009699939570174e-05,0.0004489057665069,0.0452807258335853,8,,
xlnet-base,13,27,80.81494057724957,78.60780984719864,518615343,1.685295435560014e-05,0.0027258240358256,0.1362615406434938,6,,
xlnet-base,13,28,81.32427843803056,79.2303338992643,512535799,3.1373330845666075e-05,0.0001644716204758,0.1647073426280331,9,,
xlnet-base,13,29,80.30560271646858,78.43803056027164,1804504740,9.595550482746332e-05,0.0333624379385533,0.0659854269027687,10,,
xlnet-base,14,0,81.49405772495756,80.31674208144797,342245041,2.308235819948772e-05,0.0629716675661298,0.0387883726781916,10,,
xlnet-base,14,1,81.26768534238823,80.71266968325791,2074980398,6.599564954571368e-05,1.4512800540830584e-05,0.1692442111018494,7,,
xlnet-base,14,2,76.51386530843237,75.56561085972851,1061912013,7.201101986504057e-06,0.0003958786384249,0.0828684550317493,6,,
xlnet-base,14,3,77.24957555178268,76.97963800904978,1909364433,3.1599772831815884e-05,0.0004322164956196,0.0153126046212773,2,,
xlnet-base,14,4,71.81663837011885,70.07918552036199,1134464605,6.293870439129183e-06,1.1320567707971294e-05,0.1671484634017049,2,,
xlnet-base,14,5,71.81663837011885,70.13574660633485,1816524412,6.048490593974955e-05,0.0002162078859046,0.0299263088130275,10,,
xlnet-base,14,6,80.81494057724957,80.82579185520362,1957265344,2.835945636135826e-05,0.0018749941698299,0.1234603136753569,10,,
xlnet-base,14,7,80.53197509903792,79.52488687782805,355137447,4.2891621916397565e-05,0.0115101438767731,0.0428587989392651,6,,
xlnet-base,14,8,79.79626485568761,78.28054298642535,1608823165,3.189628983751162e-05,0.0004422735734229,0.0087095516242208,8,,
xlnet-base,14,9,79.85285795132994,79.8076923076923,1183990110,1.3445340419353956e-05,8.694801813640054e-05,0.1842616729141006,8,,
xlnet-base,14,10,77.87209960384833,78.4502262443439,1968534375,1.214511596300469e-05,0.0446533856541283,0.1382865581863467,7,,
xlnet-base,14,11,74.98585172608942,73.58597285067873,115397853,2.986659909967525e-05,0.0029651689851092,0.077598412461642,2,,
xlnet-base,14,12,75.94793435200906,73.81221719457014,131028047,6.373754497537715e-06,2.5525598854387263e-05,0.1742277543918004,8,,
xlnet-base,14,13,80.30560271646858,80.1470588235294,553303710,1.605286825677428e-05,0.0524713330337082,0.0671694674793433,7,,
xlnet-base,14,14,80.02263723825693,79.58144796380091,1938081553,2.261639860265312e-05,1.861537906721008e-05,0.1565936100837058,6,,
xlnet-base,14,15,75.94793435200906,74.37782805429865,67243701,5.75974512500398e-06,0.0063893327236353,0.0067892711696135,8,,
xlnet-base,14,16,73.5144312393888,71.26696832579185,1494513861,5.955846766225505e-06,1.7647702387132007e-05,0.1438494336171762,4,,
xlnet-base,14,17,72.83531409168081,71.15384615384616,2104636337,8.210483692899072e-06,0.0378072824283597,0.1039922886947471,2,,
xlnet-base,14,18,71.81663837011885,70.13574660633485,1586950300,6.15090452262835e-05,6.609795145132533e-05,0.192241049946099,4,,
xlnet-base,14,19,79.85285795132994,79.46832579185521,478782779,4.309771566871091e-05,0.0001705342775191,0.0222587989696721,10,,
xlnet-base,14,20,76.34408602150538,75.84841628959276,977812308,7.133474657664944e-06,0.003672545166292,0.1615982636142824,5,,
xlnet-base,14,21,73.79739671760045,71.5497737556561,2087576889,6.447815408655975e-06,0.0806685215033094,0.0674526113241122,3,,
xlnet-base,14,22,80.36219581211093,79.3552036199095,1706711914,1.0811140962105124e-05,0.0135814745453718,0.1564816840973471,7,,
xlnet-base,14,23,80.19241652518393,79.92081447963801,1542349103,4.194468019598441e-05,2.9172012207909567e-05,0.1032791581078294,2,,
xlnet-base,14,24,80.41878890775325,79.6945701357466,356400273,1.5573363819884482e-05,0.0021673678353963,0.1392050775614731,8,,
xlnet-base,14,25,78.55121675155631,78.4502262443439,1169552812,2.7397819736300556e-05,0.0007984444501762,0.0965412913750661,3,,
xlnet-base,14,26,79.9660441426146,80.93891402714932,2050533308,8.098731751198348e-05,5.031621217029672e-05,0.1583079540131166,10,,
xlnet-base,14,27,71.81663837011885,70.13574660633485,1629988290,2.660566647346832e-05,0.0525169958671576,0.013811679789592,6,,
xlnet-base,14,28,80.30560271646858,79.29864253393666,812969103,3.7978936927449735e-05,0.0016607049774374,0.1343535416051123,8,,
xlnet-base,14,29,79.40011318619129,78.67647058823529,970304412,2.2013341384906263e-05,0.000690216732767,0.0759126444113302,7,,
xlnet-base,15,0,79.10614525139665,80.33519553072625,1428748388,6.983695956807928e-05,0.0002816987015429,0.1293548547107198,9,,
xlnet-base,15,1,75.3072625698324,75.75418994413408,636004241,1.0885158965663232e-05,7.923377054800526e-05,0.0555694290940606,6,,
xlnet-base,15,2,69.72067039106145,71.22905027932961,1039494042,7.553131116708913e-05,3.560957114923246e-05,0.0533527870978427,2,,
xlnet-base,15,3,77.98882681564245,80.05586592178771,21634526,3.170660597516576e-05,0.0447407376051136,0.0691378419059226,6,,
xlnet-base,15,4,76.98324022346368,77.82122905027933,1166147497,8.713808673848572e-05,3.5677019621750104e-05,0.1678720878160575,3,,
xlnet-base,15,5,78.43575418994413,80.16759776536313,1658212792,3.032807766239404e-05,5.956349006586249e-05,0.0571340872978439,9,,
xlnet-base,15,6,77.15083798882682,79.77653631284916,484002167,7.017501257532503e-05,1.4978188748552952e-05,0.0820939361766992,6,,
xlnet-base,15,7,79.88826815642459,81.56424581005587,1919797229,2.740117405242049e-05,0.0001126740778558,0.1808708924026426,10,,
xlnet-base,15,8,77.70949720670392,79.72067039106145,1312129713,3.1905335555232126e-05,2.313524004908836e-05,0.1726464477210837,6,,
xlnet-base,15,9,75.53072625698324,77.54189944134079,781958955,2.119992928785045e-05,0.0083567183068468,0.0833270832074031,3,,
xlnet-base,15,10,77.82122905027933,79.05027932960894,977532711,6.788363147925295e-05,1.577471719929407e-05,0.0933096449548144,10,,
xlnet-base,15,11,79.05027932960894,80.22346368715084,1152750714,6.133832815229158e-05,0.0005018995233245,0.1451830099688935,7,,
xlnet-base,15,12,69.77653631284916,71.00558659217877,107229893,1.8155708721164676e-05,0.0001533486785392,0.0913393839188748,4,,
xlnet-base,15,13,76.81564245810056,78.26815642458101,947629755,9.074069997123937e-06,0.0015756853058627,0.1872387238651012,9,,
xlnet-base,15,14,78.43575418994413,80.89385474860335,1185113216,2.314453872524552e-05,8.793118406266085e-05,0.1396628676237805,7,,
xlnet-base,15,15,69.72067039106145,71.22905027932961,1868990452,5.0854487400757474e-05,0.0184969599583994,0.1677599235080323,6,,
xlnet-base,15,16,78.88268156424581,78.93854748603351,78122625,3.282370722447072e-05,1.3935923494679094e-05,0.1749815781849615,3,,
xlnet-base,15,17,69.94413407821229,71.45251396648045,1959044628,6.41847395420472e-06,1.7501542778916543e-05,0.1367792792708236,2,,
xlnet-base,15,18,70.44692737430168,72.40223463687151,1898764075,1.137698931351398e-05,0.0043130642804346,0.0566330961125398,2,,
xlnet-base,15,19,69.94413407821229,71.56424581005587,836402330,5.8173498913895445e-06,0.0257665895340054,0.1269473978696337,3,,
xlnet-base,15,20,78.26815642458101,79.21787709497207,1435170857,6.33225243523603e-05,6.927971501307509e-05,0.0777757748007443,6,,
xlnet-base,15,21,73.74301675977654,75.47486033519553,592117083,2.211235980749371e-05,0.0032811944833146,0.0677263137811918,2,,
xlnet-base,15,22,77.09497206703911,77.93296089385476,69816213,1.1248040399542505e-05,0.0004562744448547,0.0583914609859528,7,,
xlnet-base,15,23,75.58659217877096,76.75977653631286,718040758,9.97935765711877e-06,6.783820377391824e-05,0.1748275447950465,6,,
xlnet-base,15,24,71.11731843575419,72.29050279329608,1485877124,1.0890280609256e-05,0.0001683996629599,0.1036765552980144,2,,
xlnet-base,15,25,72.56983240223464,74.30167597765363,831547058,5.51421084072905e-06,0.0412271281208358,0.0848019372121748,6,,
xlnet-base,15,26,77.54189944134079,77.98882681564245,423407838,9.11816884881476e-06,0.0237794355995491,0.1630532558738975,10,,
xlnet-base,15,27,76.70391061452514,78.10055865921788,61995736,5.3131632149871074e-05,0.0126241832017442,0.1662382424419118,3,,
xlnet-base,15,28,75.53072625698324,78.93854748603351,1645841368,4.5075852051404805e-05,0.0035227851117085,0.00424719855008,6,,
xlnet-base,15,29,77.98882681564245,80.16759776536313,537125767,4.689758153997737e-05,0.000732188212986,0.026127094518651,8,,
xlnet-base,16,0,77.20295622512792,74.53098351335986,1141066820,8.433567505806714e-06,0.0039981317144202,0.0578473185997021,7,,
xlnet-base,16,1,75.78169414440023,72.99602046617396,1374887055,2.5980059841217497e-05,0.0666938057036647,0.0403502208646953,2,,
xlnet-base,16,2,80.1591813530415,79.81807845366686,1203319964,5.449498933207807e-05,0.0003481064718638,0.0175673923119434,4,,
xlnet-base,16,3,79.53382603752132,79.87492893689597,1209985037,4.898451819719207e-05,0.0065969381560193,0.1860171936933021,7,,
xlnet-base,16,4,71.17680500284253,69.35758953951108,1098247785,7.202871510772044e-05,0.0728886789198896,0.1699594815609402,3,,
xlnet-base,16,5,79.64752700397953,76.91870380898237,996574603,8.40299257055162e-06,0.0018494216916553,0.1572348102981167,10,,
xlnet-base,16,6,77.54405912450255,75.83854462762933,1204767689,7.831293607405448e-06,0.0005866615485952,0.1800878160023696,8,,
xlnet-base,16,7,80.1591813530415,78.5673678226265,56507863,6.720744424841974e-05,0.0553204658377304,0.1103971720561718,2,,
xlnet-base,16,8,78.5673678226265,77.0892552586697,1710121803,2.8200255859234493e-05,0.0001128236983423,0.0651896557236189,9,,
xlnet-base,16,9,77.0892552586697,76.46389994314951,1989536803,9.99353831951735e-05,0.0329927785257231,0.1501460885495367,7,,
xlnet-base,16,10,78.79476975554292,77.43035815804434,1057130077,6.203952516848896e-05,0.0022122605882331,0.0674190000389966,6,,
xlnet-base,16,11,76.23649801023309,74.076179647527,431505492,5.084362394191886e-06,3.9188688604191387e-05,0.0624712230579947,8,,
xlnet-base,16,12,80.84138715179078,79.93177942012507,1974529303,3.232005113770828e-05,0.0017732334114168,0.1480041387265344,6,,
xlnet-base,16,13,76.80500284252416,74.92893689596362,2102712430,9.033069076346808e-06,0.0561975339566572,0.1144254540175065,5,,
xlnet-base,16,14,71.17680500284253,69.35758953951108,1208691600,3.250923877914927e-05,0.0036585689201929,0.0177225038584823,7,,
xlnet-base,16,15,78.73791927231382,77.77146105741899,1745322351,1.7433444873894942e-05,0.0004053729852032,0.1059730310292153,6,,
xlnet-base,16,16,72.02956225127913,70.09664582148949,1746671164,7.775045408815825e-06,0.0005753078809342,0.0218802244014691,2,,
xlnet-base,16,17,79.64752700397953,77.8283115406481,836443553,5.950495364682955e-05,0.0001607397236812,0.149123193386835,5,,
xlnet-base,16,18,72.25696418419557,70.32404775440591,106038792,1.1163839979000575e-05,0.0015817375020789,0.1977886224598295,2,,
xlnet-base,16,19,80.84138715179078,79.64752700397953,248476534,3.2715105954707154e-05,3.4930469050458324e-05,0.1728087602297254,9,,
xlnet-base,16,20,75.15633882888005,72.99602046617396,484943476,1.7730471197325463e-05,1.5460468139758472e-05,0.0327284784413076,3,,
xlnet-base,16,21,77.48720864127345,76.52075042637863,1887880820,8.30108888270693e-05,5.182645577208623e-05,0.0536900068319291,5,,
xlnet-base,16,22,81.18249005116543,79.98862990335418,1308303606,2.852157423005412e-05,0.0347433898276909,0.1928719143530338,10,,
xlnet-base,16,23,71.17680500284253,69.35758953951108,764941943,4.97938070221284e-05,0.0675140589274216,0.1899699492515364,2,,
xlnet-base,16,24,74.30358158044343,73.05287094940307,179589338,6.170022189977301e-06,1.2541105676548191e-05,0.1468840563211728,6,,
xlnet-base,16,25,79.53382603752132,79.53382603752132,431608202,6.127022831672298e-05,0.0373897810255539,0.1683814272885413,10,,
xlnet-base,16,26,76.23649801023309,74.8152359295054,1745279166,3.410308712764276e-05,0.0073690839001575,0.197382912649525,2,,
xlnet-base,16,27,78.90847072200114,77.65776009096078,403411803,1.646002692235531e-05,2.5593484724477926e-05,0.1368218076073156,4,,
xlnet-base,16,28,78.51051733939738,78.05571347356452,1957243840,3.656472953664567e-05,0.0030700517497013,0.186546624234057,3,,
xlnet-base,16,29,78.45366685616828,78.85162023877203,1200985926,3.3703270251661645e-05,2.6923391520981694e-05,0.0769135637651358,6,,
xlnet-base,17,0,76.8140589569161,78.01699716713881,1246551445,8.505465001161441e-05,4.428628341711012e-05,0.0693570640746998,2,,
xlnet-base,17,1,68.08390022675736,70.59490084985836,1854192869,4.907251105415447e-05,3.1580626353349726e-05,0.1174927528526431,10,,
xlnet-base,17,2,78.2312925170068,79.77337110481587,1919492999,2.931288381935377e-05,0.0223866084831351,0.1041316599649709,8,,
xlnet-base,17,3,78.91156462585035,79.15014164305948,2109818476,2.5609744464560123e-05,1.335557352680039e-05,0.0465955572819802,4,,
xlnet-base,17,4,71.48526077097506,74.1643059490085,634650110,1.299299911488884e-05,1.9592146185125e-05,0.0126617566194308,3,,
xlnet-base,17,5,68.08390022675736,70.59490084985836,716457026,3.883082335984706e-05,0.0024143452610847,0.024405459552797,10,,
xlnet-base,17,6,73.52607709750566,75.86402266288952,1670270483,8.08855937397465e-06,0.000594156258109,0.0188612136575101,6,,
xlnet-base,17,7,75.90702947845806,79.20679886685552,1448045221,2.180061965859916e-05,0.0020722808179027,0.0152104364295492,9,,
xlnet-base,17,8,78.79818594104309,79.8300283286119,1359302338,3.5909708906236344e-05,0.000376025360624,0.0255771963460824,6,,
xlnet-base,17,9,77.43764172335601,78.41359773371104,579218784,1.4592998056735056e-05,2.65396814530803e-05,0.0955477411918115,9,,
xlnet-base,17,10,78.40136054421768,79.94334277620396,135231232,1.425089453077818e-05,1.1557574712185104e-05,0.0932011815151271,8,,
xlnet-base,17,11,77.66439909297053,79.15014164305948,1379966851,1.5492385046173433e-05,0.0586236653951644,0.1381547350363422,10,,
xlnet-base,17,12,78.11791383219955,79.09348441926346,1462277970,5.990222044713252e-05,2.09442667768119e-05,0.0877938180625853,8,,
xlnet-base,17,13,75.22675736961452,77.39376770538243,241987993,7.976321805561817e-06,0.064538879492863,0.0980049930670301,10,,
xlnet-base,17,14,77.21088435374149,78.92351274787535,1068018313,6.474003642481802e-05,0.0002644416822111,0.0697994876134334,3,,
xlnet-base,17,15,68.36734693877551,70.53824362606233,635561030,7.742142214658979e-06,1.2060899238727956e-05,0.1017696387083281,2,,
xlnet-base,17,16,77.49433106575964,78.24362606232295,465966589,2.0142724297080935e-05,0.0013669741917121,0.071319877874035,9,,
xlnet-base,17,17,74.48979591836735,75.86402266288952,1503466914,6.610563566328225e-06,0.0007168884277788,0.0882631114068972,7,,
xlnet-base,17,18,70.18140589569161,71.78470254957507,1972865638,5.684895600029753e-06,0.0032320444195483,0.0513956502452984,4,,
xlnet-base,17,19,75.45351473922902,77.39376770538243,2064571010,1.3018358506594137e-05,1.5105327492702572e-05,0.1900412095680031,5,,
xlnet-base,17,20,74.31972789115646,75.07082152974505,2005697731,1.9095176912059017e-05,4.9962879219058514e-05,0.0273157616321457,3,,
xlnet-base,17,21,68.7641723356009,70.76487252124646,1758451979,7.858247033160554e-06,0.0040607297077641,0.1770303878119959,2,,
xlnet-base,17,22,80.83900226757369,81.52974504249292,1638692801,2.891756725357882e-05,0.0531891261233024,0.0891339096066204,10,,
xlnet-base,17,23,68.08390022675736,70.59490084985836,859561796,2.9807428303076403e-05,0.0003814560585804,0.072441418630802,3,,
xlnet-base,17,24,75.51020408163265,77.6770538243626,921039474,1.594133967833097e-05,1.307103078131924e-05,0.1657640591358775,5,,
xlnet-base,17,25,77.38095238095238,79.3201133144476,1119936151,1.615054358897627e-05,0.0072481946529457,0.1972688039420627,8,,
xlnet-base,17,26,74.54648526077098,76.37393767705383,1874931339,5.636140056253095e-06,0.0307518930860654,0.0992756576456041,10,,
xlnet-base,17,27,73.29931972789116,75.07082152974505,1359558745,7.585715178769412e-06,1.901624607269693e-05,0.0301844186152672,4,,
xlnet-base,17,28,73.07256235827664,74.3342776203966,1025169777,5.002754471837487e-06,0.0027238661641509,0.032979544643811,10,,
xlnet-base,17,29,69.21768707482993,71.3314447592068,1374072560,6.156887382222367e-06,0.0239900111757496,0.134323603247548,3,,
xlnet-base,18,0,75.15886770652801,77.06528018486424,187880840,9.158221989103953e-06,0.0067179456853002,0.0653290746127585,8,,
xlnet-base,18,1,78.45176198729058,78.39399191218949,495899594,3.146590214883879e-05,0.0001244948849542,0.0999397619754806,9,,
xlnet-base,18,2,74.58116695551705,76.42980935875217,627546922,7.599388616159378e-06,0.0012380895655304,0.0775660638461651,9,,
xlnet-base,18,3,77.29636048526864,78.56730213749277,768960402,4.247295004639067e-05,0.0006569482197957,0.0632540453820065,3,,
xlnet-base,18,4,76.14095898324668,76.89196995956095,915210036,7.1638361847919325e-06,9.272379607928465e-05,0.0680912901775825,9,,
xlnet-base,18,5,78.74061236279607,79.66493356441363,614844928,2.6780645842997457e-05,7.729694956591414e-05,0.1283530702217816,9,,
xlnet-base,18,6,69.26632004621607,71.98151357596765,1082149513,3.66120367637013e-05,0.0288392313151523,0.16929311603979,2,,
xlnet-base,18,7,78.105141536684,78.45176198729058,1253993894,3.109878160365316e-05,1.9094809313015595e-05,0.1944571201756424,6,,
xlnet-base,18,8,73.59907567879839,75.6210283073368,2142375969,6.855362519829607e-06,0.0005962091224883,0.1116974494694144,7,,
xlnet-base,18,9,76.94974003466204,78.33622183708839,1579519601,3.768195228953304e-05,0.001338743943968,0.0528233727267901,7,,
xlnet-base,18,10,71.23050259965338,72.79029462738302,676083839,7.873109896965416e-06,0.0008210398370353,0.066872788723708,4,,
xlnet-base,18,11,79.83824378971693,80.5314846909301,1317541534,3.942224904441315e-05,0.000270055439241,0.1117027113643646,10,,
xlnet-base,18,12,73.3102253032929,75.736568457539,1260401359,8.136846228884161e-06,0.0186446605022203,0.0912016087127272,5,,
xlnet-base,18,13,78.16291161178509,78.91392258809937,1131187333,5.9629132251755406e-05,0.0001414496239038,0.1735302090619681,4,,
xlnet-base,18,14,76.19872905834778,78.105141536684,457857025,1.2056157915145735e-05,0.0012090840438872,0.0420632169923193,9,,
xlnet-base,18,15,77.12305025996534,77.8740612362796,790045302,2.330004165208421e-05,3.0368053623565865e-05,0.0800823853350865,6,,
xlnet-base,18,16,76.89196995956095,78.0473714615829,2047541729,2.6474643606734772e-05,0.020474538188594,0.1904799474445085,5,,
xlnet-base,18,17,77.06528018486424,78.68284228769497,168677279,1.0313038005593475e-05,1.897778532490497e-05,0.0598470611092593,10,,
xlnet-base,18,18,78.33622183708839,79.83824378971693,2072529161,2.1212845530116384e-05,0.0036720687332244,0.0776180054044286,10,,
xlnet-base,18,19,72.73252455228192,73.88792605430388,1975698900,1.7990989270236383e-05,0.0835240515578767,0.0307910268388208,2,,
xlnet-base,18,20,71.11496244945118,71.57712305025997,2046559021,9.977314980786942e-05,0.0398777730131538,0.1066691467440254,4,,
xlnet-base,18,21,68.86192952050838,70.8838821490468,316420492,7.448136244648295e-05,0.000105044258873,0.0905818660375916,10,,
xlnet-base,18,22,72.84806470248411,75.04332755632582,77275589,1.544091269063921e-05,0.0002188275321403,0.1167930051951828,3,,
xlnet-base,18,23,77.18082033506643,78.50953206239168,557475977,9.600060847541018e-06,0.0005544617331512,0.0030261262382793,10,,
xlnet-base,18,24,76.48757943385327,78.27845176198728,357376403,2.54276339226974e-05,0.0002442013459856,0.0589547205060098,5,,
xlnet-base,18,25,77.41190063547083,78.74061236279607,1929930440,2.111716212833278e-05,0.0166723415234418,0.1529666437450959,7,,
xlnet-base,18,26,70.7683419988446,73.1946851530907,1435703650,5.482039165047463e-06,0.0697199293433219,0.0531647598827266,5,,
xlnet-base,18,27,77.9318313113807,79.02946273830156,148564229,3.1751976012482126e-05,0.0062065767300243,0.0454772459449878,6,,
xlnet-base,18,28,68.86192952050838,70.8838821490468,615405831,9.09683739574968e-05,0.015193748153137,0.1487221993376173,6,,
xlnet-base,18,29,77.64298093587522,79.37608318890814,166020611,5.052743584650983e-05,0.0009592618879548,0.1727863952000738,9,,
xlnet-base,19,0,76.98368036015756,76.87113111986494,528733898,1.2920520902539774e-05,8.22824866922242e-05,0.1971661606848223,6,,
xlnet-base,19,1,77.94034890264491,77.82779966235228,97798161,2.2766439118169745e-05,0.0002357098217688,0.1574340358144048,5,,
xlnet-base,19,2,78.89701744513225,79.5160382667417,1402595132,1.4497837266758204e-05,0.0160836309154575,0.0620458886504373,9,,
xlnet-base,19,3,78.89701744513225,77.43387732132808,1451516576,7.03775485312897e-05,0.0253473510332094,0.1586482987042085,4,,
xlnet-base,19,4,77.26505346088913,77.4901519414744,988839998,1.2815669880407675e-05,0.0088964267624501,0.1892179780294887,6,,
xlnet-base,19,5,79.45976364659539,78.89701744513225,1171375264,3.2825995212988454e-05,9.207147804003789e-05,0.0994638407824269,5,,
xlnet-base,19,6,78.05289814293754,77.37760270118177,362268892,4.190000077050267e-05,0.004338669410113,0.0740841550535256,3,,
xlnet-base,19,7,79.23466516601013,79.74113674732696,1070815356,1.461076716915882e-05,0.0043440040241661,0.0197641133542035,10,,
xlnet-base,19,8,75.18289251547552,74.84524479459763,1740217016,5.492449050462381e-06,1.0313051067891246e-05,0.100349824998785,8,,
xlnet-base,19,9,78.7281935846933,78.78446820483961,1696779472,2.26964144036791e-05,0.0175498711047208,0.0979930003500139,3,,
xlnet-base,19,10,70.73719752391672,70.11817670230725,1827266301,7.296142704785957e-05,0.0079291620441928,0.0048567339443937,5,,
xlnet-base,19,11,78.50309510410804,77.37760270118177,1722065122,4.3127047109820414e-05,1.2010299417513448e-05,0.1610474611535253,5,,
xlnet-base,19,12,77.65897580191334,77.26505346088913,697130226,8.945944453076999e-06,0.0044059081910436,0.0404043186030054,8,,
xlnet-base,19,13,80.07878446820484,79.68486212718064,523868015,5.316844568981581e-05,0.0019202150411512,0.1105874138661213,7,,
xlnet-base,19,14,70.73719752391672,70.11817670230725,479268743,3.633300668332789e-05,0.0009810654170424,0.1521702704372685,2,,
xlnet-base,19,15,70.73719752391672,70.11817670230725,614844634,9.8928559582332e-05,0.0345792232586738,0.0020365729258148,7,,
xlnet-base,19,16,79.17839054586382,79.34721440630275,106392723,4.145094207333824e-05,0.0565434301489011,0.0845037261667182,6,,
xlnet-base,19,17,78.33427124366911,78.61564434440068,395012677,1.602000474948947e-05,0.0399266181718097,0.0878323746520842,9,,
xlnet-base,19,18,70.73719752391672,70.11817670230725,263410375,4.36897233265091e-05,0.0001708502844183,0.0078884322615474,2,,
xlnet-base,19,19,78.84074282498594,78.78446820483961,932860574,2.715984786997912e-05,0.0031656376670693,0.0359497079325278,5,,
xlnet-base,19,20,70.79347214406303,70.62464828362408,1461168610,5.263079332758474e-06,0.0015360461587755,0.1721756529391485,3,,
xlnet-base,19,21,78.50309510410804,78.16544738323016,827768203,2.51868860142284e-05,0.0005730236443797,0.0300452782066824,8,,
xlnet-base,19,22,78.61564434440068,78.22172200337647,686537761,6.881330132890311e-05,0.0135230333861667,0.0325163452033252,2,,
xlnet-base,19,23,78.33427124366911,78.2779966235228,704748872,3.927117261539626e-05,0.0001091253081055,0.0942943285647067,4,,
xlnet-base,19,24,81.20427687113111,80.75407990996061,1959358628,2.074124896767838e-05,0.0001232057440403,0.0259052256644894,9,,
xlnet-base,19,25,78.84074282498594,79.40348902644907,952045510,1.1693910119172852e-05,0.0010719585987739,0.057981135389811,10,,
xlnet-base,19,26,79.23466516601013,78.05289814293754,1804944483,1.806916474908384e-05,3.362033626314997e-05,0.1491679532963957,9,,
xlnet-base,19,27,70.73719752391672,70.11817670230725,1931424551,2.157033229000305e-05,0.0108228704401617,0.1049478515621167,7,,
xlnet-base,19,28,80.24760832864378,79.34721440630275,927946017,6.234167951787585e-05,4.690244827949892e-05,0.1722267444615884,9,,
xlnet-base,19,29,75.68936409679235,75.9144625773776,1505431626,8.806058826563436e-06,0.0003758730180436,0.0587171388891913,6,,
xlnet-base,20,0,76.62705149971704,77.37556561085972,868307090,3.261941527611642e-05,1.1848211526739054e-05,0.0014881848343941,5,,
xlnet-base,20,1,78.04187889077532,75.96153846153847,1577127520,9.30782719408247e-06,0.000112846709142,0.1183698225641652,8,,
xlnet-base,20,2,74.47651386530843,73.19004524886878,2014202814,2.768283495543023e-05,0.0042037969401078,0.1350519497622004,2,,
xlnet-base,20,3,73.6842105263158,72.00226244343891,709151562,6.97777951918472e-06,0.0004262159618888,0.1430793191011783,4,,
xlnet-base,20,4,70.79796264855688,69.34389140271493,1009251275,6.624561804363516e-06,0.0047026848922821,0.1736017003828793,2,,
xlnet-base,20,5,78.32484436898699,77.09276018099547,1098267014,9.332246726831031e-06,0.0114211772898691,0.1985735471595349,9,,
xlnet-base,20,6,74.25014148273911,72.79411764705883,1495952442,8.31094133502443e-06,8.556812531828978e-05,0.0985757289499999,4,,
xlnet-base,20,7,73.91058290888512,72.28506787330316,1425391182,9.091271354888454e-06,0.0443475363276151,0.1877985401393762,3,,
xlnet-base,20,8,80.81494057724957,80.03393665158372,389348368,4.186664312789085e-05,0.0104692123993854,0.1552851513883467,10,,
xlnet-base,20,9,78.38143746462931,77.94117647058823,1539400969,9.574641202592832e-05,1.770236747496037e-05,0.0959492858221585,7,,
xlnet-base,20,10,77.475947934352,77.43212669683258,1056457890,2.653754337410536e-05,0.0014179935889149,0.01193666209514,5,,
xlnet-base,20,11,78.15506508205999,76.52714932126698,1774947771,1.1247752349511311e-05,0.0001815469990949,0.0232564333494336,9,,
xlnet-base,20,12,74.47651386530843,73.58597285067873,33715861,7.196178110944385e-05,0.0367244970297989,0.0273374230132606,2,,
xlnet-base,20,13,71.81663837011885,70.70135746606334,1905107515,5.713104284270658e-06,0.0931189872297343,0.0996338187232412,5,,
xlnet-base,20,14,80.07923033389926,79.29864253393666,1397472015,2.3424374831599463e-05,0.0179309921372926,0.1996723155273621,9,,
xlnet-base,20,15,70.62818336162988,69.34389140271493,9459411,9.150579739282436e-05,3.1757268707469505e-05,0.1529879818225061,7,,
xlnet-base,20,16,78.55121675155631,77.82805429864253,616908458,4.650816662987208e-05,0.0002898054976462,0.0804669093642955,5,,
xlnet-base,20,17,78.8907753254103,78.22398190045249,641682241,2.984755062788613e-05,0.0034954392802669,0.1080559695458576,5,,
xlnet-base,20,18,78.04187889077532,75.56561085972851,1331670238,2.298337562423152e-05,0.0075555615298936,0.165557749516839,3,,
xlnet-base,20,19,72.72212790039615,71.5497737556561,887242214,2.4125743061581585e-05,0.0042278049471429,0.1565578632011596,2,,
xlnet-base,20,20,70.62818336162988,69.34389140271493,1900872898,9.17395614727016e-05,0.0127424829073815,0.0039843649222318,9,,
xlnet-base,20,21,75.55178268251274,75.7918552036199,595286901,4.298249047631939e-05,0.0003907015757763,0.0083458976925528,9,,
xlnet-base,20,22,79.17374080362195,78.11085972850678,1774989521,1.8781622527276536e-05,0.0219611092941799,0.0183959304166744,10,,
xlnet-base,20,23,80.19241652518393,78.5633484162896,1835720133,4.484120951441157e-05,0.0101984068752782,0.0808570188004147,8,,
xlnet-base,20,24,70.62818336162988,69.34389140271493,2030028957,7.60786447400243e-06,0.0664825252418013,0.0032784295880104,2,,
xlnet-base,20,25,79.28692699490662,77.82805429864253,1612142701,5.645543595980377e-05,0.0217126235546786,0.1565505420513372,6,,
xlnet-base,20,26,75.4951895868704,74.26470588235294,1437208688,1.2424842716435576e-05,0.0418612166817546,0.0761519120275316,4,,
xlnet-base,20,27,77.815506508206,77.20588235294117,1026877661,3.016727975493337e-05,0.0576685868680509,0.1468691419153664,4,,
xlnet-base,20,28,78.38143746462931,77.60180995475113,1794591727,8.679797774151296e-05,0.0056076431682161,0.1352232871031526,10,,
xlnet-base,20,29,78.32484436898699,77.94117647058823,337689890,4.389272441036444e-05,0.0005857324237797,0.1786750418626815,7,,
xlnet-base,21,0,78.59569648924122,78.55121675155631,225948485,4.228210412332891e-05,0.0143366037052543,0.014585707769146,5,,
xlnet-base,21,1,72.81993204983013,73.3446519524618,261027071,1.824412112821755e-05,0.0360946368141491,0.0695872958090147,2,,
xlnet-base,21,2,71.80067950169875,72.38256932654217,1276174171,6.0909180368030815e-06,5.7133592660221467e-05,0.0744955727856976,3,,
xlnet-base,21,3,73.2163080407701,73.74080362195812,920782814,5.232504937757681e-06,0.0269772044004896,0.1393338547793933,7,,
xlnet-base,21,4,74.6885617214043,75.09903791737408,1666193148,6.461737956767206e-06,0.0345360687885359,0.0626903455071081,5,,
xlnet-base,21,5,78.31257078142696,78.32484436898699,256934735,6.661221465268349e-05,0.0042822935133084,0.1384738101772137,7,,
xlnet-base,21,6,77.80294450736127,79.56989247311827,1852198488,2.05430610856574e-05,0.003413094223827,0.0020288007087605,7,,
xlnet-base,21,7,73.44280860702152,74.19354838709677,1682387866,7.458928678879745e-05,0.0001185228350979,0.0213543760593774,7,,
xlnet-base,21,8,70.66817667044168,70.8545557441992,1101227489,8.206053623101221e-06,5.8848658718747845e-05,0.0194057611933645,2,,
xlnet-base,21,9,77.34994337485844,77.475947934352,1704202749,8.073139014652125e-05,0.0001375819295411,0.1995640298022187,5,,
xlnet-base,21,10,70.21517553793885,70.40181097906056,975420473,7.581176986944781e-05,0.0032810429793209,0.0045764891376583,3,,
xlnet-base,21,11,77.91619479048697,79.9660441426146,1033743200,2.2457222970495744e-05,0.0022634209901987,0.1779474910837694,7,,
xlnet-base,21,12,72.480181200453,72.55234861346916,2040274099,7.18666973192858e-06,0.00166648376501,0.0916527908924874,3,,
xlnet-base,21,13,73.15968289920725,73.11827956989248,683611212,5.221024558550347e-06,0.0005460596285583,0.0611072852204525,5,,
xlnet-base,21,14,78.3691959229898,79.90945104697226,1225237554,1.698496899726617e-05,1.6083207767456317e-05,0.1237257492394265,8,,
xlnet-base,21,15,80.97395243488108,80.75834748160725,687547777,2.9403327641119584e-05,0.0525292951844274,0.1215947100826541,10,,
xlnet-base,21,16,80.12457531143828,79.73967176004527,1483436108,2.3826521302442062e-05,1.0387957129090811e-05,0.0846994454065682,7,,
xlnet-base,21,17,76.21744054360136,76.62705149971704,1507591162,2.8500882310462103e-05,1.5667850397436274e-05,0.1874742243436213,2,,
xlnet-base,21,18,71.6308040770102,72.72212790039615,933357376,1.0885754386466068e-05,0.0867619889728712,0.0248014670568575,2,,
xlnet-base,21,19,79.38844847112118,80.92812676853424,549172482,1.7006066836909755e-05,0.0708315554554367,0.1104138626831557,9,,
xlnet-base,21,20,71.68742921857304,72.55234861346916,246844738,7.398656930185544e-06,0.00072062147262,0.1831608940586911,3,,
xlnet-base,21,21,79.44507361268403,80.24900962082626,1357852900,3.0400080265452664e-05,1.7382463390873864e-05,0.0822418624879758,9,,
xlnet-base,21,22,77.68969422423557,78.09847198641766,753657964,1.0648184096410514e-05,0.0680403075226354,0.0829327125960987,9,,
xlnet-base,21,23,78.9920724801812,80.07923033389926,2113414285,4.578717730294869e-05,0.0357047655077686,0.1093845814501885,4,,
xlnet-base,21,24,74.97168742921858,75.89134125636673,1791987964,2.0659129066573523e-05,0.0368412472538927,0.1362423272704304,2,,
xlnet-base,21,25,77.68969422423557,78.7209960384833,1139983200,6.7354216303678095e-06,0.009989712443378,0.0254583607407725,9,,
xlnet-base,21,26,70.21517553793885,70.40181097906056,316344046,7.843582821775087e-06,0.0267362471328781,0.0450977966309596,2,,
xlnet-base,21,27,77.23669309173273,78.94736842105263,1818488579,2.073424227725992e-05,4.912518968690312e-05,0.1497914128985346,5,,
xlnet-base,21,28,78.8788221970555,79.2303338992643,1404808340,1.5847298721154325e-05,0.0273852066203505,0.109952951916408,10,,
xlnet-base,21,29,76.16081540203851,76.79683078664402,1517234676,5.767728322425179e-06,0.0020471826303274,0.1772177195482388,10,,
xlnet-base,22,0,78.8329519450801,78.14645308924486,1812445243,3.126315593945297e-05,0.0001101993500364,0.1067567043947307,9,,
xlnet-base,22,1,76.3157894736842,77.11670480549199,762323826,1.0653572893706568e-05,2.104679209414357e-05,0.132404279971324,6,,
xlnet-base,22,2,77.74599542334096,76.25858123569795,1653253558,6.585808925394235e-05,5.803454255145156e-05,0.1109923758798068,5,,
xlnet-base,22,3,79.5766590389016,79.0045766590389,91411469,2.647356234467565e-05,6.799705446404816e-05,0.1833915485320643,6,,
xlnet-base,22,4,68.53546910755149,69.50800915331808,2072852075,7.118378220960728e-06,0.0006095722047347,0.0415043948360583,2,,
xlnet-base,22,5,77.74599542334096,75.51487414187643,34108150,6.199262540925658e-05,0.0603860870674202,0.1056929982682491,9,,
xlnet-base,22,6,79.5766590389016,78.54691075514874,706793154,2.9615556763801265e-05,0.000970553252692,0.0794916026709247,8,,
xlnet-base,22,7,81.63615560640733,80.32036613272311,1865825145,3.154869526456661e-05,1.5991167683625872e-05,0.0646818632962604,9,,
xlnet-base,22,8,81.63615560640733,79.51945080091534,1833501020,3.4558165478895096e-05,3.9163977559613245e-05,0.1722970706117693,8,,
xlnet-base,22,9,76.65903890160183,76.1441647597254,919638423,8.752817339563274e-05,0.0023756419901998,0.0840727218008609,10,,
xlnet-base,22,10,78.4324942791762,78.37528604118994,592861859,9.684282352258696e-06,0.0006786934527323,0.0090519796619904,8,,
xlnet-base,22,11,68.53546910755149,69.50800915331808,162296750,2.982718198224723e-05,0.069577469685355,0.1204849910152862,6,,
xlnet-base,22,12,77.63157894736842,77.68878718535468,906250165,7.387492053754446e-06,0.0054077705367115,0.0965951079689975,10,,
xlnet-base,22,13,75.1716247139588,76.94508009153319,1451868626,4.295052859166335e-05,0.0018492325750247,0.1808979326388991,2,,
xlnet-base,22,14,79.29061784897026,77.17391304347827,2053502874,4.226384888102789e-05,1.5399902829839253e-05,0.0628728430646299,9,,
xlnet-base,22,15,68.53546910755149,69.50800915331808,1066518147,7.763010649758893e-05,0.045753144512289,0.169889202230244,3,,
xlnet-base,22,16,79.86270022883295,79.29061784897026,1299849312,6.0877247226619886e-05,1.0136661492173406e-05,0.1924665594077891,6,,
xlnet-base,22,17,79.06178489702518,78.8329519450801,447375930,4.552684271492452e-05,0.0026025184624793,0.0845106373347687,10,,
xlnet-base,22,18,78.4324942791762,78.94736842105263,460817334,8.373989314157329e-06,7.206465840031844e-05,0.0272456929741776,10,,
xlnet-base,22,19,81.97940503432494,80.32036613272311,1547408588,3.304037972329337e-05,2.302479164435629e-05,0.0413267477468971,8,,
xlnet-base,22,20,77.68878718535468,77.23112128146452,696577756,3.999548037934816e-05,0.0213060100462205,0.005358381409696,9,,
xlnet-base,22,21,71.91075514874142,73.39816933638444,1188640707,7.396722387360802e-06,1.4241035397936496e-05,0.1050713444948024,4,,
xlnet-base,22,22,77.80320366132723,78.08924485125858,394706039,2.2632488119511352e-05,0.0350677034566392,0.0170831271593947,7,,
xlnet-base,22,23,68.59267734553775,69.8512585812357,1855905480,5.187881278878515e-06,0.0002111152010218,0.046929359875851,3,,
xlnet-base,22,24,78.71853546910755,76.37299771167048,1160253912,7.429980852127222e-05,0.0164447908988839,0.18930558839363,10,,
xlnet-base,22,25,80.66361556064074,79.86270022883295,1161591358,6.647585222688377e-05,8.807544599869694e-05,0.1372207112000278,6,,
xlnet-base,22,26,68.53546910755149,69.50800915331808,1905055967,9.311236386107472e-05,0.0004526978108049,0.0168883473388814,6,,
xlnet-base,22,27,79.29061784897026,77.80320366132723,531612124,7.510286327596993e-05,0.0459199186782687,0.1238750946424023,5,,
xlnet-base,22,28,73.39816933638444,74.77116704805492,210312155,9.552402741778996e-06,1.8591288127969792e-05,0.0505952241753523,4,,
xlnet-base,22,29,68.53546910755149,69.50800915331808,1231327132,3.2860021167568106e-05,0.0700752065200267,0.1628228429875288,2,,
xlnet-base,23,0,78.60780984719864,80.31674208144797,362326910,4.248203991745823e-05,5.5525756656761926e-05,0.0190605241988585,3,,
xlnet-base,23,1,73.62761743067345,74.8868778280543,615429595,6.930146251580252e-06,0.0006710022171706,0.0625720480510211,5,,
xlnet-base,23,2,78.09847198641766,80.65610859728507,1464275576,2.0088481602621537e-05,0.0340706526676817,0.1393951383833937,8,,
xlnet-base,23,3,70.00565930956424,71.26696832579185,1202944798,6.423556780571968e-05,0.0803283793520008,0.0302789839486878,7,,
xlnet-base,23,4,75.4951895868704,77.20588235294117,361384275,5.624495113791702e-06,0.0851818902179783,0.060746839047853,9,,
xlnet-base,23,5,77.02320316921336,78.9027149321267,183423289,1.2584461991120668e-05,0.0013193428013545,0.1186163010126,8,,
xlnet-base,23,6,70.51499717034521,71.71945701357465,414034846,6.3303918194029984e-06,5.961324353468298e-05,0.1411880132115995,3,,
xlnet-base,23,7,79.17374080362195,80.37330316742081,1966740335,1.3119721212510991e-05,0.0212833943561238,0.1894133321165641,7,,
xlnet-base,23,8,79.9660441426146,80.71266968325791,1259935577,2.752524447857288e-05,0.0027294652291058,0.0597223382845864,6,,
xlnet-base,23,9,75.83474816072439,77.82805429864253,1597361097,8.480308301564106e-06,6.592051777647157e-05,0.189003034578279,8,,
xlnet-base,23,10,80.19241652518393,81.27828054298642,31680317,3.691014969743644e-05,0.0034785223630081,0.1296563273231028,9,,
xlnet-base,23,11,73.5144312393888,75.22624434389141,1826403410,1.3658765452110949e-05,2.1564342883970283e-05,0.1694879888581458,3,,
xlnet-base,23,12,74.81607243916243,76.97963800904978,939994071,5.037798306954199e-06,3.620860965030222e-05,0.1727116961945882,10,,
xlnet-base,23,13,73.91058290888512,75.50904977375566,1478988037,6.348422005775446e-06,0.0326120467109855,0.008523861816353,8,,
xlnet-base,23,14,70.00565930956424,71.26696832579185,1573731017,9.588071229182726e-05,0.0111058841486131,0.1168616731831106,4,,
xlnet-base,23,15,77.24957555178268,78.9027149321267,123526039,1.952947619451061e-05,0.0004464650989636,0.0184451985549368,6,,
xlnet-base,23,16,70.00565930956424,71.26696832579185,897873494,6.74048333907865e-05,0.0116536033114048,0.0960306191003933,3,,
xlnet-base,23,17,79.90945104697226,81.44796380090497,1928152759,2.011096692030317e-05,0.0060501378317122,0.1578166758090212,10,,
xlnet-base,23,18,72.2693831352575,72.85067873303167,1082796428,8.726374080199904e-06,0.0005616017203368,0.1721724054512445,3,,
xlnet-base,23,19,78.32484436898699,80.93891402714932,160856157,6.331512535630407e-05,0.0007744614552043,0.1963712304322676,8,,
xlnet-base,23,20,78.55121675155631,79.86425339366515,605738157,1.1861038916438476e-05,0.0001336777761908,0.0182163123939308,9,,
xlnet-base,23,21,75.77815506508206,79.1289592760181,757080831,6.791604363195578e-06,0.0109124767706684,0.0473750084844023,10,,
xlnet-base,23,22,70.00565930956424,71.26696832579185,1285350578,9.738366201514623e-05,0.0807017268811679,0.040120186627653,10,,
xlnet-base,23,23,75.32541029994341,77.54524886877829,947471412,1.1847201610071814e-05,2.1162925462858564e-05,0.1168950749800175,6,,
xlnet-base,23,24,78.04187889077532,79.29864253393666,34285888,2.753812715625217e-05,0.0268003003020149,0.1272636255768763,3,,
xlnet-base,23,25,81.38087153367289,80.99547511312217,1577913029,4.461599627486881e-05,0.0073895781319873,0.0855463858326398,6,,
xlnet-base,23,26,79.85285795132994,80.1470588235294,1101636237,3.6237121535740014e-05,0.0055177963699192,0.0161194182464387,8,,
xlnet-base,23,27,75.38200339558574,77.65837104072398,1170094962,7.98098644397632e-06,1.896473403872056e-05,0.0331053615657769,9,,
xlnet-base,23,28,78.04187889077532,79.2420814479638,1018705795,3.516813343296997e-05,0.0018941346245906,0.0243595375378512,6,,
xlnet-base,23,29,72.83531409168081,75.16968325791855,607921811,2.5970897133130595e-05,7.963478664504937e-05,0.0549088736429482,2,,
xlnet-base,24,0,76.93593314763231,76.32311977715878,1312563473,7.17249489766908e-05,0.0011739280918542,0.1215234376786716,8,,
xlnet-base,24,1,78.55153203342618,77.43732590529248,681046557,4.745206398948061e-05,8.790804869280304e-05,0.1175294425465462,5,,
xlnet-base,24,2,81.67130919220055,80.61281337047353,2084950552,2.6076062325988977e-05,0.0006809711269554,0.0104855442217471,8,,
xlnet-base,24,3,79.66573816155989,78.66295264623956,318919901,8.02278763367356e-05,7.725327126602233e-05,0.1285691340893696,7,,
xlnet-base,24,4,79.27576601671309,78.99721448467966,956340711,3.466638939324928e-05,0.0002179772775468,0.0337706996438967,5,,
xlnet-base,24,5,79.27576601671309,79.22005571030641,485539763,1.5634616609848304e-05,0.0426178283318214,0.1838117454026338,8,,
xlnet-base,24,6,77.88300835654596,76.88022284122563,563588532,1.1584718446670784e-05,0.0799236013626095,0.1444384848503615,6,,
xlnet-base,24,7,76.76880222841226,75.4874651810585,1145694364,1.106110780309302e-05,4.460531740805064e-05,0.0666894674308564,6,,
xlnet-base,24,8,70.69637883008356,70.47353760445682,1986803669,9.67934259552601e-05,0.0007771428741023,0.04083811435611,4,,
xlnet-base,24,9,76.43454038997214,76.82451253481894,1577120701,5.854616105073077e-05,3.127527528417361e-05,0.0081044294587149,2,,
xlnet-base,24,10,71.08635097493037,71.47632311977716,83887453,1.2869903430087732e-05,0.000206636711469,0.072977943450278,2,,
xlnet-base,24,11,78.83008356545962,78.8857938718663,622255098,2.7722913366756055e-05,1.435592867891845e-05,0.1761878327071906,5,,
xlnet-base,24,12,77.99442896935933,77.04735376044569,1524161088,7.745518647440937e-05,0.006048932168417,0.1542697853617011,3,,
xlnet-base,24,13,70.69637883008356,70.47353760445682,2001792354,8.743228844549256e-05,0.0005571059133198,0.0055036911350413,8,,
xlnet-base,24,14,79.88857938718662,78.05013927576601,732389597,1.852021478544056e-05,2.483504180686056e-05,0.1387381766643537,10,,
xlnet-base,24,15,73.64902506963789,74.3175487465181,2087215127,6.176185849890736e-06,0.0327342799102177,0.1102482085350034,6,,
xlnet-base,24,16,70.69637883008356,70.47353760445682,1390888347,9.594478535906744e-05,0.0021290780962008,0.1347975182682416,2,,
xlnet-base,24,17,80.50139275766017,80.27855153203343,795525266,1.5760014128179253e-05,1.881958601000264e-05,0.1206450661938907,10,,
xlnet-base,24,18,76.991643454039,76.10027855153203,1209530883,1.9996815681293854e-05,7.270517314332946e-05,0.1112963819435078,3,,
xlnet-base,24,19,70.69637883008356,70.47353760445682,85644120,4.0366233084500695e-05,0.0001179043222829,0.1882650138342089,8,,
xlnet-base,24,20,73.53760445682451,73.53760445682451,563049501,9.2687023723824e-06,0.0010127641385863,0.1943234109010882,3,,
xlnet-base,24,21,79.27576601671309,78.94150417827298,1475870206,5.8721367215222e-05,0.0030216444953007,0.182020453029253,10,,
xlnet-base,24,22,79.72144846796657,78.1058495821727,1775907820,6.54688144535027e-06,0.0043864740113378,0.1644446143203643,10,,
xlnet-base,24,23,71.14206128133705,71.47632311977716,1019308242,6.637309611455055e-06,0.0119378454666812,0.0510968714127176,4,,
xlnet-base,24,24,70.69637883008356,70.47353760445682,572238610,5.984627126852392e-05,0.0043950393145595,0.0091704768162266,4,,
xlnet-base,24,25,79.72144846796657,78.44011142061281,150568447,3.359104842372573e-05,0.0039157159072492,0.0306692868314426,7,,
xlnet-base,24,26,78.66295264623956,76.82451253481894,936657737,1.0877727143116443e-05,0.0002004732559717,0.0620293961491031,8,,
xlnet-base,24,27,70.69637883008356,70.47353760445682,170516192,8.251983825910742e-05,0.008965114349638,0.1456658993341147,2,,
xlnet-base,24,28,72.70194986072423,72.53481894150418,145165420,2.3599381445167386e-05,0.0331451038618125,0.0740815873247468,2,,
xlnet-base,24,29,75.71030640668523,74.48467966573816,1623741555,7.399076419059568e-05,2.227265743377093e-05,0.139224363860677,5,,
xlnet-base,25,0,76.56509695290859,74.69545957918051,2056042014,7.647770946352313e-06,0.0115134408309112,0.0803143764302663,6,,
xlnet-base,25,1,71.46814404432133,70.48726467331119,1030527273,5.017558808449501e-06,0.0063325119630657,0.0358302843788973,2,,
xlnet-base,25,2,75.73407202216066,74.75083056478405,1763595511,1.673263367606861e-05,0.0048482952207951,0.016320738179633,2,,
xlnet-base,25,3,78.22714681440443,77.02104097452934,383034678,2.0747074167847045e-05,0.0004969766347432,0.0736117212292578,6,,
xlnet-base,25,4,77.45152354570637,76.63344407530454,1225896316,3.995445487651277e-05,0.0598887626843324,0.0108385942126329,3,,
xlnet-base,25,5,78.72576177285319,77.29789590254707,120418398,2.545285931264895e-05,3.168345462160122e-05,0.1182218795732457,5,,
xlnet-base,25,6,77.34072022160665,76.02436323366555,1934067053,5.900335631497166e-05,0.000113402117418,0.0265895951408788,7,,
xlnet-base,25,7,80.05540166204986,79.84496124031008,1343327418,3.714013417640693e-05,0.0003342754294109,0.0192120036428514,7,,
xlnet-base,25,8,75.4016620498615,73.80952380952381,867472658,5.187524389845451e-06,3.9405123139825335e-05,0.1033998526955529,7,,
xlnet-base,25,9,78.67036011080333,77.85160575858251,1523161009,9.213068893742432e-06,0.00080118050517,0.0493159803641159,5,,
xlnet-base,25,10,79.77839335180056,78.12846068660022,1934511755,3.594858041264897e-05,1.1174325731379684e-05,0.1282973769029984,5,,
xlnet-base,25,11,81.27423822714681,80.95238095238095,1839616748,1.7502658189830962e-05,0.0443927736030681,0.1593016453428581,8,,
xlnet-base,25,12,78.11634349030471,77.85160575858251,1073774347,2.748959143650059e-05,0.0044517367118555,0.126703570914334,3,,
xlnet-base,25,13,74.40443213296399,73.31118493909192,1343262539,1.4486818660508756e-05,0.0003835512020159,0.0445930328823163,2,,
xlnet-base,25,14,71.46814404432133,70.48726467331119,1844468351,7.693824947922803e-05,0.0118195015410562,0.0568123173841585,4,,
xlnet-base,25,15,80.60941828254848,80.0110741971207,620058129,2.080378548713531e-05,0.0001982060629243,0.1654021174387702,6,,
xlnet-base,25,16,81.82825484764543,80.95238095238095,1879038136,4.1293041243121696e-05,0.0046510732597803,0.0973606564604652,6,,
xlnet-base,25,17,78.61495844875347,77.07641196013289,1628757072,6.614126497392677e-05,0.0114846358261,0.1169943478409916,9,,
xlnet-base,25,18,79.83379501385042,79.51273532668881,1050799800,1.7654275453689406e-05,0.0416333599805468,0.1974688922740141,6,,
xlnet-base,25,19,77.67313019390582,77.79623477297896,294880450,7.204157952441986e-05,0.0029063544135544,0.0491068490382488,3,,
xlnet-base,25,20,78.11634349030471,77.07641196013289,1683524956,8.95191484574862e-05,0.011325526890305,0.0580600025647843,4,,
xlnet-base,25,21,80.4432132963989,78.79291251384275,1773814835,6.127454766453225e-05,8.959876099759964e-05,0.164805695593119,5,,
xlnet-base,25,22,80.4432132963989,78.8482834994463,435776673,5.272294950085675e-05,0.0002992222456173,0.0314860016482396,10,,
xlnet-base,25,23,71.46814404432133,70.48726467331119,945640268,7.075289928064613e-05,4.483155718086899e-05,0.0792916152195337,3,,
xlnet-base,25,24,74.62603878116343,73.14507198228128,1663648344,8.362459117609266e-06,1.7511093156565522e-05,0.0173779400590584,3,,
xlnet-base,25,25,71.91135734072022,70.87486157253599,335084865,4.609507457786606e-05,0.0004420116746162,0.0459412774624115,8,,
xlnet-base,25,26,79.44598337950139,79.01439645625692,1068662279,6.659967565245643e-05,0.002876688857052,0.1048955203702491,8,,
xlnet-base,25,27,71.46814404432133,70.48726467331119,713064340,5.94104716416946e-05,0.0003565588550398,0.0462458132415921,3,,
xlnet-base,25,28,76.56509695290859,75.74750830564784,171748125,1.571632474022302e-05,0.0020347435163608,0.110333595801578,3,,
xlnet-base,25,29,78.17174515235457,77.24252491694352,1572601030,1.3495782046718297e-05,0.0010371975220856,0.1322295964588124,5,,
xlnet-base,26,0,76.16081540203851,76.23089983022071,768802733,7.017208211717205e-06,4.922671767182783e-05,0.1127122342628693,10,,
xlnet-base,26,1,77.57644394110986,77.985285795133,1590656054,6.262661723796623e-05,0.0001266430961544,0.1280166426686236,6,,
xlnet-base,26,2,74.97168742921858,75.26881720430107,1036470269,1.4942517856950203e-05,0.0005082920048917,0.1527688755009934,5,,
xlnet-base,26,3,75.42468856172141,75.72156196943973,281760867,2.4287806291769102e-05,0.0836955557437873,0.1714488354163921,3,,
xlnet-base,26,4,79.27519818799547,79.73967176004527,770898150,3.0072165117600276e-05,0.0010197739981586,0.031527568085719,9,,
xlnet-base,26,5,76.95356738391845,77.815506508206,619322291,3.146281710245158e-05,0.0004710896346951,0.1254705754312922,4,,
xlnet-base,26,6,69.36579841449604,70.74136955291455,69842403,7.113494999219918e-05,1.422523434167954e-05,0.0866460220537103,2,,
xlnet-base,26,7,70.8946772366931,71.9298245614035,736192386,1.25083975782863e-05,0.0005752809098665,0.1488591780540441,2,,
xlnet-base,26,8,73.89580973952435,74.30673457838144,1678673264,1.1806143835705972e-05,0.0318654300098197,0.042865638965364,3,,
xlnet-base,26,9,72.87655719139298,73.5144312393888,1398306800,8.036686828540035e-06,0.0006588067579964,0.0012512684177171,5,,
xlnet-base,26,10,78.8788221970555,78.49462365591398,1879228613,4.672344764577655e-05,1.815915612919327e-05,0.1272122619868764,5,,
xlnet-base,26,11,75.99093997734994,75.94793435200906,659888895,1.5639450416414375e-05,0.0001823164354811,0.0444353100715858,7,,
xlnet-base,26,12,72.3669309173273,73.57102433503113,1217385931,1.575283375851109e-05,3.357297804427303e-05,0.0718544178100187,3,,
xlnet-base,26,13,78.2559456398641,78.32484436898699,16083293,3.535923690544662e-05,0.0343660493146504,0.024219482981435,6,,
xlnet-base,26,14,76.33069082672706,75.4951895868704,503498322,2.4158655460240847e-05,0.0406435438046516,0.0473492013377149,10,,
xlnet-base,26,15,76.0475651189128,76.91001697792869,228744547,8.817701158829872e-06,0.0142268129237603,0.1220328470266264,10,,
xlnet-base,26,16,77.34994337485844,78.38143746462931,754690583,9.964806759630792e-06,0.0002835238450414,0.1519321769979736,10,,
xlnet-base,26,17,70.66817667044168,71.59026598754951,821620407,1.0317105202548382e-05,0.0010801441024336,0.0634897651255812,2,,
xlnet-base,26,18,72.14043035107588,72.83531409168081,1621582124,6.455357646627607e-06,0.0043445137319355,0.0191532465735274,4,,
xlnet-base,26,19,78.53907134767837,79.45670628183362,1941529937,2.626583658610356e-05,4.2346108018219285e-05,0.1689186027750123,10,,
xlnet-base,26,20,78.42582106455266,78.60780984719864,1067171117,6.711670882624256e-05,0.0165232534817794,0.1904348122778985,6,,
xlnet-base,26,21,72.53680634201585,73.1748726655348,1913542400,2.340303022773384e-05,0.028390518920547,0.1264476716137804,2,,
xlnet-base,26,22,79.7281993204983,79.45670628183362,1242158540,2.639831469864079e-05,8.360167771900518e-05,0.0892097080639719,7,,
xlnet-base,26,23,69.36579841449604,70.74136955291455,1943519194,5.459236448037315e-05,0.0072895755677746,0.0176283874257802,9,,
xlnet-base,26,24,69.36579841449604,70.79796264855688,1702008079,5.3557129127380415e-06,0.0711983394007799,0.0807588641370263,2,,
xlnet-base,26,25,78.02944507361268,78.83418222976796,58832212,2.7584755437528287e-05,0.000813020395651,0.0278950737662168,8,,
xlnet-base,26,26,69.36579841449604,70.74136955291455,1720600474,8.524636406828656e-05,0.0072933422647234,0.070628408696467,4,,
xlnet-base,26,27,78.82219705549264,78.83418222976796,1912393979,1.665129462161833e-05,0.0010841591963773,0.012799758082656,7,,
xlnet-base,26,28,76.55719139297848,76.28749292586305,1017542733,8.816102481745936e-06,0.0003313061539355,0.0588050183678945,9,,
xlnet-base,26,29,72.59343148357871,73.74080362195812,1838022957,1.257561854890572e-05,0.0011535924638906,0.129572816920911,3,,
xlnet-base,27,0,77.38835500282646,74.63276836158192,1013793276,5.817767246998816e-06,3.491558448650257e-05,0.1326145209193334,10,,
xlnet-base,27,1,79.08422837761447,77.34463276836158,991664278,4.344568440695774e-05,0.0348818457147767,0.116213736885708,3,,
xlnet-base,27,2,73.54437535330695,70.50847457627118,1481588606,1.24086646802024e-05,0.0235595554857446,0.0047667829943246,2,,
xlnet-base,27,3,76.76653476540419,73.72881355932203,1534371529,9.042467099631065e-06,0.0015640668191283,0.0531547356433241,6,,
xlnet-base,27,4,79.36687394007915,76.8361581920904,926680530,9.13030869679948e-06,0.0076162512008668,0.1095628114004839,10,,
xlnet-base,27,5,80.38439796495194,77.34463276836158,724668113,1.0008119209481572e-05,0.0005584733015376,0.1037088205227486,9,,
xlnet-base,27,6,80.38439796495194,77.40112994350282,1963312619,3.183817709556822e-05,0.0001339585823318,0.1244650593846775,4,,
xlnet-base,27,7,75.80553985302431,72.14689265536722,1776636968,7.217195101978082e-06,0.0001274806841321,0.1426526442208952,5,,
xlnet-base,27,8,81.2888637648389,77.68361581920904,1026513758,1.65767742413623e-05,0.00011173012488,0.1400002490530857,6,,
xlnet-base,27,9,71.73544375353308,67.96610169491525,1466866434,7.256354253473452e-05,0.0005578333654108,0.0005934675459073,2,,
xlnet-base,27,10,71.73544375353308,67.96610169491525,763317273,5.052782444559122e-06,0.0019253741936129,0.0314510462815249,2,,
xlnet-base,27,11,80.04522328999435,77.11864406779661,1515217444,1.9110477019795244e-05,0.0554367241333818,0.1582097538340638,9,,
xlnet-base,27,12,80.61051441492368,76.94915254237289,459510921,4.2216900443942753e-05,0.0550135476079437,0.0059166845857883,8,,
xlnet-base,27,13,74.56189937817976,70.3954802259887,1917992258,6.384567064498501e-06,0.0011537746440585,0.0595519278868562,6,,
xlnet-base,27,14,76.82306387789711,73.44632768361582,502926577,5.473436569861212e-06,0.0756478465571393,0.1356785943298316,7,,
xlnet-base,27,15,76.87959299039005,73.50282485875707,1313494649,3.535960169145385e-05,5.056270765994642e-05,0.1525284662794988,2,,
xlnet-base,27,16,79.1407574901074,75.31073446327683,715130423,5.839290979498388e-05,0.0001386177517898,0.0146206312400103,10,,
xlnet-base,27,17,79.70604861503675,77.51412429378531,29938913,4.1261672122135776e-05,0.0001894639546679,0.0449454503586037,3,,
xlnet-base,27,18,78.34934991520633,76.38418079096046,134969584,1.5035076433801909e-05,0.0002267621536805,0.0349494539954832,5,,
xlnet-base,27,19,75.29677784058791,71.5819209039548,285235303,7.537935802625523e-06,0.0039049357971712,0.1344678056147143,4,,
xlnet-base,27,20,80.04522328999435,77.79661016949153,1897512287,6.047540237310361e-05,2.0392001251152377e-05,0.1296769329851587,7,,
xlnet-base,27,21,77.16223855285472,74.97175141242938,1584341199,1.0033029614483456e-05,0.0185745890296448,0.0178702711936272,7,,
xlnet-base,27,22,76.48388920293951,72.42937853107344,997622119,6.458405060606107e-06,0.0021595444819791,0.1223350184621511,8,,
xlnet-base,27,23,79.19728660260034,75.76271186440678,1007503030,7.165741993946612e-05,0.0006016157601203,0.1487953015913887,7,,
xlnet-base,27,24,79.70604861503675,77.00564971751412,281516703,1.8294432840983367e-05,0.0901903535635315,0.0843094516678553,8,,
xlnet-base,27,25,79.53646127755795,75.70621468926554,1232716144,9.460226399233636e-05,0.0808377370022907,0.0616584956134919,4,,
xlnet-base,27,26,81.9672131147541,79.03954802259886,2132096799,4.290529920305712e-05,0.0392554443203568,0.1503936433119151,9,,
xlnet-base,27,27,77.67100056529112,73.61581920903954,1287224706,5.830034019566497e-06,0.0026342699625807,0.1997015603682235,9,,
xlnet-base,27,28,79.70604861503675,77.00564971751412,714207070,1.4643822547114571e-05,2.633137516168037e-05,0.1897353020512883,9,,
xlnet-base,27,29,71.73544375353308,67.96610169491525,1769684904,6.652291929087534e-05,0.0081715466095151,0.1665309966346376,2,,
xlnet-base,28,0,72.5412166003411,74.7159090909091,272423777,5.382766820196584e-06,0.0033147327236706,0.0392122828271701,7,,
xlnet-base,28,1,77.77146105741899,79.60227272727273,2051925011,6.877971674759675e-05,0.0024222255812657,0.0916426222323459,5,,
xlnet-base,28,2,77.31665719158613,79.48863636363636,526463135,3.265625218500168e-05,0.0043477757140122,0.0788280381866463,6,,
xlnet-base,28,3,75.5542922114838,77.95454545454545,1470538822,7.662947761274231e-05,0.0080451194137916,0.1828004359021533,6,,
xlnet-base,28,4,69.81239340534394,72.10227272727273,1985600144,1.0183288352641365e-05,4.072399297967384e-05,0.0473056126057276,3,,
xlnet-base,28,5,69.18703808982376,71.19318181818181,1123437578,8.252521870921872e-05,0.0011130606354068,0.0031282773366182,4,,
xlnet-base,28,6,75.61114269471291,79.375,210251669,6.601010553171074e-06,0.0001193319407304,0.1698734753113195,7,,
xlnet-base,28,7,71.63160886867539,74.60227272727273,804682961,2.6700686867847317e-05,1.4677545829203584e-05,0.0093538134040012,2,,
xlnet-base,28,8,80.44343376918704,81.81818181818181,126806872,8.500487355204923e-05,0.0084326337353052,0.1493932832510352,9,,
xlnet-base,28,9,76.69130187606595,80.11363636363636,150381367,1.428596948834764e-05,0.0004738907869114,0.0919554223044573,10,,
xlnet-base,28,10,78.79476975554292,80.79545454545455,106502386,5.873854090981095e-05,0.0001333697990699,0.0708720149292526,6,,
xlnet-base,28,11,79.19272313814668,79.82954545454545,190314990,4.595782413178178e-05,0.0260982836371356,0.1875478562745485,3,,
xlnet-base,28,12,69.18703808982376,71.19318181818181,1684382729,3.887719728551345e-05,0.0084181910111546,0.0797282196625039,4,,
xlnet-base,28,13,77.99886299033541,80.45454545454545,540472033,1.532543713235317e-05,0.0001305636406928,0.1497100621557189,10,,
xlnet-base,28,14,75.66799317794201,77.61363636363636,159071344,1.985212832439004e-05,0.0042409552343771,0.015291153554183,6,,
xlnet-base,28,15,70.32404775440591,72.27272727272727,827494906,6.3351727930653696e-06,0.09340517312231,0.1157348847047064,3,,
xlnet-base,28,16,79.64752700397953,80.9090909090909,2087137858,6.708306411075773e-05,0.0001769579392149,0.1776922678435477,9,,
xlnet-base,28,17,69.18703808982376,71.19318181818181,1911136414,9.924041997494056e-05,8.416143205591377e-05,0.0407131758136371,8,,
xlnet-base,28,18,77.0892552586697,79.31818181818181,2089412905,1.4661009884062858e-05,0.0001159569689216,0.1692356830133883,5,,
xlnet-base,28,19,69.18703808982376,71.19318181818181,1895636408,5.266365719105381e-05,0.0001915878695459,0.022849504368133,5,,
xlnet-base,28,20,73.90562819783968,76.5340909090909,718045578,5.555718906766449e-06,0.000394682212981,0.0743669800524697,9,,
xlnet-base,28,21,73.16657191586128,76.19318181818181,1726480064,2.181428344206608e-05,0.0119810414845895,0.0625802048467533,2,,
xlnet-base,28,22,70.03979533826038,71.98863636363636,989414433,7.958641672119142e-06,0.0024742286320734,0.1100998326530959,2,,
xlnet-base,28,23,69.18703808982376,71.19318181818181,1736724508,6.892405413138845e-05,1.1024002882226138e-05,0.0003018626278356,7,,
xlnet-base,28,24,74.58783399658897,78.06818181818181,1464404504,1.3117871857442377e-05,0.0030992282011329,0.1615812175598018,4,,
xlnet-base,28,25,72.88231949971575,75.51136363636364,546090800,7.272108777789793e-06,0.0328204099661201,0.100880759918336,6,,
xlnet-base,28,26,75.44059124502559,78.23863636363636,1554906290,1.0814765228571955e-05,0.024411665041438,0.0992428512803515,7,,
xlnet-base,28,27,69.18703808982376,71.19318181818181,428911921,4.18622770080716e-05,0.0997969253077292,0.0677471970180368,7,,
xlnet-base,28,28,69.18703808982376,71.19318181818181,684452749,3.1393276238512664e-05,0.000505052671236,0.1090910440114966,3,,
xlnet-base,28,29,79.76122797043774,81.19318181818181,319061287,4.27539061516538e-05,0.0003307469702365,0.1809725565702142,9,,
xlnet-base,29,0,81.69336384439359,80.72082379862701,75700855,3.292966839536603e-05,0.0190460215047895,0.0503970148969562,9,,
xlnet-base,29,1,78.26086956521739,77.63157894736842,884170816,1.3059378603131911e-05,0.0001387184900322,0.1008221562702838,6,,
xlnet-base,29,2,81.06407322654462,80.1487414187643,19679973,4.325222347409432e-05,0.0106654196555342,0.1984871206512492,7,,
xlnet-base,29,3,79.80549199084668,79.34782608695652,1970290485,2.3937214572132636e-05,0.0039740705611321,0.0902213487061608,5,,
xlnet-base,29,4,79.91990846681922,78.54691075514874,739426667,2.067522018359728e-05,3.394030751787186e-05,0.0776847489787983,5,,
xlnet-base,29,5,78.14645308924486,77.57437070938215,1442607043,1.1971496091944913e-05,8.796081372887282e-05,0.1210131202819361,6,,
xlnet-base,29,6,73.34096109839817,73.11212814645309,1063017438,6.029196357482919e-06,0.0053552366351005,0.0845762909545049,4,,
xlnet-base,29,7,72.65446224256293,72.36842105263158,2050972884,5.422026435984892e-06,0.0592718623431894,0.0920609732674683,4,,
xlnet-base,29,8,75.11441647597255,75.28604118993135,1196123932,5.383956569042974e-06,0.0025308304380077,0.1337749928051777,8,,
xlnet-base,29,9,71.73913043478261,71.39588100686498,928212223,8.31376665656939e-05,0.0003549396333241,0.0632735971568911,8,,
xlnet-base,29,10,71.91075514874142,71.39588100686498,1695904044,8.306803824276299e-06,0.0973428423964793,0.0111678976561285,2,,
xlnet-base,29,11,75.74370709382151,75.80091533180779,557036507,1.2728029583589292e-05,7.934598217685e-05,0.1196683414984534,3,,
xlnet-base,29,12,78.66132723112128,79.06178489702518,694596275,3.145233164806865e-05,0.0524296873710942,0.155542071943022,3,,
xlnet-base,29,13,76.54462242562929,76.3157894736842,1578281906,8.630299739015689e-06,0.0023792187897533,0.0497777935792872,7,,
xlnet-base,29,14,77.68878718535468,78.71853546910755,1858553473,7.195480654664002e-05,2.416858377233824e-05,0.0959560618935288,6,,
xlnet-base,29,15,77.91762013729978,77.4599542334096,1800882841,2.1359185734139027e-05,7.29299175592361e-05,0.1607543575840778,3,,
xlnet-base,29,16,77.91762013729978,78.20366132723112,1005843562,9.097505228357009e-06,0.0355136630664469,0.0963999799440794,9,,
xlnet-base,29,17,79.91990846681922,80.20594965675058,275829495,5.181850258860106e-05,0.042004477204939,0.0601915671342711,10,,
xlnet-base,29,18,80.77803203661327,80.54919908466819,2019373944,2.655620093069336e-05,0.0188095903836008,0.0034752594458594,4,,
xlnet-base,29,19,80.03432494279176,79.5766590389016,1472060794,2.419764284544312e-05,0.000352707329536,0.11561671003783,4,,
xlnet-base,29,20,71.73913043478261,71.39588100686498,321048130,7.896973540893191e-05,0.0074968766427864,0.053944711471179,8,,
xlnet-base,29,21,81.06407322654462,79.63386727688787,493272184,2.458463780902382e-05,3.341960006129919e-05,0.1054123470762483,9,,
xlnet-base,29,22,80.72082379862701,80.09153318077803,824929393,2.693530375478856e-05,0.0011403395452589,0.0590516654245541,6,,
xlnet-base,29,23,75.97254004576659,76.25858123569795,2072875276,8.205518392197395e-06,0.0006696222898929,0.0611571814713097,7,,
xlnet-base,29,24,72.19679633867277,70.88100686498856,1512797881,7.467487718412918e-06,0.0001280216120893,0.1805774319969205,2,,
xlnet-base,29,25,79.23340961098398,78.31807780320366,2003979467,8.943668799329559e-06,0.0020958527409823,0.0481503933076804,10,,
xlnet-base,29,26,81.92219679633867,80.94965675057209,1818869572,2.8688292727662697e-05,0.0009270637390841,1.481439187172029e-05,5,,
xlnet-base,29,27,78.31807780320366,77.2883295194508,528929963,4.519132438790272e-05,2.3145400984887943e-05,0.0299225894030565,4,,
xlnet-base,29,28,80.83524027459954,80.60640732265446,1785937126,3.326969462232241e-05,0.0065413734515044,0.0943348224288467,7,,
xlnet-base,29,29,81.17848970251717,80.37757437070938,1583182907,2.57360362102597e-05,0.0013858944920905,0.0600042999051526,5,,
roberta-base,0,0,84.12429378531074,84.91525423728814,2095040626,7.274416121253736e-06,0.0025286716656601,0.1937028293773115,10,,
roberta-base,0,1,84.18079096045197,83.38983050847457,1285182899,5.9820843867266334e-05,6.9853888581324e-05,0.1050215915457948,2,,
roberta-base,0,2,83.38983050847457,84.01129943502825,1872994305,5.250603493715492e-06,3.208796475526785e-05,0.0389377334064587,9,,
roberta-base,0,3,85.31073446327683,83.84180790960453,1220706989,2.901763881964726e-05,0.0072115492559399,0.0146116440007072,7,,
roberta-base,0,4,85.2542372881356,84.63276836158192,1336639388,1.963024929064078e-05,0.0023782824375942,0.1909514412374955,8,,
roberta-base,0,5,86.49717514124293,84.85875706214689,529330676,3.274273558858274e-05,0.0032412607887235,0.1211088041478412,9,,
roberta-base,0,6,83.33333333333333,84.91525423728814,1601564516,1.504239368766768e-05,1.2127907680747058e-05,0.1549543246015153,7,,
roberta-base,0,7,84.01129943502825,83.84180790960453,481247860,1.3090484169956098e-05,0.0006725161303128,0.1002787373828146,5,,
roberta-base,0,8,85.19774011299435,85.2542372881356,251426540,1.2926526476537834e-05,0.0273405346912232,0.1782992627493428,7,,
roberta-base,0,9,84.29378531073446,83.44632768361582,695708500,4.2327484482955866e-05,0.0282880272835576,0.0038525064402573,2,,
roberta-base,0,10,84.91525423728814,85.08474576271186,642946480,6.53107501563662e-06,0.0025232886470624,0.0414246416408809,10,,
roberta-base,0,11,83.72881355932203,83.67231638418079,1632368935,4.942353458913557e-05,0.0006009667327229,0.192481371782223,6,,
roberta-base,0,12,84.80225988700565,83.78531073446328,1517187563,2.085335724387753e-05,0.0041291079989916,0.1723093457049323,10,,
roberta-base,0,13,84.29378531073446,84.29378531073446,410954963,1.296977376133306e-05,1.4796656489074128e-05,0.1845026695249519,4,,
roberta-base,0,14,83.22033898305085,83.84180790960453,1999444864,1.821110945389008e-05,0.0005948720280436,0.087595983167168,2,,
roberta-base,0,15,82.93785310734464,81.92090395480226,1016660109,9.08793450361924e-05,1.4762692454289175e-05,0.1958693909610975,10,,
roberta-base,0,16,83.78531073446328,84.29378531073446,922984953,6.012858089613149e-05,0.0003106370741114,0.1068150810173576,7,,
roberta-base,0,17,85.2542372881356,83.78531073446328,1590198536,2.4662366206112427e-05,0.0048289350467079,0.1101249995585767,4,,
roberta-base,0,18,84.23728813559322,83.78531073446328,1282360820,1.5736860065288736e-05,0.0132115955975029,0.1900936365629806,5,,
roberta-base,0,19,81.63841807909604,83.44632768361582,287942334,7.685633948907043e-06,0.0007149730872612,0.018069437314586,3,,
roberta-base,0,20,83.72881355932203,84.35028248587571,418717393,1.2951816867303978e-05,2.623634418374601e-05,0.174306086386065,8,,
roberta-base,0,21,84.85875706214689,84.63276836158192,881082178,3.060518775967691e-05,8.434259898015074e-05,0.1120521536757544,8,,
roberta-base,0,22,84.51977401129943,84.97175141242938,21724865,1.108884602917992e-05,0.0029680949187986,0.1756936213644187,8,,
roberta-base,0,23,85.48022598870057,85.59322033898304,167605427,1.4579469920019606e-05,0.0003715855544702,0.0002849271287152,7,,
roberta-base,0,24,81.75141242937853,81.86440677966101,2057529070,5.039397326580365e-05,0.0002464043844975,0.0056313637443173,7,,
roberta-base,0,25,84.63276836158192,84.85875706214689,971720970,4.059651147888386e-05,0.0003018929019764,0.1608726171988366,10,,
roberta-base,0,26,85.19774011299435,83.67231638418079,188832219,3.414147861643384e-05,0.073421924479357,0.0905386121242027,6,,
roberta-base,0,27,84.29378531073446,84.18079096045197,1955306976,2.1170403881295516e-05,0.0358273670482403,0.0703443917711699,2,,
roberta-base,0,28,84.35028248587571,85.2542372881356,178054390,9.205138811885008e-06,0.0899766049645551,0.1710163478492327,9,,
roberta-base,0,29,84.57627118644068,84.29378531073446,1868129985,1.7987584392531205e-05,0.0015749396433112,0.0696578362005337,4,,
roberta-base,1,0,85.14219384793964,84.33874709976799,1726880470,5.9782349542497504e-05,0.088890405596628,0.0199188812927493,3,,
roberta-base,1,1,85.02611723737667,85.26682134570765,866575469,3.878483665003959e-05,0.0645940426212695,0.1293723292159158,8,,
roberta-base,1,2,82.58850841555427,82.13457076566125,101129262,7.45129549821885e-05,0.000383494879845,0.0141567817274604,10,,
roberta-base,1,3,82.99477655252467,82.25058004640371,1482785373,5.167928283359682e-06,0.0003209314110976,0.1202768268968232,4,,
roberta-base,1,4,84.79396401625073,83.23665893271462,2022735853,5.595878056451899e-05,0.0020309605681846,0.0128801884696903,9,,
roberta-base,1,5,83.57515960533952,82.77262180974478,890787980,7.195699051633421e-05,0.0011406096839068,0.0091543120744084,10,,
roberta-base,1,6,82.35635519442832,83.23665893271462,1443371492,8.530870078561905e-05,1.0981022691876736e-05,0.1417062765819026,5,,
roberta-base,1,7,83.45908299477655,84.04872389791183,2104694537,8.601823639578318e-06,0.0005570712084937,0.0712075875077371,5,,
roberta-base,1,8,84.44573418456181,84.5707656612529,678263699,1.4420960888128628e-05,0.0764787783443609,0.180816610800625,7,,
roberta-base,1,9,85.3163087637841,83.46867749419954,1304662015,4.325489096968876e-05,1.5856939327800674e-05,0.0152545021544326,10,,
roberta-base,1,10,82.76262333139873,84.68677494199535,135178043,2.1469455602889255e-05,0.0212215933305944,0.1212176020861504,4,,
roberta-base,1,11,85.20023215322112,84.5707656612529,1697022855,2.845863257726713e-05,0.074712019623561,0.1270140857226852,5,,
roberta-base,1,12,81.95008705745792,83.17865429234338,1470791522,8.930328823123552e-05,0.0042359154224429,0.0707252013440173,2,,
roberta-base,1,13,84.9100406268137,85.32482598607889,747289812,3.474053745695117e-05,0.0060604411456552,0.1901976330743262,5,,
roberta-base,1,14,83.69123621590249,85.61484918793504,2131182138,1.2114197701665427e-05,7.661821485016509e-05,0.0889583002593224,6,,
roberta-base,1,15,83.57515960533952,84.51276102088167,1768881575,5.023287956014268e-06,3.68469328155347e-05,0.1841987898597645,10,,
roberta-base,1,16,84.27161926871736,84.68677494199535,2035558183,1.900811660345285e-05,5.244012585785852e-05,0.0075639766556336,9,,
roberta-base,1,17,84.61984910040627,84.10672853828306,1943671916,2.1432803968738453e-05,0.0025629617757346,0.1569191602446364,9,,
roberta-base,1,18,84.38769587928033,84.62877030162413,1884297000,2.4956878534372813e-05,0.0003630827663556,0.0975418534345478,9,,
roberta-base,1,19,84.5037724898433,84.45475638051045,1316936751,3.108504002311273e-05,0.0020644053616699,0.0892407777236788,9,,
roberta-base,1,20,83.51712130005804,84.68677494199535,1639943608,8.4108046706918e-06,0.0014448302574975,0.0842482071905673,6,,
roberta-base,1,21,84.21358096343587,84.28074245939675,45127455,1.7293217570813262e-05,0.0007279188687626,0.1718898445221991,5,,
roberta-base,1,22,83.22692977365061,84.33874709976799,1671516597,3.902484453330548e-05,0.0010388881226602,0.0376714600382644,2,,
roberta-base,1,23,83.45908299477655,84.45475638051045,1965641910,1.5441499787895108e-05,0.0274165701289703,0.133329533792439,3,,
roberta-base,1,24,83.40104468949507,84.51276102088167,9097657,5.3576780679992445e-06,3.3484161754852154e-05,0.0528207504855694,9,,
roberta-base,1,25,84.67788740568776,84.80278422273781,941628250,4.253513627611127e-05,9.414855408289622e-05,0.0631803420002942,6,,
roberta-base,1,26,84.0394660475914,84.16473317865429,1696735311,3.102533123318606e-05,0.0065091275740563,0.0260034680624513,4,,
roberta-base,1,27,84.27161926871736,84.33874709976799,1572575311,4.425113797275871e-05,0.0011062114094316,0.0096212181787634,2,,
roberta-base,1,28,83.34300638421358,84.97679814385151,1182780717,4.285858987428634e-05,1.6637358428655564e-05,0.115696772456721,3,,
roberta-base,1,29,83.80731282646546,85.5568445475638,1112235990,8.790718331168876e-06,0.0154695278005945,0.1987515574448506,8,,
roberta-base,2,0,81.16515837104072,81.4584511023177,1608601905,8.329987809330482e-06,0.009799092430859,0.0138684452515668,2,,
roberta-base,2,1,84.95475113122171,85.01978518937253,974898698,1.390503898951075e-05,5.989405009787186e-05,0.1403710297157544,9,,
roberta-base,2,2,84.84162895927602,84.90672696438666,149637304,2.14980973170501e-05,0.0002005418849933,0.1636024886372302,9,,
roberta-base,2,3,81.39140271493213,81.4584511023177,1666687737,6.345921400786704e-06,0.0050013422086364,0.1915402319350394,2,,
roberta-base,2,4,83.1447963800905,82.41944601469757,773509455,1.879266231794532e-05,0.0978976248670919,0.1211657901620013,2,,
roberta-base,2,5,83.5972850678733,83.71961560203505,604030197,1.6866177824891426e-05,2.096871507262729e-05,0.0068556785694561,3,,
roberta-base,2,6,83.99321266968326,83.38044092707744,813375141,5.637686075855629e-05,0.0001333837865071,0.1746381578800006,7,,
roberta-base,2,7,83.99321266968326,84.17184850197852,368699055,1.104754648474156e-05,0.0002691446002403,0.0577970996558911,9,,
roberta-base,2,8,84.0497737556561,84.62408140192198,1588291377,6.787717006271442e-06,0.0061664799039668,0.1562182186998678,9,,
roberta-base,2,9,84.0497737556561,84.56755228942906,997823548,8.75648109618228e-06,0.0010085483263663,0.1944854679167427,7,,
roberta-base,2,10,85.06787330316742,83.77614471452799,2074767571,4.00672451976273e-05,3.58113025374481e-05,0.0144286991370878,2,,
roberta-base,2,11,84.33257918552036,84.34143583945732,881097224,3.138365901325014e-05,3.2368389859013296e-05,0.0122284952457916,10,,
roberta-base,2,12,83.31447963800905,82.24985867721877,571143862,7.690467436541993e-05,0.0001352616724896,0.1523393290595409,8,,
roberta-base,2,13,84.72850678733032,84.34143583945732,1385597288,4.818363462182223e-05,0.0016876849229269,0.1723941265985133,5,,
roberta-base,2,14,84.10633484162896,83.83267382702091,153608278,2.287003558637842e-05,0.0156096514123904,0.1008847482181724,4,,
roberta-base,2,15,81.95701357466064,82.36291690220463,1234968155,7.162769538986464e-06,2.701491628184142e-05,0.0149832061028804,4,,
roberta-base,2,16,69.62669683257919,70.60486150367439,1871002975,6.965708339664788e-05,0.0127630771250408,0.0119528490174727,5,,
roberta-base,2,17,83.82352941176471,84.51102317693612,1196376990,5.5853440007495615e-06,0.0008485598118068,0.1323805563812939,8,,
roberta-base,2,18,84.27601809954751,85.30243075183719,258447982,1.9128701734335032e-05,0.0202488142079459,0.1602972515556124,5,,
roberta-base,2,19,84.84162895927602,84.17184850197852,955544103,3.110513126746412e-05,0.0075958173321054,0.1763208070404452,3,,
roberta-base,2,20,83.9366515837104,83.55002826455625,1399459491,2.156249317452949e-05,0.063452285865697,0.0306669830594579,3,,
roberta-base,2,21,84.10633484162896,83.60655737704919,70778321,9.535608962573214e-06,0.0085512528057514,0.134426017375292,6,,
roberta-base,2,22,79.97737556561086,81.23233465234595,1412752050,8.776692819007578e-05,0.0123162242540182,0.0594325383141185,3,,
roberta-base,2,23,85.18099547511312,83.94573205200679,378293059,9.471348633151756e-06,0.0236901402607452,0.1855158057109438,7,,
roberta-base,2,24,85.57692307692308,84.68061051441492,1992198332,2.074234535581373e-05,0.0009250763828954,0.0339826978467307,10,,
roberta-base,2,25,85.18099547511312,85.41548897682307,1551960273,2.604427565270892e-05,0.0192573387088873,0.1512181266257498,8,,
roberta-base,2,26,84.16289592760181,84.68061051441492,1502041001,5.089705066922736e-05,0.0057625538785118,0.1961819194451706,3,,
roberta-base,2,27,83.99321266968326,83.83267382702091,1169181418,4.4695098077175984e-05,0.0003551839116254,0.0563154147223994,4,,
roberta-base,2,28,83.31447963800905,83.55002826455625,1567997497,6.992407097870066e-05,0.0081998559296618,0.1898561203792285,7,,
roberta-base,2,29,84.38914027149322,84.34143583945732,1504998180,4.518431054192381e-05,0.0006451434471816,0.0964437169392952,8,,
roberta-base,3,0,83.81336405529954,84.96543778801843,1781439039,4.995636188633016e-05,2.3983328322757064e-05,0.0257440924620416,9,,
roberta-base,3,1,84.38940092165899,84.73502304147465,1874921393,6.754079187726409e-05,0.0039793782178834,0.0566912258898258,2,,
roberta-base,3,2,84.61981566820276,85.3110599078341,1700311262,1.4848889765714045e-05,0.0007549182905737,0.1993251287147179,9,,
roberta-base,3,3,85.42626728110599,85.36866359447005,1253078030,2.317449887930096e-05,0.0697760975159067,0.1517763244348521,7,,
roberta-base,3,4,82.77649769585254,83.17972350230414,1072262139,6.578008031510848e-05,0.027007084048933,0.0347916829288582,5,,
roberta-base,3,5,83.87096774193549,82.71889400921658,1159409943,8.899789962436537e-06,0.0009444871713107,0.1008067118057433,4,,
roberta-base,3,6,84.96543778801843,85.48387096774194,867228235,1.570358454132444e-05,0.0049263185702574,0.1746731232200997,9,,
roberta-base,3,7,83.23732718894009,83.98617511520737,1258584691,6.299880492811152e-05,9.50525706833909e-05,0.1798952928224697,9,,
roberta-base,3,8,84.04377880184332,83.92857142857143,997534921,8.538859696965748e-06,0.0080325693828166,0.0790188551014972,5,,
roberta-base,3,9,81.79723502304148,81.85483870967742,35459381,5.178593622162995e-06,0.0007051415163769,0.1449106359923905,3,,
roberta-base,3,10,84.7926267281106,84.90783410138249,1099040998,3.320364002589224e-05,3.507436510697502e-05,0.0959852588793088,10,,
roberta-base,3,11,85.82949308755761,84.7926267281106,917207373,1.621538652576132e-05,0.0018489455840157,0.027845720868092,10,,
roberta-base,3,12,82.71889400921658,83.69815668202764,62190373,8.038475105314148e-05,0.0341908475522289,0.102117145933658,9,,
roberta-base,3,13,82.66129032258064,84.33179723502305,1889257044,5.489946980418564e-05,9.743960532157284e-05,0.1944008167088187,9,,
roberta-base,3,14,84.85023041474655,84.38940092165899,337946216,7.511309241137852e-06,3.549848945565568e-05,0.1562640998889942,10,,
roberta-base,3,15,84.73502304147465,84.50460829493088,1955248111,1.2136472814761368e-05,0.0001777942815708,0.0380760904689577,8,,
roberta-base,3,16,83.17972350230414,82.6036866359447,63087530,1.2678831705521527e-05,0.0005653337476162,0.0654224213700903,2,,
roberta-base,3,17,83.7557603686636,85.25345622119816,675234970,2.1734333782832187e-05,1.7248688552096763e-05,0.1011857533597349,8,,
roberta-base,3,18,81.50921658986175,82.54608294930875,1445239370,7.111133299415872e-06,0.0014580491875925,0.1398500433935274,2,,
roberta-base,3,19,85.08064516129032,84.1589861751152,1166712925,3.5430630839494145e-05,9.843984888490154e-05,0.1247968492038311,4,,
roberta-base,3,20,83.29493087557604,83.92857142857143,1011964618,4.197654904359683e-05,0.0033088908935951,0.0385185428346471,5,,
roberta-base,3,21,82.83410138248848,82.6036866359447,474333305,8.387286102763339e-05,0.0026091161453947,0.1386377656797269,6,,
roberta-base,3,22,82.14285714285714,81.68202764976958,1645026273,9.896658788676373e-05,4.282497317753476e-05,0.0372912010431388,5,,
roberta-base,3,23,84.04377880184332,84.1589861751152,1015827722,4.068377844601015e-05,0.0052507186470506,0.1779851302431287,2,,
roberta-base,3,24,84.73502304147465,84.44700460829493,1978457288,7.597789367497769e-06,0.0037749823571591,0.119158463010545,6,,
roberta-base,3,25,82.31566820276498,83.35253456221199,1234730045,5.38341097736355e-05,0.0016514133748274,0.1362301590873644,2,,
roberta-base,3,26,85.9447004608295,84.61981566820276,629219175,3.414058190150265e-05,1.6801750386427705e-05,0.0489970232133728,4,,
roberta-base,3,27,82.77649769585254,83.41013824884793,985630929,6.21752664022785e-05,0.0017798262825091,0.0640554690273512,9,,
roberta-base,3,28,83.17972350230414,83.00691244239631,934812693,7.606174022833321e-05,0.0191361251817836,0.1511082422222287,10,,
roberta-base,3,29,84.21658986175115,83.41013824884793,1677428780,8.829798200032734e-06,0.0020732217469347,0.172128877761794,4,,
roberta-base,4,0,71.11486486486487,71.45270270270271,204969872,9.847502888686054e-05,0.0001581950266072,0.0291199575379585,4,,
roberta-base,4,1,83.44594594594595,85.36036036036036,1594265557,1.0482145953089728e-05,0.0050953524068593,0.1370933780442541,8,,
roberta-base,4,2,82.88288288288288,85.52927927927928,2072139721,1.0068462787029306e-05,5.174929865763579e-05,0.1591826061781836,9,,
roberta-base,4,3,82.26351351351352,85.19144144144144,1062495016,8.226183844853707e-06,0.0004627377291685,0.0453962761689446,6,,
roberta-base,4,4,82.37612612612612,85.24774774774775,1021217450,5.365995244809429e-06,0.0008773488772554,0.0498909252900355,5,,
roberta-base,4,5,82.65765765765765,85.36036036036036,821224738,5.592106610419948e-05,0.0545494243635589,0.0271856208975973,5,,
roberta-base,4,6,82.99549549549549,85.8108108108108,2113692220,1.1695702198052084e-05,0.0584285142366263,0.1454326397284756,8,,
roberta-base,4,7,79.78603603603604,83.95270270270271,1471740924,9.340262498231548e-05,0.0032088511424161,0.1579655551168145,9,,
roberta-base,4,8,81.58783783783784,85.30405405405405,1821824213,7.259693762069057e-05,5.323069889994867e-05,0.11860699631454,3,,
roberta-base,4,9,82.2072072072072,84.06531531531532,394265997,9.207350635858592e-05,0.0002461176940467,0.1235283357901338,4,,
roberta-base,4,10,81.19369369369369,84.23423423423424,1419002851,7.054341294020442e-05,0.0008930293609188,0.1437902863433988,8,,
roberta-base,4,11,83.8963963963964,85.36036036036036,278416306,1.6621104918793555e-05,0.0124716828791229,0.1903140579720525,5,,
roberta-base,4,12,82.71396396396396,84.8536036036036,698583907,4.0092775362521504e-05,0.0074171070001665,0.1677763057697049,5,,
roberta-base,4,13,82.77027027027027,85.6981981981982,735709784,7.613711959153249e-06,3.606510820066116e-05,0.1947060405622823,8,,
roberta-base,4,14,82.48873873873873,85.24774774774775,1238295392,5.358666553152547e-05,0.0001342161658738,0.1791811292274454,10,,
roberta-base,4,15,83.72747747747748,85.75450450450451,309206104,1.5488100706271072e-05,0.003806483075825,0.1605033212426806,8,,
roberta-base,4,16,82.60135135135135,85.75450450450451,2057427723,1.2342318874915217e-05,0.0021134196487992,0.0943347843368115,3,,
roberta-base,4,17,83.16441441441441,84.96621621621621,607237194,1.6945762278509392e-05,9.011679494819236e-05,0.0600151392608658,4,,
roberta-base,4,18,82.9391891891892,86.6554054054054,1874701473,2.752967752271015e-05,2.048309883789332e-05,0.1016359310340991,7,,
roberta-base,4,19,82.43243243243244,85.92342342342343,1006674963,8.644197414192958e-06,0.0230275937129779,0.1493579148999027,3,,
roberta-base,4,20,82.77027027027027,86.20495495495496,1425277039,3.846707997451738e-05,2.927299535169492e-05,0.1782804437954773,10,,
roberta-base,4,21,81.41891891891892,84.06531531531532,695051764,7.370177471607522e-05,0.0001704624948404,0.19227743283952,7,,
roberta-base,4,22,83.16441441441441,86.26126126126127,30635269,2.519547404454706e-05,0.0019040200344519,0.1395708860377542,9,,
roberta-base,4,23,83.10810810810811,84.8536036036036,1107788293,8.41557412489073e-06,0.0002136947120449,0.1440112504011373,6,,
roberta-base,4,24,82.26351351351352,84.96621621621621,468039618,2.0066740059634303e-05,2.9272145741904893e-05,0.055584287997296,3,,
roberta-base,4,25,83.95270270270271,86.14864864864865,2133593855,2.7904270631273528e-05,3.643788389777287e-05,0.0493328730002192,8,,
roberta-base,4,26,80.91216216216216,83.33333333333333,1545977153,7.581319958028943e-05,0.0001833311175067,0.0253537849128943,2,,
roberta-base,4,27,80.34909909909909,83.72747747747748,2114331918,9.6032005491671e-05,0.0063202367477452,0.1620296806603898,4,,
roberta-base,4,28,81.86936936936937,84.34684684684684,1971981631,4.515192824246558e-05,0.0440948721910412,0.0015979306589892,2,,
roberta-base,4,29,83.61486486486487,84.96621621621621,1201501760,3.490202536014654e-05,0.0024800629812363,0.04880648305663,8,,
roberta-base,5,0,83.2392776523702,83.98195149464185,2038591040,5.992171510641912e-05,0.0171877848987447,0.0005649700432625,9,,
roberta-base,5,1,81.60270880361173,81.50028200789622,769340030,9.08366131280126e-06,0.0760055067959046,0.0267836444690771,2,,
roberta-base,5,2,80.9255079006772,81.50028200789622,1662615394,5.194867657550831e-06,0.0753703808700817,0.0166807913332704,3,,
roberta-base,5,3,85.0451467268623,83.47433728144388,95395997,1.728175727342907e-05,0.0734488562440577,0.1945236158325307,8,,
roberta-base,5,4,82.27990970654628,81.83869148336153,461507214,1.1425212520509442e-05,0.012270456786188,0.1424976397937343,2,,
roberta-base,5,5,83.18284424379233,83.47433728144388,297218681,7.619135727727584e-05,0.0004438055824662,0.1201738735414263,6,,
roberta-base,5,6,84.70654627539503,83.248730964467,213861362,6.525251439889982e-06,0.000260185525831,0.1181860766943728,5,,
roberta-base,5,7,83.52144469525959,82.6283135927806,213388267,5.821032214174901e-06,0.0057397221558788,0.0195680679399344,10,,
roberta-base,5,8,84.36794582392777,84.32036097010716,753023024,4.971757822113966e-05,0.0106085679681192,0.1173303661892974,10,,
roberta-base,5,9,84.48081264108352,84.0947546531303,913956372,4.52539078713998e-05,0.0022821784020258,0.0563645440972779,3,,
roberta-base,5,10,85.27088036117381,85.56119571347998,560604944,3.2778752849910834e-05,7.09382399755803e-05,0.0936746314045097,8,,
roberta-base,5,11,84.48081264108352,83.41793570219966,1489744619,5.747914871911447e-06,0.0059477270681356,0.0746937610458162,5,,
roberta-base,5,12,85.3273137697517,85.16638465877044,1479619724,3.423969859777966e-05,2.456372946850441e-05,0.001985027962473,9,,
roberta-base,5,13,85.55304740406321,84.48956570783982,1668364577,7.681001104771507e-06,1.8952672776984656e-05,0.1183011816973556,9,,
roberta-base,5,14,84.14221218961626,83.75634517766497,1549690739,5.362783833076788e-05,0.00271562804056,0.0608729967066147,2,,
roberta-base,5,15,85.0451467268623,84.37676254935138,1239679397,8.583371938354248e-06,0.0080829874246452,0.1578687422365593,7,,
roberta-base,5,16,83.40857787810384,83.75634517766497,326507504,5.6526905765648974e-05,0.0009123947542478,0.0208105757573048,7,,
roberta-base,5,17,81.60270880361173,81.78228990411732,1363470239,8.466338601899301e-05,0.0017773256289027,0.1272859380987851,10,,
roberta-base,5,18,83.7471783295711,82.85391990975748,1155380419,4.504117934097134e-05,0.0220301697362771,0.0395929998025873,7,,
roberta-base,5,19,84.08577878103837,83.81274675690919,1775838553,4.385161391121029e-05,2.9175836404599617e-05,0.152860859888851,10,,
roberta-base,5,20,84.0293453724605,84.03835307388607,577852131,5.99930779208059e-05,0.0001427267121067,0.0148209253673759,3,,
roberta-base,5,21,84.08577878103837,84.03835307388607,1921166675,4.6495100644219664e-05,3.301786960214037e-05,0.0328772837285244,8,,
roberta-base,5,22,86.11738148984199,84.77157360406092,1830516389,1.279141375471414e-05,0.0007026597960018,0.1112687103454934,6,,
roberta-base,5,23,82.16704288939052,81.78228990411732,1069744261,7.839854320068868e-06,9.686554608780224e-05,0.0825853598689934,2,,
roberta-base,5,24,84.0293453724605,84.03835307388607,1536957296,9.238144498383858e-06,0.000562459687483,0.0038145129154302,9,,
roberta-base,5,25,85.89164785553048,84.94077834179357,193395028,4.2871549289987474e-05,0.012206330381172,0.112154558276016,5,,
roberta-base,5,26,84.08577878103837,83.5307388606881,675428955,4.109546586151533e-05,0.0001534724440405,0.0655858828110975,5,,
roberta-base,5,27,84.0293453724605,83.98195149464185,2119677769,1.1396446087432388e-05,9.198468570869906e-05,0.0825430989096639,7,,
roberta-base,5,28,83.86004514672686,83.92554991539762,808854547,6.429149323671161e-06,3.006373566633371e-05,0.1681327684404799,6,,
roberta-base,5,29,83.80361173814899,84.03835307388607,584050641,4.192908689035186e-05,3.8234420018283466e-05,0.1824420049967218,3,,
roberta-base,6,0,83.69074492099323,84.76297968397292,1190928081,1.1683757037316256e-05,0.0558781837452473,0.147585893808749,5,,
roberta-base,6,1,85.27088036117381,84.08577878103837,606298175,2.9518855073130524e-05,0.0003049683084333,0.0491451488855456,3,,
roberta-base,6,2,83.63431151241535,83.18284424379233,722105096,1.5159369884448266e-05,0.0031608924766346,0.1152818424087111,2,,
roberta-base,6,3,83.29571106094808,84.76297968397292,1050194034,1.678711944005298e-05,2.2932638581909384e-05,0.1103100421360903,6,,
roberta-base,6,4,84.42437923250564,83.46501128668172,1895421531,1.3534245852542009e-05,0.0037760194418051,0.0263361852248887,5,,
roberta-base,6,5,83.57787810383748,84.0293453724605,854976668,4.637433566549836e-05,0.0004538708437716,0.032648370460077,9,,
roberta-base,6,6,81.82844243792326,81.03837471783295,1706844914,8.292349531449705e-05,0.0378551786854849,0.1207138525218416,10,,
roberta-base,6,7,84.25507900677201,84.25507900677201,303268600,4.79540248344597e-05,0.0012741174289622,0.1091302931478425,4,,
roberta-base,6,8,84.31151241534988,84.59367945823928,1074956434,2.423701999806689e-05,0.0125939476341902,0.045699679273562,10,,
roberta-base,6,9,83.63431151241535,84.19864559819413,22671948,7.854938955165584e-06,0.0055178708302299,0.047205439988289,5,,
roberta-base,6,10,84.48081264108352,84.48081264108352,1032994438,9.923694740530126e-06,0.0157012405175606,0.0972528445118407,9,,
roberta-base,6,11,84.14221218961626,83.69074492099323,1215315432,6.688907973534704e-06,0.0001352095273579,0.1721298490278797,6,,
roberta-base,6,12,84.48081264108352,84.81941309255079,1651320608,1.192896180619953e-05,0.0003223212196008,0.1965511384923604,9,,
roberta-base,6,13,84.5372460496614,83.86004514672686,1076746313,4.89503559432191e-05,0.0004146727932921,0.1595592348198742,6,,
roberta-base,6,14,84.36794582392777,84.36794582392777,1463140350,4.638599373398572e-05,0.041815445736319,0.1532060480887119,5,,
roberta-base,6,15,71.72686230248307,69.92099322799098,1487811262,9.67096734597878e-05,0.0003268259329648,0.0220325525755186,8,,
roberta-base,6,16,81.60270880361173,81.09480812641084,1092345585,8.973979009955519e-05,0.0025071236181462,0.1417439472282583,2,,
roberta-base,6,17,84.14221218961626,84.19864559819413,2048652606,6.400918098674251e-06,0.0014643846630353,0.0699482034909736,8,,
roberta-base,6,18,83.86004514672686,84.19864559819413,1581004088,3.5687033073970855e-05,0.0005316534733893,0.0024272040144435,9,,
roberta-base,6,19,85.0451467268623,84.48081264108352,2102778006,4.599057356513267e-05,6.274086184546801e-05,0.1318163120902926,2,,
roberta-base,6,20,83.35214446952595,83.29571106094808,1818947478,8.319824435403195e-06,0.0001738081827623,0.1962043275721591,5,,
roberta-base,6,21,83.29571106094808,83.06997742663657,1569152658,6.28653756904011e-05,0.0263265506854321,0.0161103254666171,3,,
roberta-base,6,22,83.46501128668172,83.91647855530474,520741406,9.678670244929832e-06,0.0004087919299521,0.0888060374510211,10,,
roberta-base,6,23,82.39277652370203,82.44920993227991,401622233,1.068874518560694e-05,3.115000984381613e-05,0.1431226641676384,2,,
roberta-base,6,24,85.44018058690745,84.48081264108352,359248931,2.196111490460605e-05,0.0588930236315217,0.0718801024493174,8,,
roberta-base,6,25,84.31151241534988,84.0293453724605,636985980,2.924925327863e-05,2.45456238081942e-05,0.1946830935631938,2,,
roberta-base,6,26,84.93227990970655,84.98871331828443,173501708,1.88983299118296e-05,0.0043702671088782,0.1562078283079926,6,,
roberta-base,6,27,85.44018058690745,84.76297968397292,200052183,2.125628489081224e-05,0.0003743841945215,0.0227205785880545,10,,
roberta-base,6,28,82.78781038374717,83.63431151241535,911945360,6.250813814144905e-05,0.0260728548854967,0.1224854805281166,2,,
roberta-base,6,29,82.39277652370203,82.16704288939052,378662424,8.260416971035276e-05,0.0655182291960465,0.0553181702235792,10,,
roberta-base,7,0,83.61970217640321,85.62428407789233,1646393633,2.675239892827953e-05,4.308885223092437e-05,0.0656211728663778,4,,
roberta-base,7,1,83.44788087056128,83.79152348224513,839654334,2.2245501247881995e-05,0.0033133081709884,0.1128149767628997,5,,
roberta-base,7,2,83.73424971363116,84.70790378006873,702673514,9.605161890524082e-06,0.0746435235793402,0.0934612765259927,5,,
roberta-base,7,3,82.47422680412372,82.93241695303551,1615164895,7.011955898012972e-05,0.0369251127821207,0.113707186909207,2,,
roberta-base,7,4,83.96334478808706,84.9942726231386,1063100092,2.4408953892391288e-05,0.0001762052399925,0.0589821325780961,4,,
roberta-base,7,5,82.81786941580756,84.24971363115694,639878380,4.211699533946311e-05,1.5174508003737774e-05,0.1087302154636547,5,,
roberta-base,7,6,81.95876288659794,83.8487972508591,336750958,5.073115543574748e-05,0.0109366140619887,0.0141264321244141,10,,
roberta-base,7,7,81.04238258877434,82.70332187857962,523757197,9.126122079539854e-05,0.0005167047795789,0.1287850613041931,10,,
roberta-base,7,8,84.24971363115694,84.7651775486827,2068100059,1.845781656353876e-05,0.0708332410369915,0.0704955344347598,9,,
roberta-base,7,9,82.13058419243987,82.30240549828179,885561733,9.996226313527085e-05,0.0010720363142259,0.0833391891775592,5,,
roberta-base,7,10,83.67697594501718,84.70790378006873,1462184924,9.469268233213768e-06,0.0014632867571573,0.1261287673740675,8,,
roberta-base,7,11,83.8487972508591,83.96334478808706,1434605915,6.1751492351588e-05,1.02708403690409e-05,0.0472910593934048,8,,
roberta-base,7,12,82.76059564719358,84.3069873997709,1475506046,5.7353858579912256e-05,0.0204542302717841,0.069989232506828,6,,
roberta-base,7,13,84.36426116838489,85.62428407789233,547946065,1.6555979653849626e-05,6.916541358546768e-05,0.1159510136302392,9,,
roberta-base,7,14,83.67697594501718,85.05154639175258,1918746948,1.916042684346272e-05,0.0741408915892292,0.1591784664777402,3,,
roberta-base,7,15,82.98969072164948,84.47880870561283,921432413,5.23680101267995e-05,0.0264920889670479,0.0893604713178347,4,,
roberta-base,7,16,83.56242840778923,85.16609392898053,1862239973,4.674913429711597e-05,0.0202127065446037,0.1410968039074953,5,,
roberta-base,7,17,83.67697594501718,84.36426116838489,737113801,5.009153498524764e-05,2.1682948875930716e-05,0.1519396024713361,9,,
roberta-base,7,18,83.33333333333333,85.28064146620848,1501164767,4.953066172139899e-05,0.001079026943615,0.198340047835948,10,,
roberta-base,7,19,83.10423825887743,84.7651775486827,205269305,3.101521136156353e-05,0.0484776434190308,0.1526582692485336,4,,
roberta-base,7,20,83.90607101947307,84.5360824742268,766587228,2.597915135014226e-05,0.0001617424934247,0.1531166873184833,7,,
roberta-base,7,21,84.02061855670104,85.50973654066438,129283306,1.4123772499010035e-05,4.496423027209376e-05,0.095083497568461,8,,
roberta-base,7,22,82.07331042382589,84.42153493699885,1498839489,4.099959947061786e-05,0.0002047741227629,0.0492149899068284,8,,
roberta-base,7,23,84.13516609392899,84.65063001145475,1494342876,3.280538306482112e-05,0.0019157053520531,0.1789525599689934,6,,
roberta-base,7,24,83.44788087056128,84.70790378006873,1141818370,4.081278766765756e-05,0.0002329105033125,0.1131819071191352,2,,
roberta-base,7,25,83.16151202749141,84.65063001145475,1223531128,7.822368040743464e-05,0.0406220607336748,0.0679059543018439,4,,
roberta-base,7,26,84.7651775486827,84.7651775486827,1097258955,1.325349865084222e-05,0.004017711890475,0.0728135863639295,5,,
roberta-base,7,27,83.50515463917526,85.2233676975945,307378972,2.6867587730046457e-05,4.9776880195075015e-05,0.0293740185634148,5,,
roberta-base,7,28,84.02061855670104,85.16609392898053,1639894428,1.7044994329268057e-05,0.0001175828027539,0.1073806747203205,10,,
roberta-base,7,29,83.79152348224513,84.36426116838489,1253269843,5.62986231352226e-05,0.0278872647047908,0.1976869827913804,5,,
roberta-base,8,0,83.01886792452831,83.19039451114922,1271121126,4.907583271788122e-05,0.0017850856011423,0.1127871368742187,10,,
roberta-base,8,1,83.41909662664379,81.64665523156089,514795330,6.621879184401291e-05,0.024037957291032,0.0335148834598508,3,,
roberta-base,8,2,82.04688393367638,81.76100628930817,828092579,7.757054223196925e-05,3.814263527020038e-05,0.1619732801513899,10,,
roberta-base,8,3,83.64779874213836,84.27672955974843,865446638,2.100877382428802e-05,0.0001574293346599,0.1069658199303239,7,,
roberta-base,8,4,81.07489994282447,81.98970840480274,1165491117,9.491512632870426e-05,0.0033534483843496,0.0615042576986647,9,,
roberta-base,8,5,83.19039451114922,82.56146369353917,1059836836,9.236789665931556e-06,0.0041303498778673,0.1185943031419144,7,,
roberta-base,8,6,84.67695826186392,83.99085191538022,412560897,2.067087237165884e-05,2.6088622505992204e-05,0.0078594880757796,5,,
roberta-base,8,7,81.18925100057176,81.30360205831904,1915088658,2.6717796803618544e-05,1.0635769286208627e-05,0.1959285105882146,2,,
roberta-base,8,8,82.56146369353917,82.84734133790738,243744510,5.827212724118031e-05,0.0005811871704481,0.1009382990264056,4,,
roberta-base,8,9,84.16237850200115,84.61978273299027,763708007,2.934886686903752e-05,4.005730958701845e-05,0.0861136901787408,7,,
roberta-base,8,10,80.73184676958262,81.87535734705546,432679918,8.34401186493201e-05,0.0060370982944441,0.1574498315984365,4,,
roberta-base,8,11,84.27672955974843,83.81932532875929,1257788532,1.2636926119041193e-05,0.0015066171909534,0.0979404421403028,7,,
roberta-base,8,12,83.30474556889651,82.96169239565467,1251835663,6.533332788224592e-05,0.0010690466599432,0.104353965042415,3,,
roberta-base,8,13,84.73413379073756,84.27672955974843,1628570808,1.109531869645126e-05,0.0092507038399895,0.0622690006226317,8,,
roberta-base,8,14,83.36192109777015,83.30474556889651,489958827,5.9466632512555207e-05,0.0097982575057266,0.1362877981229623,4,,
roberta-base,8,15,83.13321898227558,83.24757004002286,294387260,7.100974043531874e-05,0.0047707502011521,0.0386941594370092,3,,
roberta-base,8,16,83.87650085763293,83.01886792452831,404753620,1.6702329062176857e-05,0.0158180743205928,0.0071800050059923,4,,
roberta-base,8,17,82.21841052029731,83.01886792452831,315647676,6.734461645817416e-05,0.001395926837185,0.0308967753615358,9,,
roberta-base,8,18,83.81932532875929,83.93367638650658,1869390003,5.423353475367238e-05,0.0861742861714139,0.1655882689859781,4,,
roberta-base,8,19,81.2464265294454,80.73184676958262,515423167,9.464485624780276e-05,2.900196494054592e-05,0.122129803599706,8,,
roberta-base,8,20,84.44825614636936,83.93367638650658,737423763,3.311234922781795e-05,0.033423033204053,0.0127244283118484,3,,
roberta-base,8,21,83.76214979988565,83.99085191538022,1701313768,1.9461239236844923e-05,7.185341668386088e-05,0.167579401615182,5,,
roberta-base,8,22,83.19039451114922,83.24757004002286,586519845,6.69487494124732e-05,0.0200133018258754,0.0062692968894575,2,,
roberta-base,8,23,83.24757004002286,83.76214979988565,84916014,1.3295024370718125e-05,0.0004077592758075,0.0924129990177095,10,,
roberta-base,8,24,81.9325328759291,81.81818181818181,1256561902,5.2122358813535104e-05,0.0006055269664305,0.1830763296684052,2,,
roberta-base,8,25,83.13321898227558,83.30474556889651,499313194,7.216439213621933e-06,0.0004018746916116,0.0446325640543976,9,,
roberta-base,8,26,83.704974271012,83.64779874213836,975137350,8.271949248940703e-06,1.8390939262435758e-05,0.1230294384947094,9,,
roberta-base,8,27,83.53344768439108,82.90451686678102,328412647,1.0003981535768516e-05,0.0038500158926043,0.0420843921194227,8,,
roberta-base,8,28,81.64665523156089,81.36077758719269,1556147686,5.267861018317051e-06,5.960393931198886e-05,0.0020586607360759,5,,
roberta-base,8,29,84.16237850200115,85.07718696397941,1730469942,4.043566018721696e-05,0.0002861701061816,0.034208793777479,9,,
roberta-base,9,0,82.84258210645527,85.00282965478212,700581290,1.6486086172015237e-05,0.0276580518785343,0.044946953265923,8,,
roberta-base,9,1,83.2955832389581,84.2671194114318,863349924,1.6860103984052103e-05,0.0015435611376834,0.1842428048186694,8,,
roberta-base,9,2,82.84258210645527,83.70118845500849,103760622,5.832673146217643e-05,1.825051603669369e-05,0.1254327665909723,8,,
roberta-base,9,3,82.33295583238959,82.96547821165818,539575010,6.7757807389441374e-06,0.0018104748767468,0.1590766189076384,4,,
roberta-base,9,4,83.52208380520952,85.5121675155631,713364565,3.020106626207492e-05,0.009943916720833,0.1487066092959012,8,,
roberta-base,9,5,85.05096262740656,85.28579513299377,151107599,1.6721845077251132e-05,2.2106643132504004e-05,0.0917074370694473,8,,
roberta-base,9,6,83.69195922989807,85.11601584606677,1232339964,3.085897568606697e-05,0.0014234802772634,0.0555178869661899,5,,
roberta-base,9,7,82.55945639864099,83.64459535936616,648567837,2.031489504591514e-05,0.0236112466058398,0.1938867064961056,3,,
roberta-base,9,8,82.38958097395243,83.81437464629315,561089312,5.476997945754253e-06,1.9561108390315283e-05,0.0280978925920035,8,,
roberta-base,9,9,81.99320498301246,82.56932654216186,132888627,7.752380925599073e-05,0.0003216129703873,0.1155241704161851,4,,
roberta-base,9,10,83.80520951302378,84.6066779852858,1825354387,2.0785263680034145e-05,3.3946695012356426e-05,0.1505248461088178,7,,
roberta-base,9,11,82.7859569648924,84.38030560271646,1933071774,3.282663453779269e-05,0.0019762647277352,0.0384534096879614,9,,
roberta-base,9,12,82.10645526613817,82.85229202037351,1280534819,7.008469992419301e-06,8.065071413889366e-05,0.0999446155312728,4,,
roberta-base,9,13,82.50283125707814,83.24844368986983,1842131851,1.221407301075933e-05,0.0806709316900557,0.1595301961406071,3,,
roberta-base,9,14,83.86183465458663,85.17260894170911,1697452972,1.4139037818157729e-05,0.0043328174783565,0.0474944107145871,8,,
roberta-base,9,15,82.7859569648924,82.85229202037351,1245771873,7.520318915668379e-06,7.429533611742509e-05,0.0614017055415763,3,,
roberta-base,9,16,84.08833522083805,84.55008488964346,1133545058,1.4990710019686368e-05,0.0100004942634013,0.0715204072835523,4,,
roberta-base,9,17,82.6727066817667,84.32371250707413,2080843119,5.3331891153175214e-05,0.0024949346836638,0.0359079163710676,6,,
roberta-base,9,18,83.1823329558324,83.70118845500849,654791342,1.7420470139875997e-05,3.868770160796462e-05,0.0939819947245525,5,,
roberta-base,9,19,83.2955832389581,83.02207130730051,1606780530,4.705545245770788e-05,0.0314920172506432,0.0304206241567065,7,,
roberta-base,9,20,84.25821064552662,84.15393322014714,1487193013,4.973949715811629e-05,0.0001019326802661,0.0704725039831446,7,,
roberta-base,9,21,84.08833522083805,84.15393322014714,1453166225,2.0246537173620868e-05,0.0025437916849711,0.023680626022552,6,,
roberta-base,9,22,83.69195922989807,84.15393322014714,1742837484,4.391237322571787e-05,0.0001756852614723,0.173222356924719,9,,
roberta-base,9,23,82.7859569648924,83.41822297679683,739467442,5.036417726990682e-05,0.0045084910142198,0.0623426583943233,3,,
roberta-base,9,24,83.57870894677237,84.66327108092813,1940227280,1.4492148214843276e-05,0.0006026797637614,0.0087082685345476,5,,
roberta-base,9,25,82.84258210645527,83.3616298811545,273242079,2.2874499375760996e-05,0.0001560006791201,0.0175573551280975,2,,
roberta-base,9,26,82.7859569648924,84.2671194114318,338006679,1.0432153666370452e-05,0.0177718473454091,0.0162694457177421,5,,
roberta-base,9,27,83.2955832389581,85.05942275042445,7809411,1.0463693801053836e-05,0.0821117476935854,0.1242256264107001,7,,
roberta-base,9,28,82.10645526613817,82.73910582908886,726153725,5.1062202030331775e-06,0.0004643604480828,0.1700629734510677,4,,
roberta-base,9,29,80.52095130237825,81.55065082059988,1176269711,5.676830114785211e-06,0.0020784165781238,0.0926514623834987,3,,
roberta-base,10,0,80.91773922775602,82.87632904308897,1454494496,9.805700897653029e-06,0.0916374339375144,0.0534996547416042,2,,
roberta-base,10,1,80.4700615556799,82.5965304980414,2004871236,5.906075068269437e-06,0.0085440457747949,0.1149458194803484,3,,
roberta-base,10,2,80.69390039171796,82.988248461108,1270354604,1.0990663598665836e-05,0.0009770507086263,0.1500683595960867,2,,
roberta-base,10,3,82.76440962506994,84.61108002238389,615278685,3.696930161103679e-05,6.284888734767409e-05,0.022985061539745,9,,
roberta-base,10,4,82.70844991606043,84.44320089535535,952080200,1.1374993837360144e-05,0.0409318051180458,0.0442353485644153,4,,
roberta-base,10,5,83.49188584219362,85.33855623950755,1248867376,2.899598803459903e-05,3.7487532782853793e-05,0.1756424012817048,6,,
roberta-base,10,6,83.10016787912703,84.21936205931729,721759380,4.6345941927006015e-05,0.0042944479088761,0.1835191404442625,6,,
roberta-base,10,7,79.63066592053721,81.02965864577504,1844807956,7.38618279256688e-06,0.0116803869180471,0.0508209249572374,2,,
roberta-base,10,8,83.04420817011751,85.00279798545047,577620555,8.57030952853257e-06,0.0001373023087244,0.101220095263488,6,,
roberta-base,10,9,82.93228875209849,85.17067711247901,1730141898,2.23852726751072e-05,0.0053347451814089,0.1861551529898112,6,,
roberta-base,10,10,82.48461108002239,83.3799664241746,966959547,6.520655946893429e-05,0.0109148456587542,0.1520320251284466,2,,
roberta-base,10,11,84.21936205931729,85.22663682148853,1152946312,2.0507503612888342e-05,1.3075481142523936e-05,0.1337565145851311,7,,
roberta-base,10,12,80.63794068270845,83.32400671516508,1907490705,6.1762449756899495e-06,1.4697293106645227e-05,0.0098878682774919,3,,
roberta-base,10,13,82.1488528259653,84.6670397313934,1015624841,6.589749338868865e-05,6.748161788117212e-05,0.1227711021536595,5,,
roberta-base,10,14,83.04420817011751,85.1147174034695,1001696508,2.845504693013729e-05,0.0100676401078001,0.0318889084909371,4,,
roberta-base,10,15,82.82036933407946,84.33128147733632,701933151,3.082960741460713e-05,5.439358430279471e-05,0.1076447795537752,2,,
roberta-base,10,16,81.2534974818131,84.16340235030778,2038571287,8.572661006499859e-05,0.0068850911358532,0.0760732449517914,3,,
roberta-base,10,17,81.58925573587017,82.42865137101288,228133849,7.091901693555325e-05,0.0006177302514229,0.1209038971265746,8,,
roberta-base,10,18,84.2753217683268,85.00279798545047,2113933057,2.6785829486603992e-05,0.0042544358306752,0.050725371645519,9,,
roberta-base,10,19,82.93228875209849,83.04420817011751,657326560,4.7221608786382566e-05,0.0006087613931417,0.0130292937739974,7,,
roberta-base,10,20,83.54784555120314,84.49916060436486,361201317,1.7073355844412914e-05,3.0759552451626155e-05,0.1872641451567284,6,,
roberta-base,10,21,82.5405707890319,83.32400671516508,1680918761,6.956403616190709e-05,0.0061620648884393,0.1246064317431073,3,,
roberta-base,10,22,83.43592613318411,84.2753217683268,1885662726,6.905421053844098e-06,7.105804933565008e-05,0.1034876097675225,8,,
roberta-base,10,23,83.10016787912703,84.33128147733632,973498333,3.762546271267515e-05,9.002733448270938e-05,0.1260160338194979,4,,
roberta-base,10,24,82.82036933407946,84.55512031337437,1903979585,6.097041320904986e-06,0.0260264265305994,0.0130615749626322,10,,
roberta-base,10,25,82.03693340794628,83.99552322327924,758461194,4.120814600529956e-05,2.2001914873457043e-05,0.0581952929708836,5,,
roberta-base,10,26,83.10016787912703,85.05875769445998,784434876,1.969351491349464e-05,0.0001151945498239,0.0315631386438592,3,,
roberta-base,10,27,83.65976496922217,84.77895914941243,1662884007,1.4945638464597851e-05,6.832535315157972e-05,0.1986052858496168,10,,
roberta-base,10,28,82.988248461108,85.45047565752658,696455524,9.491889949720342e-06,5.766162914262063e-05,0.0820562639322563,6,,
roberta-base,10,29,80.91773922775602,83.3799664241746,201397484,1.165497522691706e-05,6.58581007277321e-05,0.1317208502669532,2,,
roberta-base,11,0,81.98653198653199,82.94051627384961,608414728,5.705036545118838e-06,0.0154242093514754,0.0050478864073426,7,,
roberta-base,11,1,82.32323232323232,84.96071829405163,80559253,3.12915451023835e-05,1.4713510017887704e-05,0.0053915598814045,6,,
roberta-base,11,2,82.71604938271605,83.05274971941638,1274274944,6.1745242456595664e-06,0.0404858685620848,0.1432315926587347,9,,
roberta-base,11,3,81.98653198653199,83.44556677890012,999623447,2.6073474772226463e-05,0.0652976146145007,0.13098712571763,3,,
roberta-base,11,4,82.71604938271605,83.78226711560045,1797893022,9.884778071596433e-06,0.0043563651899803,0.1731112143291451,9,,
roberta-base,11,5,82.04264870931537,83.05274971941638,1041852353,9.82861158455224e-06,0.0191933218076787,0.1252908983331147,4,,
roberta-base,11,6,79.68574635241302,80.8641975308642,1043236627,5.363991066598442e-06,0.0022706238806628,0.1123058161697539,3,,
roberta-base,11,7,81.64983164983165,81.98653198653199,136625635,7.64038160991448e-05,0.0145082734546135,0.1597381615951956,7,,
roberta-base,11,8,81.87429854096521,83.61391694725027,132744852,1.0583074659787343e-05,0.0001476402357079,0.0673411048014192,4,,
roberta-base,11,9,82.82828282828282,84.39955106621774,1294854455,1.2779729596573695e-05,0.0468730253012503,0.0094005997513229,5,,
roberta-base,11,10,82.32323232323232,83.38945005611673,1153215649,5.157297873990176e-05,0.0959833005167492,0.1659824241108687,2,,
roberta-base,11,11,83.16498316498317,84.006734006734,146052295,1.0135691635017076e-05,0.0085182571008674,0.0169146451667399,6,,
roberta-base,11,12,84.17508417508418,84.68013468013469,947899413,3.2676226642742866e-05,0.076406680291083,0.0637900767362395,10,,
roberta-base,11,13,82.09876543209876,84.51178451178451,653010270,4.289423251530189e-05,1.922640893160449e-05,0.0351669558375314,8,,
roberta-base,11,14,81.31313131313131,83.89450056116723,1742698216,4.5639427896397366e-05,2.330942029972355e-05,0.1852860061124749,2,,
roberta-base,11,15,81.25701459034792,82.04264870931537,1945931526,1.4090367264306107e-05,0.0781367383390268,0.1943243020657379,2,,
roberta-base,11,16,83.05274971941638,82.82828282828282,1168101024,7.699793434899868e-06,0.0002465667214579,0.1293794679391335,10,,
roberta-base,11,17,82.94051627384961,83.5016835016835,1245247520,1.7114182769020847e-05,0.0011717106363463,0.0013934096848003,5,,
roberta-base,11,18,81.70594837261504,83.38945005611673,879500900,2.1719990321640675e-05,0.0070095818613175,0.0420455609871931,2,,
roberta-base,11,19,79.96632996632997,82.26711560044893,2055133208,9.650694603610748e-05,6.589288159620031e-05,0.0686439437444884,9,,
roberta-base,11,20,79.12457912457913,80.52749719416386,1504668564,6.3140964475792e-06,0.0002413251477293,0.1825548213284537,2,,
roberta-base,11,21,82.996632996633,84.39955106621774,619198649,4.21320701754384e-05,0.0067785916267878,0.0085383717656484,3,,
roberta-base,11,22,82.21099887766555,83.61391694725027,807118589,3.931818135182077e-05,0.0002912370288976,0.1016016139581859,10,,
roberta-base,11,23,69.52861952861953,68.01346801346801,319015810,8.078603920933861e-05,0.0117353428533623,0.0481583756619893,3,,
roberta-base,11,24,83.38945005611673,84.0628507295174,419239379,1.003545622797454e-05,7.940984439564792e-05,0.0182504847671356,8,,
roberta-base,11,25,83.16498316498317,83.55780022446689,1806113040,7.682591351260684e-06,0.0004447280375528,0.1892183540117852,9,,
roberta-base,11,26,82.54769921436588,83.78226711560045,1186975775,8.16240272762364e-06,0.0001718146257545,0.1596467498497983,9,,
roberta-base,11,27,81.4253647586981,83.38945005611673,1768049397,4.709912531836656e-05,0.0073283523245595,0.1927290637613894,2,,
roberta-base,11,28,81.9304152637486,84.0628507295174,1862303002,5.5811030611652825e-05,0.0292398088985518,0.1613479427692104,2,,
roberta-base,11,29,82.4354657687991,83.83838383838383,1306427637,3.8721674669926064e-05,0.0001791301454764,0.0624044891010086,6,,
roberta-base,12,0,82.36301369863014,82.08784940102682,797716530,8.821284425962903e-05,1.5277509262755507e-05,0.1602533105727441,9,,
roberta-base,12,1,83.56164383561644,84.59783228750713,1780305589,3.269295905438557e-05,1.7935718371772818e-05,0.1556909191654348,5,,
roberta-base,12,2,84.47488584474885,85.39646320593269,1215734401,3.865169480100432e-05,0.0003851315094552,0.0717160766227049,10,,
roberta-base,12,3,82.13470319634703,81.68853394181403,492984260,1.113528915786696e-05,0.0205778349482919,0.0691977360132487,2,,
roberta-base,12,4,83.56164383561644,84.25556189389617,794105956,2.6239070023238975e-05,0.0007517598063378,0.1841679425341588,6,,
roberta-base,12,5,82.64840182648402,83.62806617227609,298023911,1.1179802585240831e-05,0.0003610551898586,0.168632411104747,3,,
roberta-base,12,6,84.24657534246575,83.8562464346834,1211297920,5.371452927968273e-05,0.0015722119788903,0.0131090273817653,4,,
roberta-base,12,7,83.39041095890411,83.3998859098688,1274702019,5.695739562069138e-06,6.388874364191716e-05,0.1373828854091781,6,,
roberta-base,12,8,84.24657534246575,84.94010268111808,2028343980,1.1948203042246742e-05,0.0005019690277621,0.1381221402933541,8,,
roberta-base,12,9,85.1027397260274,85.11123787792356,1809384849,1.2320864868233829e-05,0.0285143522772348,0.135570361821541,9,,
roberta-base,12,10,81.79223744292237,84.02738163148888,111195483,8.251612865627908e-05,0.0019278359279855,0.1254412345358723,8,,
roberta-base,12,11,82.42009132420091,84.36965202509982,785696797,5.8893254505912784e-05,0.0005117945234323,0.1783961861688787,2,,
roberta-base,12,12,84.07534246575342,84.42669709070165,1132637331,1.2517850941078855e-05,0.0002309658822529,0.0950936472114615,7,,
roberta-base,12,13,83.9041095890411,84.14147176269253,1484871053,5.10476520721645e-05,0.0003628779173799,0.1697794673184524,9,,
roberta-base,12,14,83.96118721461187,84.59783228750713,423894142,6.76474021469488e-06,4.763955754143203e-05,0.0403352993901415,8,,
roberta-base,12,15,84.30365296803653,84.65487735310896,197692752,1.550741417039368e-05,7.027210620807759e-05,0.198081280652107,10,,
roberta-base,12,16,84.53196347031964,85.28237307472904,1216434579,1.5582206068996842e-05,0.015593817931047,0.025928741297555,7,,
roberta-base,12,17,81.84931506849315,82.25898459783228,1384768384,9.85201882816292e-05,0.0003887787128267,0.1186891473736413,3,,
roberta-base,12,18,81.27853881278538,81.97375926982316,1255230651,1.1264248073050076e-05,2.501865468929752e-05,0.0374558571870274,2,,
roberta-base,12,19,80.19406392694064,80.718767826583,845330375,5.520575027293366e-06,0.0001742787157801,0.0521245168394485,2,,
roberta-base,12,20,82.4771689497717,82.94352538505419,1691607373,6.107657365009773e-05,0.0730564347485512,0.0622449409085533,2,,
roberta-base,12,21,84.58904109589041,84.14147176269253,1593079600,1.9142848985900062e-05,0.0177248462748477,0.0119057630058999,6,,
roberta-base,12,22,83.61872146118722,83.45693097547063,799642564,1.449217685342569e-05,0.0073978423104949,0.1176893765282505,4,,
roberta-base,12,23,83.44748858447488,85.45350827153452,1972310442,2.3128623253213544e-05,0.0003594854676032,0.1654077014277055,10,,
roberta-base,12,24,83.44748858447488,84.02738163148888,74744589,1.0259869702709282e-05,5.470145037920419e-05,0.0254388541018487,7,,
roberta-base,12,25,83.10502283105023,84.36965202509982,536459839,1.4145634419899525e-05,0.0009235605660744,0.0199831500034467,2,,
roberta-base,12,26,82.07762557077625,83.11466058185967,805891806,5.123581216265703e-05,5.356738425529259e-05,0.056547315995429,8,,
roberta-base,12,27,82.9337899543379,82.94352538505419,1606571240,5.70895815190292e-06,0.0009059532548024,0.082070053611862,4,,
roberta-base,12,28,84.47488584474885,85.05419281232173,2018540235,9.24042602487417e-06,2.114239455154002e-05,0.16988615229803,8,,
roberta-base,12,29,83.67579908675799,83.91329150028523,1883096174,1.235829174943502e-05,0.0090983378765558,0.0643248191591604,6,,
roberta-base,13,0,83.84744812114414,83.91255605381166,717256241,4.913315680070491e-05,0.0022306329594847,0.0695343397469658,4,,
roberta-base,13,1,84.12787436904094,85.25784753363229,881671382,1.617635632768681e-05,0.0137715980777604,0.0482600730192322,3,,
roberta-base,13,2,83.9035333707235,84.19282511210763,145080568,8.121871572893709e-06,0.0970920919983258,0.0098261803510109,9,,
roberta-base,13,3,82.72574312955693,83.40807174887892,1385114046,6.206229387092689e-05,0.0005915489024276,0.1078171941948753,8,,
roberta-base,13,4,81.54795288839036,82.23094170403587,1060760450,6.014024837120538e-05,0.0013768402105991,0.0280924564814885,2,,
roberta-base,13,5,81.15535614133483,82.95964125560538,250647764,8.167581900376266e-06,0.0071469759071552,0.1301103891595499,2,,
roberta-base,13,6,83.67919237240606,83.91255605381166,457348747,6.959381712516971e-06,5.1398921021260416e-05,0.0859222623161589,9,,
roberta-base,13,7,82.55748738081884,82.45515695067265,1121075154,7.691327669445768e-05,0.0237512295264182,0.1012532719567489,6,,
roberta-base,13,8,82.89399887829501,84.4170403587444,413721086,2.9951414084061384e-05,0.0073433697651184,0.1952312458482985,4,,
roberta-base,13,9,84.52047111609647,84.86547085201794,2017111864,1.808275654414302e-05,1.4778985317363238e-05,0.1638264323122187,5,,
roberta-base,13,10,83.79136287156477,84.52914798206278,1608155430,1.0231921560403729e-05,8.028547838629237e-05,0.021024986617431,6,,
roberta-base,13,11,83.84744812114414,83.96860986547085,1470775124,4.48601273764742e-05,6.468807818165218e-05,0.1631836882696093,7,,
roberta-base,13,12,83.79136287156477,84.69730941704036,655216658,8.5768179239327e-06,0.0004519740693392,0.0846209981853385,10,,
roberta-base,13,13,82.50140213123949,83.07174887892377,2025500116,7.883971180093035e-05,0.0054132233209866,0.1834231510782223,4,,
roberta-base,13,14,84.35221536735838,84.92152466367713,1592538046,1.392803599782448e-05,0.0007489201513095,0.017346838043898,8,,
roberta-base,13,15,84.12787436904094,84.47309417040358,1090365275,1.3548663340801164e-05,1.007546190506007e-05,0.0528251339058258,5,,
roberta-base,13,16,83.1744251261918,83.85650224215247,1374170644,9.220897469423535e-06,4.572432876521964e-05,0.1950673809412211,4,,
roberta-base,13,17,84.57655636567583,85.31390134529148,1923639473,8.451841531482756e-06,0.0003721235156841,0.0978881619201723,8,,
roberta-base,13,18,84.29613011777903,84.92152466367713,1084321588,2.032906204709101e-05,0.0051464444938503,0.1281631089238143,9,,
roberta-base,13,19,82.61357263039821,84.24887892376681,2053173470,7.637519950363557e-06,0.0002523887062104,0.1669057331224178,3,,
roberta-base,13,20,83.23051037577117,83.40807174887892,700253306,6.677064032081158e-05,0.0294794073866083,0.0491279970027785,9,,
roberta-base,13,21,79.80931015143017,80.77354260089686,219279327,5.533001282459733e-06,0.0119052656948863,0.0954710465539002,2,,
roberta-base,13,22,83.9035333707235,85.03363228699551,445006887,6.962812614224322e-06,0.0013221868779412,0.1763876609843404,6,,
roberta-base,13,23,84.12787436904094,84.58520179372198,1993135944,1.996259915735532e-05,0.0339223798525036,0.057620717902213,5,,
roberta-base,13,24,69.6578799775659,70.4035874439462,1495251258,9.693440327799308e-05,0.0008344386088849,0.088984161274752,8,,
roberta-base,13,25,84.1839596186203,83.74439461883408,1098282451,2.152865970032434e-05,0.0069968657520445,0.1537648026115752,9,,
roberta-base,13,26,85.24957936062816,85.25784753363229,1210171078,2.5600510768528494e-05,0.000125178160075,0.0943201602069647,6,,
roberta-base,13,27,84.52047111609647,84.30493273542601,835270967,2.515550155561863e-05,0.0003314120087386,0.0339730652022325,8,,
roberta-base,13,28,83.45485137408862,85.36995515695067,364491316,2.1208724875461e-05,0.0002897115019357,0.0933567527820216,10,,
roberta-base,13,29,82.44531688166012,85.08968609865471,383437761,5.036064899173907e-06,0.0007523409692372,0.1737520427284753,5,,
roberta-base,14,0,84.80364257256687,84.2344906089926,791029277,8.447197860275272e-05,0.0070182728053022,0.0569099445751314,5,,
roberta-base,14,1,84.74672737620945,83.2100170745589,589034243,7.372993518630975e-05,0.0001610100502745,0.1864177929388193,2,,
roberta-base,14,2,85.54354012521343,83.32384746727377,1216835597,8.687990037288514e-05,0.0103789034076217,0.0984818540629482,4,,
roberta-base,14,3,85.20204894706887,84.68981217985203,1039041259,7.013934805637364e-05,0.0002182016989826,0.0948716726205072,4,,
roberta-base,14,4,85.99886169607285,83.83608423449061,1568718845,7.137645440089277e-05,0.0035233019884451,0.0894513307906789,7,,
roberta-base,14,5,85.2589641434263,84.57598178713717,903698674,7.317319589126782e-05,0.0389520468199948,0.1103632253182136,8,,
roberta-base,14,6,85.37279453614114,84.12066021627774,2069313478,6.576319133771092e-05,0.0091307241318435,0.0345956699113862,2,,
roberta-base,14,7,86.79567444507684,85.486624928856,309297241,9.505837298162392e-06,0.008002350936599,0.194457402962404,10,,
roberta-base,14,8,84.12066021627774,82.92544109277178,1843015679,8.070257990860016e-05,0.0088320452809648,0.1081025450926314,7,,
roberta-base,14,9,87.02333523050655,85.42970973249858,1301587550,2.727035378249419e-05,0.000233461104427,0.1236607173899222,8,,
roberta-base,14,10,84.51906659077974,83.6084234490609,1704291770,9.990849181258292e-05,0.0904585350733618,0.018694841331754,5,,
roberta-base,14,11,85.20204894706887,84.06374501992032,637722217,7.408007941005675e-05,0.0001106722180579,0.0171152023347988,4,,
roberta-base,14,12,86.11269208878771,85.2589641434263,2055982750,7.087384008573467e-05,0.000425711653707,0.1198471808196594,5,,
roberta-base,14,13,84.86055776892431,83.38076266363119,770271993,7.798997926058842e-06,1.545340001724962e-05,0.0790118907627009,3,,
roberta-base,14,14,86.45418326693228,85.2589641434263,420829332,9.500697293066964e-06,0.0188201054502396,0.0980791811231218,10,,
roberta-base,14,15,86.34035287421742,84.91747296528173,1760543715,1.950284229185549e-05,0.0003169852032057,0.1125570698842287,6,,
roberta-base,14,16,83.26693227091633,82.7546955036995,1186399105,9.84581121457326e-05,1.0813032478158465e-05,0.1638616274012625,7,,
roberta-base,14,17,86.96642003414912,85.14513375071144,156290522,2.7868540662545047e-05,2.8761489856136477e-05,0.130497289936009,8,,
roberta-base,14,18,85.31587933978372,84.63289698349459,24195187,1.0909373822035338e-05,9.803020114154008e-05,0.0628664397785467,3,,
roberta-base,14,19,84.86055776892431,82.86852589641434,1659835279,1.1883037438374574e-05,0.0499048330526527,0.1331831140983949,2,,
roberta-base,14,20,83.66533864541833,82.18554354012521,937547465,9.67724759431872e-05,0.0007056640540982,0.0334098847013809,8,,
roberta-base,14,21,86.05577689243027,84.51906659077974,171468119,6.095237031822234e-05,0.0741150290244738,0.1689129987159207,7,,
roberta-base,14,22,86.16960728514513,84.86055776892431,595324207,5.424187965858276e-05,0.0014755616973211,0.1179987266118524,7,,
roberta-base,14,23,85.60045532157086,84.80364257256687,756251547,6.702700440304327e-06,5.450032214659699e-05,0.0461205986032704,4,,
roberta-base,14,24,86.85258964143426,86.05577689243027,178920871,2.824200276975124e-05,0.0603096240822581,0.0795975282512551,8,,
roberta-base,14,25,85.20204894706887,84.4621513944223,1802367419,1.4557134870426757e-05,0.0033916148454602,0.0127810699794396,4,,
roberta-base,14,26,86.68184405236198,84.74672737620945,2035506908,6.04861746846625e-05,0.0073718095398875,0.071095437537294,7,,
roberta-base,14,27,84.86055776892431,83.72225384177575,329751948,9.554168482968284e-05,0.0072068277308713,0.1972919596804743,6,,
roberta-base,14,28,85.54354012521343,84.4621513944223,107074726,7.165313559708562e-05,8.254303721524826e-05,0.0719942159692495,6,,
roberta-base,14,29,87.5355719977234,85.37279453614114,1163047172,2.802245379209632e-05,4.376690728158248e-05,0.0509686776612494,8,,
roberta-base,15,0,85.19362186788155,84.97438816163915,2142691568,5.997402752099688e-06,2.1481805306397237e-05,0.1113090474425304,10,,
roberta-base,15,1,83.94077448747153,83.15310187820148,887077067,2.7849836719154063e-05,3.468810441111615e-05,0.1309639376614252,2,,
roberta-base,15,2,85.59225512528474,84.63289698349459,566076550,1.8627358133522827e-05,7.278108500178584e-05,0.0666708582134435,8,,
roberta-base,15,3,83.14350797266515,81.04723961297667,1054968760,9.2826471156851e-05,8.80019545422509e-05,0.1339172168046354,4,,
roberta-base,15,4,84.45330296127563,83.2100170745589,809069156,7.396206186687443e-06,0.0006781842386888,0.09219448743558,4,,
roberta-base,15,5,83.54214123006834,82.9823562891292,1190806770,1.933931636540073e-05,0.004341193364438,0.178413129621431,2,,
roberta-base,15,6,85.250569476082,83.43767785998861,1918802574,5.799914171641504e-06,0.0010150724506197,0.1097069721762282,8,,
roberta-base,15,7,86.1617312072893,85.60045532157086,1136252746,1.3379176652925291e-05,0.0090747276540159,0.1273125973482041,9,,
roberta-base,15,8,84.16856492027335,83.66533864541833,264310499,9.952815824738705e-06,2.363481582249918e-05,0.0298361939519866,8,,
roberta-base,15,9,82.91571753986332,83.94991462720546,2080046175,8.184260032662143e-05,7.70398715795799e-05,0.0781570912606015,3,,
roberta-base,15,10,83.48519362186788,82.47011952191235,88816608,8.049649387656639e-05,0.0012728951413515,0.1154427187085383,10,,
roberta-base,15,11,84.62414578587699,84.06374501992032,1709357762,1.3546076571961217e-05,0.0007731422627649,0.1763846618448589,2,,
roberta-base,15,12,82.85876993166288,82.07171314741036,586518855,6.517612283914997e-06,0.0001452454221853,0.1422233787431346,4,,
roberta-base,15,13,85.42141230068337,84.86055776892431,12038458,1.0884988896471667e-05,0.0085832372634462,0.1918636856286127,10,,
roberta-base,15,14,84.56719817767653,83.55150825270347,901487849,8.634096532476778e-06,0.0055365994200509,0.1301956376699742,5,,
roberta-base,15,15,84.90888382687928,83.09618668184405,819974212,5.3078544927826166e-05,1.1167698289586964e-05,0.1346919366170785,3,,
roberta-base,15,16,83.94077448747153,83.6084234490609,474701064,2.1851562763390743e-05,0.0011409824776845,0.1904427986724622,2,,
roberta-base,15,17,81.15034168564921,81.90096755833808,1276546029,9.882785799849144e-05,0.0006647676354673,0.1827852896167734,3,,
roberta-base,15,18,84.51025056947609,83.43767785998861,634394167,7.273110658457131e-06,0.0009217277767482,0.0289298390876022,5,,
roberta-base,15,19,83.5990888382688,82.58394991462721,1039114025,5.977868103409271e-06,0.0555375052585336,0.1836224118195341,4,,
roberta-base,15,20,83.25740318906605,82.9823562891292,1484056241,2.2423668252350643e-05,0.0812800974062559,0.1852641563593186,2,,
roberta-base,15,21,83.20045558086561,81.50256118383608,2010268107,9.910249393779544e-05,1.6509996018192887e-05,0.0896920645710118,4,,
roberta-base,15,22,84.1116173120729,82.58394991462721,685245740,4.690287382640062e-05,0.0281916479850204,0.0556690229661401,2,,
roberta-base,15,23,84.68109339407745,84.4621513944223,1652207533,1.923871155902436e-05,0.0037189691109624,0.1410929440444967,3,,
roberta-base,15,24,84.73804100227791,84.17757541263518,2091948286,9.894321275087756e-06,0.0078302774396552,0.1075559254496638,10,,
roberta-base,15,25,85.02277904328018,84.63289698349459,422114064,2.3212571781002358e-05,0.0477697551809523,0.074221642163085,9,,
roberta-base,15,26,83.31435079726651,81.55947638019352,1936729166,9.447788442334024e-05,6.426266835314942e-05,0.133252187993538,3,,
roberta-base,15,27,84.96583143507972,84.51906659077974,704316309,1.961234498169135e-05,0.0159942063133007,0.1277459086415779,7,,
roberta-base,15,28,85.47835990888383,83.94991462720546,863649018,1.1827721515336898e-05,2.625306497258537e-05,0.1953802239825212,5,,
roberta-base,15,29,84.79498861047836,83.83608423449061,884655953,6.210561262513469e-06,0.0016758335892507,0.043718704179491,6,,
roberta-base,16,0,84.1025641025641,85.86894586894587,1906712886,6.547454961512441e-06,0.0001501606047046,0.0513452587221349,8,,
roberta-base,16,1,83.19088319088318,86.03988603988604,260883694,3.782073289580719e-05,0.0001332136710517,0.0597127866800151,5,,
roberta-base,16,2,82.33618233618233,85.41310541310541,2129601088,5.506728880286507e-05,0.0012611343072707,0.0760569032410657,8,,
roberta-base,16,3,84.55840455840456,86.83760683760684,571771999,4.2439600126736925e-05,0.0026854632091539,0.0303034891067454,5,,
roberta-base,16,4,80.28490028490029,82.5071225071225,317877242,5.2095328885751774e-06,1.068805308055695e-05,0.1393636891074192,2,,
roberta-base,16,5,81.42450142450143,82.84900284900284,1908089785,5.628958664973853e-06,0.0001577015084767,0.0281716972525193,3,,
roberta-base,16,6,80.91168091168092,81.36752136752136,1328278337,9.901073620333917e-05,0.0013900882426695,0.0807345957692195,10,,
roberta-base,16,7,83.19088319088318,86.43874643874643,1822507931,5.130545057721544e-05,0.0062709894203996,0.0894450648941566,8,,
roberta-base,16,8,81.19658119658119,83.53276353276354,1561429107,8.724669368154504e-05,2.3370379870496585e-05,0.0989308814924431,7,,
roberta-base,16,9,84.21652421652422,86.78062678062678,1173665900,2.4034232230163052e-05,0.0003479568398873,0.0148264125159916,8,,
roberta-base,16,10,83.81766381766381,85.35612535612536,1768478858,1.2331796480259075e-05,0.0190391739808359,0.1617777501606326,4,,
roberta-base,16,11,83.24786324786325,86.0968660968661,1618577695,4.016170762962068e-05,1.542512486084418e-05,0.0755678938663209,9,,
roberta-base,16,12,83.81766381766381,86.21082621082621,1639739367,3.721350846862182e-05,0.0016460891747168,0.0780195502116161,5,,
roberta-base,16,13,81.25356125356126,85.07122507122507,1643446744,8.666518814795935e-06,0.0256314147298145,0.1408188814991591,4,,
roberta-base,16,14,82.73504273504274,85.6980056980057,210437772,3.474722805848133e-05,0.0648010497419156,0.1327601583886228,4,,
roberta-base,16,15,82.22222222222223,84.9002849002849,1803063427,6.236934565132501e-05,0.0001593901087914,0.00514416695458,4,,
roberta-base,16,16,82.45014245014245,85.58404558404558,896588241,5.7051493572386846e-05,0.0010873428057403,0.1223061508963794,10,,
roberta-base,16,17,83.70370370370371,86.95156695156695,367269812,3.626739839850906e-05,0.0004392189266273,0.057878998423639,3,,
roberta-base,16,18,83.64672364672364,85.35612535612536,682512880,3.952948951606482e-05,5.730647418905871e-05,0.1595914622147849,5,,
roberta-base,16,19,83.70370370370371,85.64102564102564,1428855082,7.128141366367467e-06,0.000199656197739,0.1787431269023671,6,,
roberta-base,16,20,83.3048433048433,86.66666666666667,94071570,2.552647901145108e-05,7.187144806789721e-05,0.0145170955179482,9,,
roberta-base,16,21,82.96296296296296,85.58404558404558,731130689,1.014499186553744e-05,0.0048360909395936,0.1764428221140603,4,,
roberta-base,16,22,82.96296296296296,85.12820512820512,827412710,5.132159188917814e-05,0.0050486385185898,0.0920275306321513,5,,
roberta-base,16,23,83.70370370370371,86.4957264957265,158086111,1.120189638666732e-05,0.0054680632620833,0.1116396259933668,9,,
roberta-base,16,24,83.19088319088318,85.35612535612536,742875356,5.092675237368159e-06,0.0005241520773943,0.1708730402173181,7,,
roberta-base,16,25,82.73504273504274,85.52706552706553,619323397,1.9991885036521967e-05,0.0355508387850306,0.0858067175778085,2,,
roberta-base,16,26,83.53276353276354,85.92592592592592,1171720324,1.9711181076861772e-05,0.0006583020208454,0.0335880098209928,10,,
roberta-base,16,27,84.15954415954415,85.64102564102564,770738696,6.0145675138672645e-06,1.6926466394823465e-05,0.1751238349777849,10,,
roberta-base,16,28,83.47578347578347,86.95156695156695,1641435011,3.170859555423891e-05,3.828693331584596e-05,0.1847527011830312,10,,
roberta-base,16,29,83.19088319088318,86.8945868945869,33397021,3.6638904440906274e-05,0.0211043195540334,0.1867958582889091,8,,
roberta-base,17,0,84.21348314606742,85.12071869736103,700968311,1.050075272588329e-05,0.0003259762082783,0.0042908184245975,8,,
roberta-base,17,1,84.71910112359551,85.34531162268388,859714233,2.667818612210012e-05,0.0055360162218882,0.0852655085903505,4,,
roberta-base,17,2,85.0561797752809,85.23301516002246,1292475069,1.4938521507417593e-05,0.0460290094663581,0.1773271527592236,7,,
roberta-base,17,3,84.88764044943821,84.1100505334082,216797424,4.492428437762939e-05,0.0007111232782011,0.1274318864992268,5,,
roberta-base,17,4,83.87640449438203,84.83997754070747,1279710937,8.244498114606729e-06,0.0917966389242171,0.0401024112162102,9,,
roberta-base,17,5,85.11235955056179,84.83997754070747,1976726836,2.1903002937497163e-05,1.910608470837942e-05,0.0248253684557518,10,,
roberta-base,17,6,82.30337078651685,83.21167883211679,1551288878,9.969075797520298e-06,0.0001715345442398,0.1885885415047176,2,,
roberta-base,17,7,84.49438202247191,84.9522740033689,683161727,1.0887484284490334e-05,0.0023389102592445,0.0866240271639018,10,,
roberta-base,17,8,83.93258426966293,83.38012352610893,913918479,4.66849722588045e-05,0.0278535442854845,0.1182213972170895,6,,
roberta-base,17,9,84.15730337078652,84.67153284671532,556091410,6.642577834652912e-06,0.0726665149418949,0.0947493738443443,7,,
roberta-base,17,10,82.52808988764045,83.38012352610893,157027897,7.067242441397466e-05,0.0021690799722249,0.1162493969798371,5,,
roberta-base,17,11,85.1685393258427,84.5030881527232,116505846,1.723602469531215e-05,0.0002072109125266,0.051468428710418,10,,
roberta-base,17,12,85.3932584269663,84.72768107804605,535790663,1.4696674273997811e-05,0.0029327860343048,0.1844183857445893,7,,
roberta-base,17,13,83.65168539325843,85.17686692869175,1331070118,6.462045143490433e-06,1.787093725527476e-05,0.0906412670846329,7,,
roberta-base,17,14,82.92134831460675,82.8186412128018,283027083,7.856860120098737e-05,3.540008995412812e-05,0.1491780986321809,10,,
roberta-base,17,15,85.11235955056179,85.51375631667602,900402345,8.009560016751202e-06,1.345022206412191e-05,0.1128783265151894,9,,
roberta-base,17,16,82.35955056179775,82.8747894441325,925599571,7.737030516595933e-05,0.0002118287952756,0.1475305478931202,4,,
roberta-base,17,17,83.53932584269663,84.05390230207749,1944989478,5.826083228120616e-05,0.0356996083014218,0.1983870055171622,3,,
roberta-base,17,18,82.69662921348315,81.24649073554183,901315482,8.79076401116593e-05,5.958095638011036e-05,0.1663041627109539,7,,
roberta-base,17,19,84.5505617977528,84.33464345873105,370284052,4.290340760128216e-05,0.0004861357149765,0.1415624193194524,10,,
roberta-base,17,20,85.50561797752809,86.13138686131387,1499879743,1.8867147534231503e-05,0.006444295629554,0.1007170487342524,8,,
roberta-base,17,21,83.87640449438203,83.32397529477821,292986727,6.0249628293032224e-05,1.5192948002971762e-05,0.1123173860008727,8,,
roberta-base,17,22,82.47191011235955,80.79730488489612,1653366887,9.863146010011336e-05,0.001324804213749,0.0759244425555911,9,,
roberta-base,17,23,84.9438202247191,83.7170129140932,1774829264,1.885059687327753e-05,1.907549674286252e-05,0.0324127600931206,6,,
roberta-base,17,24,84.38202247191012,84.9522740033689,1122596550,9.111539798561135e-06,2.695530843510261e-05,0.1446376477144491,6,,
roberta-base,17,25,84.43820224719101,84.22234699606962,1536391281,1.954121088789705e-05,0.0017296142097346,0.0414977913914453,2,,
roberta-base,17,26,84.88764044943821,83.7170129140932,1423595097,3.365999031686376e-05,5.084831015504311e-05,0.0968705562345545,9,,
roberta-base,17,27,85.1685393258427,84.33464345873105,755354078,2.1469298821873937e-05,0.000606911246644,0.0534430353396123,9,,
roberta-base,17,28,84.26966292134831,83.04323413812465,436265328,5.828645124899399e-05,0.0001065349427689,0.1863107246366898,10,,
roberta-base,17,29,81.40449438202248,81.41493542953397,630503137,6.53962441801036e-06,0.0001263891720752,0.1826303429884473,2,,
roberta-base,18,0,84.23423423423424,83.0518018018018,1734497443,1.2924106829918384e-05,0.0054219758655904,0.0440017729455859,6,,
roberta-base,18,1,82.77027027027027,82.26351351351352,1679181861,9.289876668367424e-06,1.1802212889805409e-05,0.0581309521102842,3,,
roberta-base,18,2,80.85585585585585,79.78603603603604,728023165,8.810451656808642e-05,0.006509745669869,0.14946883345575,8,,
roberta-base,18,3,83.50225225225225,83.44594594594595,403560303,5.720244189588756e-05,0.0001457246482988,0.0899429989909563,8,,
roberta-base,18,4,81.47522522522523,81.75675675675676,1312395808,6.445820456653625e-05,1.3530666261609744e-05,0.0766738588185184,8,,
roberta-base,18,5,84.40315315315316,83.27702702702703,1540088241,2.430603530667985e-05,0.0155622850239616,0.1416361291899502,10,,
roberta-base,18,6,83.67117117117117,83.38963963963964,193188679,2.2429516263335865e-05,0.0585116669183982,0.1715488121944404,5,,
roberta-base,18,7,68.91891891891892,70.83333333333333,1085811384,8.746719885686017e-05,0.0695024322264399,0.1573103531620646,7,,
roberta-base,18,8,82.60135135135135,82.2072072072072,723500105,7.777885725545693e-06,4.991018293003237e-05,0.0617585217263786,5,,
roberta-base,18,9,80.63063063063063,81.75675675675676,1461533816,5.7134110221020384e-06,0.0006290023052002,0.1571370085614781,3,,
roberta-base,18,10,83.27702702702703,82.48873873873873,2030581980,8.979538238492233e-06,0.0001330949619192,0.1809280153752021,4,,
roberta-base,18,11,83.78378378378379,82.31981981981981,1594792018,4.411338008976568e-05,0.0014517313521836,0.1796544199012696,7,,
roberta-base,18,12,84.009009009009,83.16441441441441,1562377073,6.749783904488706e-06,0.0068528446672529,0.1227360538789549,9,,
roberta-base,18,13,85.13513513513513,84.40315315315316,923687058,3.044463762158513e-05,0.0014131215843087,0.0843807318673464,6,,
roberta-base,18,14,83.44594594594595,83.27702702702703,644062187,2.215620975209513e-05,0.0163763853354403,0.0035835452790643,3,,
roberta-base,18,15,82.99549549549549,82.31981981981981,1270929667,6.325165820919615e-05,0.0028579728212796,0.0631627588585787,6,,
roberta-base,18,16,84.29054054054055,82.88288288288288,1574317138,2.0623713526908604e-05,2.5023550724750608e-05,0.1481890089634391,4,,
roberta-base,18,17,82.31981981981981,82.43243243243244,1001446961,2.081044318173644e-05,0.005320880409226,0.0893236981686492,2,,
roberta-base,18,18,83.61486486486487,83.67117117117117,5882388,1.6270483010038028e-05,0.0539195761637699,0.0221014027777098,4,,
roberta-base,18,19,79.39189189189189,79.84234234234235,58325563,6.175882252044494e-05,0.0020720943177878,0.0695660331539774,6,,
roberta-base,18,20,82.37612612612612,81.75675675675676,847029192,6.886206194402529e-05,0.0004555147075427,0.0920436990309666,10,,
roberta-base,18,21,81.47522522522523,81.64414414414415,425105792,6.265454606634534e-06,0.0413387193997254,0.0656743132303344,3,,
roberta-base,18,22,84.06531531531532,83.8963963963964,616250721,3.451992953593763e-05,0.0018041400244478,0.0234890460368952,8,,
roberta-base,18,23,83.33333333333333,82.54504504504504,1560549272,1.0138870524142336e-05,6.666849452753979e-05,0.0182436673261361,5,,
roberta-base,18,24,83.84009009009009,84.12162162162163,316485437,1.8475925602177e-05,0.0002924094837768,0.1875722429170098,9,,
roberta-base,18,25,83.95270270270271,82.88288288288288,781061108,1.0557672789719444e-05,2.2693270253993325e-05,0.0896739666929137,5,,
roberta-base,18,26,82.88288288288288,82.2072072072072,148742642,5.850849961448303e-06,0.0065538599452835,0.031193050278398,6,,
roberta-base,18,27,83.95270270270271,83.72747747747748,479897648,1.4057360452162244e-05,3.219216818926961e-05,0.1980046577641252,4,,
roberta-base,18,28,81.08108108108108,80.46171171171171,1969956845,7.352041865404915e-05,0.0006035331155,0.0495896291074811,7,,
roberta-base,18,29,84.57207207207207,84.17792792792793,888342564,3.895109729308312e-05,5.1831157546720176e-05,0.1404275830751115,8,,
roberta-base,19,0,85.10028653295129,85.32951289398281,1531716521,6.427128950686313e-06,0.000811951852185,0.1276629139287141,8,,
roberta-base,19,1,84.29799426934098,83.43839541547278,1912335283,5.171173011405406e-05,2.8472664949841985e-05,0.1377646938232652,10,,
roberta-base,19,2,84.87106017191977,84.01146131805157,1043577584,5.045912539989123e-06,0.007822752684702,0.1395735489711615,10,,
roberta-base,19,3,84.46991404011462,83.83954154727793,1563125678,4.0087495229677366e-05,1.250915853430655e-05,0.1823043807401944,3,,
roberta-base,19,4,77.59312320916905,76.10315186246419,1786130162,9.21861897424106e-05,0.0187017820729373,0.0256414685267281,8,,
roberta-base,19,5,85.50143266475645,84.18338108882521,1299397347,1.081950602600553e-05,0.0001094246819484,0.0277092065008426,5,,
roberta-base,19,6,83.26647564469914,83.61031518624642,716012765,8.219332789989643e-05,0.0171131373197036,0.0988642055349243,7,,
roberta-base,19,7,85.10028653295129,85.21489971346705,67216619,4.15015855171973e-05,0.0004204151215121,0.1441257667915012,10,,
roberta-base,19,8,84.2406876790831,83.89684813753581,303954637,3.151115749382859e-05,0.0365884975593322,0.0851054885436319,3,,
roberta-base,19,9,85.10028653295129,84.29799426934098,344515704,7.055411918537581e-06,0.0011686842592155,0.1447367027528494,10,,
roberta-base,19,10,84.98567335243553,85.27220630372493,1055052811,2.4681121594587246e-05,0.0009157897722306,0.0491627278634124,9,,
roberta-base,19,11,83.20916905444126,82.69340974212034,1360482412,5.7956285169102815e-06,6.379314644472098e-05,0.0090015047057785,4,,
roberta-base,19,12,84.92836676217765,84.69914040114614,1210422585,1.0214030578084238e-05,0.0001495875742746,0.064515215994047,6,,
roberta-base,19,13,86.07449856733524,86.24641833810888,443435249,2.151129350562509e-05,0.000164656181803,0.0946034043165848,7,,
roberta-base,19,14,84.5272206303725,83.32378223495702,240934172,9.683818807287108e-06,0.0379232275323001,0.1892008440851049,4,,
roberta-base,19,15,84.64183381088826,84.29799426934098,514791883,4.355514427181301e-05,0.0095778646463032,0.0527762035440861,8,,
roberta-base,19,16,84.756446991404,84.12607449856733,1926758513,9.90122192764275e-06,0.0130342576909658,0.0320470131495014,7,,
roberta-base,19,17,84.756446991404,85.73065902578797,980681340,1.906858252844736e-05,0.0003428299090277,0.065508795122507,9,,
roberta-base,19,18,85.50143266475645,85.32951289398281,424529278,1.9013889612451226e-05,0.0880473388996803,0.0283175661349892,9,,
roberta-base,19,19,82.75071633237822,81.60458452722062,2044930379,8.666861630391588e-05,4.870053271257751e-05,0.1789707063104516,2,,
roberta-base,19,20,84.29799426934098,83.43839541547278,1364425513,2.5234269768432632e-05,0.0007479242786575,0.0902646998444526,2,,
roberta-base,19,21,83.3810888252149,84.41260744985674,1026391279,8.403909202435655e-05,0.0003302584471784,0.183813481968112,4,,
roberta-base,19,22,84.5272206303725,83.26647564469914,407627745,1.099698966637296e-05,0.0845631156342951,0.0036622847305469,4,,
roberta-base,19,23,84.98567335243553,85.55873925501433,554785470,4.531462918701764e-05,0.0464225800590684,0.1590474521584781,3,,
roberta-base,19,24,84.01146131805157,83.26647564469914,2022400422,4.586239702477237e-05,4.955579186169951e-05,0.0443082799259811,3,,
roberta-base,19,25,84.81375358166189,83.49570200573066,883824508,5.18004282512578e-06,1.8823798443181515e-05,0.0016240356060016,10,,
roberta-base,19,26,85.32951289398281,84.35530085959886,288705771,1.6879494852309444e-05,0.0211096332927892,0.1944424081706307,4,,
roberta-base,19,27,84.64183381088826,82.97994269340974,350138844,1.24244587138978e-05,0.0083998806856395,0.1856380105141624,3,,
roberta-base,19,28,85.0429799426934,83.32378223495702,1761713269,5.343003258251094e-06,0.0041805656070863,0.0652375212544484,3,,
roberta-base,19,29,82.86532951289398,83.95415472779369,1099156648,8.404913110387137e-05,1.0317298335670876e-05,0.0757333316537725,6,,
roberta-base,20,0,85.18099547511312,83.77614471452799,1100359169,1.7610864793654445e-05,0.0005388430940857,0.0328224101905484,5,,
roberta-base,20,1,85.85972850678733,84.22837761447146,2102885305,1.4535716545517932e-05,0.0002769510147483,0.0051793729998518,9,,
roberta-base,20,2,84.84162895927602,83.38044092707744,1118311433,9.732279334225295e-06,0.0658334777724091,0.0307343955089482,8,,
roberta-base,20,3,84.89819004524887,83.49349915206331,796836997,4.37124064311352e-05,0.0209259578927787,0.1576478048802031,6,,
roberta-base,20,4,84.84162895927602,82.75862068965517,1717884011,3.1672425967184686e-05,0.0740896059652976,0.0956145786528013,2,,
roberta-base,20,5,82.63574660633485,82.24985867721877,101143793,1.3926884362574344e-05,0.0004749033998728,0.1101256482255699,2,,
roberta-base,20,6,84.44570135746606,83.26738270209158,1043444094,6.164538640228934e-06,0.0002959739646159,0.1222557878865878,6,,
roberta-base,20,7,84.67194570135747,83.77614471452799,1515692085,3.99268281785662e-05,6.571768926328403e-05,0.0649970109881256,7,,
roberta-base,20,8,83.88009049773756,81.34539287733183,258131008,9.083615912971428e-05,0.0035891707224377,0.0934827583488535,9,,
roberta-base,20,9,83.1447963800905,82.47597512719051,1854701858,6.184687674499522e-06,0.0003399603492323,0.150074212562053,3,,
roberta-base,20,10,85.35067873303167,84.68061051441492,1001826171,3.006465834882169e-05,4.01061004375716e-05,0.107866599606371,4,,
roberta-base,20,11,82.97511312217195,82.53250423968343,718390486,9.435528189233902e-06,5.1684682285205054e-05,0.1603275136210023,3,,
roberta-base,20,12,71.60633484162896,69.24816280384398,1819122149,7.910875321123195e-05,0.0284997602867153,0.0339486097312759,7,,
roberta-base,20,13,85.23755656108597,84.51102317693612,1394110789,1.7488361678407915e-05,6.850530215302407e-05,0.1409425343354826,7,,
roberta-base,20,14,84.50226244343891,83.60655737704919,45567412,5.949943005172178e-05,0.0013419525331509,0.0726659014703928,2,,
roberta-base,20,15,84.95475113122171,83.83267382702091,2089843820,9.867748617073756e-06,2.9871975412538184e-05,0.0185364968109478,10,,
roberta-base,20,16,85.69004524886878,84.56755228942906,651902346,1.85644350195964e-05,0.0014663864980509,0.1154907654832247,9,,
roberta-base,20,17,84.21945701357465,83.55002826455625,1586104846,7.561669824902786e-06,1.1641528146351432e-05,0.1181811592809374,9,,
roberta-base,20,18,84.95475113122171,84.05879027699265,685188173,3.113188447038519e-05,3.53726329854449e-05,0.0017595699902057,9,,
roberta-base,20,19,83.42760180995475,82.02374222724703,1938274681,9.626683975540344e-05,0.0002950779431407,0.1311425123251545,9,,
roberta-base,20,20,84.95475113122171,82.87167891464104,1706184594,4.378514537714186e-05,0.042773506615716,0.1595823713444794,9,,
roberta-base,20,21,85.18099547511312,84.11531938948559,201676272,1.3275331028938369e-05,0.0364131349372391,0.0038514958661152,6,,
roberta-base,20,22,84.44570135746606,82.9847371396269,1082115006,6.115527307187004e-05,0.0076326694075312,0.0620694414426067,8,,
roberta-base,20,23,85.12443438914028,84.22837761447146,1364918447,8.757719797669076e-06,0.0001677910485631,0.0434644850275151,6,,
roberta-base,20,24,86.59502262443439,85.41548897682307,1424964756,9.228437105948115e-06,0.0009257022445403,0.0612877788809228,9,,
roberta-base,20,25,82.07013574660634,81.7976257772753,1725532791,6.8768758181824165e-06,4.770393029371797e-05,0.0185924246423409,3,,
roberta-base,20,26,84.0497737556561,82.24985867721877,1347191023,6.555000457143179e-06,0.0013396345650252,0.0060249127878365,5,,
roberta-base,20,27,83.4841628959276,81.40192198982476,665371205,8.348073624094268e-05,0.0201601546293485,0.1093058364303507,7,,
roberta-base,20,28,85.06787330316742,84.05879027699265,1676379458,1.3151134309752432e-05,2.508874311823657e-05,0.0676256492463579,4,,
roberta-base,20,29,85.91628959276018,84.11531938948559,596871235,1.9629609258852456e-05,1.617702995788017e-05,0.1641227656776072,4,,
roberta-base,21,0,85.73059360730593,84.58904109589041,1437833801,3.434750989943796e-05,0.0025754328369629,0.0346214423971782,4,,
roberta-base,21,1,84.93150684931507,83.33333333333333,993390333,6.743055487770381e-06,0.0003473589006906,0.0267247867402699,8,,
roberta-base,21,2,85.04566210045662,83.50456621004567,1350930711,5.726145272388472e-05,2.645960136314189e-05,0.1114297446140049,3,,
roberta-base,21,3,86.0730593607306,84.18949771689498,420836677,1.5052440875531358e-05,2.256930540950836e-05,0.0651271370672383,6,,
roberta-base,21,4,70.49086757990868,70.26255707762557,1555275769,9.257056489363388e-05,0.0028899815812822,0.0018196905079408,3,,
roberta-base,21,5,84.64611872146119,83.78995433789954,1975267403,7.998420044363255e-06,0.0005714183914459,0.1006520908968201,6,,
roberta-base,21,6,82.42009132420091,82.36301369863014,220515836,1.184408924401933e-05,0.0488952151055396,0.1048160229021644,2,,
roberta-base,21,7,84.98858447488584,83.61872146118722,1443740134,2.329840359570056e-05,2.1042977728721745e-05,0.116138686406608,3,,
roberta-base,21,8,84.64611872146119,83.56164383561644,508971836,5.502191486448416e-05,0.0006718209835484,0.0446125567020373,3,,
roberta-base,21,9,84.87442922374429,84.53196347031964,1900552435,4.03865468143198e-05,0.0005370931296778,0.1932425277519186,4,,
roberta-base,21,10,84.58904109589041,82.87671232876713,2048488196,7.254855299204046e-05,0.0017091396137055,0.1525502335490505,2,,
roberta-base,21,11,85.61643835616438,84.70319634703196,908059212,1.3388152180451932e-05,0.0109563204632359,0.1391495981281935,8,,
roberta-base,21,12,85.27397260273973,84.58904109589041,19529510,3.240755308075528e-05,0.0009584463441322,0.0579638596797007,5,,
roberta-base,21,13,83.21917808219177,82.42009132420091,1920021621,9.148629026827964e-05,5.7561310303832285e-05,0.0820317224304606,9,,
roberta-base,21,14,70.49086757990868,70.26255707762557,1360238095,9.517400070084942e-05,5.583107323591685e-05,0.0522465415819476,8,,
roberta-base,21,15,82.07762557077625,81.62100456621005,1791512146,5.720481431294977e-06,0.0018985945271617,0.1441050886319551,3,,
roberta-base,21,16,85.95890410958904,84.3607305936073,250450049,3.093227654396759e-05,1.0328881593653958e-05,0.1846223301060063,6,,
roberta-base,21,17,83.162100456621,83.162100456621,517359007,7.802730747356109e-05,0.0003076180692562,0.0991818232028628,3,,
roberta-base,21,18,83.10502283105023,82.1917808219178,851338353,9.51871231296328e-05,3.7761980130160464e-05,0.1685376068644275,3,,
roberta-base,21,19,84.58904109589041,83.73287671232876,239529330,8.51697979880673e-06,0.0001500268118707,0.0831624234418745,5,,
roberta-base,21,20,84.64611872146119,83.21917808219177,1327789884,5.42971577174777e-06,0.0001314283817485,0.0093285049998985,6,,
roberta-base,21,21,83.84703196347031,84.01826484018265,520008978,6.704559672199619e-06,0.0006564405433005,0.1934158210009595,9,,
roberta-base,21,22,85.50228310502283,83.61872146118722,1867715491,1.6844571126302057e-05,1.3354165627646516e-05,0.1112766465684368,4,,
roberta-base,21,23,84.64611872146119,84.07534246575342,1868560887,4.226663129258961e-05,1.0311006882837983e-05,0.0027173843184514,8,,
roberta-base,21,24,84.47488584474885,84.1324200913242,465556746,5.619247851844688e-05,8.666502900357978e-05,0.199827580499233,7,,
roberta-base,21,25,83.39041095890411,83.50456621004567,1210464121,7.955077989540196e-06,0.0003221614061882,0.0865730911975731,5,,
roberta-base,21,26,85.44520547945206,84.30365296803653,892746883,3.332478641566343e-05,0.003818030879177,0.0567840167690593,2,,
roberta-base,21,27,84.64611872146119,82.42009132420091,1718274471,6.803816083182189e-05,0.0001196417403673,0.0159567491199765,4,,
roberta-base,21,28,85.55936073059361,84.70319634703196,1712940602,1.4819442437165936e-05,0.0032488697233733,0.1361365239476995,8,,
roberta-base,21,29,85.21689497716895,84.1324200913242,259399875,2.6505233113419885e-05,0.0001017194984321,0.0133542883585178,10,,
roberta-base,22,0,84.76407049459921,83.1722569641842,346935417,4.754804393373783e-05,0.0034335361115133,0.1013432143544093,7,,
roberta-base,22,1,85.90108015918135,84.25241614553724,705168807,2.987279465199362e-05,8.165291075697621e-05,0.0094811762257494,7,,
roberta-base,22,2,84.13871517907903,82.4332006822058,1419281152,7.230807797998603e-05,2.2882183871605647e-05,0.1813846931053137,3,,
roberta-base,22,3,84.0250142126208,83.28595793064241,870206376,5.107518922037556e-05,0.016978583934889,0.0284413913231952,6,,
roberta-base,22,4,85.55997725980671,83.57021034678795,1851423274,1.2450997040186584e-05,0.0024599054311754,0.0090714546082005,5,,
roberta-base,22,5,84.25241614553724,83.34280841387152,644188930,1.5414833600698846e-05,0.0364370214989523,0.014216044231872,2,,
roberta-base,22,6,83.79761227970438,82.77430358158044,1222275931,1.674485262204285e-05,0.0521344487674941,0.0659528289745802,2,,
roberta-base,22,7,84.0250142126208,82.83115406480955,244985509,1.3861795819721256e-05,0.0962846248350221,0.086058827702413,3,,
roberta-base,22,8,84.93462194428653,83.85446276293348,91244581,1.9928479297539256e-05,2.756451293670897e-05,0.1884321868924192,10,,
roberta-base,22,9,85.61682774303581,84.7072200113701,1750889833,3.442975606109496e-05,0.0275604001944796,0.0354672664315347,7,,
roberta-base,22,10,84.53666856168277,83.2291074474133,428423641,5.101020755766123e-05,0.0880363620116948,0.1118239569381833,5,,
roberta-base,22,11,86.01478112563957,83.91131324616259,1614912560,1.4446045362838962e-05,0.0038711111870178,0.1221439978273933,9,,
roberta-base,22,12,85.84422967595225,83.9681637293917,221947476,8.053471210125394e-06,0.0001797012025455,0.1155943527311022,7,,
roberta-base,22,13,86.12848209209778,83.39965889710062,1296673873,3.09384909792352e-05,0.0008926766391285,0.1167700366550554,3,,
roberta-base,22,14,85.33257532689028,84.42296759522456,914671023,3.610089125966435e-05,1.656928329516118e-05,0.168897821294238,9,,
roberta-base,22,15,81.75099488345651,81.86469584991472,744903768,9.09018077474996e-06,4.730901110711227e-05,0.1337022808713588,2,,
roberta-base,22,16,85.21887436043207,83.9681637293917,673996727,4.43882002714346e-05,5.613261092897342e-05,0.0355734280571088,9,,
roberta-base,22,17,83.79761227970438,82.88800454803865,640644775,6.736705369851805e-05,4.61411896804968e-05,0.1761104953866347,3,,
roberta-base,22,18,85.16202387720296,83.85446276293348,922166619,5.786836822823599e-05,0.0018894902075843,0.0118886496912768,6,,
roberta-base,22,19,84.42296759522456,83.62706083001706,777653507,3.894088121809717e-05,2.8715173189605105e-05,0.1285356553340335,8,,
roberta-base,22,20,84.13871517907903,83.62706083001706,1418557182,4.4426129488762416e-05,0.0010276455515755,0.119275807928545,7,,
roberta-base,22,21,85.44627629334849,83.57021034678795,915385785,4.571075945576104e-05,0.0592393783951328,0.0394422688260198,9,,
roberta-base,22,22,84.82092097782831,83.74076179647527,1175136754,4.1545673533365605e-05,0.0002872396458245,0.0147756526300304,2,,
roberta-base,22,23,84.99147242751563,83.62706083001706,2109720291,1.2479535104173274e-05,3.942140852729679e-05,0.0761163891891995,7,,
roberta-base,22,24,84.0250142126208,83.2291074474133,2075303711,2.1835040262243236e-05,1.836734828374576e-05,0.0231094690934474,2,,
roberta-base,22,25,85.5031267765776,83.9681637293917,1364605183,1.828133619360619e-05,0.0012157242676319,0.0435955501464423,5,,
roberta-base,22,26,85.95793064241046,84.25241614553724,677637733,2.3302667788134107e-05,0.0331073646644124,0.1575908929380318,7,,
roberta-base,22,27,84.65036952814098,83.9681637293917,2017525042,1.6748379333334397e-05,1.0133905985072228e-05,0.1619690981884481,5,,
roberta-base,22,28,81.86469584991472,81.46674246731098,1839519260,7.910881046539328e-06,0.0029226328320659,0.0076642313568975,2,,
roberta-base,22,29,85.10517339397384,83.00170551449688,277013281,9.609574478179442e-06,0.0206024704845058,0.1571677966172616,6,,
roberta-base,23,0,83.73151308304892,83.21956769055745,592695186,7.601581842316775e-06,0.0005458923343014,0.1542965081079326,5,,
roberta-base,23,1,85.0967007963595,84.64163822525597,1031751108,2.3047048181522707e-05,0.031105686812452,0.1240087894232271,7,,
roberta-base,23,2,83.90216154721274,81.51308304891923,472054232,6.257324721386649e-06,9.570837916085857e-05,0.0559573385250425,4,,
roberta-base,23,3,85.15358361774744,83.2764505119454,1372582083,2.502346870083152e-05,0.0002645378273225,0.0332764711835922,3,,
roberta-base,23,4,84.81228668941979,84.35722411831627,1456441374,1.4360389686252743e-05,1.0999553942972192e-05,0.1544907021963123,9,,
roberta-base,23,5,84.2434584755404,84.18657565415245,1868559038,1.921132365056257e-05,0.0010964717649901,0.0037662567463501,4,,
roberta-base,23,6,85.15358361774744,84.75540386803185,860706494,9.220423171479674e-06,1.7043771129891708e-05,0.1924187628605138,10,,
roberta-base,23,7,84.47098976109216,83.73151308304892,771794765,9.497387036419448e-06,0.0014014723368968,0.0562047310552542,6,,
roberta-base,23,8,84.98293515358361,83.56086461888509,670267064,2.7757757223427897e-05,0.0086218584152027,0.0603496232529661,2,,
roberta-base,23,9,82.8782707622298,81.45620022753128,740878022,9.154223274302918e-05,0.0001723398700203,0.0990875331437704,4,,
roberta-base,23,10,84.81228668941979,84.07281001137656,443986480,9.680477226909182e-06,0.0019267168065477,0.1409579341294474,8,,
roberta-base,23,11,81.51308304891923,80.43230944254834,1646193706,9.760854706181408e-05,0.0584015177155059,0.0704305482679386,9,,
roberta-base,23,12,82.3094425483504,80.43230944254834,1608595387,7.109713652488734e-06,8.008292981944046e-05,0.0295369160951146,2,,
roberta-base,23,13,83.44709897610922,82.5938566552901,824892850,5.542511198043488e-05,0.0560842797808097,0.0219148304311134,8,,
roberta-base,23,14,83.90216154721274,83.10580204778157,1392425606,7.281155232332105e-06,0.0037668410507975,0.150023569916735,7,,
roberta-base,23,15,85.21046643913539,83.67463026166098,1978672169,3.872623087430637e-05,0.0987019534261598,0.1496286101459391,4,,
roberta-base,23,16,85.55176336746302,84.18657565415245,1193643009,9.824926914258369e-06,3.219353999086981e-05,0.0542506048930377,8,,
roberta-base,23,17,82.82138794084186,81.56996587030717,620805447,8.697989078016387e-05,0.0048554378914533,0.1735254341204707,9,,
roberta-base,23,18,84.75540386803185,83.44709897610922,2123098158,4.22550560537078e-05,0.0410293570723701,0.1155741561938072,10,,
roberta-base,23,19,83.50398179749716,82.19567690557452,1062785609,6.853069666798531e-05,0.0066030452960953,0.0687675380810153,8,,
roberta-base,23,20,84.07281001137656,83.78839590443685,2119964305,1.0856918085250024e-05,0.0053841705301521,0.0576380322867541,7,,
roberta-base,23,21,84.01592718998862,82.82138794084186,331454080,7.274112021634364e-06,2.1847175496167463e-05,0.0154561821911051,4,,
roberta-base,23,22,84.07281001137656,83.16268486916951,388280562,2.152254583479597e-05,2.5276207629500425e-05,0.0364827140418698,7,,
roberta-base,23,23,84.2434584755404,82.42320819112628,90322192,1.1231673948625056e-05,0.034346625914655,0.0330887865801305,4,,
roberta-base,23,24,84.75540386803185,84.81228668941979,2055260248,2.3990969154043804e-05,4.397237309272648e-05,0.1766364442036068,7,,
roberta-base,23,25,85.49488054607508,83.61774744027304,2004576568,3.222056384046329e-05,6.268574435959005e-05,0.0628455308948953,10,,
roberta-base,23,26,85.03981797497156,84.64163822525597,721459220,1.2521325727156543e-05,0.0135790975885304,0.1520653336223178,8,,
roberta-base,23,27,84.2434584755404,82.82138794084186,622209497,4.600484291956123e-05,0.0017110727750149,0.1300748442840761,8,,
roberta-base,23,28,85.15358361774744,84.2434584755404,1375429291,3.40700462876859e-05,0.0303325224710775,0.009497577529703,8,,
roberta-base,23,29,83.56086461888509,83.78839590443685,1983363639,4.508248082290212e-05,0.001245466089974,0.1654924467263108,5,,
roberta-base,24,0,84.91525423728814,85.02824858757062,532650210,4.064365882190718e-05,0.0031300898059426,0.1899118044289947,8,,
roberta-base,24,1,85.76271186440678,85.9322033898305,1135815376,1.702508544611707e-05,0.0661534722960682,0.0231185100421916,6,,
roberta-base,24,2,83.22033898305085,83.10734463276836,916849363,8.684374537394697e-06,0.0003311362929971,0.1153559778969708,3,,
roberta-base,24,3,86.10169491525424,84.7457627118644,1489149286,1.8636083997118288e-05,0.0011408570668692,0.1900691958696269,4,,
roberta-base,24,4,84.46327683615819,84.91525423728814,614235857,4.944329040668983e-05,7.890247803453008e-05,0.1333538497786007,6,,
roberta-base,24,5,83.78531073446328,83.84180790960453,1616769495,9.81671262694584e-06,0.0085251418975019,0.0739664759309909,3,,
roberta-base,24,6,70.05649717514125,70.84745762711864,1904625994,9.501412680833707e-05,0.0007129804757975,0.0101070391656898,7,,
roberta-base,24,7,85.76271186440678,84.85875706214689,1915443027,1.2738839123028865e-05,8.649903442598181e-05,0.1295221104464445,6,,
roberta-base,24,8,84.18079096045197,85.02824858757062,633554298,5.456971647886453e-05,0.0001015944867965,0.1294786347358279,6,,
roberta-base,24,9,85.64971751412429,85.36723163841808,1793894688,1.951572278884294e-05,0.0587848991298105,0.0118411287680085,8,,
roberta-base,24,10,85.42372881355932,85.53672316384181,567715527,1.7856751335351427e-05,0.000104320864801,0.0214464227064865,6,,
roberta-base,24,11,85.36723163841808,85.36723163841808,1954588144,2.69670430551974e-05,0.0267954720569183,0.1590877624342111,7,,
roberta-base,24,12,85.2542372881356,85.2542372881356,1823547825,1.0417073990902134e-05,0.0138395657999536,0.1116131310740562,7,,
roberta-base,24,13,84.91525423728814,85.2542372881356,522642472,3.565713272821821e-05,0.0026965036348013,0.0055259326809176,10,,
roberta-base,24,14,84.0677966101695,84.0677966101695,2063976804,1.623609052732052e-05,0.0001291047265982,0.0420510435878598,3,,
roberta-base,24,15,86.38418079096046,85.31073446327683,838420719,2.8911317717577804e-05,0.0005717708824397,0.178823669432007,5,,
roberta-base,24,16,85.53672316384181,84.91525423728814,1265721492,1.865908701907477e-05,0.0001028440861955,0.1764243517375057,4,,
roberta-base,24,17,85.87570621468926,85.81920903954803,1500921204,1.5188270620356191e-05,5.341117649933987e-05,0.1124923239914429,7,,
roberta-base,24,18,83.89830508474576,83.67231638418079,147907259,5.835060736869848e-06,0.0002871054909239,0.011652745197383,6,,
roberta-base,24,19,85.48022598870057,84.63276836158192,1618195380,8.150162015120105e-06,0.0001876039516941,0.0094358340956564,9,,
roberta-base,24,20,83.61581920903954,83.1638418079096,2117595016,1.1396369933901865e-05,0.0019521037140901,0.1181291236680422,2,,
roberta-base,24,21,84.97175141242938,85.31073446327683,279334686,9.985498935721416e-06,8.126526232464031e-05,0.0924775341564005,10,,
roberta-base,24,22,83.55932203389831,82.99435028248588,170201943,7.744061040342346e-05,0.0001520998598088,0.0547788929597658,3,,
roberta-base,24,23,85.36723163841808,85.31073446327683,1844687334,2.6693913173676595e-05,0.0027452445558102,0.0963231291671443,7,,
roberta-base,24,24,84.46327683615819,84.63276836158192,464423326,3.923329687202757e-05,0.0019189710841201,0.0557881635561381,9,,
roberta-base,24,25,84.97175141242938,84.46327683615819,1820336877,2.0813327794591864e-05,0.0001382893178378,0.1798276227892581,3,,
roberta-base,24,26,85.2542372881356,85.42372881355932,1806573715,1.4029579941056889e-05,0.0003030259983678,0.1656195569768369,4,,
roberta-base,24,27,83.954802259887,82.59887005649718,1593766831,8.72943361219566e-05,0.0011110252930752,0.1728228212340344,9,,
roberta-base,24,28,85.42372881355932,84.85875706214689,279909755,9.951744893814764e-06,0.0989825593402635,0.1540607389595845,7,,
roberta-base,24,29,85.19774011299435,83.954802259887,1748699264,3.196222182464004e-05,0.0632427846058962,0.0222112320185723,10,,
roberta-base,25,0,70.1313535122787,71.00456621004567,2073818279,8.136941312238579e-05,0.0319762968134621,0.0676436186113248,2,,
roberta-base,25,1,84.75157053112507,86.01598173515981,1603298280,1.2038214946257505e-05,3.582236316777909e-05,0.0627675811222222,9,,
roberta-base,25,2,84.58023986293547,85.73059360730593,275635097,2.612951412265781e-05,0.0167687407358691,0.0147584721903823,6,,
roberta-base,25,3,85.20845231296403,85.95890410958904,2072778174,1.2894460504757356e-05,0.0077705128893346,0.0253814340404823,10,,
roberta-base,25,4,84.40890919474586,85.61643835616438,323058520,5.429993046246296e-06,0.0059314653070896,0.085446020013391,10,,
roberta-base,25,5,83.89491719017704,85.27397260273973,633678690,4.673489326214641e-05,6.783496604191325e-05,0.0894321726347061,8,,
roberta-base,25,6,81.15362649914334,82.87671232876713,608591991,9.853859492849468e-05,0.0296782968219531,0.0505448808819265,8,,
roberta-base,25,7,81.43917761279269,82.53424657534246,1464352571,5.518597451242359e-06,0.0026823720106791,0.0202937327230967,2,,
roberta-base,25,8,82.52427184466019,83.33333333333333,1030754388,9.20054697911052e-05,3.304674033347357e-05,0.0479333301066166,4,,
roberta-base,25,9,84.35179897201598,85.78767123287672,652746043,4.263044450339673e-05,0.0004143323264343,0.1799743835961716,6,,
roberta-base,25,10,84.46601941747574,84.98858447488584,255312344,1.932848419579398e-05,0.0065242526980873,0.1803543934170038,3,,
roberta-base,25,11,85.26556253569389,84.81735159817352,1231628907,3.67406758035412e-05,0.0183869937712927,0.1477388217674604,3,,
roberta-base,25,12,84.23757852655625,85.61643835616438,1377492407,2.538312334786948e-05,7.755445134986063e-05,0.0261523857258817,4,,
roberta-base,25,13,83.60936607652769,85.21689497716895,446304012,6.145640832667129e-05,0.0142050108906216,0.0599195504095365,5,,
roberta-base,25,14,84.18046830382639,83.78995433789954,602608116,9.74630340430262e-06,0.0005621121964039,0.1056574522771763,4,,
roberta-base,25,15,84.29468874928612,85.67351598173516,1895534397,7.755829539471366e-06,2.0833448400472665e-05,0.0020282548062181,9,,
roberta-base,25,16,83.20959451741862,84.70319634703196,780697612,6.437256332474894e-05,0.0065456413298616,0.0172895327200463,4,,
roberta-base,25,17,84.8657909765848,85.61643835616438,345092165,6.320995014732767e-06,2.038675462098006e-05,0.0885107558127858,8,,
roberta-base,25,18,83.66647629925757,86.0730593607306,1164850870,3.8795364368097865e-05,4.926670039029091e-05,0.1601441967209336,8,,
roberta-base,25,19,82.18161050828098,83.162100456621,14557640,6.7921411670464535e-06,0.048341138707415,0.0303382800027512,3,,
roberta-base,25,20,84.69446030839521,86.41552511415524,1734661941,2.588722272998681e-05,6.942117772174136e-05,0.1545979024492701,8,,
roberta-base,25,21,80.6967447173044,81.96347031963471,907402643,9.413440248286452e-05,5.385863225164944e-05,0.1563472605217728,2,,
roberta-base,25,22,82.23872073101086,82.70547945205479,1909239080,9.638548796383251e-05,6.722843321987424e-05,0.1390366281479841,4,,
roberta-base,25,23,84.63735008566533,84.98858447488584,1767243146,1.672543300540973e-05,1.21077910152478e-05,0.0289826211215971,3,,
roberta-base,25,24,85.09423186750428,86.18721461187215,148804049,9.894276512009418e-06,0.001548861954054,0.0970325483477165,9,,
roberta-base,25,25,83.66647629925757,84.3607305936073,1966246481,5.33143928370667e-05,0.0004752553451669,0.0740174377324765,10,,
roberta-base,25,26,85.20845231296403,84.87442922374429,1950739835,1.905366278169064e-05,0.0021562921769681,0.172538630037421,9,,
roberta-base,25,27,84.23757852655625,85.21689497716895,251100347,5.1347714534515575e-05,0.0235459266357565,0.0312753429435031,9,,
roberta-base,25,28,83.95202741290692,85.21689497716895,230354920,5.431204169733128e-05,0.0013680991118755,0.037650151578147,5,,
roberta-base,25,29,83.49514563106796,84.87442922374429,261249811,4.879439641274905e-05,0.0937252753081638,0.0032467596023751,6,,
roberta-base,26,0,84.95774647887323,85.24774774774775,1978362473,4.03757086284618e-05,0.0014181617061999,0.1708080243367621,7,,
roberta-base,26,1,84.0,85.52927927927928,834018467,1.892267994451796e-05,1.1840381421274309e-05,0.0154915345958689,5,,
roberta-base,26,2,83.15492957746478,84.06531531531532,1431482925,1.3683764433901468e-05,0.0012231595914924,0.044379380163667,2,,
roberta-base,26,3,84.67605633802818,85.86711711711712,1374051386,1.429210256831554e-05,0.0002130933051523,0.0010910424691944,6,,
roberta-base,26,4,84.0,85.6981981981982,809413977,1.0329205732787784e-05,0.0332940731801372,0.1650367155879829,5,,
roberta-base,26,5,83.6056338028169,85.8108108108108,543018470,3.145238558970026e-05,0.0037771788048302,0.0884823811367374,9,,
roberta-base,26,6,84.84507042253522,85.41666666666667,2124450408,1.814371279969981e-05,0.068632278992524,0.1216061675019592,5,,
roberta-base,26,7,82.92957746478874,84.57207207207207,1088057916,1.3941072105770296e-05,3.2092619299986554e-05,0.0829022698005268,3,,
roberta-base,26,8,83.83098591549296,84.17792792792793,1270086437,7.834069865969033e-06,0.00014722403135,0.1178064839720614,9,,
roberta-base,26,9,83.43661971830986,84.68468468468468,1645749530,6.717897807961352e-06,6.852158710630208e-05,0.0451549202061381,6,,
roberta-base,26,10,84.16901408450704,85.36036036036036,297450767,9.278197778264936e-06,0.0709714848994686,0.1261394202644912,9,,
roberta-base,26,11,82.4225352112676,83.95270270270271,1665606792,6.226114142239587e-05,0.0001088587663482,0.118608873314934,2,,
roberta-base,26,12,83.83098591549296,85.47297297297297,1912441281,5.392549144412727e-05,6.056037959101922e-05,0.1035262038871137,5,,
roberta-base,26,13,83.77464788732394,84.8536036036036,1556904584,1.2846810208555994e-05,2.2878998617689754e-05,0.1578665289280776,4,,
roberta-base,26,14,84.56338028169014,85.64189189189189,1917512638,1.0446636528854044e-05,0.0001132111729454,0.1083307212615499,10,,
roberta-base,26,15,82.36619718309859,82.37612612612612,1917772183,5.688797289241946e-06,0.0094376098824721,0.1479864310520359,7,,
roberta-base,26,16,82.70422535211267,84.68468468468468,1710136271,1.2072957258481775e-05,2.6021680275667043e-05,0.0758739370170039,3,,
roberta-base,26,17,83.49295774647888,85.6981981981982,1615012743,5.60459783648938e-05,0.0006046037193138,0.1881369045716603,4,,
roberta-base,26,18,82.8169014084507,83.78378378378379,528341881,9.43247307355145e-06,5.3759531002428834e-05,0.1918108829334283,4,,
roberta-base,26,19,83.94366197183099,84.96621621621621,2124133852,5.506602128316717e-06,0.0008913982432597,0.1787002334873659,8,,
roberta-base,26,20,83.43661971830986,85.19144144144144,665471425,1.0803816704036088e-05,0.0010599967997843,0.1209270588887791,6,,
roberta-base,26,21,83.6056338028169,84.51576576576576,192073966,6.676024476729643e-06,1.9426571476931532e-05,0.1645240004954462,6,,
roberta-base,26,22,83.88732394366197,85.02252252252252,402970042,2.3467561610277293e-05,1.8243884369186065e-05,0.0772589339360153,10,,
roberta-base,26,23,83.6056338028169,84.40315315315316,782544762,5.700302414836427e-06,0.0042634795563709,0.1248578944431064,7,,
roberta-base,26,24,82.87323943661971,85.02252252252252,255925224,1.0880490164517672e-05,0.0169593671757816,0.1502929840309096,6,,
roberta-base,26,25,84.05633802816901,85.58558558558559,1778370136,2.0773499398681333e-05,0.0729249494739345,0.0632772959690838,5,,
roberta-base,26,26,84.28169014084507,85.64189189189189,46893598,4.249465207807251e-05,0.0001717151550382,0.0496560800131958,8,,
roberta-base,26,27,70.08450704225352,70.94594594594595,1058237973,9.163782336790652e-05,1.0236870542370532e-05,0.0024152977767918,7,,
roberta-base,26,28,84.05633802816901,85.07882882882883,988859881,2.626974035895497e-05,0.00040683821135,0.1189987608886084,6,,
roberta-base,26,29,83.04225352112677,85.19144144144144,2134829349,3.616636083415402e-05,0.0095896135844534,0.1874617097761547,2,,
roberta-base,27,0,84.6979107848673,84.65011286681715,924697813,7.047883004550594e-06,0.0006170001117257,0.0526459641386337,10,,
roberta-base,27,1,85.26256352343309,85.72234762979684,1776360578,1.0272706400890886e-05,0.0002727340997539,0.0026738179912767,5,,
roberta-base,27,2,84.41558441558442,84.5372460496614,1945103078,1.2418251242740232e-05,0.0001094144120901,0.0793167848747304,4,,
roberta-base,27,3,83.00395256916995,84.19864559819413,963874929,5.769404649862034e-05,6.498661309421563e-05,0.1828626617874552,5,,
roberta-base,27,4,84.07679277244495,83.91647855530474,983346113,4.434742500084374e-05,6.471431223219797e-05,0.1666541299332711,5,,
roberta-base,27,5,84.472049689441,84.76297968397292,1465866064,4.687385093455968e-05,7.810529291111687e-05,0.0753771701176351,2,,
roberta-base,27,6,84.58498023715416,84.65011286681715,350130217,1.5738806415040813e-05,0.0020966043240476,0.0781153577838908,7,,
roberta-base,27,7,82.6086956521739,84.65011286681715,1489750473,7.487364126288162e-06,0.0103754157975113,0.0383182388565046,4,,
roberta-base,27,8,85.4884246188594,85.0451467268623,577390850,1.1142206305235314e-05,1.948509189013759e-05,0.0277735880770199,5,,
roberta-base,27,9,83.56860530773574,84.25507900677201,1215476174,4.940142743461271e-05,0.0171100931493104,0.1785465006263958,6,,
roberta-base,27,10,83.34274421230943,83.35214446952595,160451267,7.475073744024641e-05,0.002134333605209,0.1666370886513242,7,,
roberta-base,27,11,84.18972332015811,83.57787810383748,592965807,5.754890864994797e-05,0.0013019270393827,0.1801453026319463,2,,
roberta-base,27,12,85.20609824957651,85.15801354401806,1656043684,7.043361380523669e-06,0.0004709673781527,0.1669042650040957,7,,
roberta-base,27,13,70.63805759457934,70.65462753950338,708512345,9.780684667400383e-05,0.0002834729479538,0.0521795177822405,2,,
roberta-base,27,14,82.8910220214568,84.25507900677201,1017557792,1.004942231748544e-05,0.0164630803058424,0.1843044523770608,3,,
roberta-base,27,15,80.18068887634105,81.82844243792326,1797616554,8.294632300698952e-06,0.0017198795342173,0.1693840843624034,2,,
roberta-base,27,16,83.06041784302654,83.52144469525959,198065611,6.624431364770886e-05,0.0363178903115088,0.019002946814299,6,,
roberta-base,27,17,83.79446640316206,84.81941309255079,560382948,1.1586845396087258e-05,0.0048873835237685,0.1324259425128044,5,,
roberta-base,27,18,84.18972332015811,84.87584650112866,796238461,1.5342444337970372e-05,0.0981902586280205,0.1419834202761518,5,,
roberta-base,27,19,84.41558441558442,84.08577878103837,260269765,8.081601584419015e-06,2.2022843184954245e-05,0.1768183012623898,5,,
roberta-base,27,20,84.58498023715416,85.0451467268623,1971998517,4.799778244371568e-05,0.0471479265369588,0.0635068096732905,6,,
roberta-base,27,21,83.56860530773574,85.0451467268623,1574433861,3.129841364154128e-05,4.640426571756634e-05,0.1036691742067526,8,,
roberta-base,27,22,81.70525127046866,83.18284424379233,1287500448,9.396108270734518e-06,0.0039845275374637,0.1347352517080845,2,,
roberta-base,27,23,82.6651609260305,84.42437923250564,265111779,5.377925716287382e-06,0.0007906401066669,0.1807963531716061,5,,
roberta-base,27,24,84.472049689441,82.11060948081264,244948029,7.282722378868412e-05,5.048198866241799e-05,0.1756646499452961,3,,
roberta-base,27,25,83.45567476002259,83.57787810383748,44198378,1.672819033642844e-05,4.02825069205942e-05,0.0959023544392459,2,,
roberta-base,27,26,84.02032749858837,84.42437923250564,1802500622,6.903580044931626e-06,0.0865419763362794,0.1586094397361273,5,,
roberta-base,27,27,84.92377188029361,84.48081264108352,1494661810,1.040131741900846e-05,0.0578592387216212,0.034460911162365,8,,
roberta-base,27,28,83.79446640316206,84.19864559819413,766733351,2.2739612233239946e-05,0.011245433831722,0.1632586462571523,4,,
roberta-base,27,29,84.07679277244495,84.70654627539503,1915837953,2.6394812971690986e-05,0.0008419498707935,0.1400673635773466,4,,
roberta-base,28,0,82.86199095022624,81.23233465234595,1516148426,4.428820902271945e-05,0.0641900041953794,0.0325205667247651,7,,
roberta-base,28,1,85.85972850678733,82.58903335217637,1072867005,1.1900642711399854e-05,0.000289766659972,0.1584610188717421,6,,
roberta-base,28,2,85.29411764705883,83.38044092707744,391421583,1.8943190385783532e-05,0.0044053575240239,0.1441838833071494,4,,
roberta-base,28,3,86.36877828054298,83.60655737704919,1285444097,1.220250715992541e-05,1.4719208674061318e-05,0.0761431350935775,5,,
roberta-base,28,4,86.14253393665159,84.11531938948559,1663249304,3.080884277226035e-05,0.0118213572504004,0.0018901371568742,6,,
roberta-base,28,5,83.42760180995475,80.66704352741662,15905761,1.0472842501782312e-05,0.0001383693464321,0.0211811180797587,2,,
roberta-base,28,6,85.52036199095022,82.47597512719051,271334752,1.4154419559810704e-05,0.0028194213337018,0.0126854272782094,4,,
roberta-base,28,7,86.19909502262443,83.66308648954211,134369472,1.1271887872849276e-05,0.0045391757180456,0.0887544032248969,6,,
roberta-base,28,8,86.08597285067873,84.11531938948559,894081950,1.8664866616459657e-05,0.070033933889501,0.0982522190124992,9,,
roberta-base,28,9,84.0497737556561,82.58903335217637,1379837302,5.221691811544495e-05,0.0028611575143784,0.1117419342030918,10,,
roberta-base,28,10,84.44570135746606,82.47597512719051,845324315,1.2087292788675156e-05,0.0001665384913922,0.0705182197580217,3,,
roberta-base,28,11,82.86199095022624,80.38439796495194,1060333350,5.639757035534052e-06,0.0019330148557465,0.0188628322143611,3,,
roberta-base,28,12,85.06787330316742,82.92820802713398,121120811,5.40459095199424e-06,0.0002809630472764,0.179777789339574,10,,
roberta-base,28,13,84.67194570135747,83.09779536461278,546964181,5.675237059850036e-05,0.0264274164892304,0.0843471557303684,9,,
roberta-base,28,14,84.33257918552036,81.23233465234595,1440315683,6.384598638583971e-06,0.0126645689914073,0.128345253716877,5,,
roberta-base,28,15,84.84162895927602,83.94573205200679,630821345,4.568485352990548e-05,7.275784205530467e-05,0.0807644970700702,6,,
roberta-base,28,16,84.61538461538461,82.47597512719051,1899088952,2.7669138882178905e-05,8.846633467329013e-05,0.1098050313694416,2,,
roberta-base,28,17,86.02941176470588,83.09779536461278,217079426,5.849430360051634e-06,0.003653626606219,0.1999675350611115,7,,
roberta-base,28,18,85.35067873303167,83.55002826455625,252695750,2.061460801815256e-05,0.0003250737034502,0.1631184583662114,5,,
roberta-base,28,19,85.63348416289593,82.75862068965517,291658019,5.225785432422068e-06,0.0002576464976002,0.1935957285948634,8,,
roberta-base,28,20,84.95475113122171,82.47597512719051,59142835,5.483030411980691e-06,0.0335451109397775,0.0736093531748832,8,,
roberta-base,28,21,85.57692307692308,82.92820802713398,1467601042,2.7973467854356352e-05,0.00016732082538,0.0988146234610062,9,,
roberta-base,28,22,85.63348416289593,83.66308648954211,217519310,6.251631099894992e-05,0.0446178677752386,0.1788225239106428,8,,
roberta-base,28,23,84.78506787330316,82.36291690220463,1726944072,5.694976071968215e-05,0.0288968473790013,0.05930466429381,2,,
roberta-base,28,24,85.57692307692308,83.43697003957038,1650850568,7.223244677590184e-06,0.0004024172318759,0.1559739093220958,8,,
roberta-base,28,25,84.78506787330316,83.09779536461278,705236763,9.775432698687216e-06,0.0740920233354373,0.0837261266792023,6,,
roberta-base,28,26,85.52036199095022,82.87167891464104,964779024,1.945667239050228e-05,0.0189783378292416,0.1288685925938816,3,,
roberta-base,28,27,86.99095022624434,84.45449406444318,864132866,2.185968651500251e-05,0.0002310744743367,0.0393108296083379,7,,
roberta-base,28,28,85.23755656108597,82.75862068965517,2126371214,8.089155111237353e-06,0.0022102239708178,0.1832287420143825,5,,
roberta-base,28,29,85.52036199095022,83.55002826455625,566632186,2.5458560353440707e-05,0.006871691162502,0.0440260696158261,5,,
roberta-base,29,0,84.0844266970907,84.9971477467199,564256740,1.378638984137959e-05,0.0744369665248548,0.1267328880137725,4,,
roberta-base,29,1,82.77239018824872,84.59783228750713,1725520333,6.9799596520412215e-06,0.0003879469738779,0.1824733020653022,5,,
roberta-base,29,2,83.28579577866515,84.9971477467199,1119922155,1.336407082608785e-05,0.0606435339779843,0.121360254777639,3,,
roberta-base,29,3,83.3998859098688,84.48374215630348,1400088322,1.3423127846437375e-05,1.606694199142032e-05,0.1748599547742171,6,,
roberta-base,29,4,83.22875071306332,83.97033656588705,1344339674,3.371783679086835e-05,0.0004005206337141,0.0229816193556392,10,,
roberta-base,29,5,83.22875071306332,84.25556189389617,2120262174,8.436315020855517e-06,0.0060749770513554,0.0617889590324103,4,,
roberta-base,29,6,83.22875071306332,84.82601254991444,1662456354,1.7796930904789486e-05,0.0280219094588157,0.0558455286427084,5,,
roberta-base,29,7,84.14147176269253,84.9971477467199,884205814,1.770191062518757e-05,0.0004906851465557,0.0980067130777948,10,,
roberta-base,29,8,83.05761551625784,82.37307472903593,1913942461,4.110606625811597e-05,0.0462989526364374,0.0111335438067897,4,,
roberta-base,29,9,69.53793496862521,69.25270964061609,771873799,9.196150758830828e-05,0.0212740599326856,0.0753127101444811,10,,
roberta-base,29,10,84.02738163148888,85.85282373074729,1209356849,1.1933984223137697e-05,0.0598898693991667,0.1726185593863289,10,,
roberta-base,29,11,82.94352538505419,84.02738163148888,119210457,8.538031222247434e-06,0.0076069313407931,0.0093633859764308,4,,
roberta-base,29,12,81.74557900741586,82.88648031945236,1885346089,1.286198659206943e-05,1.593192222194163e-05,0.0798668970457977,2,,
roberta-base,29,13,81.34626354820308,82.20193953223047,1985863587,6.029724284815657e-05,0.0005810411377729,0.1022028859392942,10,,
roberta-base,29,14,83.45693097547063,84.42669709070165,853603618,3.096460823889716e-05,2.186832148935243e-05,0.1793224478480765,6,,
roberta-base,29,15,82.88648031945236,84.312606959498,1590130433,1.0791496389734303e-05,0.0006785784561427,0.1498951435520311,3,,
roberta-base,29,16,84.0844266970907,85.96691386195094,1337240988,1.578441648964358e-05,0.0005279901669747,0.0631006704116596,8,,
roberta-base,29,17,82.94352538505419,85.05419281232173,792661277,1.3050974146772283e-05,1.1612516945076186e-05,0.1775464530950006,6,,
roberta-base,29,18,83.74215630347975,85.68168853394181,1913542536,8.732391365397672e-06,0.0022470998583271,0.1789778082728983,6,,
roberta-base,29,19,81.57444381061038,82.54420992584141,2075545260,7.713535032065038e-06,1.955922537092828e-05,0.1946622578408185,2,,
roberta-base,29,20,69.53793496862521,69.25270964061609,1104167036,7.867577552940873e-05,0.0001625406249085,0.0874495441584821,3,,
roberta-base,29,21,83.51397604107245,84.65487735310896,1317689321,1.4480484227946752e-05,6.154305091065953e-05,0.0096104719296701,5,,
roberta-base,29,22,82.54420992584141,84.02738163148888,274341590,3.4986930287853424e-05,0.0012966025139252,0.1485524795557966,2,,
roberta-base,29,23,80.83285795778666,83.34284084426697,188524131,6.229409641285512e-06,4.735680023880311e-05,0.1954804987692731,4,,
roberta-base,29,24,83.3998859098688,85.05419281232173,1268780151,1.343666329677181e-05,1.8760714891993825e-05,0.0271583517202361,10,,
roberta-base,29,25,83.05761551625784,85.22532800912721,1321340289,2.396161681948751e-05,0.0039417814750925,0.0295214600114141,7,,
roberta-base,29,26,83.11466058185967,84.59783228750713,1180974474,1.3503595038857374e-05,0.0001519573196604,0.0769004939830247,10,,
roberta-base,29,27,83.1717056474615,84.48374215630348,1868037853,5.7746493025463406e-06,0.0706750384508086,0.073071183571999,10,,
roberta-base,29,28,83.05761551625784,85.33941814033086,1715308859,1.2081566950963868e-05,0.0011574809617428,0.0651298563948356,9,,
roberta-base,29,29,81.40330861380491,83.00057045065601,994682890,8.498585782673136e-05,0.0182276156465396,0.0542776740696996,2,,
deberta-v3-small,0,0,84.41043083900227,83.33333333333333,1900655066,5.8361029030883845e-06,0.0046804915079366,0.1940295305915344,8,,
deberta-v3-small,0,1,83.21995464852608,82.53968253968254,1791336453,8.31671123821861e-06,1.644895574922319e-05,0.0408466780972042,3,,
deberta-v3-small,0,2,84.35374149659864,82.19954648526077,1894996292,6.94255425874826e-05,0.0109704438330697,0.1772327994478916,9,,
deberta-v3-small,0,3,85.4875283446712,85.37414965986395,206310497,5.187088941812367e-06,0.0012062164109375,0.0241180363664889,10,,
deberta-v3-small,0,4,85.8843537414966,84.75056689342404,577369274,3.489753189168727e-05,7.043832983554666e-05,0.1378444952021796,7,,
deberta-v3-small,0,5,83.44671201814059,82.99319727891157,1483850996,8.343878148621586e-05,0.0012108413938996,0.1091429318246443,2,,
deberta-v3-small,0,6,85.43083900226758,85.37414965986395,698071782,1.5010174855957732e-05,7.155789090566877e-05,0.1576253080160554,9,,
deberta-v3-small,0,7,85.77097505668934,84.35374149659864,2714513,3.487561980261769e-05,0.0298746852685973,0.1762503416750693,5,,
deberta-v3-small,0,8,84.41043083900227,83.44671201814059,1745211125,1.6896104755377592e-05,0.0331581309798849,0.1576288686990034,10,,
deberta-v3-small,0,9,83.21995464852608,83.16326530612245,591274224,8.220974125514483e-05,0.00049289976981,0.1505744277362122,8,,
deberta-v3-small,0,10,83.61678004535148,84.01360544217687,1577588712,5.714355199267989e-06,0.0118164020818063,0.1782031684944275,2,,
deberta-v3-small,0,11,84.35374149659864,83.6734693877551,1966856818,1.1126436254143804e-05,0.0197506901407453,0.0319096963661273,5,,
deberta-v3-small,0,12,85.14739229024943,85.14739229024943,1186443820,3.2666594429101585e-05,2.8428250913467903e-05,0.0447394102774449,10,,
deberta-v3-small,0,13,83.95691609977324,83.84353741496598,556373248,4.3899104181246815e-05,0.0001088412289571,0.071351401576781,2,,
deberta-v3-small,0,14,85.31746031746032,84.24036281179139,620568855,6.551372759320894e-05,4.014486065540331e-05,0.1250134487788388,3,,
deberta-v3-small,0,15,84.29705215419501,83.56009070294785,836733013,8.376585918743608e-06,6.048786217452131e-05,0.0286145565265121,6,,
deberta-v3-small,0,16,84.80725623582767,82.42630385487529,795096676,8.877881388128298e-05,0.0193919738619046,0.0531160453701708,3,,
deberta-v3-small,0,17,85.71428571428571,84.97732426303855,32076123,1.298362011370474e-05,1.7850929836044838e-05,0.0397168468326856,7,,
deberta-v3-small,0,18,83.44671201814059,81.97278911564626,1723928655,9.623385898440208e-05,0.0422843105496971,0.1371735323730721,5,,
deberta-v3-small,0,19,85.94104308390023,84.41043083900227,816336677,4.3774075908899634e-05,0.0151154435884314,0.1224273673388939,6,,
deberta-v3-small,0,20,84.12698412698413,83.44671201814059,420070044,6.780551572527481e-05,0.0181262035029395,0.1863390636840888,10,,
deberta-v3-small,0,21,84.63718820861678,83.50340136054422,1365529827,1.2253821529134235e-05,0.0004182807791705,0.1197694694235272,8,,
deberta-v3-small,0,22,85.77097505668934,84.46712018140589,1269541052,1.3293433706150296e-05,0.0009722472631788,0.0907260901442756,8,,
deberta-v3-small,0,23,84.52380952380952,84.01360544217687,734476749,6.735719447769435e-06,0.0015272230390037,0.1786989475273267,4,,
deberta-v3-small,0,24,85.20408163265306,84.41043083900227,781848400,4.084267870286462e-05,7.78946860599504e-05,0.1276752959290815,8,,
deberta-v3-small,0,25,84.97732426303855,84.35374149659864,681821233,1.1707266743503238e-05,0.0001849791771483,0.1536246354189688,6,,
deberta-v3-small,0,26,85.26077097505669,85.03401360544218,490129084,1.7427130723186806e-05,6.660861902340942e-05,0.0463187101636723,7,,
deberta-v3-small,0,27,83.44671201814059,83.56009070294785,304850744,6.201419861881342e-06,1.905596791135936e-05,0.1731360502791397,4,,
deberta-v3-small,0,28,85.20408163265306,83.2766439909297,1112904524,3.8998302098175816e-05,0.0960865747460278,0.0009915816624085,6,,
deberta-v3-small,0,29,85.94104308390023,84.46712018140589,189942408,1.9435996647184008e-05,1.8274775719914703e-05,0.0376126470153893,7,,
deberta-v3-small,1,0,86.47425014148274,87.5,1056373329,1.0151082075420684e-05,9.274266477970782e-05,0.0419503432650671,9,,
deberta-v3-small,1,1,84.04074702886248,84.67194570135747,500550726,7.433764482494594e-05,0.0001252700839751,0.0625573205298648,7,,
deberta-v3-small,1,2,86.02150537634408,86.48190045248869,329509036,2.736834011176172e-05,0.0019437822099092,0.1611613027551137,8,,
deberta-v3-small,1,3,84.04074702886248,83.82352941176471,779776027,9.646511291907752e-05,0.0083073223594272,0.0732757154589075,9,,
deberta-v3-small,1,4,86.5874363327674,86.7081447963801,314407098,1.843906558033501e-05,0.0746928654381717,0.0507790007651336,9,,
deberta-v3-small,1,5,86.30447085455575,87.27375565610859,1403963478,3.90863506066843e-05,0.0572933599082347,0.1046895647617843,3,,
deberta-v3-small,1,6,86.13469156762875,87.0475113122172,199148923,9.627746998555009e-06,0.0056856668363859,0.0419466556653225,5,,
deberta-v3-small,1,7,84.15393322014714,84.84162895927602,1642343125,8.797252598818721e-05,0.0797056531025025,0.149777205295587,7,,
deberta-v3-small,1,8,86.24787775891342,86.87782805429865,1817101535,3.902089057462858e-05,0.0026008696888102,0.0334477088295615,9,,
deberta-v3-small,1,9,85.28579513299377,86.19909502262443,480713710,5.384697065513267e-05,9.902131497406468e-05,0.1332885538666741,8,,
deberta-v3-small,1,10,86.02150537634408,86.02941176470588,1936390734,4.543127159153548e-05,0.0683367361679121,0.0332884556959135,2,,
deberta-v3-small,1,11,86.36106395019807,86.48190045248869,1884685183,3.823803669665137e-05,0.0002673369715107,0.013183518490791,5,,
deberta-v3-small,1,12,86.19128466327108,86.7081447963801,975444443,2.6003240067004143e-05,8.953524975678e-05,0.0811056412258246,6,,
deberta-v3-small,1,13,85.73853989813243,86.36877828054298,467009958,4.007187046764132e-05,3.0202407460043333e-05,0.0285516748253493,9,,
deberta-v3-small,1,14,87.4929258630447,87.27375565610859,952805102,2.650274317386015e-05,0.0001695797593681,0.1429428935572894,7,,
deberta-v3-small,1,15,85.79513299377476,86.53846153846153,1316041227,4.698954431289689e-05,0.0061994225021302,0.1016868888887529,3,,
deberta-v3-small,1,16,86.36106395019807,87.3868778280543,1974719993,1.536236529094814e-05,0.0103162420943857,0.1026668749129261,5,,
deberta-v3-small,1,17,86.02150537634408,86.87782805429865,671682383,4.163070144918604e-05,0.0556003734508597,0.1381971913294306,5,,
deberta-v3-small,1,18,86.07809847198642,85.74660633484163,1796703438,5.6860591028701946e-05,0.0004910213615624,0.0955115791233626,3,,
deberta-v3-small,1,19,85.6819468024901,86.14253393665159,1505828948,4.817812252107323e-05,0.0094076666165699,0.1693900602025922,2,,
deberta-v3-small,1,20,84.2671194114318,84.38914027149322,2008443988,9.298512535847002e-05,0.0004317555488168,0.1655834178081431,8,,
deberta-v3-small,1,21,83.41822297679683,84.44570135746606,1858224262,6.18145765064084e-06,3.510927086012055e-05,0.1365856389722377,2,,
deberta-v3-small,1,22,84.09734012450481,83.54072398190046,1691105805,9.545151016919204e-05,0.0014446821060005,0.1379833385380342,5,,
deberta-v3-small,1,23,85.62535370684776,85.06787330316742,1698540683,6.528998489181217e-05,0.005245787989844,0.1451204361738035,4,,
deberta-v3-small,1,24,86.75721561969439,87.21719457013575,12517812,7.792088804530355e-06,0.0001487099179968,0.0098306087613305,10,,
deberta-v3-small,1,25,83.64459535936616,85.06787330316742,1519224664,6.941951733691361e-06,0.0071222788345955,0.1968827032721769,2,,
deberta-v3-small,1,26,85.45557441992077,86.31221719457014,73867522,5.096027538721402e-06,0.0002060949149153,0.138306703295952,6,,
deberta-v3-small,1,27,85.22920203735144,85.18099547511312,2087749451,5.808713876932959e-05,0.0004276518542064,0.1247293669121538,6,,
deberta-v3-small,1,28,86.36106395019807,86.99095022624434,895167433,2.358410323589979e-05,1.8902436594229583e-05,0.0794814508298102,6,,
deberta-v3-small,1,29,85.39898132427844,86.7081447963801,2124774001,6.683522477889835e-06,0.0009251474828238,0.1603449909489212,8,,
deberta-v3-small,2,0,84.94683827644096,85.73027420257415,2145049052,3.166880351936906e-05,0.0031990128558308,0.0028741486354977,4,,
deberta-v3-small,2,1,85.22663682148853,86.4017907106883,1404657902,2.664319333717948e-05,0.0125450974097609,0.0897311849681417,3,,
deberta-v3-small,2,2,86.12199216564073,87.29714605484051,1719928126,1.840744162053533e-05,0.0031945963024183,0.1619881049014755,4,,
deberta-v3-small,2,3,85.17067711247901,84.44320089535535,1339433906,6.707687388658205e-05,0.002394212801299,0.0398958831508078,6,,
deberta-v3-small,2,4,84.77895914941243,85.17067711247901,1423939880,1.0993148349909185e-05,0.0001128743350011,0.1984341848927474,7,,
deberta-v3-small,2,5,85.84219362059318,86.45775041969782,88518444,1.231373669845338e-05,0.0923069148013111,0.1718856442535309,10,,
deberta-v3-small,2,6,84.89087856743144,86.4017907106883,1434147230,9.430761105774989e-06,0.0017261640721448,0.0388658959655024,7,,
deberta-v3-small,2,7,85.67431449356464,85.78623391158366,1745612067,3.288979931311987e-05,4.520437548772826e-05,0.1346564912760755,9,,
deberta-v3-small,2,8,85.9541130386122,86.7935086737549,972909602,1.6850219846930682e-05,0.001749677427018,0.0328063564379674,9,,
deberta-v3-small,2,9,85.45047565752658,87.07330721880247,1264833361,1.8027651283129138e-05,0.0062226953068938,0.0481199291883083,4,,
deberta-v3-small,2,10,85.05875769445998,86.96138780078344,732319019,1.349012866835812e-05,0.0066013559978947,0.1531252168831472,3,,
deberta-v3-small,2,11,84.89087856743144,86.51371012870733,1743596262,9.29525475667424e-06,0.0002031648616408,0.186380922731288,6,,
deberta-v3-small,2,12,84.83491885842193,84.10744264129826,1428701704,5.828062347570424e-05,0.0018493126961429,0.0771304976930746,9,,
deberta-v3-small,2,13,85.89815332960269,85.17067711247901,1946635077,4.2363887575934286e-05,0.000250052633768,0.1550799133164345,5,,
deberta-v3-small,2,14,85.56239507554561,86.73754896474539,1515646812,1.4585236982006167e-05,0.00217243681075,0.0072374503530363,4,,
deberta-v3-small,2,15,85.28259653049804,84.83491885842193,1551737195,4.711005752484155e-05,0.0005815838669554,0.0969577383569088,7,,
deberta-v3-small,2,16,84.55512031337437,83.99552322327924,1778338136,7.603022512142714e-05,0.0007683979335445,0.0447314835901703,5,,
deberta-v3-small,2,17,84.89087856743144,86.68158925573587,532881342,2.27176786812797e-05,0.0002499747029984,0.0815305712884244,5,,
deberta-v3-small,2,18,82.37269166200336,83.54784555120314,632777842,9.66144702956782e-06,0.0023666638333432,0.1357805902096943,2,,
deberta-v3-small,2,19,84.2753217683268,86.4017907106883,419051898,1.2770344608950736e-05,5.913263828142425e-05,0.104201141213862,3,,
deberta-v3-small,2,20,85.05875769445998,84.77895914941243,2023215077,5.51704138870854e-05,0.00011993617689,0.0176947252661027,10,,
deberta-v3-small,2,21,85.17067711247901,84.21936205931729,803714225,6.277245502659117e-05,1.942531909137125e-05,0.1977176619068589,3,,
deberta-v3-small,2,22,84.61108002238389,84.55512031337437,1128617100,7.880206092415181e-05,0.006421554225328,0.0414720332953908,5,,
deberta-v3-small,2,23,85.45047565752658,84.83491885842193,188281885,4.133289207123997e-05,0.0006688671670189,0.1785788373101932,7,,
deberta-v3-small,2,24,83.8276440962507,83.77168438724118,510597651,8.012011829874332e-05,0.005548015149898,0.1326527052007217,10,,
deberta-v3-small,2,25,85.00279798545047,86.34583100167879,869775449,1.6616388874401147e-05,0.0001068265569817,0.0697669920677999,6,,
deberta-v3-small,2,26,86.34583100167879,86.51371012870733,634846786,3.139708690192306e-05,0.0153695034031534,0.0143541726625755,3,,
deberta-v3-small,2,27,81.19753777280359,81.02965864577504,1903059027,5.056342351670592e-06,0.0028652234264966,0.0520492490489422,2,,
deberta-v3-small,2,28,84.77895914941243,86.34583100167879,1031159669,1.2668400304021743e-05,2.3436549121025344e-05,0.0624899507392929,6,,
deberta-v3-small,2,29,85.9541130386122,85.9541130386122,577404572,2.338793862007725e-05,0.0027440449096941,0.0440828611459651,8,,
deberta-v3-small,3,0,86.70454545454545,85.46280522430438,1184924577,4.058463655476808e-05,0.0193787576825521,0.0528156592947416,3,,
deberta-v3-small,3,1,86.36363636363636,86.20102214650767,2130976992,1.041854756720958e-05,0.0032762160869292,0.0844051650203217,5,,
deberta-v3-small,3,2,86.47727272727273,85.23566155593413,1357565832,7.75950544799303e-06,0.0997364034077792,0.0695726759156796,10,,
deberta-v3-small,3,3,86.42045454545455,85.46280522430438,708558965,6.122585342884237e-06,3.965224568214792e-05,0.1990508136809677,10,,
deberta-v3-small,3,4,86.02272727272727,85.91709256104487,587816203,6.280679916592915e-05,0.0017046622011067,0.0225857751294692,7,,
deberta-v3-small,3,5,86.36363636363636,86.03066439522998,1460831940,6.395110163889658e-06,0.0006757521143061,0.097933333225678,5,,
deberta-v3-small,3,6,87.38636363636364,86.48495173197047,31270603,3.142169092677155e-05,0.0001070949834096,0.1405151234185691,8,,
deberta-v3-small,3,7,87.32954545454545,86.65530948324816,1311755564,1.7405973658940098e-05,0.001084003674459,0.0262680504612895,10,,
deberta-v3-small,3,8,84.20454545454545,83.70244179443498,54657800,1.0949051213099e-05,4.6306956144803896e-05,0.0737904570715878,6,,
deberta-v3-small,3,9,85.9090909090909,85.68994889267462,495314722,3.055030671019955e-05,0.0007495546701209,0.1022686076459419,8,,
deberta-v3-small,3,10,86.98863636363636,86.59852356615559,410782190,7.412987306050655e-06,0.0002098640879526,0.0148335434848798,6,,
deberta-v3-small,3,11,85.3409090909091,83.87279954571267,741535805,1.685235169580151e-05,0.0006043908236317,0.1229623162625243,2,,
deberta-v3-small,3,12,86.42045454545455,86.1442362294151,1753885992,2.3134423045331505e-05,0.0144172416666429,0.1554296039768936,4,,
deberta-v3-small,3,13,85.45454545454545,85.00851788756388,1603737777,7.187951450785006e-05,0.0022550909913724,0.104369511769077,5,,
deberta-v3-small,3,14,86.13636363636364,85.91709256104487,1075384033,7.801412102037113e-06,2.758373440851333e-05,0.0746368210472809,5,,
deberta-v3-small,3,15,85.79545454545455,85.00851788756388,1879027935,5.014246613220999e-05,0.0282267789956291,0.0155217363441855,7,,
deberta-v3-small,3,16,84.7159090909091,83.70244179443498,2015696350,8.840676165918456e-05,0.0168956792410914,0.0309688249363914,10,,
deberta-v3-small,3,17,85.3409090909091,85.17887563884156,1985789021,1.1098825730086537e-05,0.0337366777274253,0.109200899043387,2,,
deberta-v3-small,3,18,86.02272727272727,84.89494605337876,572347279,4.61734808015174e-05,0.0076650112606328,0.0082284949766167,10,,
deberta-v3-small,3,19,85.79545454545455,86.1442362294151,1547027316,3.312675302484077e-05,0.0020408547005385,0.0859289519427454,7,,
deberta-v3-small,3,20,85.56818181818181,84.72458830210108,1141944168,1.1539846750830657e-05,0.0002384381768813,0.1613666578644734,8,,
deberta-v3-small,3,21,84.77272727272727,84.32708688245314,2116647124,8.358268828852265e-05,0.0007358614579609,0.119478205756119,2,,
deberta-v3-small,3,22,85.56818181818181,85.23566155593413,1889373829,4.453180403828354e-05,0.0084020887470894,0.1909521367572475,6,,
deberta-v3-small,3,23,86.19318181818181,85.74673480976718,153224969,7.25360980374712e-06,0.0035135788878469,0.0863073023995533,9,,
deberta-v3-small,3,24,85.9090909090909,85.74673480976718,1505001141,6.3872276806930416e-06,0.0002105681820498,0.1791780572786042,10,,
deberta-v3-small,3,25,86.13636363636364,85.34923339011925,143969084,2.0406895807331743e-05,0.0013121499175184,0.1472329134819435,5,,
deberta-v3-small,3,26,86.25,86.37137989778535,724943548,1.4687645185166786e-05,4.5037228560097954e-05,0.0181159430383842,6,,
deberta-v3-small,3,27,85.0,83.64565587734242,812539195,9.49598624748897e-05,1.137291414102232e-05,0.0368663471427438,5,,
deberta-v3-small,3,28,80.56818181818181,80.06814310051108,1728191273,8.150212803627725e-06,0.0006931384074839,0.0420870425781771,2,,
deberta-v3-small,3,29,86.93181818181819,85.68994889267462,1058966207,9.979868063085076e-06,0.0353840827299858,0.0069366940101863,4,,
deberta-v3-small,4,0,85.80316742081448,85.13284341435839,1720860196,4.97614000423175e-05,0.0004819044804252,0.0122272750741745,6,,
deberta-v3-small,4,1,86.99095022624434,84.05879027699265,2038604469,2.928575628699056e-05,0.000101047041141,0.1453553259839146,2,,
deberta-v3-small,4,2,85.12443438914028,84.00226116449971,71513541,6.548610615667586e-05,0.0661704634144507,0.1626618357307522,10,,
deberta-v3-small,4,3,85.97285067873302,84.34143583945732,655599693,1.3505179605653958e-05,0.0007948220660744,0.0549978025787001,4,,
deberta-v3-small,4,4,87.33031674208145,85.35895986433013,1359510454,5.892757495804388e-06,0.0374827654764601,0.0560441812122252,10,,
deberta-v3-small,4,5,84.89819004524887,82.47597512719051,978062720,1.6697358571162237e-05,0.0003592352459044,0.0882575826656627,3,,
deberta-v3-small,4,6,86.7081447963801,85.472018089316,15385581,1.918058651442031e-05,0.059830608871024,0.1725416174509269,5,,
deberta-v3-small,4,7,85.52036199095022,84.11531938948559,209823453,8.003610290202683e-06,0.0095407373871697,0.1245466955285419,6,,
deberta-v3-small,4,8,86.25565610859728,84.28490672696438,1084979405,2.525430617737616e-05,2.007101599096746e-05,0.1505349970602209,2,,
deberta-v3-small,4,9,87.33031674208145,84.85019785189372,451141268,2.3016402192741355e-05,9.879131369886758e-05,0.1255559843181496,6,,
deberta-v3-small,4,10,87.21719457013575,85.24590163934427,44552228,1.9904810304435297e-05,6.790722092478134e-05,0.0177038405018918,3,,
deberta-v3-small,4,11,86.59502262443439,85.69813453928774,1333394431,3.010651353170627e-05,4.082485293351469e-05,0.1670568050459853,4,,
deberta-v3-small,4,12,86.42533936651584,84.68061051441492,48873884,8.77795247998276e-06,0.0064302868895263,0.0072645819010647,4,,
deberta-v3-small,4,13,85.06787330316742,82.58903335217637,1064947146,7.040168653702787e-06,0.0032856398234741,0.1498598975071944,10,,
deberta-v3-small,4,14,85.85972850678733,84.11531938948559,233725691,9.594791382889664e-06,0.0018908020136083,0.0720415278573592,8,,
deberta-v3-small,4,15,87.1606334841629,85.75466365178066,298514209,1.2613772047907768e-05,4.198045701915937e-05,0.1258991221423918,6,,
deberta-v3-small,4,16,85.69004524886878,84.85019785189372,669066417,2.8501864146959197e-05,0.0029007335712367,0.1395755309853879,6,,
deberta-v3-small,4,17,85.29411764705883,83.94573205200679,804225534,5.789791370787193e-05,0.0722760754549157,0.0428219930354063,8,,
deberta-v3-small,4,18,86.08597285067873,84.56755228942906,1117719351,5.21825772236314e-05,5.967790002873108e-05,0.1367472500410231,3,,
deberta-v3-small,4,19,85.46380090497738,84.45449406444318,627672724,6.574905586263948e-05,0.0003102099539933,0.0862716344106006,8,,
deberta-v3-small,4,20,86.48190045248869,85.24590163934427,1099508139,7.842725397262385e-06,9.401157200166476e-05,0.1045244472781083,10,,
deberta-v3-small,4,21,85.29411764705883,83.49349915206331,838041317,9.328393313922402e-05,0.0587468827305497,0.1004487027134997,5,,
deberta-v3-small,4,22,86.25565610859728,85.92425098925946,1803324473,2.570557435921174e-05,0.0001432870488226,0.0235613925492314,7,,
deberta-v3-small,4,23,85.80316742081448,84.45449406444318,2588678,4.669953458945384e-05,0.002902498557936,0.0231110170765576,7,,
deberta-v3-small,4,24,87.5,85.6416054267948,2061840534,2.4690694737599544e-05,1.3893108627530332e-05,0.0840696740189455,10,,
deberta-v3-small,4,25,84.21945701357465,83.38044092707744,1668151419,8.010475820451585e-05,0.0034118509156496,0.1098022142113831,8,,
deberta-v3-small,4,26,84.38914027149322,83.09779536461278,1737470985,9.713934183543316e-05,0.0007562397867443,0.1036303958664037,2,,
deberta-v3-small,4,27,86.65158371040724,84.11531938948559,408927766,1.91102839560232e-05,0.0512362873130969,0.0019996234427087,2,,
deberta-v3-small,4,28,85.97285067873302,84.79366873940079,1632445855,2.6339773663017656e-05,0.0513841302152798,0.1403878686681065,5,,
deberta-v3-small,4,29,85.97285067873302,83.94573205200679,916149117,5.705302826530805e-05,9.379809659173109e-05,0.0243355613214207,2,,
deberta-v3-small,5,0,85.55431131019037,85.8902575587906,609933635,8.149536631629686e-06,0.0186923032445999,0.1867473177579823,9,,
deberta-v3-small,5,1,84.60246360582306,84.26651735722284,378008304,2.5226765907053453e-05,0.0006989259604817,0.0662247985482531,2,,
deberta-v3-small,5,2,83.42665173572229,84.65845464725643,658958633,9.935862232031378e-05,0.0002205605374283,0.1056204586099403,4,,
deberta-v3-small,5,3,84.5464725643897,84.43449048152296,795098049,8.231835463947625e-05,0.0003648956882071,0.1436267139274573,2,,
deberta-v3-small,5,4,83.87458006718926,83.09070548712207,1836495437,1.1762631085573624e-05,0.0003753821049684,0.1083923630079718,2,,
deberta-v3-small,5,5,85.44232922732363,85.16237402015678,1857821431,6.113373991698924e-05,0.0437720939116675,0.0309847580680596,9,,
deberta-v3-small,5,6,82.47480403135498,82.47480403135498,1488715944,7.85991605100467e-06,0.0215059928750722,0.0908057526986675,2,,
deberta-v3-small,5,7,84.65845464725643,85.498320268757,549038010,7.645242369728065e-06,0.0005342089504296,0.0220525313549544,10,,
deberta-v3-small,5,8,84.88241881298993,84.82642777155655,1612321682,1.3005597530341607e-05,0.0477117603402776,0.108128138128179,7,,
deberta-v3-small,5,9,83.53863381858902,85.33034714445688,291815229,7.44312112449832e-05,0.0001893508983638,0.1470160871013923,3,,
deberta-v3-small,5,10,84.21052631578948,84.7144456886898,668356400,1.7990823025508956e-05,0.0505324501438119,0.0993336519563781,10,,
deberta-v3-small,5,11,83.48264277715566,83.53863381858902,1031835850,5.938059685622011e-06,0.000654759260609,0.1211757831075597,6,,
deberta-v3-small,5,12,83.2026875699888,84.60246360582306,375746739,9.869102389688876e-05,0.0003486620007279,0.1152582934967901,6,,
deberta-v3-small,5,13,83.31466965285554,83.09070548712207,1092380593,1.0436500402616412e-05,0.0002214872253444,0.167838132518135,2,,
deberta-v3-small,5,14,85.55431131019037,85.66629339305712,1394908593,8.035894313528513e-06,0.0021836368749998,0.1967398301480659,8,,
deberta-v3-small,5,15,84.88241881298993,85.05039193729003,1571650589,1.0593709789458249e-05,0.0141885611384765,0.0367388778291585,6,,
deberta-v3-small,5,16,84.88241881298993,85.55431131019037,874127752,4.378423594905524e-05,0.0001164579647563,0.1525368255098054,8,,
deberta-v3-small,5,17,84.7144456886898,85.27435610302352,404720938,9.573671906086214e-06,8.006080029143404e-05,0.079881993090645,8,,
deberta-v3-small,5,18,84.37849944008958,85.94624860022397,1585602930,3.926100485173713e-05,0.0054018723616549,0.1073167208981744,8,,
deberta-v3-small,5,19,84.5464725643897,85.33034714445688,1295512061,5.1026593342699696e-05,0.0001668094212231,0.0270734569558232,2,,
deberta-v3-small,5,20,85.33034714445688,86.22620380739082,29957656,4.253153144861352e-05,0.003427732123052,0.1178318005151174,6,,
deberta-v3-small,5,21,84.77043673012318,86.0582306830907,740447405,4.761156830787774e-05,0.0005647369646967,0.0300340231275234,5,,
deberta-v3-small,5,22,85.16237402015678,85.61030235162374,2091200616,4.104907253812972e-05,0.0448471244033453,0.1234882700559843,5,,
deberta-v3-small,5,23,84.88241881298993,84.65845464725643,1457201099,8.44585805026207e-06,2.5217456325004428e-05,0.0781103344679586,4,,
deberta-v3-small,5,24,84.77043673012318,85.38633818589025,650184770,4.046039099584974e-05,0.0004893985683196,0.116979693715639,9,,
deberta-v3-small,5,25,84.60246360582306,85.1063829787234,1136286936,3.470960090486743e-05,0.0065679773097748,0.0789648760510224,7,,
deberta-v3-small,5,26,84.04255319148936,84.49048152295633,299172942,8.673691072364737e-05,0.0166286308469049,0.1642494000155851,4,,
deberta-v3-small,5,27,85.16237402015678,85.38633818589025,1919027548,7.910269181966336e-06,0.0005924204693944,0.1770972044311208,7,,
deberta-v3-small,5,28,84.82642777155655,84.43449048152296,270008688,1.2594569226875894e-05,0.0004781760083323,0.1967630531304723,2,,
deberta-v3-small,5,29,85.05039193729003,84.88241881298993,602202021,9.045376015091407e-06,0.0201161573779155,0.1407623330865421,8,,
deberta-v3-small,6,0,85.56641748131109,86.42898217366303,1783899358,3.933262055850395e-05,0.002228938839839,0.0521526438785864,8,,
deberta-v3-small,6,1,85.79643473260495,85.45140885566417,1842214781,7.046073259729715e-06,0.0002630061470197,0.1710117418118243,10,,
deberta-v3-small,6,2,85.04887866589995,85.16388729154687,216879321,5.826164283554057e-06,0.0002189517075818,0.1788054332658758,3,,
deberta-v3-small,6,3,85.45140885566417,85.91144335825187,1627905529,6.219590296086948e-06,0.0006143333159107,0.0899476700643487,6,,
deberta-v3-small,6,4,84.76135710178264,85.2788959171938,1349893488,8.492520724334269e-06,0.0003202278799317,0.0268015981945706,3,,
deberta-v3-small,6,5,85.50891316848764,86.14146060954572,169560256,5.703120976192431e-05,0.0048333590249106,0.1215160820347546,2,,
deberta-v3-small,6,6,86.08395629672225,86.31397354801611,1326154796,1.047786726002508e-05,0.0002384535564762,0.1576049297761783,7,,
deberta-v3-small,6,7,84.93387004025301,85.8539390454284,1610106677,4.461528555747205e-05,0.0004436126517712,0.1079335832714815,4,,
deberta-v3-small,6,8,85.1063829787234,86.08395629672225,1107717211,3.45761213219199e-05,0.000252753656324,0.0835009070061774,3,,
deberta-v3-small,6,9,87.06152961472111,86.7740080506038,359389763,1.9665451070491037e-05,0.0011634261802137,0.0693753108831384,4,,
deberta-v3-small,6,10,85.39390454284072,84.93387004025301,2137855826,5.495297768985076e-06,0.0011978882692586,0.1964109524424339,10,,
deberta-v3-small,6,11,83.84128809660724,84.47383553766532,2091971906,5.149555576612817e-06,0.0224594264916087,0.091274597043835,3,,
deberta-v3-small,6,12,84.64634847613571,85.39390454284072,464953072,4.751056597926163e-05,5.424891287991093e-05,0.0673457958404611,7,,
deberta-v3-small,6,13,84.53133985048879,85.22139160437033,1923557922,5.799089322399014e-05,0.0002509989234582,0.130956620545843,7,,
deberta-v3-small,6,14,84.81886141460609,84.12880966072456,562373364,9.505693676051392e-06,4.517855787051462e-05,0.0392221398833742,5,,
deberta-v3-small,6,15,84.64634847613571,84.47383553766532,71994748,7.605566846734183e-06,0.005210849066356,0.0739932183602902,3,,
deberta-v3-small,6,16,84.3588269120184,84.64634847613571,162129326,5.102050569438286e-06,4.5393669069645706e-05,0.1378503690025803,4,,
deberta-v3-small,6,17,84.53133985048879,86.08395629672225,1290135586,6.190714153995313e-05,0.0131303035103788,0.1761807300426053,2,,
deberta-v3-small,6,18,85.73893041978148,87.00402530189764,30865611,2.2409380394130425e-05,0.0359532402124458,0.0100356544794551,10,,
deberta-v3-small,6,19,85.73893041978148,86.19896492236917,951187513,1.4624791690210846e-05,0.0013479942765873,0.1257979478292885,9,,
deberta-v3-small,6,20,84.01380103507763,84.47383553766532,2089438718,9.08508846568767e-05,8.320227944678102e-05,0.1585484678998607,5,,
deberta-v3-small,6,21,85.91144335825187,85.50891316848764,816459522,1.835489431140855e-05,0.0141133517886976,0.0981924054740439,2,,
deberta-v3-small,6,22,85.68142610695803,86.0264519838988,342053286,4.1672408637354826e-05,9.308467634903534e-05,0.0477344968428143,10,,
deberta-v3-small,6,23,86.37147786083956,86.42898217366303,84710562,1.1324217964500168e-05,9.495307091095992e-05,0.0401707256009453,5,,
deberta-v3-small,6,24,85.62392179413456,86.83151236342725,1829631187,1.7900463743050313e-05,0.0003503828170055,0.100881817674121,3,,
deberta-v3-small,6,25,84.58884416331225,85.79643473260495,1143378395,4.042205007908953e-05,8.420354865571173e-05,0.1528972419168871,7,,
deberta-v3-small,6,26,84.87636572742956,85.45140885566417,1112867706,4.3941973987725045e-05,0.0750302556435584,0.0844138336043049,8,,
deberta-v3-small,6,27,85.04887866589995,86.54399079930995,2026386183,3.328760065268076e-05,7.207515391200234e-05,0.0988660198433429,10,,
deberta-v3-small,6,28,84.76135710178264,85.39390454284072,1479529641,9.196945288893714e-05,0.0072782845364878,0.0670429920700907,8,,
deberta-v3-small,6,29,85.2788959171938,86.25646923519264,521928384,1.1482844256900566e-05,0.0004978618509081,0.1023149607790726,8,,
deberta-v3-small,7,0,85.37844036697248,85.55045871559633,2111220302,6.368438179545218e-05,0.0280006097217591,0.153465769634777,4,,
deberta-v3-small,7,1,84.63302752293578,86.0091743119266,316964809,7.416727284858221e-06,0.0895879002769831,0.0890767304553499,5,,
deberta-v3-small,7,2,83.60091743119266,83.54357798165138,879778038,1.0694157226870423e-05,0.0004571981734549,0.0794100088859282,2,,
deberta-v3-small,7,3,84.40366972477064,84.69036697247707,1938878513,4.031746620634639e-05,1.0561386896950297e-05,0.0366082411276786,4,,
deberta-v3-small,7,4,85.37844036697248,86.35321100917432,635086590,2.3619975683571657e-05,0.0880583637141885,0.1192408188048319,8,,
deberta-v3-small,7,5,85.55045871559633,86.46788990825688,245945916,2.713883898063198e-05,2.7354768270104567e-05,0.1380983847142186,10,,
deberta-v3-small,7,6,85.55045871559633,85.77981651376147,1220336167,5.796431248296533e-06,0.0218025350986934,0.0427344084973169,10,,
deberta-v3-small,7,7,84.9770642201835,85.83715596330275,1837065404,5.161430504479393e-06,0.0037240936945549,0.1600695622490691,7,,
deberta-v3-small,7,8,83.71559633027523,84.23165137614679,1767800922,7.33211094226647e-05,0.0099413080177904,0.0073388316598019,7,,
deberta-v3-small,7,9,82.51146788990826,83.19954128440367,1342703344,5.973910875252135e-06,4.835110523519972e-05,0.0604614534312996,2,,
deberta-v3-small,7,10,85.03440366972477,86.41055045871559,887697833,3.8552462889023545e-05,0.0001592545382887,0.0897973012339738,9,,
deberta-v3-small,7,11,84.9770642201835,85.55045871559633,807788058,2.0936957275901103e-05,0.0001053916953967,0.0656064792156327,3,,
deberta-v3-small,7,12,84.69036697247707,85.72247706422019,1630604181,2.3504407294808286e-05,4.177790617125352e-05,0.1566615901733262,7,,
deberta-v3-small,7,13,83.65825688073394,84.74770642201835,7925905,7.576259540599526e-05,0.0007040623787701,0.1554841177531319,7,,
deberta-v3-small,7,14,85.3211009174312,86.18119266055047,856085032,5.395776839416191e-06,0.0027419079874596,0.1035994464385925,7,,
deberta-v3-small,7,15,84.5756880733945,85.95183486238533,582136286,1.3689493434625205e-05,0.0006787027209335,0.1493870103201936,5,,
deberta-v3-small,7,16,85.95183486238533,86.86926605504587,1078385959,2.0462053997991345e-05,0.0087688396534706,0.0604147044570776,10,,
deberta-v3-small,7,17,83.4862385321101,83.94495412844037,1350592952,1.4122629235864114e-05,0.0720883602367897,0.1382763264671229,2,,
deberta-v3-small,7,18,84.51834862385321,85.60779816513761,1277806085,1.3812214018125612e-05,4.1239278677132914e-05,0.053253143916004,3,,
deberta-v3-small,7,19,85.03440366972477,86.12385321100918,2102935921,1.4037444160074478e-05,0.0020850706513152,0.1091568852067315,3,,
deberta-v3-small,7,20,84.11697247706422,84.51834862385321,1321740007,7.971288126357783e-05,0.0536643925053854,0.0086415466882517,8,,
deberta-v3-small,7,21,83.65825688073394,84.23165137614679,1602542923,5.889064263524977e-05,1.2462483759891644e-05,0.1049573282376274,7,,
deberta-v3-small,7,22,85.3211009174312,86.58256880733946,824769640,1.8862337716736547e-05,0.0176212917007727,0.1811938670729691,5,,
deberta-v3-small,7,23,84.63302752293578,84.28899082568807,1031036629,5.132498507516303e-05,6.794482781462845e-05,0.1433471276850864,8,,
deberta-v3-small,7,24,85.20642201834862,86.46788990825688,1654110175,4.092544850731495e-05,0.0001223275878352,0.0800038100482762,5,,
deberta-v3-small,7,25,83.4862385321101,84.34633027522936,968614690,6.064825251795335e-06,0.0027844040384725,0.1116824180953439,4,,
deberta-v3-small,7,26,84.86238532110092,86.63990825688073,1781011628,1.7310653239640307e-05,0.0258940521209819,0.1317977822553293,7,,
deberta-v3-small,7,27,85.55045871559633,86.12385321100918,1113882711,3.9737954795052974e-05,0.0015370100265154,0.1440528352981888,5,,
deberta-v3-small,7,28,84.5756880733945,83.94495412844037,1135738662,7.83767568220257e-05,0.0503885533000595,0.0434925048700447,7,,
deberta-v3-small,7,29,82.62614678899082,83.02752293577981,1621937295,6.354490585082352e-06,0.0003266549966788,0.0772416773599123,2,,
deberta-v3-small,8,0,86.62456946039036,86.11589213998853,360789384,1.2699751743975854e-05,2.2247626823318245e-05,0.024141199816218,4,,
deberta-v3-small,8,1,85.76349024110218,85.5421686746988,840037684,9.085737849600876e-06,0.0242326855835788,0.1636327480612083,7,,
deberta-v3-small,8,2,86.16532721010333,85.88640275387263,205237423,1.3938931348005885e-05,2.40110216397836e-05,0.0813527269502552,2,,
deberta-v3-small,8,3,86.33754305396097,86.68961560527826,2138140173,3.480329341544328e-05,0.0002186733913204,0.0759321952967334,9,,
deberta-v3-small,8,4,85.13203214695751,84.4520940906483,502546060,5.545251654798312e-05,2.228312848790964e-05,0.0784458088783803,6,,
deberta-v3-small,8,5,85.47646383467278,85.5421686746988,647573306,2.9335421475253952e-05,9.915775457046694e-05,0.037830249472036,4,,
deberta-v3-small,8,6,85.70608495981631,85.19793459552496,1451749786,6.370775767128586e-05,2.4709622791338127e-05,0.0444657503963324,2,,
deberta-v3-small,8,7,86.85419058553387,86.8043602983362,802405866,1.1294050307292022e-05,1.868868713464165e-05,0.0149867472823792,10,,
deberta-v3-small,8,8,85.87830080367394,86.34538152610442,157138848,3.892277622855515e-05,2.4051788264493688e-05,0.031989487367795,10,,
deberta-v3-small,8,9,87.31343283582089,86.46012621916236,691836443,6.54520475917879e-06,0.0384385061159491,0.0313300429011145,10,,
deberta-v3-small,8,10,84.902411021814,84.33734939759036,1847235521,5.810631616005398e-05,4.212882884436738e-05,0.1129656244986136,9,,
deberta-v3-small,8,11,86.79678530424799,86.4027538726334,706479571,2.712723673377571e-05,0.0005917254728555,0.1390823750561223,9,,
deberta-v3-small,8,12,86.33754305396097,86.1732644865175,969945518,1.46638150822308e-05,0.0229084928671805,0.123824534284828,3,,
deberta-v3-small,8,13,85.87830080367394,85.94377510040161,1453002098,7.014257335989313e-06,0.0002747145237101,0.0961409095150459,4,,
deberta-v3-small,8,14,86.45235361653272,87.0338496844521,1552973722,2.705116811234004e-05,0.000184553880776,0.1442610212757839,5,,
deberta-v3-small,8,15,87.37083811710677,86.86173264486517,88488269,1.0735471318450203e-05,7.937747032387037e-05,0.0576251954048562,4,,
deberta-v3-small,8,16,85.87830080367394,85.94377510040161,1298805462,1.6147114304706318e-05,0.0001881841670125,0.0268889843294089,3,,
deberta-v3-small,8,17,85.70608495981631,84.85370051635113,339638361,8.626175216477327e-06,0.0073922030245682,0.036082479001315,2,,
deberta-v3-small,8,18,85.13203214695751,85.82903040734367,1614765695,5.2508351185176086e-05,0.000339269603187,0.006211576835795,9,,
deberta-v3-small,8,19,84.95981630309988,84.6815834767642,801533616,6.090548579558878e-06,1.6248593953317205e-05,0.1062065542464912,2,,
deberta-v3-small,8,20,86.73938002296211,85.94377510040161,575100090,5.683138358380672e-06,0.03745478150198,0.162723986488937,5,,
deberta-v3-small,8,21,85.64867967853043,86.11589213998853,1407361679,5.1274646970741816e-05,7.45865274024941e-05,0.123455496923831,6,,
deberta-v3-small,8,22,85.59127439724455,85.5421686746988,415201199,7.058027826631291e-05,0.0372645716366673,0.0096202240883788,8,,
deberta-v3-small,8,23,86.56716417910448,86.51749856569134,699587824,1.6539376598500074e-05,0.0028625283411662,0.1045217654825645,10,,
deberta-v3-small,8,24,85.9931113662457,86.97647733792311,1712617052,3.126076869249071e-05,2.7209084565265817e-05,0.0915935313873359,8,,
deberta-v3-small,8,25,85.36165327210104,84.4520940906483,70440371,7.786012012781409e-05,0.0811984084254513,0.0615464391431808,6,,
deberta-v3-small,8,26,85.53386911595867,84.91107286288009,1824604781,8.526814555280878e-06,0.0003456664280855,0.1146801978189344,2,,
deberta-v3-small,8,27,85.24684270952928,86.23063683304647,1044338630,6.554813196719907e-05,0.0002418317088103,0.126900538977304,4,,
deberta-v3-small,8,28,87.0264064293915,86.8043602983362,1045470003,1.2208318403645735e-05,0.0181150989101073,0.0191423767063406,10,,
deberta-v3-small,8,29,85.82089552238806,86.05851979345955,744032890,2.6467217511908417e-05,5.7324477891270944e-05,0.1336932446993987,5,,
deberta-v3-small,9,0,83.8782412626832,84.05633802816901,841584941,9.135378821491146e-05,2.0543368523415143e-05,0.0295127877233567,3,,
deberta-v3-small,9,1,84.10372040586246,85.1830985915493,2106383208,9.492581866706508e-05,0.0038761589439487,0.0978282550968219,9,,
deberta-v3-small,9,2,85.1183765501691,85.12676056338029,1030622311,9.275015169769074e-05,0.0130265564941996,0.0844488894322245,5,,
deberta-v3-small,9,3,85.45659526493799,85.69014084507042,370708041,6.02593086157674e-05,0.0133593660961252,0.1119920884499151,10,,
deberta-v3-small,9,4,86.13303269447576,86.14084507042253,1665310915,1.342261126602301e-05,0.0092879127853576,0.0541146733321329,7,,
deberta-v3-small,9,5,86.13303269447576,86.98591549295774,1797130659,9.32375583546801e-06,0.0004782315895487,0.0442643687758649,10,,
deberta-v3-small,9,6,86.13303269447576,85.91549295774648,47836932,5.194823190324671e-06,4.926513604494473e-05,0.0497951198261447,10,,
deberta-v3-small,9,7,85.23111612175873,85.5774647887324,671944212,7.719424203181671e-05,0.0073603675641585,0.1924850779545488,5,,
deberta-v3-small,9,8,84.6674182638106,84.90140845070422,1648531575,3.257804579734563e-05,0.0112422951767694,0.0247442473602821,2,,
deberta-v3-small,9,9,86.24577226606539,86.36619718309859,281564059,1.0351069589075845e-05,1.7480041540825825e-05,0.1443815393625923,6,,
deberta-v3-small,9,10,86.97857948139797,87.32394366197182,1282260438,1.7339091885815726e-05,0.0002122384291415,0.1572020481766437,10,,
deberta-v3-small,9,11,85.1183765501691,86.4225352112676,180303802,3.716841026799743e-05,1.94122773871546e-05,0.0735422524040364,5,,
deberta-v3-small,9,12,85.40022547914317,86.08450704225352,1720644781,5.8026932816141126e-05,3.1764794695733355e-05,0.0983184492122267,6,,
deberta-v3-small,9,13,85.40022547914317,86.64788732394366,1929941552,1.4818147002334936e-05,0.000834777418629,0.1337577627441029,6,,
deberta-v3-small,9,14,85.1183765501691,85.2394366197183,1628454994,5.238028082944342e-05,0.0001560805068187,0.0404057799047627,3,,
deberta-v3-small,9,15,86.47125140924464,87.04225352112677,2130213950,1.7549802213693786e-05,0.0001489796008401,0.0084816442337976,9,,
deberta-v3-small,9,16,85.96392333709132,86.25352112676056,1946197472,2.186541276495884e-05,0.0034365798691596,0.1578905661656952,10,,
deberta-v3-small,9,17,84.38556933483653,85.40845070422536,1016674551,9.799152740268236e-05,1.4914832294971446e-05,0.0965100981862957,6,,
deberta-v3-small,9,18,85.40022547914317,85.12676056338029,430804252,4.530191019288301e-05,0.0512633557020717,0.0266714960660068,10,,
deberta-v3-small,9,19,86.41488162344983,86.08450704225352,1655649552,2.342230982622484e-05,0.001628913336328,0.1008638610610116,8,,
deberta-v3-small,9,20,84.16009019165728,85.29577464788733,1636185266,7.385613360082056e-05,2.5092307473347987e-05,0.1434676383444757,7,,
deberta-v3-small,9,21,85.73844419391206,86.64788732394366,473400991,4.747126962242455e-05,0.0008496898110165,0.1982757327635723,3,,
deberta-v3-small,9,22,86.58399098083427,86.7605633802817,1135269046,1.6836549290121827e-05,5.614683606739891e-05,0.0739439335207529,5,,
deberta-v3-small,9,23,85.1183765501691,86.4225352112676,1904119727,1.7572878265152774e-05,2.188088324090593e-05,0.100693499555284,2,,
deberta-v3-small,9,24,82.86358511837655,84.73239436619718,208278560,5.266924550144451e-06,0.01681738267184,0.0121248207195138,3,,
deberta-v3-small,9,25,83.4836527621195,83.6056338028169,1064424498,8.384407983365967e-05,0.0029029902077048,0.0130552037496768,8,,
deberta-v3-small,9,26,86.07666290868094,86.30985915492958,1547076509,2.0788220068638054e-05,0.0001058561209861,0.0731626963347924,4,,
deberta-v3-small,9,27,85.79481397970687,86.02816901408451,1848597198,1.2787830688730176e-05,1.8639813751413705e-05,0.1790198252181344,5,,
deberta-v3-small,9,28,86.52762119503946,86.36619718309859,2140131680,3.506748243248996e-05,0.0141679993512786,0.0701446922794435,10,,
deberta-v3-small,9,29,85.73844419391206,87.15492957746478,1047208899,5.282618954562593e-06,2.0359911076629022e-05,0.0194913230081156,8,,
deberta-v3-small,10,0,85.43909348441926,85.55240793201133,716744644,1.912100715186979e-05,0.0445881784862528,0.1400939843724893,3,,
deberta-v3-small,10,1,85.4957507082153,84.87252124645893,621009318,4.539682956080258e-05,0.0328973273251029,0.1689514976946078,8,,
deberta-v3-small,10,2,86.40226628895184,85.38243626062322,1386326998,4.562184151686443e-05,0.0023284930229224,0.0827688333997733,6,,
deberta-v3-small,10,3,85.60906515580737,84.41926345609065,417958643,4.079804402920166e-05,0.0001556715703913,0.0989582142334319,9,,
deberta-v3-small,10,4,85.8356940509915,84.87252124645893,1957556862,5.795561854589567e-05,0.000132425994764,0.1832088983062988,5,,
deberta-v3-small,10,5,85.4957507082153,84.53257790368272,744194684,5.622697328732368e-05,0.0776193035587622,0.167105217972678,10,,
deberta-v3-small,10,6,84.30594900849859,84.87252124645893,555362546,6.666975217662693e-05,0.0098906421790134,0.110280598276777,7,,
deberta-v3-small,10,7,84.70254957507082,85.04249291784703,427062396,2.197727090410825e-05,0.0089302256229072,0.1382723528516591,3,,
deberta-v3-small,10,8,86.74220963172804,85.21246458923513,152011730,4.024265885536647e-05,0.0201542859991398,0.0837002332026414,9,,
deberta-v3-small,10,9,80.79320113314448,80.84985835694052,419281035,9.043316213654865e-06,0.0024174372926047,0.1670145527662767,2,,
deberta-v3-small,10,10,86.1756373937677,85.15580736543909,160024162,1.4434428047696673e-05,0.0091308691395453,0.0082588556342315,7,,
deberta-v3-small,10,11,84.24929178470255,82.77620396600567,1416875693,7.919021702323652e-05,0.0006517619435274,0.0361291296081047,9,,
deberta-v3-small,10,12,84.87252124645893,84.75920679886686,1056381067,5.55101893307875e-05,0.0010870467155013,0.0596274123630709,5,,
deberta-v3-small,10,13,85.15580736543909,85.09915014164307,866197067,6.646953166850608e-06,0.0098229650781668,0.192182063734674,3,,
deberta-v3-small,10,14,84.70254957507082,83.85269121813032,2075111131,7.36147677092861e-05,0.0012214785110601,0.0630893904636153,3,,
deberta-v3-small,10,15,85.94900849858357,84.92917847025495,1315786047,1.865781610533443e-05,0.0008219909295399,0.0602070380163421,9,,
deberta-v3-small,10,16,85.43909348441926,85.6657223796034,1776035837,9.16453679056156e-06,0.0023486223402168,0.0617180923001307,6,,
deberta-v3-small,10,17,86.11898016997168,85.43909348441926,1749634365,2.2600109905447475e-05,0.0448951761446284,0.0872361194966201,5,,
deberta-v3-small,10,18,85.21246458923513,85.55240793201133,1985195084,1.3937442649577636e-05,0.020060837966948,0.1490702474132828,2,,
deberta-v3-small,10,19,85.89235127478753,84.70254957507082,154313268,3.4016069266876964e-05,2.8242840043003988e-05,0.0362075070227826,9,,
deberta-v3-small,10,20,86.23229461756374,85.21246458923513,2095434832,1.0598671509239514e-05,0.0031027482691031,0.0985684402335883,7,,
deberta-v3-small,10,21,85.6657223796034,84.30594900849859,1780002746,5.3501450784452695e-05,0.0069418832317727,0.0505598058987551,8,,
deberta-v3-small,10,22,86.0056657223796,86.06232294617564,2066855718,7.443654399259889e-06,0.0009300829131857,0.1149123877507837,6,,
deberta-v3-small,10,23,85.21246458923513,85.38243626062322,2041723999,1.6086509506944805e-05,0.0221130035063978,0.1829461495558821,2,,
deberta-v3-small,10,24,86.79886685552408,85.60906515580737,729869969,1.2494892868594218e-05,0.0371736010951568,0.161630862714387,5,,
deberta-v3-small,10,25,86.45892351274787,85.6657223796034,581704857,1.3469566307989371e-05,1.0269817892529902e-05,0.103641438636057,9,,
deberta-v3-small,10,26,86.0056657223796,85.89235127478753,967670285,2.002408883822635e-05,9.394946262453256e-05,0.0854700846637637,5,,
deberta-v3-small,10,27,85.04249291784703,84.47592067988668,481939835,1.0767732407900184e-05,0.0809816522398945,0.1945477988577783,2,,
deberta-v3-small,10,28,85.55240793201133,85.94900849858357,579889459,2.095990068815006e-05,0.0004091722843371,0.1887233178838828,10,,
deberta-v3-small,10,29,85.72237960339943,86.34560906515581,951767017,1.1990053578587752e-05,0.0093602360716962,0.1561093566277225,9,,
deberta-v3-small,11,0,86.74157303370787,85.17686692869175,891154553,1.5592594421520936e-05,0.0011503699766211,0.1050746558612334,2,,
deberta-v3-small,11,1,85.73033707865169,85.68220101066817,1212215856,5.536841167362587e-05,0.0001654803869598,0.030331130197525,2,,
deberta-v3-small,11,2,85.89887640449439,85.06457046603032,2014968241,6.03917798470358e-06,0.0134255648022202,0.1284330013749849,9,,
deberta-v3-small,11,3,86.51685393258427,85.62605277933746,311784714,2.8728756184880585e-05,0.0014534764761996,0.0980271313091628,7,,
deberta-v3-small,11,4,86.96629213483146,86.46827624929814,689487413,3.400219256891171e-05,0.0054016755950068,0.0101363584952139,8,,
deberta-v3-small,11,5,86.79775280898876,84.83997754070747,1844027050,1.3551674845050316e-05,1.1792405698245807e-05,0.1866443153830776,2,,
deberta-v3-small,11,6,87.24719101123596,85.45760808534531,2050901579,2.283669875899323e-05,0.0023984956758331,0.068826208157943,3,,
deberta-v3-small,11,7,86.12359550561797,84.61538461538461,762146587,6.214111947332215e-05,0.0263425341532411,0.099049348008332,7,,
deberta-v3-small,11,8,86.17977528089888,85.90679393599102,753535955,4.0602313296931694e-05,0.0010760732704021,0.0380042408244034,8,,
deberta-v3-small,11,9,86.85393258426966,85.62605277933746,1087240622,2.784439381288792e-05,0.0001928226480667,0.0527941625359858,3,,
deberta-v3-small,11,10,87.02247191011236,85.28916339135317,1536149732,6.557254610163758e-06,0.0002172020888097,0.0895077812809306,7,,
deberta-v3-small,11,11,85.78651685393258,84.89612577203818,706776535,1.0050378203132612e-05,0.0006763760229968,0.0825694407744064,7,,
deberta-v3-small,11,12,86.62921348314607,85.12071869736103,1759058212,1.112848738294988e-05,0.0902950232659504,0.1416991407174507,7,,
deberta-v3-small,11,13,86.85393258426966,85.79449747332959,1361319307,5.587962021730926e-06,7.585004680045191e-05,0.1065555153104975,6,,
deberta-v3-small,11,14,86.40449438202248,85.62605277933746,75028693,6.168667314054369e-05,0.0091315743582194,0.0600841911998575,4,,
deberta-v3-small,11,15,87.19101123595506,85.23301516002246,848382783,1.8562165392820177e-05,2.899988986041451e-05,0.0883720678683554,6,,
deberta-v3-small,11,16,87.02247191011236,85.68220101066817,156126364,2.13380410410042e-05,6.867426170576138e-05,0.1597821387733736,6,,
deberta-v3-small,11,17,87.64044943820225,86.29983155530601,653649766,2.192011850586057e-05,0.0005870667318586,0.1322545967576953,6,,
deberta-v3-small,11,18,87.19101123595506,85.4014598540146,424048305,5.948483056711623e-06,0.0995447099075069,0.1143315976582351,5,,
deberta-v3-small,11,19,86.62921348314607,85.12071869736103,606549886,6.364574465146918e-05,0.004441190286968,0.0529138498658561,3,,
deberta-v3-small,11,20,87.35955056179775,86.01909039865244,176285726,3.557350749244471e-05,4.727601221163046e-05,0.0482407651873056,8,,
deberta-v3-small,11,21,87.07865168539325,85.23301516002246,1519079364,5.90193269260713e-06,0.0044945327835751,0.0137540600677016,6,,
deberta-v3-small,11,22,85.84269662921348,85.17686692869175,1672407526,4.180774124754771e-05,0.0231965966166337,0.0727225600641184,6,,
deberta-v3-small,11,23,86.40449438202248,84.67153284671532,160426520,6.827993683357343e-06,0.0004716819772621,0.0937362234145966,4,,
deberta-v3-small,11,24,85.95505617977528,86.01909039865244,1924836386,8.667686029483694e-05,1.2435726066424911e-05,0.1565767850551922,7,,
deberta-v3-small,11,25,85.73033707865169,85.12071869736103,689916830,3.87349957221512e-05,1.791888621412189e-05,0.134062237712422,8,,
deberta-v3-small,11,26,84.9438202247191,85.17686692869175,1405413574,8.56484634595206e-05,0.0008343079331724,0.0657521882004069,10,,
deberta-v3-small,11,27,87.19101123595506,86.74901740595172,426229215,2.993432758828028e-05,0.0617443112803876,0.0154080476537239,9,,
deberta-v3-small,11,28,86.74157303370787,86.13138686131387,590679013,1.616417626641082e-05,0.0040316511261269,0.1887836522368475,9,,
deberta-v3-small,11,29,86.62921348314607,84.22234699606962,1974933821,7.232868568502216e-05,0.0044115512219748,0.1600970527524904,2,,
deberta-v3-small,12,0,86.70487106017193,86.08247422680412,115157525,1.0512935760114988e-05,2.094452287178526e-05,0.0489503260573877,6,,
deberta-v3-small,12,1,85.27220630372493,83.50515463917526,1075336110,9.422184332924155e-05,6.282298093291961e-05,0.1772720089049605,7,,
deberta-v3-small,12,2,86.99140401146131,85.56701030927834,1010301025,3.243083715026121e-05,5.0065789729037965e-05,0.1434696816804969,7,,
deberta-v3-small,12,3,85.32951289398281,83.96334478808706,240110750,7.889698118631945e-05,0.0001147864116701,0.1251494366420013,8,,
deberta-v3-small,12,4,86.4756446991404,85.33791523482245,2039635194,8.626186321528578e-06,1.0244658244629982e-05,0.1049198161780861,4,,
deberta-v3-small,12,5,86.99140401146131,86.368843069874,2032428231,1.4680665975577548e-05,0.0733413944463341,0.0100514506797774,6,,
deberta-v3-small,12,6,86.59025787965616,84.65063001145475,1447200387,7.01523686850129e-06,0.0016667832718666,0.1063718950313937,5,,
deberta-v3-small,12,7,86.64756446991404,85.73883161512028,308931874,6.027122629745805e-06,0.0002084427421655,0.1640501799507113,8,,
deberta-v3-small,12,8,86.07449856733524,84.5360824742268,2054850605,1.6914455402991394e-05,0.0535508407712547,0.1397133459445534,2,,
deberta-v3-small,12,9,87.56446991404012,85.6815578465063,410932520,2.1330885350978048e-05,0.0429887068839912,0.0191699729672593,10,,
deberta-v3-small,12,10,83.78223495702005,82.70332187857962,1518198306,9.729932598238456e-06,0.0953245821747219,0.1039375542544331,2,,
deberta-v3-small,12,11,87.56446991404012,85.96792668957617,376149612,3.0117648031798222e-05,0.001401651713684,0.0436830959469985,5,,
deberta-v3-small,12,12,87.67908309455588,86.08247422680412,1711460880,9.204731327942134e-06,0.0903632258921124,0.0904203136190397,8,,
deberta-v3-small,12,13,86.4756446991404,83.67697594501718,711594824,7.023533247985338e-05,0.0037502243916178,0.1665532380169483,4,,
deberta-v3-small,12,14,86.81948424068769,85.73883161512028,971478874,2.1134117896853475e-05,0.00202576028328,0.1649776388719781,9,,
deberta-v3-small,12,15,85.55873925501433,84.70790378006873,642496858,7.788042038059121e-05,0.0958331358612605,0.1676285143758592,3,,
deberta-v3-small,12,16,86.24641833810888,85.79610538373424,1444468828,2.8042772692814965e-05,0.0094277624579859,0.0121529207164585,2,,
deberta-v3-small,12,17,87.621776504298,86.48339060710195,1832785602,8.321805364424061e-06,0.0019872916484468,0.1017468622585235,9,,
deberta-v3-small,12,18,86.53295128939828,86.1397479954181,1511481992,5.2306275253724185e-06,0.0033777054848415,0.0008726231279814,10,,
deberta-v3-small,12,19,85.38681948424069,85.2233676975945,1706959647,6.790805379847841e-05,5.0854152524709366e-05,0.0500593381642387,2,,
deberta-v3-small,12,20,86.189111747851,85.28064146620848,735696191,3.116096839447659e-05,1.416006774901575e-05,0.0564482269731633,9,,
deberta-v3-small,12,21,87.85100286532952,85.85337915234823,1024260609,1.398910906310855e-05,0.0149850292623843,0.0720886015073733,10,,
deberta-v3-small,12,22,85.67335243553009,84.87972508591065,1068724578,6.2525407872407375e-06,0.0075779083235624,0.015618338734523,10,,
deberta-v3-small,12,23,87.27793696275072,86.368843069874,858092772,1.108372411291857e-05,0.0003032470234255,0.0179891776971965,9,,
deberta-v3-small,12,24,85.73065902578797,85.10882016036655,1939454563,5.972360652927244e-05,0.0020494017759088,0.1109424176910465,4,,
deberta-v3-small,12,25,86.30372492836676,84.36426116838489,197473042,6.004188811438603e-05,5.645080827593068e-05,0.1788890178041861,4,,
deberta-v3-small,12,26,84.01146131805157,82.76059564719358,910580507,9.82432376700084e-05,0.000543810064827,0.181454251282688,8,,
deberta-v3-small,12,27,86.30372492836676,84.7651775486827,1170773417,5.61405212025399e-05,0.0006326158767016,0.0227620558861558,9,,
deberta-v3-small,12,28,86.4756446991404,84.70790378006873,553905079,7.777666026620488e-05,8.886781815873485e-05,0.0660407362284441,8,,
deberta-v3-small,12,29,87.3352435530086,85.33791523482245,327690161,2.2657481193839457e-05,0.0479673003334361,0.008140733669902,10,,
deberta-v3-small,13,0,85.56759840273817,85.17673888255416,815854851,1.425915408786685e-05,0.00728677308899,0.186322978536798,9,,
deberta-v3-small,13,1,86.36622932116371,86.08893956670468,1787672290,6.111931042315151e-06,0.0003404350582044,0.1328548098903497,7,,
deberta-v3-small,13,2,85.22532800912721,85.29076396807298,1137628377,1.20512288497683e-05,0.0008058105604327,0.0133123628089642,3,,
deberta-v3-small,13,3,85.05419281232173,85.11972633979475,195685636,2.110945260093008e-05,3.604792857902271e-05,0.1795355018110682,2,,
deberta-v3-small,13,4,83.74215630347975,83.9224629418472,117513330,9.141461655827156e-05,0.0003023005040128,0.0709034109248738,10,,
deberta-v3-small,13,5,85.16828294352538,84.54960091220069,1532423657,1.0403809241305031e-05,0.0019434307859431,0.1700884413974261,5,,
deberta-v3-small,13,6,86.5373645179692,85.17673888255416,1424667160,2.1479013145905868e-05,8.794674269265658e-05,0.0906082763633025,6,,
deberta-v3-small,13,7,84.36965202509982,84.49258836944128,685780084,3.788645313528082e-05,0.0001137601143441,0.0402166886424867,2,,
deberta-v3-small,13,8,85.33941814033086,84.89167616875713,348064783,5.495015049226019e-06,0.0100108885844915,0.0363229041903835,5,,
deberta-v3-small,13,9,86.19509412435825,85.4618015963512,1108657261,2.737695967102543e-05,0.0115020349994817,0.0363978142514945,10,,
deberta-v3-small,13,10,85.62464346833998,85.11972633979475,304727082,7.0063140142035975e-06,0.0029979050273424,0.1316228680127531,6,,
deberta-v3-small,13,11,84.82601254991444,83.8084378563284,238349894,1.1532609075639764e-05,0.0002091036247976,0.0243277579595709,2,,
deberta-v3-small,13,12,83.51397604107245,83.63740022805017,1737586876,1.3819300536489408e-05,0.005677151013139,0.1654221551849005,2,,
deberta-v3-small,13,13,86.7655447803765,85.97491448118586,229646041,2.395337934629356e-05,1.74790303363954e-05,0.1373242617891588,6,,
deberta-v3-small,13,14,86.65145464917285,86.3169897377423,1542058303,8.660815112809862e-06,0.0064521053399265,0.0593093895616577,7,,
deberta-v3-small,13,15,85.96691386195094,85.23375142531357,532016886,1.4416816382621544e-05,0.0013330724828084,0.070782698771841,10,,
deberta-v3-small,13,16,86.82258984597833,85.97491448118586,1332656476,2.300045571442928e-05,2.3165419723624067e-05,0.1975024516901347,5,,
deberta-v3-small,13,17,86.42327438676554,85.40478905359178,205324406,3.854214184711865e-05,0.0006163236017737,0.0689752968291316,6,,
deberta-v3-small,13,18,86.13804905875642,86.03192702394527,1476280787,5.688842388890503e-05,0.0015037513474341,0.0439352527567144,10,,
deberta-v3-small,13,19,84.0844266970907,82.95324971493729,911086073,8.132297057574357e-05,0.0002152988848809,0.1990490589674738,9,,
deberta-v3-small,13,20,84.59783228750713,84.49258836944128,1948645037,8.247766129271922e-05,0.0028241521994346,0.0515572460593331,3,,
deberta-v3-small,13,21,86.65145464917285,86.2599771949829,619543227,6.15091504018676e-06,0.0001192209267362,0.079656079873331,9,,
deberta-v3-small,13,22,85.79577866514546,85.17673888255416,1244878380,1.433646405285949e-05,0.0221849991321113,0.1228418450697463,5,,
deberta-v3-small,13,23,85.45350827153452,85.40478905359178,1967396247,9.529381898324564e-06,0.0001819920029726,0.0021843263176531,4,,
deberta-v3-small,13,24,85.79577866514546,84.66362599771949,1986637427,1.988094020665261e-05,0.0232293105959371,0.1656640792838469,5,,
deberta-v3-small,13,25,84.94010268111808,84.09350057012543,224944700,7.841448121073304e-06,0.0026145053997051,0.0604422710311476,5,,
deberta-v3-small,13,26,86.19509412435825,86.14595210946408,2023064203,1.884253273413516e-05,0.0003237937100828,0.045691517916883,9,,
deberta-v3-small,13,27,84.82601254991444,85.74686431014823,1535351533,3.9897107301208704e-05,0.002361718047123,0.0885941233622321,6,,
deberta-v3-small,13,28,86.59440958357102,85.80387685290763,554749012,5.196811036280356e-06,0.0001669187953296,0.1412382811767994,8,,
deberta-v3-small,13,29,85.96691386195094,85.40478905359178,1397897095,2.3539523780816445e-05,0.0007844978282258,0.1738679241347946,2,,
deberta-v3-small,14,0,85.27088036117381,85.73040045121263,235533750,5.494221886306729e-06,0.0163754388918909,0.098746668410031,10,,
deberta-v3-small,14,1,85.21444695259594,85.6175972927242,1999791105,1.2762219647399936e-05,1.0650731787074654e-05,0.0506865079455512,5,,
deberta-v3-small,14,2,84.59367945823928,85.22278623801466,1200513784,8.776919417386683e-06,0.035052534536962,0.1870937214194467,3,,
deberta-v3-small,14,3,83.91647855530474,84.26395939086295,217147027,5.644732030279025e-06,0.0873233798525104,0.017987532514637,2,,
deberta-v3-small,14,4,85.38374717832957,85.05358150028201,1629365495,9.739309539995552e-05,0.0002520811269418,0.1003998487923835,6,,
deberta-v3-small,14,5,85.77878103837472,85.39199097574732,1420291046,6.459872838909922e-05,0.0004699890028516,0.1461206306068934,6,,
deberta-v3-small,14,6,87.02031602708804,87.19684151156233,1894508220,1.413081098475471e-05,7.115894146902985e-05,0.1782400982630902,10,,
deberta-v3-small,14,7,84.81941309255079,85.3355893965031,102189725,6.69281411049485e-05,1.4582056234756986e-05,0.029226459749691,3,,
deberta-v3-small,14,8,86.23024830699774,86.74562887760857,1158072291,3.0356939567060983e-05,0.0001534908081435,0.0678231097761204,5,,
deberta-v3-small,14,9,85.83521444695259,86.35081782289905,1584015198,7.205839841880096e-06,0.0031550330795259,0.0080133686719045,4,,
deberta-v3-small,14,10,86.45598194130926,86.97123519458545,518207750,2.5475699674773583e-05,0.0252267019385506,0.0879970552084354,8,,
deberta-v3-small,14,11,86.45598194130926,85.6175972927242,95427633,2.767084820838064e-05,0.0286141801380244,0.1334581958275278,7,,
deberta-v3-small,14,12,86.06094808126412,87.19684151156233,1988136578,2.7376108986591822e-05,0.0234345422336138,0.115029392347815,2,,
deberta-v3-small,14,13,84.76297968397292,85.6175972927242,357153403,6.070148213513444e-05,3.591193600507523e-05,0.0578955908394699,8,,
deberta-v3-small,14,14,86.17381489841986,86.85843203609701,1250360996,1.8471727026293e-05,0.0030275014137514,0.1209655747403146,5,,
deberta-v3-small,14,15,86.28668171557563,86.46362098138748,510633596,1.1326272001276296e-05,0.0108412984396151,0.1625860847115153,9,,
deberta-v3-small,14,16,86.96388261851015,87.25324309080655,2069830658,1.4881696733435628e-05,0.0067709219043766,0.0205933958814605,10,,
deberta-v3-small,14,17,84.76297968397292,85.3355893965031,1970065068,9.53596477835768e-05,0.0164432088923832,0.1971076659005283,4,,
deberta-v3-small,14,18,85.55304740406321,86.57642413987591,1710284141,1.9096211910389293e-05,1.830189272922537e-05,0.1651616100694966,4,,
deberta-v3-small,14,19,85.72234762979684,84.99717992103778,1617138255,6.346840166515721e-05,8.678592547236945e-05,0.1476963571177455,7,,
deberta-v3-small,14,20,84.08577878103837,85.10998307952623,1742841560,5.369000718673156e-06,0.0030173871460329,0.0175980519234288,3,,
deberta-v3-small,14,21,86.73814898419865,87.02763677382967,1214519821,1.889445902888409e-05,0.019681135806496,0.0185164674597291,7,,
deberta-v3-small,14,22,86.17381489841986,87.08403835307388,1328789985,6.068073369021998e-06,1.0805226811202416e-05,0.0479809396871125,8,,
deberta-v3-small,14,23,85.44018058690745,86.40721940214326,1543733996,3.511887080290673e-05,3.393809719801332e-05,0.0318362956672516,2,,
deberta-v3-small,14,24,87.18961625282166,87.4224478285392,892765063,1.4968712250071308e-05,0.0350176464243916,0.1715177723568875,7,,
deberta-v3-small,14,25,85.38374717832957,85.78680203045685,1891816138,1.0598951838071997e-05,0.000209830744762,0.1214587141851474,7,,
deberta-v3-small,14,26,86.85101580135441,86.80203045685279,1313075487,1.055915328730892e-05,8.349354481933996e-05,0.0658668968936742,8,,
deberta-v3-small,14,27,84.0293453724605,84.4331641285956,1762766711,9.450001361826454e-05,0.0001565908959405,0.0011867180437134,7,,
deberta-v3-small,14,28,84.25507900677201,84.48956570783982,1464455688,7.249515650081497e-05,0.0043878082751484,0.1177571397457591,4,,
deberta-v3-small,14,29,86.62528216704288,87.19684151156233,965394451,1.194119002153103e-05,1.1144323409263829e-05,0.0630402190979367,8,,
deberta-v3-small,15,0,85.95793064241046,85.95793064241046,1693832478,5.706840445012575e-05,0.0120617049561884,0.191045345166108,10,,
deberta-v3-small,15,1,86.2990335417851,86.92438885730529,1942306943,1.183644166331218e-05,4.744285080269779e-05,0.0196339021766797,8,,
deberta-v3-small,15,2,85.67367822626493,86.242183058556,187197094,5.242845901799642e-05,0.0036688627254625,0.0897831836372461,7,,
deberta-v3-small,15,3,86.1853325753269,87.49289368959636,1673926229,7.216511145172221e-06,0.0002375004426313,0.0340596446990054,8,,
deberta-v3-small,15,4,85.84422967595225,86.35588402501422,929625088,3.1389164898707685e-05,7.42917902751004e-05,0.0301284289944485,8,,
deberta-v3-small,15,5,85.16202387720296,85.21887436043207,1832163268,1.3160693720770008e-05,9.720883271990866e-05,0.0992105880588567,2,,
deberta-v3-small,15,6,86.1853325753269,87.77714610574189,419844669,2.290229712983632e-05,0.0001885598729633,0.0773073814612611,6,,
deberta-v3-small,15,7,85.5031267765776,85.95793064241046,1529600966,6.640420605027532e-05,0.0001047783200069,0.0175784218624375,5,,
deberta-v3-small,15,8,85.38942581011939,86.01478112563957,2097478474,5.075400241028839e-05,0.005676378798055,0.1573225996302177,3,,
deberta-v3-small,15,9,85.95793064241046,87.26549175667994,702504617,2.5671005500661052e-05,0.025414153294461,0.1495809049078897,10,,
deberta-v3-small,15,10,87.09494030699261,86.46958499147243,366188996,2.7296100528699745e-05,0.0277487355906134,0.1159883764318227,10,,
deberta-v3-small,15,11,86.2990335417851,86.58328595793064,1728440039,1.1368645421478378e-05,1.1569682830121612e-05,0.1523112567248442,6,,
deberta-v3-small,15,12,86.2990335417851,86.58328595793064,558088133,1.166459609226696e-05,0.0071418707122998,0.0212791493338512,7,,
deberta-v3-small,15,13,85.33257532689028,85.84422967595225,1451763042,7.047676220604553e-05,0.0001744667722357,0.1872594274264082,8,,
deberta-v3-small,15,14,86.64013644115975,86.64013644115975,797239987,3.237249695556048e-05,0.0680619762258043,0.1592536902226551,3,,
deberta-v3-small,15,15,85.95793064241046,87.26549175667994,31699014,1.901423425845247e-05,0.0052602509359512,0.0377520500447768,8,,
deberta-v3-small,15,16,85.84422967595225,87.43604320636726,904181289,1.9261582347187712e-05,3.712765488304168e-05,0.0012111620207423,9,,
deberta-v3-small,15,17,85.73052870949402,86.1853325753269,1498503630,5.391515325660128e-06,0.0010097779342881,0.0384304962775444,6,,
deberta-v3-small,15,18,85.38942581011939,85.95793064241046,305362443,5.1140801741575576e-05,0.0154048472981752,0.1045357211345815,7,,
deberta-v3-small,15,19,86.86753837407618,87.37919272313815,1313062489,1.140730872135294e-05,0.0001421132237817,0.1339995921077605,9,,
deberta-v3-small,15,20,87.0380898237635,87.32234223990903,2111415475,1.2289704329580914e-05,0.0037736460507661,0.1338516021481222,10,,
deberta-v3-small,15,21,85.95793064241046,87.89084707220012,1001608552,1.991979172023397e-05,0.0007003869464917,0.0328987426620578,4,,
deberta-v3-small,15,22,86.52643547470153,87.26549175667994,1231800498,1.5546062140566252e-05,0.0436174358304114,0.1136303100951624,6,,
deberta-v3-small,15,23,84.82092097782831,85.90108015918135,1819709212,8.264286809085906e-05,0.0002258944591863,0.1039847074550359,8,,
deberta-v3-small,15,24,86.242183058556,86.52643547470153,1135290028,1.4436253262877806e-05,1.010324047675488e-05,0.111248126270585,7,,
deberta-v3-small,15,25,85.84422967595225,86.07163160886867,1818625262,4.4430248792516014e-05,1.1061387880270984e-05,0.0816210635911022,9,,
deberta-v3-small,15,26,85.44627629334849,86.75383740761797,206721799,1.767301466049357e-05,0.0058433152519003,0.1516483188031548,4,,
deberta-v3-small,15,27,86.58328595793064,86.52643547470153,114418766,8.759826241870487e-06,0.0021491711819668,0.1685160881611237,5,,
deberta-v3-small,15,28,85.78737919272314,86.12848209209778,1482921354,1.7218856061604413e-05,0.0357363478168935,0.1572960989760056,9,,
deberta-v3-small,15,29,86.75383740761797,86.242183058556,414793362,3.066307363655329e-05,0.0572284965068412,0.0709046638299355,5,,
deberta-v3-small,16,0,84.7072200113701,85.2840909090909,1455013864,5.900725194440573e-05,2.0443220075416103e-05,0.0754275030255244,9,,
deberta-v3-small,16,1,84.59351904491189,85.68181818181819,1517531531,1.7654082925915674e-05,0.0002771905522256,0.0657045294735142,2,,
deberta-v3-small,16,2,84.42296759522456,85.56818181818181,1074374008,3.7295448425454255e-05,0.0126651670578893,0.1240279407781622,2,,
deberta-v3-small,16,3,85.16202387720296,85.51136363636364,560753002,4.365633712603208e-05,0.0003719253809186,0.0083884933220784,7,,
deberta-v3-small,16,4,84.59351904491189,84.94318181818181,1353884775,5.186301524750994e-05,0.0001700721688862,0.1017078586105498,5,,
deberta-v3-small,16,5,85.16202387720296,85.22727272727273,569924822,1.117929748496111e-05,0.0001545886682562,0.0062709095407683,9,,
deberta-v3-small,16,6,85.78737919272314,85.2840909090909,59595050,1.24142054920727e-05,0.0975351464855089,0.0960127111411988,8,,
deberta-v3-small,16,7,83.05855599772597,83.4090909090909,185639690,5.097235761986291e-06,1.2615412319414707e-05,0.0744161617640204,2,,
deberta-v3-small,16,8,84.30926662876634,85.05681818181819,613953377,1.5252976300246024e-05,0.0041510889748651,0.1248083215802559,2,,
deberta-v3-small,16,9,85.78737919272314,85.05681818181819,1609138288,1.764066437944537e-05,0.0007731749670723,0.0360649133259635,7,,
deberta-v3-small,16,10,84.7072200113701,83.63636363636364,856494995,7.861747197403225e-05,8.074322382154972e-05,0.1236360825459929,10,,
deberta-v3-small,16,11,85.38942581011939,85.625,1978642895,4.085610904919702e-05,0.0479727442383059,0.1164255969512132,7,,
deberta-v3-small,16,12,84.30926662876634,84.31818181818181,1921931969,5.747011617117898e-06,0.0002113263612268,0.0660414401274471,2,,
deberta-v3-small,16,13,85.04832291074474,86.36363636363636,1483022726,1.2544545922512653e-05,0.0001685322286944,0.0303291468172236,8,,
deberta-v3-small,16,14,84.25241614553724,84.60227272727273,1541461855,1.5939203329370286e-05,0.0003578877884833,0.198867682451322,3,,
deberta-v3-small,16,15,85.67367822626493,85.85227272727273,293228517,1.9140020651888467e-05,0.007501937835143,0.0291029687958839,9,,
deberta-v3-small,16,16,83.34280841387152,84.0909090909091,1762818662,9.126626979503102e-05,0.0004338005292275,0.0227260886986075,5,,
deberta-v3-small,16,17,85.67367822626493,85.9659090909091,800487400,6.992094343241858e-06,0.0021489218987129,0.0539446027504081,10,,
deberta-v3-small,16,18,85.21887436043207,85.45454545454545,24648308,5.939228401006528e-06,0.0007757538709788,0.1175162051529723,7,,
deberta-v3-small,16,19,84.65036952814098,85.45454545454545,378341608,2.708756228248592e-05,5.776759396911728e-05,0.1439186461057797,3,,
deberta-v3-small,16,20,82.71745309835134,84.14772727272727,1109145237,8.881165974923537e-05,0.0962752671215024,0.1222197779722663,10,,
deberta-v3-small,16,21,84.19556566230813,84.82954545454545,948322257,6.107961452681415e-05,0.000499714629233,0.0931734696388698,4,,
deberta-v3-small,16,22,84.87777146105742,85.0,2064785937,1.1549113320773246e-05,0.000405943061879,0.118067997226982,4,,
deberta-v3-small,16,23,84.42296759522456,85.45454545454545,2064090174,1.3408438111791092e-05,3.2403051808362126e-05,0.0809796553837431,2,,
deberta-v3-small,16,24,84.25241614553724,85.2840909090909,2050328827,1.1338554506000396e-05,5.3254649801742615e-05,0.1475035164135115,2,,
deberta-v3-small,16,25,84.99147242751563,85.22727272727273,1626340250,6.83188074663748e-05,0.0591143647062102,0.0108186082548525,5,,
deberta-v3-small,16,26,85.04832291074474,85.68181818181819,1101192448,1.1935973314931758e-05,0.0002003501987832,0.0100384989577931,4,,
deberta-v3-small,16,27,85.55997725980671,85.85227272727273,1123705042,2.437534185609652e-05,0.0018063958909333,0.0683688903645888,5,,
deberta-v3-small,16,28,84.47981807845366,85.625,1825446938,1.1362378710885274e-05,0.0016491905250949,0.1843809486654366,6,,
deberta-v3-small,16,29,83.28595793064241,84.14772727272727,48973745,9.599201957118854e-05,0.0004356460972849,0.0927609969259171,7,,
deberta-v3-small,17,0,87.31049971925884,84.9522740033689,43534143,1.41148976445109e-05,3.136181447954102e-05,0.1638329403130106,5,,
deberta-v3-small,17,1,85.51375631667602,83.49241998877035,1449399874,5.6116631473379325e-06,6.1161193365853e-05,0.0176697669055199,4,,
deberta-v3-small,17,2,88.15272318921954,85.51375631667602,1009308983,3.0243138687027684e-05,2.020477195580288e-05,0.1325987601569032,8,,
deberta-v3-small,17,3,86.07523862998316,82.8747894441325,2105825922,2.4565410080175678e-05,0.0014514188461371,0.1289686023628558,2,,
deberta-v3-small,17,4,86.52442448062887,84.83997754070747,778333785,4.395988132872471e-05,0.0012283644795141,0.0129605668933321,3,,
deberta-v3-small,17,5,86.97361033127457,85.79449747332959,565157217,4.326969855660433e-05,0.0748652514149765,0.1351426124384113,7,,
deberta-v3-small,17,6,85.56990454800673,83.32397529477821,1161986957,5.971082383026281e-06,0.0013415235212194,0.005072921069797,4,,
deberta-v3-small,17,7,86.41212801796743,84.5030881527232,1766257199,9.531166510993196e-06,0.000325830341222,0.1712616255961442,5,,
deberta-v3-small,17,8,86.86131386861314,84.89612577203818,1676596774,4.584351054812269e-05,0.0025646107354792,0.0531308043298899,5,,
deberta-v3-small,17,9,87.75968556990455,85.79449747332959,565890893,3.7347919156044544e-05,2.9400312290882197e-05,0.0780440478309823,5,,
deberta-v3-small,17,10,88.09657495788883,85.45760808534531,443523342,1.3645506648815086e-05,0.0011276231259213,0.0840276988430084,8,,
deberta-v3-small,17,11,85.45760808534531,84.72768107804605,1675148576,6.815111687147352e-05,0.073030844181936,0.0441257948050414,4,,
deberta-v3-small,17,12,87.5912408759124,85.12071869736103,53258555,3.618075313962904e-05,0.0005399365505038,0.0290582475071482,10,,
deberta-v3-small,17,13,85.34531162268388,82.8747894441325,676344479,8.98049453461752e-05,1.1335143249573455e-05,0.0064836685026447,9,,
deberta-v3-small,17,14,87.64738910724313,85.56990454800673,956299112,2.112885644131561e-05,0.0950953215993878,0.1630644340082294,7,,
deberta-v3-small,17,15,86.692869174621,83.99775407074677,468137325,6.594960272328094e-05,1.645936855764845e-05,0.1382893889514566,4,,
deberta-v3-small,17,16,86.86131386861314,86.41212801796743,678949329,8.223319175457512e-06,0.0115842447131861,0.065206224989967,9,,
deberta-v3-small,17,17,85.23301516002246,83.54856822010106,663529684,7.754553489396574e-05,0.0007267159309092,0.1126273815339749,5,,
deberta-v3-small,17,18,87.75968556990455,85.34531162268388,1058062778,2.3390958833616693e-05,3.343020330691827e-05,0.131529128127846,8,,
deberta-v3-small,17,19,87.02975856260528,84.5030881527232,1335798326,5.948568158074779e-05,0.0007148383991818,0.1427393085873775,9,,
deberta-v3-small,17,20,87.02975856260528,84.72768107804605,851159630,4.437460960162711e-05,0.0028254574976108,0.1545061932828818,7,,
deberta-v3-small,17,21,85.28916339135317,83.60471645143178,1161781105,3.107182876839408e-05,0.0002577811942022,0.1598998703360417,8,,
deberta-v3-small,17,22,85.56990454800673,83.94160583941606,108726743,5.298502513972095e-06,0.0002551131118735,0.0169393569855167,4,,
deberta-v3-small,17,23,86.80516563728243,85.12071869736103,743380673,5.469706546759373e-05,3.774269833549471e-05,0.1588304482520064,5,,
deberta-v3-small,17,24,86.24368332397529,83.77316114542391,1716165224,7.49238211856758e-05,1.6320859571479644e-05,0.1040057274967301,2,,
deberta-v3-small,17,25,86.46827624929814,83.88545760808535,1959105990,5.874015934946934e-05,0.0120222497148889,0.0299179719865489,9,,
deberta-v3-small,17,26,86.63672094329029,85.62605277933746,1318117168,8.721534929271175e-06,0.0004324384464785,0.1640983790499607,5,,
deberta-v3-small,17,27,85.96294216732173,83.60471645143178,1709673606,8.485590725374613e-05,0.0033827691581733,0.1944362725611924,4,,
deberta-v3-small,17,28,86.24368332397529,83.77316114542391,1946833069,8.565694129011155e-06,0.038193573955936,0.0476679533381308,7,,
deberta-v3-small,17,29,87.64738910724313,84.27849522740034,1511310493,3.039282739014214e-05,0.0001870255357539,0.0476503558691698,3,,
deberta-v3-small,18,0,85.99886169607285,86.63253697383391,519162445,1.923846811027665e-05,0.0031893119583955,0.1001298101241897,3,,
deberta-v3-small,18,1,86.5110984632897,87.14448236632536,1276159588,1.1001394473707002e-05,0.0005438275184835,0.1371668170729223,4,,
deberta-v3-small,18,2,85.71428571428571,86.80318543799773,768745636,4.806641100935675e-05,0.0002005914853286,0.0681614328030042,10,,
deberta-v3-small,18,3,85.71428571428571,87.82707622298066,2073135159,5.465942624062986e-05,0.027120854919705,0.1448835618557681,2,,
deberta-v3-small,18,4,86.5110984632897,87.3151308304892,2099868445,1.3482339023914022e-05,1.0836784755914453e-05,0.1165700700064762,8,,
deberta-v3-small,18,5,85.82811610700057,87.77019340159272,2035680725,8.555944258055026e-06,0.0005919043661708,0.1135019763324654,7,,
deberta-v3-small,18,6,84.63289698349459,85.60864618885097,1328379247,8.826087847495212e-05,0.0365494192363122,0.0345682684971446,3,,
deberta-v3-small,18,7,85.77120091064315,87.03071672354949,58023106,9.753282707987738e-06,2.2439713244298587e-05,0.191144521236724,5,,
deberta-v3-small,18,8,85.82811610700057,87.20136518771331,537882844,7.444608204310613e-06,0.00023573642805,0.0058783701083646,10,,
deberta-v3-small,18,9,85.71428571428571,86.57565415244596,498577209,2.2322280292187732e-05,9.934289262475788e-05,0.0198107612411766,5,,
deberta-v3-small,18,10,85.2589641434263,86.23435722411831,1699541869,3.651080339453653e-05,0.0002403366929869,0.1821753564277841,5,,
deberta-v3-small,18,11,86.28343767786,87.42889647326507,697224930,1.4203236724644737e-05,1.4444886978852736e-05,0.0203595580874097,7,,
deberta-v3-small,18,12,84.97438816163915,86.17747440273038,908314677,6.001102311694967e-05,2.407749371889717e-05,0.1105888224440683,6,,
deberta-v3-small,18,13,84.4621513944223,86.12059158134244,1809677310,5.237681262302075e-06,1.7924688252023586e-05,0.080123633941623,9,,
deberta-v3-small,18,14,85.08821855435401,85.77929465301479,766084925,7.273602270750987e-05,6.299641219152498e-05,0.1178366596402773,6,,
deberta-v3-small,18,15,85.82811610700057,86.9169510807736,1309332019,3.45120988333408e-05,0.0007989619688846,0.1743493151117923,7,,
deberta-v3-small,18,16,86.16960728514513,87.3151308304892,416686530,1.664999200805726e-05,0.0019696231281636,0.1024713119484567,5,,
deberta-v3-small,18,17,86.22652248150256,86.46188850967008,160857281,7.365370012334223e-05,0.0038220669957527,0.1855646173835064,2,,
deberta-v3-small,18,18,86.39726807057484,87.20136518771331,912873523,1.5532338333893524e-05,0.002008008391681,0.1181581821049019,5,,
deberta-v3-small,18,19,84.4621513944223,86.29124004550626,1616428582,6.685896051471069e-05,0.0140587910937969,0.1590378490753586,6,,
deberta-v3-small,18,20,85.65737051792829,86.51877133105802,967988349,5.414256739640434e-06,0.0011261770939846,0.169428324090472,4,,
deberta-v3-small,18,21,86.45418326693228,87.42889647326507,641891660,2.125758757846643e-05,1.702431783112862e-05,0.1861779923893446,7,,
deberta-v3-small,18,22,86.11269208878771,87.3151308304892,1373260462,3.389585507088071e-05,0.0370773538341534,0.079669178643752,6,,
deberta-v3-small,18,23,84.29140580535002,85.0967007963595,1010201943,7.805151459481972e-05,0.0134325556630492,0.1407867617938657,5,,
deberta-v3-small,18,24,85.486624928856,87.42889647326507,1844197674,7.584543870845657e-06,6.015638153675995e-05,0.0907812364840756,10,,
deberta-v3-small,18,25,86.39726807057484,87.48577929465301,570021342,5.7161273749141525e-06,0.00038721951228,0.0129450523280442,8,,
deberta-v3-small,18,26,84.68981217985203,86.0637087599545,1228135573,1.2588151365278176e-05,6.029904920830172e-05,0.1745154875714001,6,,
deberta-v3-small,18,27,86.22652248150256,86.9169510807736,1999550421,7.659058105199379e-06,3.344075372604056e-05,0.1909444983524948,4,,
deberta-v3-small,18,28,86.62492885600456,87.5995449374289,752896968,3.6036789543477566e-05,0.0153701927187854,0.1926148124542793,7,,
deberta-v3-small,18,29,84.63289698349459,85.49488054607508,196687811,6.319579372126271e-06,7.832782465033402e-05,0.0615379645414794,5,,
deberta-v3-small,19,0,82.81963470319634,84.76896748431261,284764277,8.079130248659617e-05,0.0796431526638149,0.1684334775552219,4,,
deberta-v3-small,19,1,85.90182648401826,85.39646320593269,1508194474,8.625458204646144e-06,0.0038735030996704,0.0431601137616591,8,,
deberta-v3-small,19,2,85.38812785388127,85.73873359954364,124264392,2.66869227323769e-05,0.0069039828242086,0.0801956738224418,5,,
deberta-v3-small,19,3,85.61643835616438,85.68168853394181,781446810,3.3700574878369124e-05,0.0001602683779625,0.1685660810234394,3,,
deberta-v3-small,19,4,84.93150684931507,85.33941814033086,1161614896,1.3605429012781486e-05,0.0011017698590279,0.0430278392430916,5,,
deberta-v3-small,19,5,84.47488584474885,83.91329150028523,1837903293,7.89775607538114e-05,0.0015529466935437,0.137107786381217,3,,
deberta-v3-small,19,6,83.96118721461187,84.59783228750713,1917338587,2.364283495498945e-05,0.0761737857865599,0.0862360723378843,2,,
deberta-v3-small,19,7,84.87442922374429,86.02395892755277,1985571141,1.124019997679441e-05,0.0132918781763968,0.1633888048227559,8,,
deberta-v3-small,19,8,84.98858447488584,84.94010268111808,1926583682,6.512587637398929e-05,0.000770699485687,0.0378518571070779,4,,
deberta-v3-small,19,9,83.67579908675799,84.71192241871078,1956776707,7.341583392428371e-05,4.634972404227696e-05,0.1126610527034089,6,,
deberta-v3-small,19,10,82.9337899543379,83.45693097547063,803218222,1.6743140169368492e-05,0.0004194615125452,0.1228682062859684,9,,
deberta-v3-small,19,11,85.50228310502283,85.79577866514546,1059154146,1.834882321385084e-05,0.0023813883909902,0.1174628630332039,2,,
deberta-v3-small,19,12,85.55936073059361,86.0810039931546,521788836,5.3178736133437466e-06,2.355158820394192e-05,0.1187516532022158,10,,
deberta-v3-small,19,13,85.73059360730593,86.0810039931546,1397533633,1.4307842348931316e-05,4.237190487602163e-05,0.1890465526150846,8,,
deberta-v3-small,19,14,85.21689497716895,85.39646320593269,114591767,3.185657994087257e-05,0.0031447168311827,0.1568753371588285,3,,
deberta-v3-small,19,15,84.3607305936073,85.68168853394181,1301174546,6.391243903803226e-05,0.0016045032710712,0.0675531370415722,10,,
deberta-v3-small,19,16,85.73059360730593,85.45350827153452,314868952,1.3567460487237738e-05,0.0011411525654189,0.0838461283266596,9,,
deberta-v3-small,19,17,84.47488584474885,85.51055333713634,149474345,8.596959011035623e-06,7.595944356046156e-05,0.0085336068825807,5,,
deberta-v3-small,19,18,85.44520547945206,84.65487735310896,1339162264,1.981223697803962e-05,0.0573482612774426,0.0177338568656296,7,,
deberta-v3-small,19,19,84.41780821917808,84.25556189389617,2062996918,4.793673065907385e-05,0.0318921786343559,0.0882178084620371,10,,
deberta-v3-small,19,20,83.78995433789954,84.59783228750713,493995418,1.1667364957116696e-05,0.0217605815634501,0.1380097274468798,4,,
deberta-v3-small,19,21,84.76027397260275,85.28237307472904,2084963246,4.487935842494831e-05,0.0222417848776155,0.1576758398536972,10,,
deberta-v3-small,19,22,83.27625570776256,83.1717056474615,1652740686,5.190186670676734e-06,0.0716109461122989,0.0107220901394425,4,,
deberta-v3-small,19,23,84.76027397260275,84.82601254991444,1129911295,6.005580509493427e-05,0.0214802792893292,0.1844213049148401,7,,
deberta-v3-small,19,24,84.53196347031964,84.82601254991444,966808620,1.6697585671920042e-05,0.004546395287425,0.0176968590033167,5,,
deberta-v3-small,19,25,77.1689497716895,78.66514546491729,496763318,5.5872784493540936e-06,0.0080694313664644,0.0533218414721484,2,,
deberta-v3-small,19,26,86.18721461187215,85.73873359954364,1659557016,7.18071232128231e-06,0.0011324790280503,0.1512046499698993,7,,
deberta-v3-small,19,27,81.67808219178082,82.77239018824872,254892719,6.665508764379934e-06,1.316836049751813e-05,0.0676067702358098,2,,
deberta-v3-small,19,28,84.41780821917808,85.22532800912721,2080835751,7.114154326486014e-06,0.0001228067594558,0.0267278213166794,5,,
deberta-v3-small,19,29,84.81735159817352,86.13804905875642,425782939,1.506054653970626e-05,2.012887699502176e-05,0.1739797146146796,3,,
deberta-v3-small,20,0,84.24657534246575,82.76255707762557,1799661058,9.46935170337548e-05,0.0244478517379634,0.1902545509503795,10,,
deberta-v3-small,20,1,85.95890410958904,85.61643835616438,1239268588,4.2959767538592863e-05,0.0004946258079969,0.1955181088726118,9,,
deberta-v3-small,20,2,86.70091324200914,85.84474885844749,1459316982,1.9079333932251495e-05,0.0047936514388072,0.132165887333079,5,,
deberta-v3-small,20,3,85.73059360730593,84.76027397260275,159512886,7.0684525213365145e-06,0.001368476060226,0.1470226723391683,10,,
deberta-v3-small,20,4,85.55936073059361,84.93150684931507,470479812,3.866294719977879e-05,1.737909069665551e-05,0.0421939084534754,9,,
deberta-v3-small,20,5,85.21689497716895,83.44748858447488,1099626445,7.957836158911496e-06,0.0001430750596042,0.1976104345423509,2,,
deberta-v3-small,20,6,85.21689497716895,84.18949771689498,1815569768,8.771663283933627e-05,0.0002464085944553,0.1568536594849486,7,,
deberta-v3-small,20,7,86.41552511415524,85.78767123287672,1332082647,1.0722873335199058e-05,2.2595126915613194e-05,0.0369578278442496,5,,
deberta-v3-small,20,8,86.01598173515981,85.27397260273973,763590180,1.1979726524367677e-05,0.0010158082331321,0.0405503017130317,4,,
deberta-v3-small,20,9,85.61643835616438,84.41780821917808,735005910,8.860683759753691e-06,0.0062021647218182,0.0715475572316893,3,,
deberta-v3-small,20,10,86.41552511415524,85.04566210045662,768795528,2.41211062221588e-05,0.0062990827355497,0.0913071613290744,3,,
deberta-v3-small,20,11,86.64383561643835,85.95890410958904,83276370,1.9502564333100755e-05,3.1751629016515444e-05,0.0834438425076918,10,,
deberta-v3-small,20,12,86.64383561643835,85.44520547945206,481465528,3.525763028680793e-05,0.003398775963338,0.1576794318396459,5,,
deberta-v3-small,20,13,84.3607305936073,83.73287671232876,782886464,9.077970119817172e-05,0.0003606467776602,0.0988354708924282,7,,
deberta-v3-small,20,14,85.3310502283105,83.44748858447488,433827323,1.263796463257228e-05,0.0003909594538215,0.0330542829018295,8,,
deberta-v3-small,20,15,84.18949771689498,83.21917808219177,348170757,9.00697498513322e-05,0.0193743932012094,0.1510863261799706,10,,
deberta-v3-small,20,16,86.3013698630137,85.27397260273973,62826649,2.3975399297275223e-05,0.0002293817499339,0.0009524443649259,3,,
deberta-v3-small,20,17,85.67351598173516,84.70319634703196,1875931750,7.756246371716961e-06,3.1599902291580576e-05,0.1367555549699229,9,,
deberta-v3-small,20,18,86.13013698630137,84.81735159817352,105912544,4.717822152397306e-05,0.0832763925386289,0.1641304915393464,6,,
deberta-v3-small,20,19,86.58675799086758,85.15981735159818,1147665937,5.294099338374297e-06,1.863141769670835e-05,0.139819068713331,7,,
deberta-v3-small,20,20,86.18721461187215,85.3310502283105,1022772110,5.331015427288651e-05,1.70167801663607e-05,0.0393689506335492,6,,
deberta-v3-small,20,21,84.58904109589041,82.59132420091325,1654257791,5.392843532393088e-06,0.0873165848042805,0.0127360467417637,4,,
deberta-v3-small,20,22,86.98630136986301,84.58904109589041,1737602294,4.415100161736778e-05,0.0028156222155516,0.1942930983945717,7,,
deberta-v3-small,20,23,85.67351598173516,85.21689497716895,1635019709,4.406004986540792e-05,0.0390942736562311,0.1873913367210795,4,,
deberta-v3-small,20,24,86.47260273972603,85.90182648401826,803825144,2.609783819018388e-05,2.9916177973004287e-05,0.118958396942878,4,,
deberta-v3-small,20,25,85.38812785388127,84.18949771689498,1242589550,6.737524529096947e-06,1.2286580906684964e-05,0.1738760810755095,6,,
deberta-v3-small,20,26,85.21689497716895,83.67579908675799,2123700568,8.173223629610884e-05,0.0033461469197734,0.0776626127871821,2,,
deberta-v3-small,20,27,86.81506849315069,85.3310502283105,1610630513,3.285873774155558e-05,0.0502101269503144,0.1309899792731278,3,,
deberta-v3-small,20,28,85.3310502283105,83.67579908675799,1835369338,7.687326031218639e-05,0.0013832036291437,0.1824525751268603,10,,
deberta-v3-small,20,29,86.13013698630137,84.64611872146119,283823305,3.780477893266109e-05,0.0027444986746868,0.0563340648918852,5,,
deberta-v3-small,21,0,84.83997754070747,84.67153284671532,73081222,9.04560885782855e-05,3.29903048907031e-05,0.0009131643191132,3,,
deberta-v3-small,21,1,85.51375631667602,86.80516563728243,332390373,1.4457316096174172e-05,0.0055889432862289,0.0258358709059003,8,,
deberta-v3-small,21,2,84.22234699606962,83.21167883211679,1727983039,8.299653948922062e-05,0.0026876784350915,0.1425010184834602,4,,
deberta-v3-small,21,3,86.41212801796743,86.01909039865244,1682577519,1.538131279983794e-05,0.0198422111146486,0.0728126348165947,7,,
deberta-v3-small,21,4,84.39079169006176,83.49241998877035,933424078,8.205491373586124e-05,0.0012453973421097,0.0613137276511938,10,,
deberta-v3-small,21,5,84.83997754070747,83.88545760808535,805314502,1.0833819301056895e-05,3.0261173030277247e-05,0.1251082307794706,2,,
deberta-v3-small,21,6,84.16619876473891,83.32397529477821,1572035153,6.726325861989909e-06,0.0001175683195121,0.000483870602782,4,,
deberta-v3-small,21,7,86.07523862998316,86.52442448062887,1517150721,2.1769691742051492e-05,0.0001510556565003,0.1372787274561776,9,,
deberta-v3-small,21,8,84.83997754070747,84.33464345873105,660897557,7.2795529511443326e-06,1.65172589935102e-05,0.0629964794358362,6,,
deberta-v3-small,21,9,84.5030881527232,84.67153284671532,715473420,8.333082092483929e-05,3.060093212654885e-05,0.1755490357471986,7,,
deberta-v3-small,21,10,84.89612577203818,83.77316114542391,173766175,7.164314769646277e-06,0.0012737462023688,0.0878707286481551,3,,
deberta-v3-small,21,11,83.49241998877035,83.21167883211679,716162169,5.20614970688409e-06,0.0007935620886171,0.1722368005681551,4,,
deberta-v3-small,21,12,86.46827624929814,86.52442448062887,1840991244,1.3357383834437529e-05,0.0091280894706136,0.0807803946007398,7,,
deberta-v3-small,21,13,85.00842223469961,84.89612577203818,267674295,5.074129405032837e-05,0.0088280567857577,0.1629661276957631,2,,
deberta-v3-small,21,14,85.68220101066817,85.23301516002246,1346524339,4.2259087710009086e-05,6.20428569737872e-05,0.1517012053699742,6,,
deberta-v3-small,21,15,84.72768107804605,83.99775407074677,1912196354,4.405784909009769e-05,0.0037956712400806,0.1057367389612404,4,,
deberta-v3-small,21,16,86.52442448062887,86.29983155530601,1239213971,4.51379609005825e-05,2.4687187472060156e-05,0.0800450508284445,3,,
deberta-v3-small,21,17,82.98708590679394,82.36945536215609,1861356113,8.347149248448567e-06,0.0164131381582804,0.0929233081795749,2,,
deberta-v3-small,21,18,83.82930937675464,83.38012352610893,2115886831,2.25923333381228e-05,0.0028577414415969,0.1693440853008177,2,,
deberta-v3-small,21,19,85.4014598540146,84.83997754070747,304723296,7.4578187345374835e-06,0.0076846381860819,0.0058038825375578,5,,
deberta-v3-small,21,20,84.78382930937676,84.61538461538461,2111053318,4.646941549076733e-05,1.1951791887530558e-05,0.1914896461150006,2,,
deberta-v3-small,21,21,84.33464345873105,84.5592363840539,436666056,6.683429101419712e-06,0.0006959577493506,0.1576960851691141,5,,
deberta-v3-small,21,22,84.89612577203818,84.39079169006176,562360659,8.293571889811488e-06,0.006444469163827,0.1741655670205749,6,,
deberta-v3-small,21,23,85.62605277933746,85.4014598540146,2019710867,2.690307894816948e-05,6.917538835350867e-05,0.1477767981207579,6,,
deberta-v3-small,21,24,86.63672094329029,85.28916339135317,348821547,2.511556206664023e-05,0.0187670525212898,0.0428517013986383,9,,
deberta-v3-small,21,25,86.80516563728243,85.17686692869175,1901812869,4.651212543408472e-05,0.025561404140119,0.0066193767206609,2,,
deberta-v3-small,21,26,83.6608646827625,83.49241998877035,896367923,8.027372412158112e-05,0.0186616619925049,0.0624018385312221,10,,
deberta-v3-small,21,27,85.45760808534531,85.56990454800673,754986218,4.475699369575765e-05,0.0080586746238122,0.0432837463698259,8,,
deberta-v3-small,21,28,82.53790005614823,82.76249298147108,1165330921,9.773219859759276e-05,0.0138297519522582,0.1476279653217714,10,,
deberta-v3-small,21,29,84.44693992139247,83.88545760808535,717385794,9.174410665698704e-05,2.715643181885769e-05,0.0864990322081119,5,,
deberta-v3-small,22,0,83.94781622234827,84.5150311968236,875240244,1.0373758854681076e-05,0.0024716323153206,0.1092534448011263,5,,
deberta-v3-small,22,1,85.08224617129892,84.79863868406126,1660199617,9.18777611406775e-05,0.0004124603944419,0.1611454466825527,4,,
deberta-v3-small,22,2,85.19568916619399,85.36585365853658,1127743266,2.6124118845901405e-05,2.90252671789301e-05,0.0561245271015972,6,,
deberta-v3-small,22,3,85.19568916619399,86.1032331253545,1456115128,2.623487683040792e-05,0.0997989691437366,0.1649160124182132,3,,
deberta-v3-small,22,4,84.45830969937606,85.25241066364153,1838671280,9.13556162423661e-05,0.0002126362535462,0.0628255813479779,8,,
deberta-v3-small,22,5,85.47929665343165,86.50028360748723,1993937783,1.596166227430059e-05,1.844967032393258e-05,0.1159207924439915,5,,
deberta-v3-small,22,6,85.59273964832671,84.96880317640385,1605514499,3.080373509774756e-05,0.0106536926674777,0.0314552494201493,9,,
deberta-v3-small,22,7,84.28814520703347,83.60748723766308,2031664483,7.02385694341976e-05,0.0005634243498245,0.1443379063274497,10,,
deberta-v3-small,22,8,85.25241066364153,85.76290414066932,1169032153,5.188890779844757e-05,0.0055504279442165,0.0089029584002479,10,,
deberta-v3-small,22,9,85.81962563811685,86.33011911514464,571870430,2.166678276238841e-05,0.0013855317555532,0.0240138487780829,8,,
deberta-v3-small,22,10,83.94781622234827,84.57175269427113,1816099432,1.077811110963264e-05,2.1567466721599867e-05,0.1940660670395609,3,,
deberta-v3-small,22,11,84.85536018150879,85.47929665343165,715782762,6.770163766365652e-06,1.981304025768293e-05,0.139818561025075,4,,
deberta-v3-small,22,12,84.0045377197958,84.45830969937606,2044011094,7.765061721262014e-05,5.1336511562201214e-05,0.1357172037203714,6,,
deberta-v3-small,22,13,84.5150311968236,85.30913216108905,792525468,5.225580740827061e-05,0.0055227344599259,0.0772589864793308,2,,
deberta-v3-small,22,14,85.42257515598412,85.64946114577425,1125832392,7.540893968879701e-05,0.0291040667819266,0.0524040330267022,5,,
deberta-v3-small,22,15,83.77765173000567,85.13896766874646,838310468,1.2989340116551868e-05,0.0273884161549806,0.17215994817997,6,,
deberta-v3-small,22,16,85.08224617129892,85.76290414066932,1355547650,6.496869679407546e-06,0.0013060558055819,0.1597267177588805,5,,
deberta-v3-small,22,17,84.5150311968236,84.1747022121384,961410702,7.689115380821509e-05,0.0021842325204569,0.1654981044726468,10,,
deberta-v3-small,22,18,84.68519568916619,85.30913216108905,1728521423,2.536759662751313e-05,9.756363066567582e-05,0.0159896359308669,3,,
deberta-v3-small,22,19,84.11798071469087,84.62847419171867,1137950847,7.090806554208841e-06,0.0002292454097363,0.1574147281838299,9,,
deberta-v3-small,22,20,84.91208167895633,85.76290414066932,111678777,7.900701209589109e-06,1.004901024549132e-05,0.0505528692169432,10,,
deberta-v3-small,22,21,85.70618264322178,86.27339761769711,578110496,3.342419960431728e-05,0.0117565474049045,0.0299181663052673,7,,
deberta-v3-small,22,22,84.74191718661373,85.0255246738514,1527941997,1.1832484763483308e-05,0.0504348999027821,0.1875006991482313,3,,
deberta-v3-small,22,23,85.70618264322178,85.36585365853658,1480604542,4.562264783885333e-05,0.0047849750403931,0.0504947577330944,4,,
deberta-v3-small,22,24,85.59273964832671,86.33011911514464,1318144756,8.158908981946088e-06,0.0338147346011772,0.1267085120186038,10,,
deberta-v3-small,22,25,86.04651162790698,85.87634713556437,1867313949,3.166114126393824e-05,0.0988612427164181,0.1079433679657977,6,,
deberta-v3-small,22,26,85.0255246738514,84.85536018150879,503028719,7.567295060659708e-05,0.0023605894391041,0.0261466316765109,7,,
deberta-v3-small,22,27,83.6642087351106,83.26715825297788,208409041,7.356613051129793e-05,0.0361632204726575,0.1435281497149087,10,,
deberta-v3-small,22,28,80.94157685762904,81.84912081678956,1660155144,5.967423314393988e-06,0.015300281505484,0.1401430034432929,3,,
deberta-v3-small,22,29,85.08224617129892,84.40158820192853,1844720840,8.490803849451344e-05,0.0007892752256338,0.0546086354468684,5,,
deberta-v3-small,23,0,85.59127439724455,85.94377510040161,874992118,6.71919643072099e-05,0.000939903049493,0.1969432053931357,8,,
deberta-v3-small,23,1,85.36165327210104,85.25530694205393,1029037468,1.2519588284889616e-05,0.0001088551302248,0.1132630299465486,8,,
deberta-v3-small,23,2,86.16532721010333,86.68961560527826,2004266133,2.7092090227309782e-05,0.0265067705487806,0.1282542770620201,5,,
deberta-v3-small,23,3,86.39494833524684,86.8043602983362,1009739028,2.2146254238530525e-05,0.0196876577386232,0.1131750259991575,6,,
deberta-v3-small,23,4,84.6727898966705,84.05048766494549,252850151,1.3161696955606009e-05,0.0004967507122127,0.1665626235020866,2,,
deberta-v3-small,23,5,86.05051664753157,86.23063683304647,403696693,4.184568187723209e-05,0.0001276855456176,0.0004081149453284,6,,
deberta-v3-small,23,6,84.84500574052812,85.14056224899599,1658587113,7.899277815369615e-05,0.0731769792971829,0.0029429585244557,8,,
deberta-v3-small,23,7,83.58208955223881,84.05048766494549,719559012,8.443476804666202e-05,0.0023041042460309,0.0668965562004992,6,,
deberta-v3-small,23,8,86.79678530424799,86.91910499139415,130817654,1.0944524999251784e-05,0.0701212765644909,0.0411212397056889,8,,
deberta-v3-small,23,9,85.01722158438577,83.99311531841653,581430124,1.4576125874595465e-05,4.406259076821099e-05,0.1413074858975051,2,,
deberta-v3-small,23,10,86.68197474167623,86.5748709122203,459728545,2.6036092549072734e-05,0.0008330752672111,0.0479448265747171,6,,
deberta-v3-small,23,11,83.92652123995407,83.64888123924268,2044192661,6.176328019863447e-06,1.2127529150081666e-05,0.1036182975796478,5,,
deberta-v3-small,23,12,84.61538461538461,85.3126792885829,628461971,7.096836493964127e-06,0.0013428478697549,0.1084317770954326,7,,
deberta-v3-small,23,13,84.902411021814,84.56683878370626,390166842,8.627614991601343e-05,0.0500450594293222,0.0554208735963557,5,,
deberta-v3-small,23,14,85.24684270952928,84.4520940906483,247471853,5.472633312345304e-06,3.9036979016061786e-05,0.0803363769538424,4,,
deberta-v3-small,23,15,85.59127439724455,86.11589213998853,1815905105,4.443103836893277e-05,0.0666658961640531,0.1913637971947236,9,,
deberta-v3-small,23,16,85.9931113662457,86.51749856569134,1045947834,1.286483187134263e-05,0.0364671482737103,0.1805228625738119,9,,
deberta-v3-small,23,17,85.01722158438577,84.91107286288009,592332566,6.431501764470896e-06,1.7633370382448177e-05,0.1604205197972853,5,,
deberta-v3-small,23,18,85.9931113662457,86.00114744693057,970126743,6.8859694683620376e-06,0.0020042465344724,0.0700624318616747,8,,
deberta-v3-small,23,19,85.93570608495982,86.28800917957544,1852348473,2.885114105040314e-05,0.0231609593768256,0.1338925137742322,7,,
deberta-v3-small,23,20,85.76349024110218,85.48479632816982,452735370,4.867173945763767e-05,0.0237087186933815,0.105259363468947,9,,
deberta-v3-small,23,21,85.41905855338692,85.65691336775674,194926237,4.8176039797554135e-05,0.0001790502467018,0.1846832539900949,6,,
deberta-v3-small,23,22,86.39494833524684,86.74698795180723,1454199938,1.1418402470616789e-05,0.0002408068836363,0.0260092920902357,6,,
deberta-v3-small,23,23,85.47646383467278,85.3126792885829,777031098,6.0471160773079e-06,0.0005008218214558,0.1829842964898846,5,,
deberta-v3-small,23,24,85.36165327210104,85.71428571428571,134075613,2.038885539624887e-05,1.1590835285106975e-05,0.0283914455218404,3,,
deberta-v3-small,23,25,86.33754305396097,86.68961560527826,1676733271,2.48724968235932e-05,0.0006502695966243,0.0253827830623347,10,,
deberta-v3-small,23,26,82.89322617680827,82.84566838783707,1787162464,6.022009839090514e-06,0.0005364706336667,0.0562919754334399,2,,
deberta-v3-small,23,27,86.22273249138921,85.82903040734367,1672119643,2.481549364175116e-05,7.530964715028657e-05,0.0396775120998385,8,,
deberta-v3-small,23,28,86.91159586681975,86.23063683304647,388221209,1.906765984843146e-05,0.0415838557576961,0.0162004697032793,9,,
deberta-v3-small,23,29,83.75430539609644,84.05048766494549,534034737,6.719520480770521e-06,0.0042598120643467,0.125500030805783,4,,
deberta-v3-small,24,0,83.91959798994975,85.9375,57815260,8.256919663036777e-05,0.0001113785061177,0.1645994998677678,4,,
deberta-v3-small,24,1,86.48799553322166,87.890625,420529251,1.751261869073333e-05,9.420417575973392e-05,0.0894169079815116,7,,
deberta-v3-small,24,2,83.5287548855388,84.43080357142857,111886842,5.501241651986792e-06,0.0013924315142775,0.0845282350031401,3,,
deberta-v3-small,24,3,85.3713009491904,86.99776785714286,21638578,6.47045371397246e-06,0.0318477075771525,0.1911095951562246,9,,
deberta-v3-small,24,4,85.3713009491904,86.55133928571429,858836179,8.618758875712907e-06,0.0001060938065277,0.0635781436463284,8,,
deberta-v3-small,24,5,86.26465661641541,86.66294642857143,240654004,1.1181727487955253e-05,0.00014443987686,0.0253598189762702,10,,
deberta-v3-small,24,6,84.86878838637632,86.94196428571429,1603419326,2.6220860094266712e-05,0.0050689815318921,0.1729105839564086,3,,
deberta-v3-small,24,7,85.14796203238414,85.77008928571429,1978976413,7.151588356098884e-05,0.0002223066761466,0.0784709449887428,7,,
deberta-v3-small,24,8,85.14796203238414,86.21651785714286,2070162005,5.659843945333952e-05,0.0009291777718058,0.0878632116718324,9,,
deberta-v3-small,24,9,84.70128419877163,85.9375,1680492944,6.109843053576266e-05,0.0003679198855682,0.0738460208031924,10,,
deberta-v3-small,24,10,84.5896147403685,86.55133928571429,967470365,5.316854539298628e-06,0.0012214512988189,0.046009584229311,4,,
deberta-v3-small,24,11,83.30541596873255,84.98883928571429,211004016,9.309262593808056e-05,0.027976982839579,0.0814706884649783,7,,
deberta-v3-small,24,12,84.42211055276383,85.37946428571429,2007502626,8.437851878032818e-05,0.0091678244902291,0.1815949085791248,6,,
deberta-v3-small,24,13,85.03629257398102,86.71875,1722394249,1.5642158509138642e-05,0.0226692269288281,0.1098203944014867,10,,
deberta-v3-small,24,14,82.74706867671692,85.15625,786711494,8.033726517984542e-06,2.270154171508916e-05,0.1795151306851013,2,,
deberta-v3-small,24,15,86.37632607481854,87.61160714285714,1712311161,1.4868072293463088e-05,0.0037639643806452,0.0510745263418392,7,,
deberta-v3-small,24,16,84.7571189279732,85.21205357142857,1560322779,9.095210749658523e-05,0.0034516776134123,0.1156109776668156,5,,
deberta-v3-small,24,17,85.92964824120602,87.109375,1243355387,1.0007880858836756e-05,0.0007864060597047,0.0651104852004749,4,,
deberta-v3-small,24,18,85.8179787828029,86.55133928571429,746482653,1.723729374421891e-05,0.0032109301127638,0.0889594597742597,10,,
deberta-v3-small,24,19,83.80792853154662,84.93303571428571,34710618,9.557252192442532e-05,0.026949153977633,0.0553896683798557,9,,
deberta-v3-small,24,20,83.97543271915131,86.16071428571429,452648746,1.611478393992602e-05,0.0002200609843096,0.159722905193036,2,,
deberta-v3-small,24,21,85.70630932439978,87.109375,263826023,5.257334953176687e-06,1.9012909166652188e-05,0.1471792834344596,7,,
deberta-v3-small,24,22,85.8179787828029,87.22098214285714,78100421,1.971378867252733e-05,1.651724466010251e-05,0.1972295035466397,10,,
deberta-v3-small,24,23,85.42713567839196,86.60714285714286,1810000008,4.315986808033742e-05,4.54168176977573e-05,0.029141082486596,10,,
deberta-v3-small,24,24,85.59463986599665,87.109375,1030976696,2.105221876017472e-05,0.0021063015709409,0.0774874842885965,6,,
deberta-v3-small,24,25,85.25963149078727,86.21651785714286,1509237691,1.4263746779368845e-05,0.0011297031917883,0.0338464655533636,5,,
deberta-v3-small,24,26,84.86878838637632,86.77455357142857,1270881934,2.551596579020008e-05,0.0614657905367594,0.1587899629371048,2,,
deberta-v3-small,24,27,84.92462311557789,86.16071428571429,1993028919,7.525267238957673e-05,3.3522002843606246e-05,0.0390589060248282,7,,
deberta-v3-small,24,28,86.26465661641541,87.44419642857143,470578848,1.4676648074790238e-05,0.0090970662273124,0.0901619287197492,9,,
deberta-v3-small,24,29,85.48297040759353,86.94196428571429,250105891,3.0207588341500217e-05,0.0036605210890266,0.0542519830245565,8,,
deberta-v3-small,25,0,86.7605633802817,84.34684684684684,347713228,3.07370163696846e-05,0.0028021610926728,0.110074776263667,3,,
deberta-v3-small,25,1,87.04225352112677,84.12162162162163,848296742,1.326775357572718e-05,4.101122576100595e-05,0.1721913652911427,4,,
deberta-v3-small,25,2,86.98591549295774,84.79729729729729,410799936,5.967127932950304e-05,0.0001147331317132,0.0941695542848459,10,,
deberta-v3-small,25,3,88.3943661971831,84.90990990990991,850887820,1.8849904826213743e-05,0.0163628756187445,0.1381106404545965,7,,
deberta-v3-small,25,4,86.25352112676056,83.55855855855856,1540239238,4.444073337908349e-05,1.5348909553465442e-05,0.1558949433791723,9,,
deberta-v3-small,25,5,87.49295774647888,85.19144144144144,1065800594,9.957115003339986e-06,0.0097891872692451,0.0483296887497514,10,,
deberta-v3-small,25,6,87.32394366197182,84.68468468468468,1215136749,1.3218926790006895e-05,0.000196307285147,0.0291146546394784,5,,
deberta-v3-small,25,7,86.36619718309859,84.12162162162163,1391251870,4.97356141348524e-05,0.0012275610274217,0.0830075657331278,5,,
deberta-v3-small,25,8,87.09859154929578,85.02252252252252,173029599,8.771254001839282e-06,0.0003818507494555,0.0353020175715366,9,,
deberta-v3-small,25,9,87.77464788732394,85.13513513513513,201412735,2.6858605090377946e-05,0.0047472158870595,0.0380467650504319,7,,
deberta-v3-small,25,10,87.32394366197182,83.95270270270271,390265785,7.721329755490107e-06,0.002280726302148,0.0801621570646032,6,,
deberta-v3-small,25,11,87.77464788732394,84.23423423423424,263927847,4.4866367197344126e-05,0.0001826715608466,0.1857817683398961,8,,
deberta-v3-small,25,12,86.98591549295774,84.12162162162163,353341844,1.7484864199958892e-05,0.0003159449577404,0.1459900660691464,2,,
deberta-v3-small,25,13,87.26760563380282,84.62837837837837,559016439,6.102819380713057e-05,8.634230463356052e-05,0.1174019662315425,5,,
deberta-v3-small,25,14,86.53521126760563,84.34684684684684,592565237,5.084533932880919e-06,5.24031986987172e-05,0.0583419348362525,6,,
deberta-v3-small,25,15,87.04225352112677,84.62837837837837,1868361791,1.581250800096282e-05,0.0009768946376942,0.1200986155399843,4,,
deberta-v3-small,25,16,86.87323943661971,83.84009009009009,1489000906,4.12530632829497e-05,3.505897682395301e-05,0.1060229895156809,2,,
deberta-v3-small,25,17,86.64788732394366,84.34684684684684,837947522,5.940106001517965e-05,7.649096618840577e-05,0.0257390226569887,10,,
deberta-v3-small,25,18,86.70422535211267,83.72747747747748,1037053049,1.1638759296581049e-05,2.367030592609602e-05,0.159685110154691,7,,
deberta-v3-small,25,19,87.04225352112677,85.02252252252252,1800337437,6.830510088067478e-05,3.955430766016155e-05,0.1172235339270904,5,,
deberta-v3-small,25,20,87.26760563380282,85.58558558558559,1995884357,2.238280799829241e-05,0.0006410527672587,0.0503141577996894,7,,
deberta-v3-small,25,21,87.43661971830986,84.90990990990991,1626830057,1.0851710920750229e-05,1.2290426972430544e-05,0.13195784356043,7,,
deberta-v3-small,25,22,87.32394366197182,84.62837837837837,430764543,8.71423995060904e-06,0.0476854104937494,0.1380273700083419,6,,
deberta-v3-small,25,23,86.14084507042253,84.57207207207207,896715520,8.967457681202503e-06,0.0363691727736158,0.1717419872662948,10,,
deberta-v3-small,25,24,87.09859154929578,83.84009009009009,807158376,6.958347312777693e-05,0.0012037652334797,0.1908265777698665,6,,
deberta-v3-small,25,25,86.08450704225352,83.8963963963964,805227155,1.153981964224952e-05,1.9431176358043956e-05,0.1566639905734305,2,,
deberta-v3-small,25,26,86.30985915492958,84.06531531531532,492448854,1.4766241914606808e-05,0.0083783836631734,0.086017395333777,3,,
deberta-v3-small,25,27,86.59154929577464,84.12162162162163,463116222,1.6814292250313127e-05,0.0085600566704723,0.1573473666049048,2,,
deberta-v3-small,25,28,87.21126760563381,84.29054054054055,548549486,6.306461362177656e-05,0.0001216264199571,0.0586444318399457,3,,
deberta-v3-small,25,29,86.30985915492958,83.78378378378379,276663725,5.690957510719507e-06,0.000191760609967,0.0932850427103811,8,,
deberta-v3-small,26,0,83.5307388606881,82.58173618940248,519656305,5.906585042661256e-06,0.0035791038167287,0.1268041494939917,2,,
deberta-v3-small,26,1,86.01240834743373,85.34385569334836,736229129,2.1122489827062068e-05,7.407987489040895e-05,0.1709655439868154,4,,
deberta-v3-small,26,2,85.16638465877044,85.5129650507328,2107802688,6.078139086985351e-06,0.0030782604760574,0.1545544863871239,8,,
deberta-v3-small,26,3,85.73040045121263,85.45659526493799,558675338,1.5506918926895447e-05,6.586970190082234e-05,0.0447161262427414,10,,
deberta-v3-small,26,4,85.50479413423575,84.89289740698986,2053842742,5.9810021897011695e-05,0.0572865139052048,0.1649262915277221,3,,
deberta-v3-small,26,5,84.1511562323745,83.82187147688839,1368432079,7.675958900133367e-05,0.0040464203952711,0.0396251120244416,6,,
deberta-v3-small,26,6,85.95600676818951,85.85118376550169,186642143,5.291817170695816e-05,0.0002596541032408,0.0318078611135162,2,,
deberta-v3-small,26,7,85.56119571347998,85.34385569334836,645737500,2.44486264252598e-05,6.494576644237114e-05,0.129766700809694,6,,
deberta-v3-small,26,8,84.94077834179357,85.23111612175873,455389864,7.75803213672529e-06,0.0007007232607537,0.0216397630794652,8,,
deberta-v3-small,26,9,86.01240834743373,85.85118376550169,1910614274,1.4331696422560673e-05,0.0167656848332432,0.0383086100817512,8,,
deberta-v3-small,26,10,84.20755781161873,84.44193912063135,1800578460,6.282396996854773e-05,0.0562865278910922,0.052469260099837,8,,
deberta-v3-small,26,11,84.7151720248167,84.78015783540023,1234480551,1.062564350062185e-05,0.0215330050013898,0.0256930920318904,3,,
deberta-v3-small,26,12,85.22278623801466,85.17474633596392,257613676,7.346878277019807e-06,0.0007183202356561,0.1910164214794476,4,,
deberta-v3-small,26,13,84.77157360406092,85.45659526493799,725727856,4.529641272366437e-05,1.4255669164135144e-05,0.1201409996184547,10,,
deberta-v3-small,26,14,85.16638465877044,85.62570462232243,2011529341,5.769408696989623e-06,0.006190202707255,0.0492706221785096,6,,
deberta-v3-small,26,15,85.78680203045685,85.5129650507328,2035582409,1.4466860147772906e-05,0.0044987660923971,0.0494876221406957,9,,
deberta-v3-small,26,16,84.48956570783982,83.70913190529876,590755445,4.39095892647219e-05,0.0008037458374557,0.1294396785077745,9,,
deberta-v3-small,26,17,83.64354201917654,83.25817361894025,638171513,7.988308801405613e-06,0.0183564513502168,0.0166937087482752,4,,
deberta-v3-small,26,18,86.40721940214326,85.40022547914317,1949933240,9.742817548455474e-06,0.0002030646605693,0.1330841891514422,10,,
deberta-v3-small,26,19,85.16638465877044,84.72378804960542,582256831,3.6990661922078906e-05,1.1727523683820656e-05,0.04992872087759,8,,
deberta-v3-small,26,20,83.30513254371122,84.10372040586246,1420693458,7.939373336724632e-05,0.0018727619447961,0.1238054477733489,10,,
deberta-v3-small,26,21,86.12521150592217,85.56933483652762,1274466397,7.888412434555746e-06,1.628180783698029e-05,0.0843359892137661,6,,
deberta-v3-small,26,22,85.10998307952623,85.56933483652762,1553151661,3.4132412731945955e-05,0.0148940323432022,0.0625696843988755,7,,
deberta-v3-small,26,23,84.4331641285956,84.89289740698986,139734261,6.905417236434356e-05,0.0016173975728745,0.1564010854748522,2,,
deberta-v3-small,26,24,85.50479413423575,85.62570462232243,507943233,2.1172945511912268e-05,1.408506130446744e-05,0.0014620535384418,3,,
deberta-v3-small,26,25,82.40270727580372,81.79255918827508,649079206,6.531877266130827e-06,0.0085186735447158,0.0886512833621187,2,,
deberta-v3-small,26,26,85.44839255499154,86.02029312288613,1564152426,7.702888656477008e-06,0.0020111092429001,0.015149944969225,10,,
deberta-v3-small,26,27,85.3355893965031,84.89289740698986,2007619837,6.04666879021923e-06,0.0003768986872681,0.0817783861442732,5,,
deberta-v3-small,26,28,83.58714043993231,83.42728297632469,1756782909,8.356594301529805e-06,0.0008052408010164,0.0346938740795188,2,,
deberta-v3-small,26,29,84.37676254935138,84.21645997745209,1439493318,9.261856532255316e-05,0.0009616069246351,0.1175198581189156,3,,
deberta-v3-small,27,0,84.34343434343434,86.47586980920315,1149124410,1.947036331519856e-05,0.0003824003483555,0.1640682290942149,2,,
deberta-v3-small,27,1,85.91470258136926,87.7665544332211,1493720707,8.323491734598322e-06,0.0004407865987085,0.0077899929245758,7,,
deberta-v3-small,27,2,85.97081930415264,86.47586980920315,1857823528,7.138852326771109e-05,0.0033880097705379,0.0780820164480589,2,,
deberta-v3-small,27,3,85.01683501683502,86.6442199775533,1176627240,8.182503183271022e-05,2.098853430937321e-05,0.0451358773516265,2,,
deberta-v3-small,27,4,85.52188552188552,86.02693602693603,1514561675,4.647552647626441e-05,3.1537117316728285e-05,0.1517025723585654,10,,
deberta-v3-small,27,5,85.18518518518519,85.6341189674523,1495862568,7.429561761023134e-05,0.000982139896975,0.0898119278240244,2,,
deberta-v3-small,27,6,86.1391694725028,87.65432098765432,452953949,2.2877457353474365e-05,0.0011491322398304,0.1282020439773274,4,,
deberta-v3-small,27,7,85.40965207631875,87.93490460157126,1108508046,1.1251103993185592e-05,0.0042593122739007,0.1877499627604331,3,,
deberta-v3-small,27,8,86.1391694725028,86.25140291806959,804970479,5.4705619273080805e-05,0.0011981837603851,0.1939098812454666,5,,
deberta-v3-small,27,9,86.53198653198653,87.93490460157126,1704107019,1.541465638225064e-05,0.0262139604893038,0.0188982315099175,10,,
deberta-v3-small,27,10,85.6341189674523,86.6442199775533,659225050,6.471425806933246e-05,0.0036321005251517,0.1397166324532744,4,,
deberta-v3-small,27,11,86.53198653198653,87.42985409652076,337774035,2.584291218315402e-05,0.0004516170786335,0.1973387756938652,2,,
deberta-v3-small,27,12,86.98092031425365,87.59820426487093,1887444628,2.592791803767074e-05,1.6805369018627073e-05,0.0592019159717713,10,,
deberta-v3-small,27,13,84.90460157126824,88.15937149270482,1393250586,5.536792952348471e-06,1.643699781142397e-05,0.1921715589232465,5,,
deberta-v3-small,27,14,84.006734006734,86.47586980920315,61292068,1.046977931784032e-05,0.0208282571665991,0.1455648199436541,2,,
deberta-v3-small,27,15,85.24130190796858,87.31762065095398,1666559958,7.282051741932803e-06,6.0463742580928457e-05,0.0548134312599994,9,,
deberta-v3-small,27,16,86.58810325476992,87.09315375982042,1343221697,2.3265917741209997e-05,0.0116655975596225,0.1952981869928189,9,,
deberta-v3-small,27,17,86.08305274971941,87.37373737373737,541905488,2.073889399363168e-05,0.0108279287856326,0.1023249271286818,5,,
deberta-v3-small,27,18,85.85858585858585,88.10325476992143,825010663,1.1969834751446028e-05,0.0051035146185902,0.0739373198721453,10,,
deberta-v3-small,27,19,85.91470258136926,87.31762065095398,1068732308,7.713151689579695e-06,2.6438426041478267e-05,0.1663719766225107,6,,
deberta-v3-small,27,20,86.1391694725028,87.48597081930416,948763965,9.405896071848282e-06,0.003712297839092,0.058511316213312,10,,
deberta-v3-small,27,21,86.36363636363636,88.49607182940517,1103432843,1.3905285943782326e-05,0.0105481329027889,0.0672561990347048,4,,
deberta-v3-small,27,22,85.6902356902357,86.98092031425365,1648353144,9.79342891041928e-06,0.0065245599134194,0.1279285171592994,6,,
deberta-v3-small,27,23,86.92480359147025,87.54208754208754,418710855,1.2929699436472705e-05,0.0003853018454893,0.1376402549625993,10,,
deberta-v3-small,27,24,85.91470258136926,87.2615039281706,1411476773,1.0739378808141491e-05,8.579202274616532e-05,0.1584493775350795,7,,
deberta-v3-small,27,25,86.1391694725028,86.98092031425365,841114744,3.109754148886281e-05,6.424575305775573e-05,0.0726186380265085,5,,
deberta-v3-small,27,26,84.96071829405163,86.98092031425365,140955036,8.567167627526671e-06,0.0074682266894998,0.1838939905012484,4,,
deberta-v3-small,27,27,84.62401795735128,87.03703703703704,111448375,1.4611103359435383e-05,1.1012904419361848e-05,0.0247395415742213,6,,
deberta-v3-small,27,28,86.86868686868686,88.38383838383838,335646216,1.7172369207308644e-05,0.0240125484414308,0.0805216765604145,7,,
deberta-v3-small,27,29,85.0729517396184,86.98092031425365,416914422,2.0612371740312488e-05,2.938128059996263e-05,0.0527492002850575,10,,
deberta-v3-small,28,0,84.33940774487472,84.56719817767653,1522671250,5.766301247926383e-05,6.598119641251205e-05,0.0038550602309928,4,,
deberta-v3-small,28,1,83.88382687927107,85.19362186788155,604774995,7.746998834316966e-05,0.01177509845835,0.1525749308547049,4,,
deberta-v3-small,28,2,84.96583143507972,85.7630979498861,396316794,2.6726393543051152e-05,0.0260931579291996,0.0425149108239461,10,,
deberta-v3-small,28,3,83.7129840546697,83.94077448747153,361513656,7.158889980577945e-05,1.3629777130649575e-05,0.1030574904731852,7,,
deberta-v3-small,28,4,85.6492027334852,85.53530751708428,402470877,1.020505852317792e-05,0.017839360991027,0.0028830843151764,9,,
deberta-v3-small,28,5,83.08656036446469,84.39635535307517,1977579375,8.314603355330181e-05,0.0003055282912402,0.0299975907703958,7,,
deberta-v3-small,28,6,81.09339407744875,83.65603644646924,797571987,5.8239447808932704e-06,0.0365752198337111,0.1501962089883352,10,,
deberta-v3-small,28,7,85.42141230068337,84.79498861047836,1567436232,5.688066545941176e-06,0.0830650586195164,0.1759134667238453,5,,
deberta-v3-small,28,8,85.13667425968109,85.93394077448747,1219972833,9.85086096263524e-06,9.806733692087146e-05,0.040886182859575,7,,
deberta-v3-small,28,9,83.65603644646924,84.90888382687928,1188739253,2.1474304296423164e-05,2.0174913996376004e-05,0.03744079964367,4,,
deberta-v3-small,28,10,83.31435079726651,84.73804100227791,886263420,1.210341356279085e-05,5.7847878838517175e-05,0.0162080000193776,7,,
deberta-v3-small,28,11,84.51025056947609,85.99088838268793,1720251104,2.353304747133081e-05,0.0165132752188522,0.1765393639964194,3,,
deberta-v3-small,28,12,85.87699316628702,85.99088838268793,1844763269,2.549020125396711e-05,0.0001109000580103,0.1890040574336606,5,,
deberta-v3-small,28,13,82.57403189066059,82.6879271070615,1207097448,5.518752651759878e-06,0.0001954652196571,0.1432109972747628,5,,
deberta-v3-small,28,14,84.28246013667426,85.19362186788155,1479590970,3.666888450935456e-05,0.0008568330081407,0.1905218595045244,9,,
deberta-v3-small,28,15,83.65603644646924,84.68109339407745,2026250159,5.510759374010328e-06,0.0004173487020248,0.0722700562313978,4,,
deberta-v3-small,28,16,84.56719817767653,85.53530751708428,2139121892,2.6416532934136186e-05,0.0101004629059055,0.0430892510815825,9,,
deberta-v3-small,28,17,82.97266514806378,83.65603644646924,888215377,8.262720077943673e-05,0.0002982272087755,0.0708605651304642,6,,
deberta-v3-small,28,18,84.85193621867882,85.47835990888383,1618315936,5.258198426141298e-05,2.214337139668769e-05,0.1212397257100261,3,,
deberta-v3-small,28,19,85.42141230068337,85.7630979498861,101446519,2.3354510291787657e-05,0.0009596526273219,0.0357140416665928,5,,
deberta-v3-small,28,20,84.51025056947609,84.96583143507972,786598667,3.66732817726875e-05,0.0003901948925388,0.0046375229419855,6,,
deberta-v3-small,28,21,85.6492027334852,86.04783599088839,2076082600,1.752107190085566e-05,0.0037357914390855,0.1491552744159597,10,,
deberta-v3-small,28,22,84.85193621867882,84.73804100227791,2052925555,5.521615760265075e-05,0.0010796150370941,0.106940816732149,4,,
deberta-v3-small,28,23,85.07972665148064,85.36446469248291,1618131884,2.8060722661816373e-05,0.0043646800909259,0.1729275205253866,9,,
deberta-v3-small,28,24,83.88382687927107,84.56719817767653,1278928664,5.714895000943733e-05,1.2522024859183988e-05,0.1947600561221618,7,,
deberta-v3-small,28,25,83.82687927107061,85.02277904328018,1692723153,1.043416993010533e-05,0.003978435335096,0.1009124549659683,4,,
deberta-v3-small,28,26,84.90888382687928,85.70615034168564,226774525,7.455445965036085e-06,8.809841318342517e-05,0.1161234390169348,6,,
deberta-v3-small,28,27,83.20045558086561,83.76993166287016,1639069437,8.158815521914926e-06,0.0004624140736732,0.1568539301495817,2,,
deberta-v3-small,28,28,83.99772209567197,85.07972665148064,5321528,3.738975993585885e-05,0.0097136354908058,0.0955239512780698,5,,
deberta-v3-small,28,29,84.16856492027335,85.59225512528474,507841552,3.311827018139276e-05,0.0001039615993704,0.1200152248098477,4,,
deberta-v3-small,29,0,85.15580736543909,87.53541076487252,1503105355,3.7141261450025294e-05,1.813988131765317e-05,0.1047008081361743,8,,
deberta-v3-small,29,1,85.77903682719547,86.51558073654391,587316875,2.8723429767459656e-05,3.103415528835371e-05,0.1646192874822194,6,,
deberta-v3-small,29,2,85.38243626062322,86.40226628895184,278780272,2.1378399454783857e-05,0.0018536229636531,0.0885350731542868,3,,
deberta-v3-small,29,3,84.24929178470255,84.8158640226629,902073501,8.121952864781431e-05,0.0003270827296667,0.018605166598797,9,,
deberta-v3-small,29,4,84.07932011331445,84.36260623229462,706454237,7.024743691634365e-06,1.395572735918125e-05,0.0111237091122394,8,,
deberta-v3-small,29,5,83.62606232294617,85.38243626062322,453115439,1.3286824487225076e-05,0.0014438431359763,0.1402102779008313,2,,
deberta-v3-small,29,6,85.55240793201133,87.13881019830028,379390894,4.123627663796065e-05,0.0008863562450152,0.1479143991479816,7,,
deberta-v3-small,29,7,84.64589235127478,85.3257790368272,819298852,1.9116532914499423e-05,0.0095560714936875,0.00889899246588,4,,
deberta-v3-small,29,8,84.8158640226629,84.58923512747876,1059988343,9.456871161095208e-05,0.0042316694713963,0.0345176875834217,6,,
deberta-v3-small,29,9,85.94900849858357,87.70538243626062,2062984950,2.138917237388777e-05,0.000946985622062,0.1383208594799206,8,,
deberta-v3-small,29,10,83.56940509915015,84.02266288951841,399483747,5.371172148907215e-06,0.0002569380747098,0.0512658559103694,2,,
deberta-v3-small,29,11,84.24929178470255,84.8158640226629,2021062510,4.15032205901448e-05,0.0005359106273468,0.1047419793858973,2,,
deberta-v3-small,29,12,85.6657223796034,86.79886685552408,1784114372,1.8099596058169785e-05,1.2101045802122238e-05,0.1194292458284765,4,,
deberta-v3-small,29,13,85.3257790368272,86.68555240793201,292994730,1.793371385219824e-05,0.081486547935914,0.1155723158775248,6,,
deberta-v3-small,29,14,85.43909348441926,85.94900849858357,1322940871,5.016113841591621e-05,0.0002786377475508,0.0263781378003138,4,,
deberta-v3-small,29,15,83.96600566572238,85.26912181303116,908463105,6.204580683703308e-05,0.0235647901124723,0.0926467703942925,3,,
deberta-v3-small,29,16,86.0056657223796,86.96883852691218,1116998017,1.5055344185147675e-05,0.0034966955707929,0.0844015482267175,7,,
deberta-v3-small,29,17,85.04249291784703,85.04249291784703,1284838272,7.984052679086383e-05,0.0004431130603439,0.1302371155732046,5,,
deberta-v3-small,29,18,85.8356940509915,87.02549575070822,1666329545,7.766074631963707e-06,2.1930181753794258e-05,0.0454643666453179,10,,
deberta-v3-small,29,19,83.56940509915015,85.26912181303116,1022685987,2.891926289565768e-05,2.937240625312816e-05,0.183759995971342,7,,
deberta-v3-small,29,20,83.0028328611898,84.36260623229462,396422108,9.769712572522562e-05,0.0046955791667682,0.008433504674672,7,,
deberta-v3-small,29,21,84.19263456090651,86.1756373937677,1561740525,6.614513298707247e-05,0.0002411541533797,0.1488181521095136,3,,
deberta-v3-small,29,22,84.02266288951841,85.8356940509915,189031214,7.226319678118287e-05,0.0582972119767841,0.1790049142560715,6,,
deberta-v3-small,29,23,85.94900849858357,86.91218130311614,1325130904,2.961797185201417e-05,0.0031460210243885,0.0859186135733719,5,,
deberta-v3-small,29,24,83.79603399433428,85.43909348441926,726651347,7.203802257649918e-06,1.18078567844459e-05,0.0762602487699652,8,,
deberta-v3-small,29,25,85.15580736543909,85.60906515580737,908818756,2.873348161911562e-05,2.577847280656613e-05,0.0457292497986616,2,,
deberta-v3-small,29,26,85.38243626062322,88.15864022662889,1064493474,1.6048811763028446e-05,0.0330790065269493,0.1417164967357402,8,,
deberta-v3-small,29,27,85.09915014164307,87.87535410764872,488290941,4.196163642643369e-05,5.601067183799449e-05,0.1541690026008155,5,,
deberta-v3-small,29,28,83.1728045325779,83.96600566572238,632055310,1.0935160115378992e-05,0.000180973987941,0.0266199055580105,2,,
deberta-v3-small,29,29,86.06232294617564,87.19546742209631,731580017,1.7503927307414722e-05,0.0006326892074356,0.0614537750751478,7,,
