architecture,run,trial,val_acc,test_acc,train_seed,lr,weight_decay,warmup_ratio,num_epochs,selected_by_val,selected_by_test
albert-base,0,0,67.37864077669903,65.4368932038835,1434023883,3.2876395580939785e-05,0.0140961500795346,0.1680256206758346,10,,
albert-base,0,1,66.2135922330097,64.66019417475728,1335035199,2.8834210721028265e-05,0.0059749599054693,0.1674021683401957,3,,
albert-base,0,2,50.67961165048544,50.29126213592233,772105435,8.890883119418978e-05,9.52770302029356e-05,0.0729539331610771,5,,
albert-base,0,3,62.33009708737864,60.77669902912621,1910971562,2.832609124331181e-05,0.029765267607796,0.0741440821436016,10,,
albert-base,0,4,63.883495145631066,60.970873786407765,806139203,7.920908798811168e-05,1.744233845100236e-05,0.1684660339675184,9,,
albert-base,0,5,59.80582524271845,57.28155339805825,269093649,9.15267974394258e-06,0.0002048515193667,0.1802017002483749,2,,
albert-base,0,6,51.45631067961165,56.11650485436893,1362177740,5.2827655552349866e-06,0.000216212723593,0.1702411888200155,2,,
albert-base,0,7,50.67961165048544,50.29126213592233,2115280520,6.407230649470522e-05,0.0001394578019173,0.011132107727063,2,,
albert-base,0,8,49.320388349514566,49.70873786407767,65389328,8.29650989858569e-05,0.000252256263088,0.0795294214042797,6,,
albert-base,0,9,53.20388349514563,55.33980582524272,1065973869,1.4407587740726232e-05,0.0023705041559729,0.1664810633414176,10,,
albert-base,0,10,65.04854368932038,62.33009708737864,1586039629,8.684776789379893e-06,2.524480567994324e-05,0.1041242187462079,7,,
albert-base,0,11,62.71844660194175,62.33009708737864,400559259,1.8604748816037467e-05,0.0002050060610824,0.0937475914833532,2,,
albert-base,0,12,56.89320388349515,59.41747572815534,789996190,6.549388902858422e-05,8.184916983156432e-05,0.0108600834425721,4,,
albert-base,0,13,60.970873786407765,57.0873786407767,638288390,5.65828464842e-06,0.0001141420248568,0.1027769153224058,9,,
albert-base,0,14,56.89320388349515,58.44660194174757,1050140358,6.323545055519379e-06,0.003006510183859,0.164299880693628,2,,
albert-base,0,15,55.728155339805824,57.66990291262136,450067709,9.384844359150986e-06,0.0002780975647896,0.1178614124770773,10,,
albert-base,0,16,64.46601941747574,60.58252427184466,1774019900,6.529970726911544e-06,0.0382892420080589,0.0935547371931045,7,,
albert-base,0,17,55.14563106796116,55.14563106796116,1173735775,2.1842768626751485e-05,3.0658299919213146e-05,0.035390432387268,6,,
albert-base,0,18,55.53398058252427,56.50485436893204,1607525171,1.7844899059286617e-05,0.0009462147943386,0.0280043988876913,6,,
albert-base,0,19,68.3495145631068,69.51456310679612,686834313,2.214074358786262e-05,3.228013823076893e-05,0.0153649389526848,4,,
albert-base,0,20,52.03883495145631,53.398058252427184,1473977278,7.333112138186836e-05,0.000786636239719,0.1172007014525836,6,,
albert-base,0,21,54.36893203883495,58.25242718446602,297267396,2.023709616908335e-05,0.0095374010047645,0.127981626688473,3,,
albert-base,0,22,50.48543689320388,49.51456310679612,1288362978,6.184092021255195e-05,0.0712758600287594,0.0984762272041464,6,,
albert-base,0,23,55.728155339805824,54.95145631067961,1503551951,9.909045865801643e-06,0.0069593853685389,0.1276252267003041,3,,
albert-base,0,24,57.86407766990291,60.0,545260317,8.043014599266127e-05,3.667748538952903e-05,0.0937350562727838,8,,
albert-base,0,25,64.85436893203884,61.16504854368932,758759056,6.332967582795568e-06,0.0449537312468261,0.0681594351991786,10,,
albert-base,0,26,64.46601941747574,63.10679611650485,2031044476,4.080076883207728e-05,0.0079569415246435,0.02490387457352,3,,
albert-base,0,27,65.04854368932038,67.96116504854369,1380166521,1.7670779510916477e-05,0.0041838841581326,0.0703616231606407,4,,
albert-base,0,28,56.6990291262136,55.14563106796116,2010255854,5.810686425178195e-06,0.0029936865151515,0.1525157554320394,8,,
albert-base,0,29,59.22330097087379,62.9126213592233,615355959,3.058342863535487e-05,0.0921852047679511,0.1983361131901411,9,,
albert-base,1,0,66.92913385826772,61.49312377210216,1975342966,2.014232003506172e-05,0.009194316295559,0.1851610050731482,7,,
albert-base,1,1,58.66141732283464,55.79567779960707,1269365337,8.03965849807967e-06,0.0221673314943684,0.1367826490956632,9,,
albert-base,1,2,68.50393700787401,70.13752455795678,1172736087,5.215572872025482e-05,0.0002536542757323,0.1559616486813645,9,,
albert-base,1,3,49.40944881889764,51.66994106090373,1157628840,5.366354722863686e-05,0.0206287664021317,0.1011095229800407,7,,
albert-base,1,4,54.724409448818896,56.18860510805501,469976752,1.4999705164327946e-05,1.376645343288248e-05,0.1248073523321475,9,,
albert-base,1,5,55.90551181102362,57.76031434184676,2103555580,6.341797783994048e-05,0.0046558051193343,0.0020251775279201,3,,
albert-base,1,6,52.16535433070866,51.277013752455794,1616138341,2.3514339045639412e-05,0.0744265463851983,0.1173570852465683,4,,
albert-base,1,7,64.37007874015748,64.04715127701375,753601842,8.84042359286657e-06,0.0548656234102166,0.0140522706240903,5,,
albert-base,1,8,53.1496062992126,55.79567779960707,168346133,5.573589426619481e-06,0.0047709538740629,0.0398401394087786,5,,
albert-base,1,9,49.01574803149607,56.385068762278976,1074150440,7.740297103992293e-06,1.7505898674867906e-05,0.0918625656704136,7,,
albert-base,1,10,65.15748031496064,60.90373280943025,1599712186,1.1564522942023506e-05,0.0024050198664295,0.1641271503662267,7,,
albert-base,1,11,63.58267716535433,62.278978388998034,1304095781,5.214242835968334e-06,0.0013482524631387,0.0514168477528731,10,,
albert-base,1,12,58.46456692913386,59.921414538310415,149322676,7.866787439637357e-06,0.0009063298440784,0.1628826281158588,8,,
albert-base,1,13,64.76377952755905,64.44007858546169,786846678,1.403381344484932e-05,0.0002281708460101,0.0035123186743684,8,,
albert-base,1,14,55.511811023622045,54.616895874263264,652836754,8.555140776281015e-06,0.0002343396956794,0.1340816305302054,7,,
albert-base,1,15,49.40944881889764,51.66994106090373,1397153935,7.521620944616798e-05,0.0009955066166295,0.0822402322226048,5,,
albert-base,1,16,70.66929133858268,67.77996070726915,1805943073,1.926912446076176e-05,1.9998909070249796e-05,0.0840103726904986,6,,
albert-base,1,17,65.74803149606299,63.26129666011788,191286758,6.031748103648366e-05,0.004107345825793,0.1284993313626925,6,,
albert-base,1,18,69.88188976377953,67.58349705304519,61077374,6.50828195418411e-05,0.0085278089767829,0.0969393747353615,10,,
albert-base,1,19,59.84251968503937,55.79567779960707,1327284741,1.0305547266387114e-05,0.0115773261022236,0.1446182448144131,4,,
albert-base,1,20,68.89763779527559,69.54813359528487,73525739,1.7875671277368446e-05,0.0002237840535945,0.0370381703630255,4,,
albert-base,1,21,65.15748031496064,61.8860510805501,474548385,4.702775944706111e-05,0.0001711351265149,0.0519058852483591,2,,
albert-base,1,22,54.92125984251968,54.616895874263264,1438675703,5.754535677976701e-06,0.0455901160109547,0.1319131590540845,10,,
albert-base,1,23,64.96062992125984,62.278978388998034,1055889485,2.8283967414462937e-05,0.0016693027177244,0.1880419784842502,9,,
albert-base,1,24,68.30708661417323,65.6188605108055,530009040,2.575543304308492e-05,0.0040241775665421,0.1226877185378236,2,,
albert-base,1,25,50.59055118110236,52.25933202357564,1976036925,6.592451174085028e-05,0.0008178784979993,0.0049642782975467,10,,
albert-base,1,26,70.2755905511811,66.79764243614932,1841174426,8.454208191728977e-05,0.0014738591801901,0.1333934765313442,3,,
albert-base,1,27,61.023622047244096,58.7426326129666,1519457258,1.4029343641363845e-05,0.0057357904054115,0.1709523328525067,2,,
albert-base,1,28,66.14173228346456,61.68958742632613,102602202,2.365224334970673e-05,9.196652512829134e-05,0.1763688153523948,4,,
albert-base,1,29,66.92913385826772,67.38703339882122,1935345289,6.552219893845668e-05,0.0010505998157551,0.0862505659076259,8,,
albert-base,2,0,66.86868686868686,65.85858585858585,969933596,3.008376142489581e-05,0.085051224442077,0.0996806312771678,4,,
albert-base,2,1,55.95959595959596,56.16161616161616,1999490498,5.527570543145769e-06,0.0001752099404758,0.1966266766868436,4,,
albert-base,2,2,66.46464646464646,66.66666666666667,279928345,3.5949050939165765e-05,0.0001991066536818,0.1920205450917136,5,,
albert-base,2,3,67.67676767676768,69.8989898989899,1226312263,5.2164004470639845e-05,0.0068740560744364,0.0868213648562184,5,,
albert-base,2,4,67.07070707070707,69.4949494949495,1804932265,4.379331784263963e-05,8.268164983438346e-05,0.0483593571295047,10,,
albert-base,2,5,67.27272727272727,70.5050505050505,527953772,1.784143665538914e-05,0.0005894772200258,0.0111372567233521,6,,
albert-base,2,6,58.58585858585859,60.80808080808081,1891848001,1.172561526222797e-05,0.0251956674822796,0.0941412879444566,6,,
albert-base,2,7,65.85858585858585,68.68686868686869,1744642146,2.0759675820527567e-05,1.218908873989824e-05,0.0538228443383634,4,,
albert-base,2,8,57.77777777777778,54.74747474747475,1464720114,5.404494247053917e-06,9.75875432748498e-05,0.1264936732835281,5,,
albert-base,2,9,63.43434343434343,65.45454545454545,402134783,4.644500477772884e-05,0.0629257091910176,0.1556313704291933,3,,
albert-base,2,10,67.87878787878788,67.67676767676768,664033530,4.259297609834084e-05,0.0073661421092141,0.03998909655312,2,,
albert-base,2,11,65.85858585858585,64.04040404040404,1239510219,1.039302974114308e-05,0.0067781602639172,0.018824772167577,9,,
albert-base,2,12,53.13131313131313,54.14141414141414,1139920187,1.063721102484824e-05,0.0020814388851546,0.1018635755559985,2,,
albert-base,2,13,66.66666666666667,68.48484848484848,1235678338,1.3247834968029271e-05,7.541312789516377e-05,0.1049944393315471,6,,
albert-base,2,14,59.5959595959596,57.57575757575758,911386682,4.328164078134461e-05,0.0143649297340895,0.0789355660675294,8,,
albert-base,2,15,49.494949494949495,45.65656565656565,242033170,9.352898299383882e-05,0.022716452914609,0.0133104652406505,2,,
albert-base,2,16,66.66666666666667,67.47474747474747,303497616,5.207876171225216e-05,2.1506677637892915e-05,0.1516669969330433,6,,
albert-base,2,17,49.09090909090909,45.25252525252525,1313830927,4.0301689063999984e-05,0.0029496933672503,0.0225956846088843,10,,
albert-base,2,18,56.96969696969697,57.17171717171717,714641440,6.202928275161135e-06,0.0013397885165404,0.0201773378100911,3,,
albert-base,2,19,60.60606060606061,64.04040404040404,1989854192,3.5502780234024924e-05,0.0062991380079365,0.1035352742826114,4,,
albert-base,2,20,56.56565656565657,58.38383838383838,1283197866,8.45666134216e-06,5.353330829471162e-05,0.1012375460931473,2,,
albert-base,2,21,68.28282828282828,70.5050505050505,1384370678,3.373229720088409e-05,2.864627382548744e-05,0.142316985791589,7,,
albert-base,2,22,60.2020202020202,63.23232323232323,142066276,4.351041333608976e-05,0.0012406133245768,0.123042497156092,7,,
albert-base,2,23,62.22222222222222,69.8989898989899,1345034397,1.970796179305896e-05,8.913623078023747e-05,0.1956322277110646,10,,
albert-base,2,24,56.56565656565657,55.55555555555556,250487924,5.287200196701597e-06,0.001013256921654,0.0370847163359014,6,,
albert-base,2,25,68.88888888888889,70.70707070707071,1257623417,2.118013559079444e-05,1.7091273183418195e-05,0.0841672559844267,8,,
albert-base,2,26,65.05050505050505,68.28282828282828,2124587946,6.115996384411248e-05,7.804328330369893e-05,0.1878563874629348,3,,
albert-base,2,27,66.86868686868686,61.61616161616162,454349183,1.1544866891287622e-05,0.0007065025337522,0.0619397772183181,3,,
albert-base,2,28,63.63636363636363,61.21212121212121,420645532,1.0324189337029976e-05,0.009943535694747,0.1074660552669205,2,,
albert-base,2,29,61.21212121212121,61.61616161616162,1764436914,1.394473640239154e-05,0.0123298985210159,0.0337251045987419,5,,
albert-base,3,0,66.2135922330097,66.40776699029126,934836544,2.463397834714897e-05,0.0116999427520596,0.16797010448072,3,,
albert-base,3,1,59.22330097087379,65.24271844660194,594231402,9.151495991321418e-06,0.0054423350709102,0.1248611455199927,5,,
albert-base,3,2,49.90291262135922,52.03883495145631,1604799294,9.527860703468592e-05,0.0371264822107879,0.1458796043276585,9,,
albert-base,3,3,67.76699029126213,70.09708737864078,1357727214,4.4987545548228975e-05,0.0008315011319712,0.1552296344174281,6,,
albert-base,3,4,54.75728155339806,51.067961165048544,884410081,6.474928695643938e-05,0.018711392096747,0.0203554847401591,6,,
albert-base,3,5,63.10679611650485,59.22330097087379,480596523,7.23980124930403e-06,6.916890580544069e-05,0.0196691959642803,8,,
albert-base,3,6,59.02912621359224,58.83495145631068,26773526,3.451344971168057e-05,0.0001636385131764,0.0779600741448577,10,,
albert-base,3,7,68.93203883495146,68.15533980582525,84915845,3.017817207528647e-05,0.0015964535222881,0.1205578808568122,4,,
albert-base,3,8,55.33980582524272,61.55339805825243,1816170298,6.239024570415132e-05,0.0035898517598516,0.1670539438995909,10,,
albert-base,3,9,46.01941747572816,52.23300970873787,385381845,8.919821049428244e-05,0.0016094482887535,0.0848635657930546,7,,
albert-base,3,10,53.78640776699029,52.23300970873787,1813512126,5.2696782549894495e-06,0.0201816705500653,0.0460306892371826,6,,
albert-base,3,11,64.85436893203884,62.13592233009709,1966428667,1.7228187363954286e-05,0.0029856087101141,0.108433397961076,5,,
albert-base,3,12,61.55339805825243,68.15533980582525,1891342870,3.075155393908086e-05,8.199306864891294e-05,0.0427021286319581,6,,
albert-base,3,13,64.85436893203884,65.4368932038835,631742678,3.307684875846498e-05,0.0944741164941277,0.0563729560759253,3,,
albert-base,3,14,65.04854368932038,67.96116504854369,791218904,1.5160204179580216e-05,1.5231944385930662e-05,0.134073698071774,10,,
albert-base,3,15,51.84466019417476,53.980582524271846,365201683,9.998869035638346e-06,0.0500312038524227,0.134989449307125,10,,
albert-base,3,16,58.25242718446602,62.52427184466019,1370253908,4.441514944142011e-05,0.0085587322520457,0.1632339514726354,8,,
albert-base,3,17,68.93203883495146,71.6504854368932,1314600200,3.910156948713564e-05,0.0001091552079687,0.0977138763461555,9,,
albert-base,3,18,67.37864077669903,63.883495145631066,1132912164,2.00017511091904e-05,0.0008594330368401,0.0231289088894724,9,,
albert-base,3,19,46.01941747572816,52.23300970873787,509842217,5.446362615526712e-05,0.0053314025742427,0.051332223545297,9,,
albert-base,3,20,61.55339805825243,66.01941747572816,81935535,2.809322034169342e-05,0.0001075693747758,0.1013013828410304,7,,
albert-base,3,21,49.70873786407767,52.81553398058252,853732464,3.3283844874759787e-05,8.247639782309694e-05,0.0888903833020912,2,,
albert-base,3,22,63.300970873786405,64.66019417475728,1067332111,7.44194259469938e-06,0.0005868035687874,0.1450869262701051,5,,
albert-base,3,23,59.22330097087379,59.02912621359224,1342091797,5.584444869396362e-06,3.451916722197495e-05,0.1113441676142516,6,,
albert-base,3,24,57.86407766990291,56.11650485436893,1699419569,9.007343713245212e-06,0.0003041782815898,0.0256436384025571,6,,
albert-base,3,25,53.20388349514563,51.45631067961165,142317293,1.8611628772697085e-05,0.0068287782767364,0.1434160961528064,5,,
albert-base,3,26,61.16504854368932,63.300970873786405,1779953747,2.292264134204069e-05,0.0006239421899663,0.0623919685629432,5,,
albert-base,3,27,68.3495145631068,71.84466019417475,209252052,4.66883053975212e-05,0.0009865995758528,0.1703413573734147,10,,
albert-base,3,28,64.46601941747574,61.74757281553398,484770559,1.7902127161827853e-05,1.072278985030273e-05,0.1233506351843388,3,,
albert-base,3,29,62.13592233009709,64.07766990291262,1562746239,2.8037432993422048e-05,0.0777682099062052,0.1825758167709595,9,,
albert-base,4,0,66.5314401622718,63.76518218623482,2028255474,8.330479941926513e-05,0.0389023467682152,0.0927284999317346,5,,
albert-base,4,1,73.02231237322515,63.76518218623482,916338975,1.787077089597662e-05,0.000777358384837,0.0143205194468826,6,,
albert-base,4,2,71.19675456389453,65.18218623481782,424169855,3.934321311522616e-05,0.0070308566306629,0.1571250569301948,9,,
albert-base,4,3,61.05476673427992,61.94331983805668,1374597986,5.011793285782711e-05,0.0077885094526144,0.1848945852957877,5,,
albert-base,4,4,51.3184584178499,57.28744939271255,1012279739,1.1905769478655271e-05,0.0714680200643875,0.1383620826974478,10,,
albert-base,4,5,58.41784989858012,57.48987854251012,317644180,1.0591526592975062e-05,4.732629369551168e-05,0.0643726617516975,8,,
albert-base,4,6,50.91277890466532,52.02429149797571,1696085792,1.5449147074028206e-05,0.0385403597051739,0.1950519438889025,8,,
albert-base,4,7,57.40365111561866,58.502024291497975,1468713617,1.1942197565873444e-05,0.0492718899486271,0.173935584741376,5,,
albert-base,4,8,53.34685598377282,47.36842105263158,1969392997,7.201209963250292e-05,2.2501323952476573e-05,0.0504676822088831,8,,
albert-base,4,9,59.22920892494929,56.88259109311741,1801078218,1.6588877022163715e-05,0.0003494031525694,0.0112933914456749,4,,
albert-base,4,10,61.4604462474645,62.75303643724696,1289156404,7.04477189924902e-06,0.0606615917083376,0.0456302970670226,4,,
albert-base,4,11,61.86612576064909,58.90688259109312,1767216362,9.222028528475842e-06,9.015423623424806e-05,0.0681188002355103,4,,
albert-base,4,12,67.54563894523326,63.56275303643725,984259896,1.641257799460469e-05,0.0006237034631981,0.1760416099962758,2,,
albert-base,4,13,70.79107505070994,63.96761133603239,1676290255,3.2662821426237976e-05,0.0001510021153974,0.1056420532618351,10,,
albert-base,4,14,70.58823529411765,66.19433198380567,931822551,3.697265424185807e-05,0.0573206887461859,0.0598402341968528,5,,
albert-base,4,15,64.90872210953347,64.37246963562752,1784639342,3.1011225477153785e-05,0.000126466187586,0.1983054910640002,3,,
albert-base,4,16,64.0973630831643,64.5748987854251,1335218600,1.414177076337419e-05,0.0005548472775845,0.1628970009974922,5,,
albert-base,4,17,61.4604462474645,60.931174089068826,235462519,2.482302529557823e-05,0.0055462624757833,0.1804006848049876,3,,
albert-base,4,18,57.809330628803245,56.68016194331984,474371342,9.20525924197994e-06,1.863333654830569e-05,0.0935384057798072,7,,
albert-base,4,19,75.25354969574036,67.61133603238866,746117513,4.304822685053167e-05,2.784834422708968e-05,0.0893253382387874,9,,
albert-base,4,20,65.11156186612575,61.74089068825911,1634497477,2.6361341803242157e-05,0.0359398565819808,0.1775751009625731,9,,
albert-base,4,21,56.79513184584179,56.88259109311741,1758313942,2.373747228985831e-05,0.000132978012388,0.0503427317217403,5,,
albert-base,4,22,46.65314401622718,52.63157894736842,1434971822,3.289339865457166e-05,0.0004894776184179,0.0594168296728619,3,,
albert-base,4,23,68.76267748478702,63.56275303643725,936354862,4.108224428523405e-05,2.08626829859792e-05,0.0963787372593786,3,,
albert-base,4,24,70.79107505070994,66.59919028340082,1649101818,3.051700570305881e-05,0.0485622527066052,0.018831153910829,5,,
albert-base,4,25,58.62068965517241,60.121457489878544,17592959,7.985554117591066e-06,0.0128035239310865,0.1000888620712664,3,,
albert-base,4,26,64.70588235294117,63.56275303643725,652250174,7.766579708355533e-06,0.0202621194038831,0.1163220632859158,3,,
albert-base,4,27,63.48884381338743,58.502024291497975,1833357566,7.740134365527146e-05,0.0895534220362323,0.1414658137219877,3,,
albert-base,4,28,56.18661257606491,55.87044534412956,888383570,5.96063797825854e-05,1.2737216189547469e-05,0.1634929329000298,6,,
albert-base,4,29,46.65314401622718,52.63157894736842,1670350061,8.683253433034525e-05,0.0001858401652609,0.1098150070848563,3,,
albert-base,5,0,63.49206349206349,59.12698412698413,1844114933,5.927091632263796e-06,0.0013643526931418,0.0599979903067912,9,,
albert-base,5,1,58.53174603174603,52.77777777777778,2088267468,8.813799282355208e-06,0.0228982654943479,0.1751359173308315,8,,
albert-base,5,2,51.785714285714285,48.80952380952381,475935746,6.239085425621383e-06,2.9780744575753297e-05,0.1960229480817319,9,,
albert-base,5,3,68.45238095238095,66.26984126984127,1571482912,4.3281525881384935e-05,0.0011889195748073,0.03211898749636,8,,
albert-base,5,4,60.51587301587302,59.32539682539682,697855813,2.8026933815051e-05,1.3566492671702158e-05,0.0611244770610922,2,,
albert-base,5,5,59.523809523809526,61.507936507936506,162941758,3.3239363249413016e-05,0.0753117416720045,0.0280545444876049,2,,
albert-base,5,6,62.698412698412696,62.698412698412696,1043486533,7.664584980663019e-05,0.0003785686665391,0.1878621091759945,3,,
albert-base,5,7,50.3968253968254,49.8015873015873,819107671,7.826989050237809e-05,0.0001666395394301,0.0791169513102854,4,,
albert-base,5,8,67.65873015873017,61.507936507936506,1180509619,8.69992780397767e-06,0.0538150691189338,0.0752291264165609,3,,
albert-base,5,9,50.3968253968254,49.8015873015873,1473021159,9.458244570928096e-05,0.0001747288373669,0.1768493561755108,2,,
albert-base,5,10,51.58730158730159,52.38095238095238,2018340308,1.453177591651252e-05,0.0002792822238593,0.1593044021423392,9,,
albert-base,5,11,56.74603174603175,55.15873015873016,652598682,8.773347737421219e-06,0.0152775923488741,0.1427429148227365,2,,
albert-base,5,12,54.56349206349206,55.35714285714285,268995635,8.368207688806066e-06,0.0055813190131283,0.0375615608889867,5,,
albert-base,5,13,62.698412698412696,62.3015873015873,2074691338,8.363833675849818e-06,0.0009566743786117,0.0384771226689603,9,,
albert-base,5,14,63.69047619047619,65.27777777777777,650661929,3.2362586093960026e-05,0.008439934915087,0.1816012026897823,2,,
albert-base,5,15,53.96825396825397,52.97619047619048,339888711,6.249203427382214e-05,0.0016982720333693,0.012301235294697,10,,
albert-base,5,16,67.46031746031746,64.48412698412699,67265985,6.717329330596445e-05,0.0934491213011146,0.0243105817171559,4,,
albert-base,5,17,59.523809523809526,61.11111111111112,855030784,1.1056551271220905e-05,0.0038620389453815,0.108109854886153,5,,
albert-base,5,18,60.31746031746032,56.34920634920635,1705671983,3.669871269887629e-05,0.0003865623390734,0.1268820043963118,4,,
albert-base,5,19,64.88095238095238,62.1031746031746,972240644,3.1314350383248686e-05,0.0383635033264533,0.1921823640364633,6,,
albert-base,5,20,61.507936507936506,58.13492063492063,520714953,6.52362616382149e-05,0.000851673586199,0.0512667196314327,9,,
albert-base,5,21,53.37301587301587,52.57936507936508,985364742,3.0209491649354463e-05,1.1991375681277434e-05,0.0090125777136933,10,,
albert-base,5,22,70.83333333333333,66.66666666666667,1291458580,1.9237993610742507e-05,0.0057462240244612,0.004714323215834,10,,
albert-base,5,23,54.96031746031746,54.16666666666666,1656315724,5.5222825634381126e-06,0.0003299630474739,0.1897782745570456,9,,
albert-base,5,24,56.74603174603175,55.75396825396825,693985732,1.0952963301128782e-05,0.0010012528117443,0.0809452804254065,4,,
albert-base,5,25,59.32539682539682,59.92063492063492,1246074537,5.128876546037963e-05,5.165749911446641e-05,0.1944956085925058,3,,
albert-base,5,26,49.6031746031746,50.198412698412696,245347702,2.926454292163974e-05,6.768235239763987e-05,0.0242708839695772,2,,
albert-base,5,27,61.11111111111112,58.13492063492063,1922949205,1.8083709196626524e-05,1.3336670968201929e-05,0.0187520012405366,2,,
albert-base,5,28,62.8968253968254,58.92857142857143,1852450673,4.7916721235765386e-05,3.316230558824825e-05,0.0899505493594699,9,,
albert-base,5,29,70.83333333333333,66.07142857142857,1192286154,1.599844636510427e-05,4.375264955210112e-05,0.0429794035104615,10,,
albert-base,6,0,65.5831739961759,63.67112810707457,1612534014,2.2026441107680285e-05,0.0037786153048962,0.032843912114053,2,,
albert-base,6,1,66.1567877629063,62.33269598470363,609604872,6.069060600243912e-05,0.0002228661105905,0.1010145308312586,4,,
albert-base,6,2,51.62523900573614,52.96367112810707,580674606,5.613984327306471e-06,8.986702909900735e-05,0.1820316112418853,6,,
albert-base,6,3,69.02485659655832,68.64244741873804,33714000,2.380267901121245e-05,1.6298427923165594e-05,0.1063729713868588,8,,
albert-base,6,4,63.86233269598471,63.86233269598471,202933485,1.2502808478406348e-05,0.0262377903298053,0.1254985174796227,5,,
albert-base,6,5,59.27342256214149,57.36137667304016,1132883946,6.366394106716157e-06,0.001424758661794,0.0181818585476338,2,,
albert-base,6,6,59.27342256214149,57.55258126195029,1057865296,9.334578212933095e-06,1.2904981840075758e-05,0.1172304312603989,2,,
albert-base,6,7,67.49521988527725,68.45124282982792,1574202025,2.7876778503016943e-05,0.0933536987803323,0.0180281570708025,4,,
albert-base,6,8,71.70172084130019,69.98087954110899,1378204853,2.7950128334968383e-05,1.0296650452012284e-05,0.1455871689349105,7,,
albert-base,6,9,58.12619502868069,56.40535372848949,651290537,1.0687145982290027e-05,7.113115989364531e-05,0.0508192803449137,4,,
albert-base,6,10,64.43594646271511,61.376673040152966,1366009270,5.461612616653006e-05,0.0143397789371947,0.0664543446239426,10,,
albert-base,6,11,65.5831739961759,67.87762906309752,2085782205,1.3313488470023617e-05,0.0219205092185029,0.0391504532070451,8,,
albert-base,6,12,62.90630975143404,65.39196940726578,182516992,4.174401308213418e-05,1.4993923484123031e-05,0.1535986836084167,10,,
albert-base,6,13,60.80305927342256,59.65583173996176,2062299126,5.479229156082996e-05,0.0630690412593795,0.0881897256906462,7,,
albert-base,6,14,55.83173996175909,56.022944550669216,1058797702,2.955058044705472e-05,1.6382722211044298e-05,0.1851796583484774,5,,
albert-base,6,15,67.87762906309752,65.5831739961759,1810409866,6.272675614745274e-05,0.0002702378861957,0.1549934350659043,3,,
albert-base,6,16,50.860420650095605,52.96367112810707,1470021240,5.757439710583031e-06,0.0001284747132391,0.0787128991352842,10,,
albert-base,6,17,59.84703632887189,56.022944550669216,1447433130,1.6935818206130313e-05,0.0005991724198767,0.1431360805416286,2,,
albert-base,6,18,65.77437858508604,63.67112810707457,2101511004,7.063430137111737e-05,0.0007219645235012,0.132767583451081,3,,
albert-base,6,19,58.89101338432123,60.22944550669216,1574866543,5.229520112422801e-06,0.0001255378232887,0.0967704979832194,7,,
albert-base,6,20,56.97896749521989,56.21414913957935,2117595589,6.604253250204025e-06,0.024974482025696,0.1592222261447976,2,,
albert-base,6,21,58.69980879541109,55.64053537284895,531862896,8.683014327689698e-06,0.0024657943247505,0.1187777235907035,5,,
albert-base,6,22,61.5678776290631,56.21414913957935,1393741419,1.5236400841370077e-05,0.0002285965450449,0.0671794096202786,2,,
albert-base,6,23,53.154875717017205,53.34608030592735,293224216,1.380524981700706e-05,0.0101040798789798,0.0388822461924981,7,,
albert-base,6,24,51.434034416826,47.03632887189293,1209480265,9.80144856253666e-05,0.0002089971211189,0.0690556405835662,3,,
albert-base,6,25,58.69980879541109,54.30210325047801,755404716,6.795859447816353e-06,0.0004541114443641,0.1489250502041237,2,,
albert-base,6,26,58.50860420650096,57.36137667304016,2076415619,8.239161991955466e-06,0.0004046770076521,0.135887247638006,2,,
albert-base,6,27,55.44933078393881,52.007648183556405,1981748673,4.9003406729314574e-05,0.0022897344826878,0.0040183899993295,7,,
albert-base,6,28,58.50860420650096,57.170172084130016,25499234,1.6103856821016604e-05,0.0372552695149942,0.1016186013612521,10,,
albert-base,6,29,67.30401529636711,67.68642447418738,1285993895,2.58091535057636e-05,8.973494441428676e-05,0.0123698953653326,8,,
albert-base,7,0,52.5390625,52.34375,967655504,1.305110859746162e-05,0.0089713323443854,0.0769170943470793,7,,
albert-base,7,1,64.6484375,61.1328125,1910685124,4.4241985086729655e-05,9.566315112409088e-05,0.1631759224939724,2,,
albert-base,7,2,64.0625,65.0390625,228577433,7.245778149531848e-05,0.0002865018923514,0.0920978455711115,7,,
albert-base,7,3,56.0546875,56.640625,1873486499,8.707567815876517e-06,0.0075976059251318,0.0959739468090014,6,,
albert-base,7,4,68.1640625,69.53125,610159366,1.4423977053539589e-05,0.0003096540711414,0.1742143648190284,6,,
albert-base,7,5,58.7890625,56.8359375,292906405,5.7284742573026665e-06,0.0052193619905885,0.1268302589742118,5,,
albert-base,7,6,65.8203125,68.1640625,928497128,3.510919416852013e-05,0.0116577592100257,0.1645729662390455,10,,
albert-base,7,7,46.6796875,49.8046875,767229018,6.982710737477757e-05,0.0024871966919153,0.1767222934165411,2,,
albert-base,7,8,57.421875,61.71875,1693125438,9.050919578811554e-06,8.818362068358997e-05,0.0969826515102546,4,,
albert-base,7,9,66.2109375,66.40625,780629159,1.9378515206759125e-05,0.000147861541207,0.138526367591119,6,,
albert-base,7,10,68.9453125,67.1875,1111430353,4.107880671212624e-05,0.034281236811416,0.15071540246269,4,,
albert-base,7,11,56.4453125,62.109375,1152859373,5.558246491291839e-06,4.404423794123561e-05,0.1680105716681366,9,,
albert-base,7,12,59.375,55.859375,1132950327,3.079789725798038e-05,0.0041929166952575,0.0123299547476604,8,,
albert-base,7,13,46.6796875,49.8046875,1883620301,7.267739268006798e-05,0.0032876602713125,0.1195835965225047,4,,
albert-base,7,14,65.8203125,64.2578125,2121127938,1.230143675072524e-05,0.000836492353051,0.0488026366822327,9,,
albert-base,7,15,67.7734375,68.1640625,1859710528,6.278612293683445e-05,0.0019330289953399,0.1489210816556659,4,,
albert-base,7,16,58.3984375,57.8125,2043686345,2.6275172922613743e-05,0.0041751736418928,0.0542433157786554,5,,
albert-base,7,17,66.015625,66.015625,490420109,8.45078445826398e-05,0.0131808944402361,0.073039169227867,6,,
albert-base,7,18,60.7421875,60.9375,1925173690,1.3811265323208762e-05,3.008634127839741e-05,0.1334878038139503,5,,
albert-base,7,19,49.4140625,52.5390625,1264735110,4.1897602159050686e-05,0.0022131534726582,0.1058801897254961,3,,
albert-base,7,20,62.6953125,62.5,184071773,5.396364832369299e-05,0.0574877511143211,0.1708034901071998,7,,
albert-base,7,21,57.8125,56.640625,1821071424,5.616255327618317e-06,1.2352625911496352e-05,0.1862644884970908,3,,
albert-base,7,22,62.890625,64.84375,1386237678,1.4084055868508171e-05,0.0640609564033306,0.0885981874222587,9,,
albert-base,7,23,56.640625,59.375,2036942399,7.72434874434443e-06,2.8269950838761866e-05,0.1246732729270855,3,,
albert-base,7,24,66.015625,63.671875,441214263,9.379037461788411e-06,0.0004309631453748,0.1991592905209817,5,,
albert-base,7,25,61.1328125,62.6953125,946031416,3.689022991648275e-05,0.0247476196882499,0.1838596418245663,3,,
albert-base,7,26,67.1875,67.1875,1588610157,3.809115185703745e-05,0.0001253955373708,0.1638003358930223,3,,
albert-base,7,27,46.6796875,49.8046875,262733576,9.625332938977964e-05,0.0016801946157513,0.0667476556489499,8,,
albert-base,7,28,57.8125,59.765625,374803384,9.666134413980951e-06,4.067748066385391e-05,0.0787890007624766,2,,
albert-base,7,29,46.6796875,49.8046875,1143011237,5.887713331230007e-05,0.0001891109389291,0.0061633094808154,9,,
albert-base,8,0,64.11290322580645,67.00201207243461,206511253,6.847525112433817e-05,0.0013954449473254,0.1927129512345206,2,,
albert-base,8,1,60.88709677419355,59.758551307847085,159505344,2.6147885643271765e-05,0.0388163039113894,0.1619179481788154,9,,
albert-base,8,2,48.99193548387097,50.10060362173039,982142683,6.571651515013074e-05,2.633300560100268e-05,0.0619885353354633,6,,
albert-base,8,3,62.70161290322581,57.142857142857146,194596574,3.0355330878962507e-05,0.0034481221096539,0.1055780081677484,4,,
albert-base,8,4,63.30645161290322,63.98390342052314,1028649440,1.177975013861594e-05,0.0008304649839501,0.1427340799910522,6,,
albert-base,8,5,64.51612903225806,65.99597585513078,793260534,1.845059423457093e-05,0.0007779905055039,0.0903862243724332,6,,
albert-base,8,6,64.71774193548387,63.38028169014085,1734394912,3.797574231836868e-05,0.0027224898182566,0.1500878155227144,8,,
albert-base,8,7,60.08064516129032,59.758551307847085,353680202,2.553171056290484e-05,0.0177142793966924,0.0257605316554955,8,,
albert-base,8,8,56.653225806451616,55.331991951710265,1689821686,3.332620335934813e-05,0.001533810321379,0.034586920123551,9,,
albert-base,8,9,51.00806451612903,49.899396378269614,492412927,8.467388724443105e-05,0.0024116894132031,0.0850082565299625,6,,
albert-base,8,10,59.87903225806452,57.142857142857146,1948997120,4.7620949192933415e-05,2.1312213910228457e-05,0.0109588783878816,4,,
albert-base,8,11,61.29032258064516,59.95975855130785,1528662308,5.708619154854671e-06,5.111144013918035e-05,0.1606950785327722,5,,
albert-base,8,12,53.42741935483871,58.14889336016097,1042180810,9.268465953182547e-06,0.0008384277296139,0.0096756843677378,5,,
albert-base,8,13,61.49193548387097,62.97786720321932,2062756851,5.620687280430216e-05,0.0002797973308079,0.0310061309013988,2,,
albert-base,8,14,59.87903225806452,58.14889336016097,1644928296,1.4595118623608574e-05,0.0081465950981182,0.1482742626688108,9,,
albert-base,8,15,57.05645161290322,56.13682092555332,1985139627,6.377180973495684e-06,0.0003635455018171,0.1917085517353884,2,,
albert-base,8,16,66.73387096774194,68.61167002012073,319174449,3.770594675495236e-05,0.0021085594636109,0.1202173411854465,5,,
albert-base,8,17,66.93548387096774,67.00201207243461,531974876,3.173471074998556e-05,9.201179924770416e-05,0.1446048300357938,9,,
albert-base,8,18,59.07258064516129,57.74647887323944,473542699,6.153058794201421e-06,1.0708226587553257e-05,0.0808332475249688,9,,
albert-base,8,19,63.91129032258065,64.78873239436619,683632818,5.1641458436057584e-05,4.173547989160362e-05,0.0942642039921833,2,,
albert-base,8,20,61.49193548387097,58.14889336016097,469065194,2.987364668286497e-05,0.0422236864423692,0.0337603649171508,8,,
albert-base,8,21,66.73387096774194,68.2092555331992,328217978,4.263375416303773e-05,0.0015802748097621,0.0208444473773265,10,,
albert-base,8,22,56.04838709677419,51.50905432595574,675145204,9.826122522974754e-06,4.315692973114782e-05,0.0239948088441074,9,,
albert-base,8,23,60.483870967741936,61.16700201207244,1974476942,1.6072470823199307e-05,0.0149647935133111,0.0568493683678543,10,,
albert-base,8,24,55.443548387096776,51.7102615694165,1005962570,9.194175493541444e-06,0.0006027984657055,0.0788591533523339,7,,
albert-base,8,25,61.49193548387097,63.38028169014085,1125033155,4.651407725182153e-05,1.5119952129959187e-05,0.1996384733014829,2,,
albert-base,8,26,59.67741935483871,57.34406438631791,1892546319,8.293605221042016e-06,0.0007878149289289,0.1772303808281706,5,,
albert-base,8,27,56.04838709677419,54.929577464788736,2015393027,7.051336412689373e-06,0.0001150220422246,0.0336166715947748,6,,
albert-base,8,28,62.70161290322581,60.563380281690144,1084420472,1.1075211513905005e-05,0.0030558131595612,0.1642234527398509,3,,
albert-base,8,29,57.66129032258065,52.51509054325956,1969864878,3.0276749235244243e-05,0.0352870849096508,0.0788105831519373,8,,
albert-base,9,0,68.57707509881423,68.77470355731225,1382890254,2.234594775563331e-05,0.0636400593606041,0.1240185454450273,8,,
albert-base,9,1,56.719367588932805,56.719367588932805,2034216622,8.379512507014879e-06,0.0001486171615941,0.0908452294035727,10,,
albert-base,9,2,45.8498023715415,50.790513833992094,1967810346,8.8385351909476e-05,1.3495350678931896e-05,0.1051828760815271,4,,
albert-base,9,3,71.14624505928853,68.3794466403162,381501590,3.388225327634632e-05,0.0005511647568402,0.0890381867005365,7,,
albert-base,9,4,64.82213438735178,66.20553359683794,199072110,1.6110418670636157e-05,4.173485971482978e-05,0.032158002458283,6,,
albert-base,9,5,51.18577075098814,52.96442687747036,1371193083,4.498770335686421e-05,0.0001917281388469,0.03672101687801,7,,
albert-base,9,6,56.52173913043478,56.719367588932805,1693573860,9.44831976510751e-06,0.0091610875356832,0.0064389131903968,7,,
albert-base,9,7,65.81027667984189,67.58893280632411,1415874453,1.725871102719078e-05,0.0014235388615514,0.1287806322391456,3,,
albert-base,9,8,67.58893280632411,65.61264822134387,2121437041,4.290632614478188e-05,0.0011588448074134,0.1449704488213249,9,,
albert-base,9,9,65.21739130434783,62.64822134387352,755859679,1.4470023352445402e-05,0.000131183825462,0.1510283121653667,2,,
albert-base,9,10,58.49802371541502,55.13833992094862,191084482,6.064813434812061e-05,0.0006323145302399,0.0037150417965454,6,,
albert-base,9,11,63.04347826086956,66.99604743083005,893757105,2.031380042483963e-05,0.0523242805460859,0.1425881331513607,3,,
albert-base,9,12,56.32411067193676,58.30039525691699,1245929274,9.355678304202282e-06,0.0723348262570426,0.1162772415424797,5,,
albert-base,9,13,55.33596837944664,53.359683794466406,1423871222,9.161996078129085e-06,0.0724454794008575,0.0090629837074238,5,,
albert-base,9,14,45.8498023715415,50.790513833992094,475686204,9.42715902449935e-05,9.272120225294248e-05,0.0334500466572627,9,,
albert-base,9,15,65.0197628458498,65.81027667984189,1772300443,2.8215561266639004e-05,0.0027254175925859,0.089260488546341,3,,
albert-base,9,16,60.869565217391305,62.84584980237154,1482029803,1.777614200194195e-05,0.0101690760244923,0.1749512177539422,7,,
albert-base,9,17,64.2292490118577,62.45059288537549,200495052,5.59176428801943e-05,0.0063290497480016,0.0644964817980704,5,,
albert-base,9,18,59.09090909090909,61.6600790513834,316033611,5.110818542126749e-06,0.0053513797303035,0.1432628567728962,9,,
albert-base,9,19,58.89328063241107,60.47430830039526,1400509108,4.8326831170753126e-05,0.0012410904557347,0.0951459966217794,9,,
albert-base,9,20,52.37154150197628,58.10276679841897,1920088037,5.361781699491232e-06,2.0412577854072115e-05,0.0946510251733101,3,,
albert-base,9,21,68.97233201581028,66.20553359683794,661494251,7.230864369273929e-05,0.0007300064344108,0.1913165258307598,3,,
albert-base,9,22,59.68379446640317,53.359683794466406,2096154284,1.2234030361514963e-05,8.090917517361401e-05,0.0574099091321022,3,,
albert-base,9,23,58.89328063241107,56.91699604743083,664183047,6.153902814403223e-06,0.0003819914246352,0.1683801489538259,8,,
albert-base,9,24,57.5098814229249,57.11462450592885,1347459669,7.33379941688818e-06,3.449857270379195e-05,0.1465502493718497,7,,
albert-base,9,25,66.20553359683794,64.2292490118577,2025754046,4.677723205035277e-05,0.0087690069107747,0.1693341470746262,5,,
albert-base,9,26,66.40316205533597,66.99604743083005,1078905750,2.0974826637634675e-05,0.0015583499600626,0.1054374693548842,4,,
albert-base,9,27,50.59288537549407,51.97628458498024,208628697,4.562731371316632e-05,0.0022212182869107,0.0346691233592211,5,,
albert-base,9,28,65.0197628458498,64.03162055335969,1638317604,1.6640880310523207e-05,6.662237042589701e-05,0.1024539788060523,7,,
albert-base,9,29,66.79841897233202,64.2292490118577,1610643155,8.542135649686271e-06,1.1013806084734504e-05,0.1161951483841624,2,,
albert-base,10,0,51.072124756335285,48.538011695906434,1665035182,8.06510275080872e-05,0.0003261550777572,0.1319296140694082,6,,
albert-base,10,1,55.94541910331384,56.14035087719298,1393087753,6.44361684492095e-05,6.482103115353667e-05,0.0099837878989169,3,,
albert-base,10,2,68.81091617933723,66.8615984405458,1017386526,2.4550113207134344e-05,0.0078204226563037,0.1626939655287893,9,,
albert-base,10,3,54.77582846003899,55.16569200779727,2124685479,1.6921326997456974e-05,4.7170092822963526e-05,0.1950101504548758,6,,
albert-base,10,4,55.360623781676416,60.8187134502924,1576408100,7.102704273722844e-06,0.0169216905405122,0.1683338899177753,2,,
albert-base,10,5,52.43664717348928,53.99610136452242,703907519,1.3087092176210436e-05,0.0011069061944417,0.0585532493365473,6,,
albert-base,10,6,65.49707602339181,70.9551656920078,2127848781,6.271730944710634e-05,0.0001890741142401,0.1069264493603098,6,,
albert-base,10,7,64.13255360623782,69.39571150097466,467340034,1.1369732678482616e-05,0.0398066048291329,0.0263764905748066,4,,
albert-base,10,8,51.072124756335285,48.538011695906434,1816071978,8.623847465676104e-05,0.0013141377602912,0.1866570119120202,7,,
albert-base,10,9,68.03118908382066,70.37037037037037,269073565,4.172525416600145e-05,0.0001861775807632,0.0593189223219434,10,,
albert-base,10,10,66.08187134502924,70.9551656920078,983494527,2.27711444987418e-05,3.981010523384063e-05,0.1219672780181398,2,,
albert-base,10,11,54.97076023391813,55.94541910331384,1337741874,5.422093082952307e-06,0.0113031320558597,0.0328767293855498,4,,
albert-base,10,12,55.16569200779727,57.69980506822612,323872991,9.067737770846271e-06,0.056092500777079,0.1030472478761232,7,,
albert-base,10,13,56.72514619883041,54.3859649122807,1191828025,5.922998467590208e-06,1.4531024257014888e-05,0.0996169666851413,7,,
albert-base,10,14,53.02144249512671,52.826510721247566,2086039496,2.305064678822867e-05,0.0004332343301115,0.0287214422524419,4,,
albert-base,10,15,51.267056530214425,48.732943469785575,1339232420,3.846681373466151e-05,7.05392255553923e-05,0.0081344079389727,3,,
albert-base,10,16,66.66666666666667,69.5906432748538,1281409206,3.963035864974262e-05,0.000605669940456,0.1697901216332926,9,,
albert-base,10,17,63.35282651072125,66.66666666666667,1649929870,5.023570264055983e-05,0.0003068453206886,0.1454712497182157,5,,
albert-base,10,18,62.37816764132553,62.37816764132553,1088004499,7.84124392300241e-06,0.0008677302834331,0.0622116904738127,5,,
albert-base,10,19,68.81091617933723,69.00584795321637,1156283434,1.9273935492777644e-05,0.0258518712567774,0.0462683001768334,5,,
albert-base,10,20,58.28460038986355,58.08966861598441,1904449717,1.0170469842624504e-05,0.001495730872228,0.0776890106527042,9,,
albert-base,10,21,64.71734892787525,69.00584795321637,1567896000,6.473943794394567e-05,0.0284919433399674,0.1742595329778519,8,,
albert-base,10,22,65.8869395711501,68.22612085769981,1733754309,4.197023706603573e-05,0.0134156148227924,0.156836555008914,9,,
albert-base,10,23,64.32748538011695,67.44639376218323,1263861769,1.9156374110055374e-05,5.885810818186023e-05,0.1518335537481741,9,,
albert-base,10,24,59.25925925925926,59.25925925925926,1793685192,1.0499074600770743e-05,0.0006984525151666,0.1701918094776372,5,,
albert-base,10,25,51.851851851851855,59.25925925925926,2041109503,1.206457756473416e-05,2.902911060805726e-05,0.179913680730761,3,,
albert-base,10,26,51.851851851851855,52.046783625731,472850086,7.484347782888102e-06,0.0002839584655727,0.1300158137707206,3,,
albert-base,10,27,69.5906432748538,71.34502923976608,1699183454,4.167602709664431e-05,0.0115636568314388,0.1929476745245329,4,,
albert-base,10,28,50.29239766081872,50.87719298245614,1253277087,1.3512351673535606e-05,9.831109512201718e-05,0.0552575066841184,3,,
albert-base,10,29,58.47953216374269,57.50487329434698,774809441,5.263257758710066e-06,0.0046159814346771,0.1732369917403577,6,,
albert-base,11,0,56.54761904761905,54.45544554455446,2088789735,6.004250416124708e-06,0.0003394946762647,0.0338042566889987,7,,
albert-base,11,1,64.28571428571429,62.772277227722775,1036622595,8.481283999454194e-05,1.3937748403203416e-05,0.1544082606462909,7,,
albert-base,11,2,70.63492063492063,68.11881188118812,2051704587,2.1187700735128792e-05,0.0001152080103557,0.0624398324326514,5,,
albert-base,11,3,70.23809523809524,69.5049504950495,1478722742,1.8209508316302168e-05,0.0003016913411639,0.0802166682941015,9,,
albert-base,11,4,63.29365079365079,59.6039603960396,602683604,5.244533350020457e-06,0.0112397313657284,0.0026569574200833,3,,
albert-base,11,5,63.49206349206349,58.81188118811881,723736269,6.719240242922193e-06,0.0001780466306093,0.1964283075666227,3,,
albert-base,11,6,47.22222222222222,50.0990099009901,538644920,8.012333952396242e-05,0.0004346399893124,0.0931600779082056,3,,
albert-base,11,7,67.06349206349206,65.14851485148515,41758529,1.2808867452859968e-05,6.573474765996002e-05,0.1080534140906745,6,,
albert-base,11,8,62.1031746031746,65.54455445544555,729069412,1.661571674101382e-05,0.0001739192880894,0.1082038415773838,4,,
albert-base,11,9,70.03968253968254,70.89108910891089,222188422,4.027836440823786e-05,0.004098737105798,0.158126875457667,8,,
albert-base,11,10,55.55555555555556,56.43564356435643,3708247,1.0443684689234176e-05,0.0043332834605348,0.0709419851394049,2,,
albert-base,11,11,49.8015873015873,56.23762376237624,627163276,6.506320884321528e-06,0.006085606861252,0.0595969547563895,10,,
albert-base,11,12,63.29365079365079,60.3960396039604,86578757,8.709795800440334e-06,2.777533417670126e-05,0.0871544295722597,4,,
albert-base,11,13,56.74603174603175,56.83168316831683,5374210,1.0663407138362638e-05,0.0979513301867806,0.0576488416270907,7,,
albert-base,11,14,47.22222222222222,50.0990099009901,1019498625,4.35942801677475e-05,0.0035572511791798,0.0176040533517028,4,,
albert-base,11,15,70.43650793650794,68.51485148514851,1149121725,3.927917488000343e-05,0.0006581035607062,0.0636979964227406,6,,
albert-base,11,16,68.65079365079364,68.31683168316832,1030549188,6.797012804866165e-05,0.076663523996198,0.1819620032119029,7,,
albert-base,11,17,65.47619047619048,64.35643564356435,543630516,4.192636126417569e-05,0.0118727127897695,0.0525741425037121,2,,
albert-base,11,18,72.22222222222223,68.7128712871287,1247758805,5.1244896638058695e-05,0.0009211276289181,0.0922483786748953,9,,
albert-base,11,19,64.48412698412699,62.37623762376238,177470469,1.67708753818022e-05,0.0001273860522442,0.196137484210702,3,,
albert-base,11,20,63.095238095238095,61.78217821782178,1129304559,7.380287015484324e-06,0.0014214145988659,0.1908648250979925,5,,
albert-base,11,21,61.507936507936506,56.43564356435643,840121375,8.787396585744432e-06,0.0031366396158541,0.1547778747532753,2,,
albert-base,11,22,49.8015873015873,53.46534653465346,839847520,5.805422767468028e-06,7.02098452869638e-05,0.1276636551376955,10,,
albert-base,11,23,59.12698412698413,57.227722772277225,1586875177,2.7947430354408236e-05,6.742088325363427e-05,0.0631160834435514,10,,
albert-base,11,24,61.90476190476191,61.78217821782178,379097811,2.5440705621485535e-05,0.0001717983658165,0.1674264737702828,2,,
albert-base,11,25,47.22222222222222,50.0990099009901,1710367923,9.570483098250755e-05,7.920080560528685e-05,0.1929761938316297,2,,
albert-base,11,26,67.46031746031746,68.11881188118812,487038471,3.609325976759454e-05,0.0096663353932753,0.134539707079262,8,,
albert-base,11,27,61.90476190476191,64.55445544554455,1514653824,8.038198438237622e-05,2.2348227059292057e-05,0.1587677036611244,5,,
albert-base,11,28,66.66666666666667,64.75247524752476,1103988945,3.60248009792206e-05,0.0051406580415529,0.1599165501207608,6,,
albert-base,11,29,54.56349206349206,51.881188118811885,757392191,8.021364114479783e-05,1.0747279638233812e-05,0.0856541453704424,8,,
albert-base,12,0,53.2319391634981,48.007590132827325,1459166216,8.162542255156678e-05,0.0065248459452141,0.009965738649443,4,,
albert-base,12,1,64.06844106463879,63.56736242884251,678017328,3.947719968605621e-05,3.8286695914551136e-05,0.0741546767587497,7,,
albert-base,12,2,53.2319391634981,48.007590132827325,1177421931,5.7729364795006935e-05,1.9914842885457773e-05,0.0088101720058092,3,,
albert-base,12,3,64.63878326996198,70.39848197343454,34825370,2.9691335383966927e-05,0.0002378699018187,0.0707053779855062,10,,
albert-base,12,4,54.56273764258555,58.44402277039848,1804194870,7.50533265095334e-06,0.002146816167146,0.1107544279094439,6,,
albert-base,12,5,66.73003802281369,68.3111954459203,893584896,1.1234613062259698e-05,0.0075912707169651,0.1629473712011519,6,,
albert-base,12,6,65.5893536121673,65.27514231499052,107070527,7.101045343361512e-05,0.0002550173601705,0.1506039227617072,4,,
albert-base,12,7,61.59695817490494,63.75711574952562,237185515,5.718135815072433e-06,0.0704382411485211,0.1360522861053926,7,,
albert-base,12,8,66.53992395437263,69.63946869070209,1820001734,6.203645086378903e-05,0.0006498399021404,0.1710645063605129,9,,
albert-base,12,9,58.36501901140685,59.20303605313093,1343362311,1.568690640094733e-05,0.0025576299695756,0.0732073026840461,7,,
albert-base,12,10,66.53992395437263,69.07020872865274,578147937,2.358570237862493e-05,0.0898605627361863,0.0061636829668402,8,,
albert-base,12,11,60.836501901140686,62.99810246679317,1761891872,1.0817259415607415e-05,5.06322234541293e-05,0.0843401173405665,7,,
albert-base,12,12,63.11787072243346,63.75711574952562,1966348662,9.213400265839448e-05,1.400451684559793e-05,0.1061345159640534,10,,
albert-base,12,13,66.73003802281369,70.96774193548387,1153587862,2.8002480244605477e-05,0.0774502576002827,0.0534368006250696,9,,
albert-base,12,14,69.20152091254752,69.8292220113852,1664980586,2.6129686589657192e-05,0.0002566779863263,0.111494240561043,6,,
albert-base,12,15,62.3574144486692,67.55218216318785,148037104,2.5326166455538705e-05,4.3876683861737886e-05,0.0545760582353728,7,,
albert-base,12,16,56.653992395437264,61.48007590132827,572606978,4.8291387991452255e-05,0.0094946057524156,0.0289112949986323,4,,
albert-base,12,17,54.37262357414448,48.19734345351044,74773501,7.728393165663423e-05,0.021890474371714,0.0279401138035072,4,,
albert-base,12,18,61.40684410646388,61.29032258064516,2105237366,5.869077063039692e-05,0.0919849845120541,0.1595030318559563,4,,
albert-base,12,19,64.06844106463879,70.58823529411765,644830085,2.626789295953514e-05,5.7621346364967926e-05,0.076786128179387,10,,
albert-base,12,20,66.73003802281369,68.88045540796963,1016162867,1.432271912923853e-05,0.0010148519549087,0.1391660114283003,8,,
albert-base,12,21,63.68821292775665,63.75711574952562,736772126,8.778113352979074e-06,0.0523427771743221,0.1288149281258209,3,,
albert-base,12,22,53.80228136882129,57.68500948766604,790495823,1.0163705276622776e-05,5.261015213550583e-05,0.1043921598946089,3,,
albert-base,12,23,55.51330798479088,55.21821631878558,1787449533,6.349041762556814e-06,0.0554828989642629,0.0870118242623938,9,,
albert-base,12,24,60.26615969581749,59.20303605313093,443501615,1.069166989631733e-05,0.0641479892025975,0.0576340308240062,10,,
albert-base,12,25,55.32319391634981,60.3415559772296,1868663814,5.199407283346608e-06,3.517412581327164e-05,0.1148929622878036,3,,
albert-base,12,26,53.2319391634981,48.007590132827325,905666255,7.063870879831332e-05,0.0506979154402068,0.0905204143272372,7,,
albert-base,12,27,59.88593155893536,63.37760910815939,420852978,5.130651534874756e-06,0.0023541621550813,0.1534631968520136,9,,
albert-base,12,28,57.98479087452471,58.25426944971537,165918409,1.923289089071581e-05,3.846876130662152e-05,0.1983723814193674,7,,
albert-base,12,29,61.97718631178707,62.80834914611005,1271479753,1.657825120076918e-05,0.0462346557996025,0.1850682766559645,7,,
albert-base,13,0,65.49707602339181,67.05653021442495,2067622339,6.482809437713807e-05,0.0266056337640152,0.035292403932265,8,,
albert-base,13,1,69.98050682261209,69.39571150097466,1438905984,1.6024532617828827e-05,2.7415267873380383e-05,0.0143458532154344,4,,
albert-base,13,2,60.42884990253411,57.1150097465887,1927464328,2.4332013733241263e-05,0.0015453243020849,0.1015470229001445,3,,
albert-base,13,3,63.74269005847953,65.8869395711501,180171278,1.400568457277236e-05,0.0002056568989338,0.1201305650637558,2,,
albert-base,13,4,68.03118908382066,69.20077972709552,227440159,4.388379482774258e-05,0.0002217633964097,0.0300983933350947,10,,
albert-base,13,5,68.03118908382066,72.31968810916179,1467518703,4.45624088011575e-05,0.0088092100508985,0.1813456130843195,6,,
albert-base,13,6,69.20077972709552,72.31968810916179,396780563,5.0995443920235175e-05,0.0852940847676902,0.135330072114084,4,,
albert-base,13,7,69.78557504873294,72.70955165692008,408560779,3.064697399907935e-05,0.0301837980179901,0.1727513662435446,10,,
albert-base,13,8,53.99610136452242,57.89473684210526,502685230,1.7165017023333758e-05,0.002481454347992,0.1773035709969562,7,,
albert-base,13,9,56.33528265107213,56.33528265107213,1069495412,6.633784798638898e-06,0.0016926600676776,0.0949726764570653,7,,
albert-base,13,10,62.37816764132553,66.47173489278752,1185222654,3.2275110884065275e-05,0.0074081550392131,0.0561681190676244,4,,
albert-base,13,11,63.35282651072125,66.08187134502924,1788656598,8.171194532304673e-05,6.290275233930562e-05,0.0557976152917027,3,,
albert-base,13,12,57.30994152046784,58.67446393762183,93089199,1.0585108126671758e-05,2.272693968173356e-05,0.1392783726344116,8,,
albert-base,13,13,53.606237816764136,54.77582846003899,1905018413,6.02915809187176e-05,0.0048339534929419,0.1205624331561195,3,,
albert-base,13,14,67.25146198830409,67.64132553606238,372674680,9.483802937450383e-06,0.0001827013528558,0.1585691718934909,6,,
albert-base,13,15,63.35282651072125,64.91228070175438,414799219,1.417143790769704e-05,0.0041216034788871,0.1574110266740199,3,,
albert-base,13,16,64.5224171539961,69.00584795321637,1454287786,1.9081109586361347e-05,5.521137445644662e-05,0.0598819986740707,10,,
albert-base,13,17,49.707602339181285,50.29239766081872,1826661272,9.73922958761824e-05,0.0683973972567304,0.0809869253820557,2,,
albert-base,13,18,68.81091617933723,69.20077972709552,1911445394,1.878000619208527e-05,2.375428670160795e-05,0.0867548814706418,7,,
albert-base,13,19,50.29239766081872,49.707602339181285,1231618255,9.7617139404229e-05,0.0001775219445724,0.0713436238153887,2,,
albert-base,13,20,56.33528265107213,55.7504873294347,1335570053,1.3346710309001635e-05,0.0044569247250068,0.0600849443099696,6,,
albert-base,13,21,50.487329434697855,49.902534113060426,141479970,5.0200887131829626e-05,0.0001150564581282,0.1571726719927311,2,,
albert-base,13,22,61.40350877192982,64.13255360623782,1219469588,1.4446447011168244e-05,0.0011594515846645,0.1690025373265591,3,,
albert-base,13,23,69.39571150097466,69.78557504873294,444370303,3.947513572808832e-05,4.396448752508503e-05,0.1931482198072961,5,,
albert-base,13,24,65.10721247563353,64.71734892787525,789049332,2.9605352180783365e-05,1.402027718688942e-05,0.1877155525451345,3,,
albert-base,13,25,68.22612085769981,69.20077972709552,1375009496,3.701025902128976e-05,4.746819750023508e-05,0.0285062832378701,8,,
albert-base,13,26,64.91228070175438,68.03118908382066,1817887271,8.966180694325817e-06,1.245816270367614e-05,0.039860167908704,6,,
albert-base,13,27,65.69200779727096,67.44639376218323,1962047576,2.1372452799738996e-05,1.7745675915762027e-05,0.1375732075696396,6,,
albert-base,13,28,55.7504873294347,54.77582846003899,997524461,5.394115302295314e-06,0.0688517143178716,0.0431728361051787,10,,
albert-base,13,29,50.29239766081872,49.707602339181285,543034550,7.374225270634162e-05,4.6503321844404594e-05,0.0691204513509781,10,,
albert-base,14,0,57.429718875502,52.00803212851405,454831265,1.3843044464700074e-05,0.0052062165836944,0.1218537358417188,8,,
albert-base,14,1,50.40160642570281,50.60240963855421,1987383900,7.953996573814046e-05,0.0002845474165212,0.1144702437060679,2,,
albert-base,14,2,50.60240963855421,50.60240963855421,933032921,5.8453595173241126e-05,0.0021737973868897,0.0830642835407347,3,,
albert-base,14,3,60.44176706827309,64.85943775100401,1289451389,2.209046748287867e-05,0.000248747543323,0.1144445330371235,5,,
albert-base,14,4,67.46987951807229,62.85140562248996,62996960,2.0468765343287072e-05,2.4532521683350346e-05,0.0482944794606395,4,,
albert-base,14,5,50.40160642570281,50.60240963855421,1127691590,7.924573212992573e-05,0.0004388673480136,0.1311470789661365,5,,
albert-base,14,6,57.0281124497992,53.21285140562249,772056337,6.522232260512625e-06,0.0891939837490691,0.1915955423817522,7,,
albert-base,14,7,57.2289156626506,54.81927710843374,193877792,2.0167858434862824e-05,0.0584833836088761,0.122277712463811,8,,
albert-base,14,8,66.26506024096386,62.24899598393574,2063287766,9.977838501904286e-06,0.0032658442290353,0.1723611541944118,5,,
albert-base,14,9,65.26104417670683,64.05622489959839,185953434,7.00997627403122e-06,3.637355543904538e-05,0.1546048228530277,10,,
albert-base,14,10,64.2570281124498,62.04819277108434,1690890932,5.605994364824103e-06,0.0153141047506384,0.0867498701689018,4,,
albert-base,14,11,54.41767068273092,56.22489959839358,890561279,3.348575130100376e-05,0.0928521757099128,0.0954342312107695,7,,
albert-base,14,12,61.24497991967871,59.63855421686747,1029600325,2.9154114908156347e-05,7.219644359429411e-05,0.0277397223270891,5,,
albert-base,14,13,70.68273092369478,64.05622489959839,1072872272,2.345807241511395e-05,0.00320163413245,0.0400161363901791,2,,
albert-base,14,14,56.42570281124498,58.83534136546185,1530494517,8.48684337050822e-06,0.0817821582726803,0.1674695091699738,10,,
albert-base,14,15,74.6987951807229,67.46987951807229,1000281228,3.5370099120015555e-05,0.0001143805823176,0.0924876282049876,5,,
albert-base,14,16,68.27309236947791,67.6706827309237,1605094203,4.4388159229768215e-05,0.0930806391021411,0.1584413995284826,6,,
albert-base,14,17,69.07630522088354,60.44176706827309,2026500172,4.843344755532939e-05,0.0296253410514749,0.1173954270966481,2,,
albert-base,14,18,66.26506024096386,62.65060240963855,691801049,3.196304162005656e-05,0.0077297084984031,0.0325093362712394,5,,
albert-base,14,19,52.81124497991968,52.40963855421687,710071798,2.0068150882478364e-05,0.0005950511413521,0.0001901742038499,8,,
albert-base,14,20,72.08835341365462,68.07228915662651,557409256,2.776705088573737e-05,0.0179164524829142,0.0395155932603002,6,,
albert-base,14,21,50.803212851405625,51.00401606425703,1579871374,8.957241542707467e-05,0.0709117089686735,0.0009305687330159,2,,
albert-base,14,22,71.6867469879518,69.47791164658635,278769675,4.98844739667413e-05,0.0254827614029629,0.1997591750100993,9,,
albert-base,14,23,68.87550200803213,65.46184738955823,13627425,1.5697012979345374e-05,8.771232486875278e-05,0.0388817296135129,8,,
albert-base,14,24,50.40160642570281,55.42168674698795,1083825183,9.795690183236602e-06,0.0063862258049954,0.1162919775396764,9,,
albert-base,14,25,54.81927710843374,57.630522088353416,1202413697,4.944977476158631e-05,0.0209815288311391,0.0468149248135898,9,,
albert-base,14,26,49.59839357429719,49.397590361445786,1878983752,8.372257385034637e-05,0.044568838630063,0.0893181946198619,8,,
albert-base,14,27,53.6144578313253,49.397590361445786,490819842,6.941463350707713e-06,0.0036317122444011,0.1059980788732933,6,,
albert-base,14,28,60.24096385542169,55.42168674698795,1061153820,9.739060999389634e-06,0.0395115194852521,0.1111884574624598,5,,
albert-base,14,29,56.22489959839358,62.04819277108434,1425379600,1.8991329185223044e-05,0.0037088829507967,0.1907783147016375,6,,
albert-base,15,0,54.52716297786721,54.01606425702811,1987075538,6.244375068204735e-05,9.40724557048756e-05,0.1045945280100119,2,,
albert-base,15,1,58.5513078470825,56.62650602409639,1682520685,8.087848205155248e-05,0.0002719741173961,0.1265718630497039,4,,
albert-base,15,2,65.59356136820925,64.2570281124498,740815644,2.6273214289446272e-05,0.0014604787768255,0.1662128375600703,6,,
albert-base,15,3,57.74647887323944,59.63855421686747,931426980,8.612970768535903e-05,0.0488330070038454,0.1910559372372675,2,,
albert-base,15,4,64.58752515090544,64.05622489959839,1489507189,6.7883981851515534e-06,0.0001443141927786,0.1537505758330727,7,,
albert-base,15,5,66.39839034205231,62.44979919678715,2093044648,1.68654298535927e-05,4.825201443945187e-05,0.0645351290315412,4,,
albert-base,15,6,51.10663983903421,53.81526104417671,1607042809,4.521440292226135e-05,0.0867664348256325,0.0005392172926928,10,,
albert-base,15,7,65.99597585513078,64.85943775100401,320316827,3.272315736656409e-05,0.0087978305744566,0.0092688567540856,2,,
albert-base,15,8,54.72837022132797,56.42570281124498,329176417,1.2363598277002087e-05,1.66166509146922e-05,0.0504420800172066,8,,
albert-base,15,9,61.56941649899397,62.04819277108434,763617697,1.994328745523793e-05,0.002967028154846,0.0902697200458604,4,,
albert-base,15,10,61.3682092555332,61.04417670682731,1430519138,9.667270560356475e-06,2.845917082685444e-05,0.1040530546093006,6,,
albert-base,15,11,64.98993963782696,63.05220883534137,1279249186,2.0656865391250407e-05,0.0002248954661959,0.0837089440310177,3,,
albert-base,15,12,60.563380281690144,63.25301204819277,1111357649,1.2804488421920108e-05,0.0035567493142828,0.0060974506830602,5,,
albert-base,15,13,71.83098591549296,64.85943775100401,1172653403,1.785777039284427e-05,7.634359211369981e-05,0.1368458515387799,10,,
albert-base,15,14,61.971830985915496,58.83534136546185,1719495416,2.863112446861735e-05,0.0003710087896957,0.0821942910079107,9,,
albert-base,15,15,67.40442655935614,65.66265060240964,1498670665,1.500604327131699e-05,0.0015477606023984,0.1446058766363692,9,,
albert-base,15,16,52.51509054325956,49.397590361445786,1660455828,4.958686776070254e-05,0.013135983196569,0.1055091713429432,2,,
albert-base,15,17,62.17303822937626,59.83935742971887,343857381,1.969759920367953e-05,0.0008799104490019,0.1621585774480881,2,,
albert-base,15,18,65.99597585513078,62.65060240963855,1651994254,5.8608968446751065e-06,0.0012890410980833,0.1696957980417989,6,,
albert-base,15,19,59.95975855130785,63.05220883534137,2077452801,2.1373078168709773e-05,0.0509991014327222,0.1866135544346644,2,,
albert-base,15,20,62.77665995975856,61.44578313253012,781373472,1.311171706834988e-05,0.0116317919300099,0.1706347475480922,3,,
albert-base,15,21,50.30181086519115,48.99598393574297,254913640,5.379124604442489e-06,3.9810024146867984e-05,0.1821198559560194,4,,
albert-base,15,22,68.41046277665995,62.85140562248996,452231686,9.165800594046398e-06,0.0047387928952113,0.1896962145718382,5,,
albert-base,15,23,61.77062374245473,64.65863453815261,420542839,1.2191861490248817e-05,0.0076863345539766,0.0873217754779561,4,,
albert-base,15,24,56.74044265593562,60.6425702811245,158616522,1.0429658035006198e-05,0.0003263323814782,0.0990495402322096,6,,
albert-base,15,25,61.971830985915496,65.26104417670683,1799638114,3.02814792553156e-05,4.595440785469305e-05,0.1588706622837801,8,,
albert-base,15,26,68.41046277665995,67.06827309236948,1636836154,1.6607323790642256e-05,0.0156083886445552,0.1785442809543855,3,,
albert-base,15,27,68.81287726358148,62.65060240963855,86994590,4.126985720930677e-05,0.0319944929876051,0.1285969357005287,7,,
albert-base,15,28,67.00201207243461,62.65060240963855,105831457,7.700082104312731e-06,0.0118906426007868,0.1914378828731679,6,,
albert-base,15,29,59.55734406438632,59.23694779116466,1527043748,1.3041189621078136e-05,0.0427886508506189,0.1780428263386531,10,,
albert-base,16,0,63.83399209486166,61.1439842209073,1280573995,6.43453472517937e-05,0.0006457329199357,0.0076626090647296,6,,
albert-base,16,1,67.98418972332016,69.8224852071006,244290180,4.525752064219416e-05,0.0048276563172685,0.0517121437973923,5,,
albert-base,16,2,58.30039525691699,52.46548323471401,1581659527,6.179065451704103e-06,0.0001464306431119,0.0477556043169269,9,,
albert-base,16,3,67.98418972332016,65.28599605522682,620919509,3.564401296462548e-05,0.0002675402960821,0.0329389150370502,7,,
albert-base,16,4,67.98418972332016,67.25838264299803,1828279875,2.135523108595011e-05,0.0092797993023648,0.1240029041104968,9,,
albert-base,16,5,67.19367588932806,68.04733727810651,1519621333,4.548832214141188e-05,0.0104303141838274,0.1553758132173074,4,,
albert-base,16,6,50.19762845849802,49.90138067061144,294235763,6.901097053561229e-05,0.00015161218844,0.0922975782804575,8,,
albert-base,16,7,53.359683794466406,55.62130177514793,1467084167,7.552474152119639e-06,0.0006825886621272,0.1542193870037686,4,,
albert-base,16,8,67.19367588932806,65.28599605522682,194145000,4.5622149649106215e-05,7.492735024475407e-05,0.0952807445796665,2,,
albert-base,16,9,45.65217391304348,51.87376725838264,744775639,9.15462202733718e-05,0.0003094674427831,0.1688614357238947,8,,
albert-base,16,10,70.94861660079052,69.23076923076923,1465163767,3.180220395526328e-05,0.0010525835291345,0.0592210401632937,10,,
albert-base,16,11,60.67193675889328,57.98816568047337,1741411407,2.2659096079081924e-05,0.0565855219341352,0.0718197743186315,9,,
albert-base,16,12,50.790513833992094,56.80473372781065,2094982674,1.058828411959362e-05,0.0009448331838376,0.151715903899573,9,,
albert-base,16,13,60.67193675889328,59.566074950690336,1659651669,3.5470849510107446e-05,0.0185970398773423,0.0273734478974551,4,,
albert-base,16,14,70.15810276679842,67.25838264299803,673033346,4.202097070604806e-05,0.0367958715997336,0.10868626380158,5,,
albert-base,16,15,62.25296442687747,56.21301775147929,316461459,5.704484774258533e-06,6.35983004319993e-05,0.0628078643556415,4,,
albert-base,16,16,46.6403162055336,53.25443786982248,296810405,5.753492506017751e-05,6.076194429655999e-05,0.1001231478256627,3,,
albert-base,16,17,53.95256916996048,53.64891518737672,526749712,8.447330517253314e-06,0.0002033028801258,0.0624652135544772,6,,
albert-base,16,18,70.75098814229248,67.85009861932939,1366567374,4.630365983022846e-05,0.0135021999623086,0.1722386253336401,10,,
albert-base,16,19,51.18577075098814,56.80473372781065,171956373,2.128934342258969e-05,0.0085139333900277,0.158058538361289,8,,
albert-base,16,20,62.64822134387352,60.552268244575934,1248443864,9.63869416800386e-06,0.0198526231974299,0.1295053751427314,2,,
albert-base,16,21,67.3913043478261,70.61143984220907,669242724,2.142028122108381e-05,0.0009482013895182,0.1985228530806734,5,,
albert-base,16,22,47.430830039525695,53.057199211045365,1269567995,3.82133134268906e-05,0.0027834364449671,0.1554618053418262,2,,
albert-base,16,23,56.52173913043478,55.62130177514793,1877413223,7.615405309089363e-06,0.0007563556555485,0.036773360758845,2,,
albert-base,16,24,56.126482213438734,53.451676528599606,890246044,3.1981800908050625e-05,3.34439299282555e-05,0.0487673293668801,8,,
albert-base,16,25,58.69565217391305,60.15779092702169,1031765668,6.805303867987898e-06,0.000397014701548,0.0391530527693738,5,,
albert-base,16,26,67.3913043478261,64.29980276134123,207433569,4.546227721630946e-05,9.681680314864408e-05,0.1651341277766991,6,,
albert-base,16,27,67.58893280632411,66.27218934911242,34749238,2.041621255929128e-05,0.0002071420878073,0.1924191470467262,9,,
albert-base,16,28,66.99604743083005,68.63905325443787,1327321115,3.306707813168128e-05,2.0785947725126287e-05,0.1987173064855054,3,,
albert-base,16,29,62.84584980237154,62.32741617357002,20819454,8.65987101924081e-06,0.0147168541865549,0.175994745319626,9,,
albert-base,17,0,58.38264299802761,60.62992125984252,1778660105,3.679291631190704e-05,5.2442134001273216e-05,0.1807129291208577,10,,
albert-base,17,1,64.89151873767258,68.89763779527559,1936166725,3.070024515500934e-05,0.03642986399619,0.1994519714056466,7,,
albert-base,17,2,61.53846153846154,61.023622047244096,689534949,3.870557157313256e-05,0.063739746206819,0.1835436401094886,10,,
albert-base,17,3,62.91913214990138,63.58267716535433,1862557354,5.411091561806153e-06,0.000310612960005,0.0751105208912736,7,,
albert-base,17,4,62.1301775147929,61.81102362204725,1901059062,4.09150680254198e-05,0.0429649443143987,0.1113266260380399,10,,
albert-base,17,5,57.98816568047337,60.03937007874016,1742704902,3.0321268373714043e-05,0.0038042317263579,0.0246075857344408,10,,
albert-base,17,6,62.91913214990138,64.76377952755905,174915722,8.509428773460316e-06,0.003194359827308,0.0213993497192409,8,,
albert-base,17,7,61.341222879684416,61.81102362204725,971163879,8.352727708963512e-06,0.0107333135905835,0.1580022813882683,6,,
albert-base,17,8,62.52465483234714,62.79527559055118,929730463,6.7098910175382325e-06,0.0073705473444038,0.0085958562821043,4,,
albert-base,17,9,58.38264299802761,56.10236220472441,1543173066,1.942618917598916e-05,0.0002170686370912,0.1524614567822654,6,,
albert-base,17,10,56.60749506903353,58.85826771653543,332552028,2.374387165491694e-05,0.0134242877444232,0.1645614924372036,2,,
albert-base,17,11,65.08875739644971,63.18897637795276,693311483,2.209150133919395e-05,0.0010146529654993,0.1068076722366116,10,,
albert-base,17,12,67.65285996055226,66.73228346456693,1159404653,4.0308329874744485e-05,2.697501917116924e-05,0.1412044855294759,3,,
albert-base,17,13,53.84615384615385,55.70866141732284,44315022,4.086781172230445e-05,0.0044572277448423,0.1243235914434802,4,,
albert-base,17,14,67.65285996055226,66.53543307086615,1673418495,1.288568630581491e-05,0.010179821113873,0.0226274894839664,8,,
albert-base,17,15,63.51084812623274,66.53543307086615,648444265,4.257485403948427e-05,0.0146225570378274,0.1081762972741534,9,,
albert-base,17,16,53.451676528599606,55.511811023622045,228490603,6.901574106615322e-06,0.0016051243195228,0.131577345833355,10,,
albert-base,17,17,51.08481262327416,50.39370078740158,1878357010,8.288601153938886e-05,0.0151515036746569,0.1189409230517618,5,,
albert-base,17,18,52.46548323471401,54.92125984251968,683327847,7.967706968704215e-06,0.0018068610533368,0.0793278258501483,6,,
albert-base,17,19,52.46548323471401,55.31496062992126,2028944601,5.847718090937437e-06,0.006309329239607,0.0481401691988391,9,,
albert-base,17,20,52.85996055226825,53.346456692913385,666880107,1.0928465031312646e-05,0.0012755296883826,0.1049830954675208,5,,
albert-base,17,21,67.0611439842209,64.56692913385827,1059041467,6.126379193163369e-05,4.126506734564277e-05,0.1706946025659545,7,,
albert-base,17,22,59.566074950690336,59.25196850393701,1527952805,7.484405370959613e-06,0.0107188936456775,0.16735066818746,6,,
albert-base,17,23,54.4378698224852,62.00787401574803,861461736,2.1608086246501325e-05,1.8632757483955423e-05,0.169524962093833,5,,
albert-base,17,24,47.73175542406312,50.78740157480315,142140619,4.878933611297975e-05,0.055565755249275,0.1444518583572719,2,,
albert-base,17,25,70.21696252465483,69.48818897637796,413031250,1.9094022340390192e-05,0.0528538680420662,0.1006053086056176,10,,
albert-base,17,26,64.1025641025641,68.11023622047244,1561911590,3.934852888041787e-05,0.0211584884164895,0.013015981045811,7,,
albert-base,17,27,66.0749506903353,63.38582677165354,983705573,1.2208162769593264e-05,0.006288353084969,0.1306692933999142,9,,
albert-base,17,28,58.38264299802761,57.08661417322835,1498378211,1.4871859489705106e-05,0.00067123021523,0.1001042314573887,5,,
albert-base,17,29,58.185404339250496,56.10236220472441,1936792560,6.299675899959789e-06,0.0065448539466904,0.1784376465564539,2,,
albert-base,18,0,58.415841584158414,55.24752475247525,420670069,5.706817976135773e-06,0.0012293430560775,0.1643843150594709,9,,
albert-base,18,1,68.31683168316832,65.54455445544555,1082630823,1.5103729431918854e-05,0.0540588359372458,0.1083365023526174,5,,
albert-base,18,2,67.92079207920793,62.17821782178218,1053593290,6.375056186235138e-05,0.0363568820872542,0.1717689107438296,7,,
albert-base,18,3,66.13861386138613,63.96039603960397,162376287,8.946559417150576e-05,2.399719435078332e-05,0.0987854452599279,5,,
albert-base,18,4,57.42574257425743,53.06930693069307,1109415733,9.761308345181128e-06,0.0002360015678865,0.0324722568673904,10,,
albert-base,18,5,70.89108910891089,62.772277227722775,633642207,5.508933034380047e-05,0.0035967266952428,0.0190829164780792,7,,
albert-base,18,6,71.88118811881188,62.57425742574257,1096622335,6.263063671898417e-05,0.0483570896554651,0.1622300050798845,6,,
albert-base,18,7,57.02970297029703,57.227722772277225,1904020833,8.672295853571235e-06,0.0015869396258996,0.139708786909298,10,,
albert-base,18,8,55.64356435643565,57.62376237623762,674587347,8.814104854850904e-06,2.1063003831952647e-05,0.0476938042876532,2,,
albert-base,18,9,72.27722772277228,63.96039603960397,145352973,7.423021253732044e-05,2.152922528639957e-05,0.1832175015845237,9,,
albert-base,18,10,49.50495049504951,46.13861386138614,1352248329,9.45837922196742e-05,0.0014679684360607,0.0439517095432822,6,,
albert-base,18,11,70.4950495049505,63.76237623762376,1506747553,1.7457875466227862e-05,0.0028434031423216,0.0454198703781196,9,,
albert-base,18,12,69.70297029702971,66.93069306930693,153556192,1.5016866409472897e-05,0.0004726597065088,0.1655217259266663,10,,
albert-base,18,13,57.02970297029703,59.40594059405941,1913163271,1.4239868391279338e-05,0.0004553216970885,0.0505094000637403,2,,
albert-base,18,14,69.10891089108911,59.00990099009901,1735793375,4.51321961027494e-05,0.0069223312220085,0.0008895407803978,10,,
albert-base,18,15,67.72277227722772,59.6039603960396,911697075,1.135852260151527e-05,0.0009694643254209,0.1325844467418509,2,,
albert-base,18,16,49.50495049504951,46.13861386138614,78344484,5.0096310387092326e-05,0.0622804570396306,0.0928790282450477,5,,
albert-base,18,17,64.55445544554455,61.78217821782178,607222414,6.570644444792415e-06,0.0009261252014114,0.1726617120094826,9,,
albert-base,18,18,69.5049504950495,63.16831683168317,1145420193,3.034250146381603e-05,1.708626973151295e-05,0.1397363627333321,9,,
albert-base,18,19,68.31683168316832,60.79207920792079,1012624763,6.232347600713648e-05,0.0002678522311554,0.1307728369784649,10,,
albert-base,18,20,70.0990099009901,63.96039603960397,618553840,3.39828591299437e-05,2.553685641369197e-05,0.0714712035746483,6,,
albert-base,18,21,58.415841584158414,53.26732673267327,1937718709,4.753678380617129e-05,0.000124978123894,0.0023247553348969,6,,
albert-base,18,22,58.21782178217822,55.24752475247525,1463392112,7.947716261526607e-06,0.000108377374293,0.1865078586500508,6,,
albert-base,18,23,69.70297029702971,63.76237623762376,750473632,1.570795572669875e-05,0.0001826665289378,0.0399389186183658,9,,
albert-base,18,24,67.72277227722772,62.97029702970297,1016790655,2.7728154140378947e-05,0.0001763003127728,0.108213456043193,4,,
albert-base,18,25,69.9009900990099,62.57425742574257,1457523374,4.982241464862784e-05,1.4014787123165398e-05,0.1236098185776114,7,,
albert-base,18,26,65.74257425742574,58.21782178217822,1092601215,8.498576373559735e-06,0.0009209135193825,0.0306845520071693,7,,
albert-base,18,27,49.50495049504951,46.13861386138614,869248043,7.18381782377918e-05,4.593209289343607e-05,0.0892989554336394,6,,
albert-base,18,28,52.277227722772274,51.48514851485149,903293624,6.937994484753699e-05,7.612503380635319e-05,0.0540999459739517,6,,
albert-base,18,29,49.50495049504951,46.13861386138614,1095394501,7.927955937078215e-05,0.0022402496970807,0.0514576829816607,8,,
albert-base,19,0,53.2,55.68862275449102,1583904126,6.581639098822204e-06,0.0285031293677625,0.1452710932372107,8,,
albert-base,19,1,52.2,53.89221556886228,913871021,5.9340844780479136e-06,0.0001719865757349,0.1195092750786232,7,,
albert-base,19,2,56.4,50.49900199600798,2139735885,5.995012487308002e-06,0.0018988605550671,0.0025583389998345,7,,
albert-base,19,3,63.2,56.88622754491018,1380374235,4.995781243863256e-05,0.0402134099762088,0.0718216451801008,7,,
albert-base,19,4,57.8,58.08383233532934,2111975517,1.4507018729796472e-05,0.014629006301376,0.1395335089759415,4,,
albert-base,19,5,64.4,61.67664670658683,1422786572,6.059802627505726e-05,0.0014072288939122,0.0175807226242305,6,,
albert-base,19,6,54.6,59.4810379241517,407729395,6.341743619340738e-06,0.0504406884177493,0.1804691291434881,2,,
albert-base,19,7,66.6,65.46906187624751,1656369152,2.9011616827798776e-05,0.0012465686624494,0.1315016995153545,9,,
albert-base,19,8,68.6,67.86427145708583,1193677229,2.319246822003523e-05,0.000597476527332,0.1259868624203624,3,,
albert-base,19,9,61.4,55.48902195608783,785705200,1.4188054690828042e-05,0.0034832791284049,0.0269312889576463,8,,
albert-base,19,10,67.6,65.46906187624751,90797651,9.41614657805311e-06,3.1486146335571945e-05,0.0745525524528897,7,,
albert-base,19,11,61.2,60.27944111776447,2015559632,3.5628034764369536e-05,0.0212836498669579,0.1809330219440731,9,,
albert-base,19,12,57.8,55.68862275449102,1465114199,1.988644404803628e-05,2.6818341537155423e-05,0.0978464708277049,10,,
albert-base,19,13,50.2,50.0998003992016,1008052693,7.026862466710106e-05,0.0012809755520457,0.0467762946606283,8,,
albert-base,19,14,60.0,55.48902195608783,1275634668,4.95200014437556e-05,1.3675329688684028e-05,0.1709762688551664,3,,
albert-base,19,15,56.6,58.08383233532934,1253595731,1.976790604064358e-05,0.0253484837762876,0.0412518691777147,2,,
albert-base,19,16,55.8,53.49301397205589,229047249,7.646038626283432e-06,0.010129368065666,0.0375005647423077,5,,
albert-base,19,17,57.8,55.48902195608783,1344376212,6.8822323516779365e-06,7.155820508041835e-05,0.0100809248986015,8,,
albert-base,19,18,55.6,52.89421157684631,1202119220,6.171500960040749e-06,3.584206807810694e-05,0.0258886430902781,9,,
albert-base,19,19,66.8,65.06986027944112,1886712402,2.333763463902432e-05,0.0134319854737248,0.1450065460250501,4,,
albert-base,19,20,71.4,65.6686626746507,984405138,4.697741771411121e-05,0.0007121971062475,0.1879216840682576,9,,
albert-base,19,21,64.6,63.27345309381238,1770555632,4.036719470411778e-05,0.0010606778367823,0.0158591171806698,2,,
albert-base,19,22,57.0,60.47904191616767,614427475,2.8112458465418808e-05,0.0004347387579273,0.0135803025285581,4,,
albert-base,19,23,65.8,65.06986027944112,941500054,1.331097240997381e-05,4.396416611896239e-05,0.0267846937751969,3,,
albert-base,19,24,50.2,50.0998003992016,1113242642,8.26142672714847e-05,0.032922743393486,0.0580149359189021,6,,
albert-base,19,25,50.2,50.0998003992016,877826433,7.55389752333216e-05,0.0470662450166439,0.005090311719387,5,,
albert-base,19,26,65.6,65.06986027944112,251981583,2.436909107504501e-05,0.0034423404978608,0.1138925168860309,4,,
albert-base,19,27,63.6,63.27345309381238,339056121,1.7443302618777465e-05,0.0113543149672842,0.1847862633103289,9,,
albert-base,19,28,62.8,60.27944111776447,167222002,1.138346171396873e-05,8.555260678683548e-05,0.0400956675076392,3,,
albert-base,19,29,69.4,69.66067864271457,1179062737,2.166281097289815e-05,2.3242442422060883e-05,0.0576381984395003,5,,
albert-base,20,0,68.80907372400756,64.15094339622641,1035117387,3.754900339110152e-05,0.0001395085059196,0.0336178072790971,3,,
albert-base,20,1,66.7296786389414,63.58490566037736,1991407271,5.204492533987829e-05,0.0047233048328712,0.1671801732925732,5,,
albert-base,20,2,57.84499054820416,57.54716981132076,1791901276,4.402766132023535e-05,0.0010865464802503,0.0681375272897902,2,,
albert-base,20,3,67.296786389414,63.77358490566038,1830404020,2.8428419528240536e-05,0.0295733983827643,0.0752355002666374,8,,
albert-base,20,4,69.94328922495274,65.66037735849056,1167435577,2.264439740066962e-05,0.0090437517504511,0.1207043494167589,7,,
albert-base,20,5,64.65028355387524,61.50943396226416,752155240,8.604873934347444e-06,0.0013022568293901,0.0404473128849941,4,,
albert-base,20,6,60.49149338374291,55.471698113207545,855762168,6.8743483148872536e-06,0.0037405598272377,0.1434022743529108,6,,
albert-base,20,7,67.48582230623819,62.83018867924528,424765174,1.0499392342146363e-05,0.0001382203009262,0.0576255661699553,9,,
albert-base,20,8,48.96030245746692,49.81132075471698,1954954256,5.82582182751668e-05,0.0668728658116589,0.079142946396294,9,,
albert-base,20,9,65.02835538752363,62.83018867924528,630013513,7.832892178882105e-06,0.0050531927758844,0.1184807621101382,10,,
albert-base,20,10,54.82041587901701,54.33962264150944,1639906319,8.266871954099692e-05,0.0770387099238331,0.1173455887355305,4,,
albert-base,20,11,65.59546313799622,63.20754716981132,1998664560,9.18580802880742e-06,1.9044528716014864e-05,0.158974125047222,7,,
albert-base,20,12,66.351606805293,64.33962264150944,142693572,1.868075233298296e-05,0.0003889061514512,0.1581677961306482,3,,
albert-base,20,13,53.87523629489603,52.264150943396224,50903591,9.26798031497013e-06,4.746335165562232e-05,0.0373504425184203,6,,
albert-base,20,14,69.37618147448015,63.20754716981132,286590983,3.2651140701175614e-05,0.0010504166523877,0.007073011572717,9,,
albert-base,20,15,60.68052930056711,60.75471698113208,566349501,1.708494546146283e-05,0.0024789345606787,0.1530860918357207,8,,
albert-base,20,16,64.08317580340265,58.301886792452834,1788218691,2.0023743412817367e-05,0.0429534366422554,0.0247071165659912,10,,
albert-base,20,17,54.253308128544425,53.58490566037736,1889947892,7.986939382580293e-05,0.0263373516161684,0.1695908569213301,6,,
albert-base,20,18,54.63137996219282,53.39622641509434,1926786117,8.258570370250757e-05,0.0552431082287721,0.1215619209829129,7,,
albert-base,20,19,71.07750472589792,67.16981132075472,1927495489,4.18384213574197e-05,0.0009704629144683,0.1785792358710582,10,,
albert-base,20,20,64.08317580340265,62.64150943396226,779392451,1.6394127830102646e-05,1.283343128769515e-05,0.0196988721963995,2,,
albert-base,20,21,62.57088846880907,58.490566037735846,35486184,1.3264056165529312e-05,0.0001329212394433,0.186271094518105,7,,
albert-base,20,22,51.03969754253309,50.18867924528302,688697288,9.780105436086372e-05,0.0007765700161818,0.110294603965891,6,,
albert-base,20,23,55.954631379962194,54.15094339622642,1234508428,6.919499454505397e-06,0.0054018556597105,0.1575364660092924,7,,
albert-base,20,24,63.32703213610586,62.45283018867924,1805774817,1.5748101082705332e-05,0.0240391944281949,0.1680201954667718,10,,
albert-base,20,25,63.32703213610586,61.320754716981135,341806796,1.1502577226029916e-05,0.0787259697148042,0.1352892500717011,5,,
albert-base,20,26,54.44234404536862,52.64150943396226,541769355,1.5347116150660637e-05,0.0099071866178183,0.1800957407611099,6,,
albert-base,20,27,65.97353497164461,65.28301886792453,2093646182,2.727522591907061e-05,0.0744630549081008,0.0162154775432178,8,,
albert-base,20,28,67.10775047258979,64.33962264150944,1003398076,1.7008912543460847e-05,0.005994611343526,0.1343470489641644,4,,
albert-base,20,29,59.73534971644612,60.0,2050090385,3.2570894660052586e-05,0.0575972769533759,0.0772538331650142,3,,
albert-base,21,0,58.88030888030888,56.06936416184971,636395887,1.24338392016644e-05,0.0603600771941587,0.1013670724515242,10,,
albert-base,21,1,64.47876447876448,65.89595375722543,1971008562,2.595371134165804e-05,0.0154758314245928,0.081246138280074,2,,
albert-base,21,2,57.91505791505792,58.188824662813104,431722679,1.118233538947705e-05,0.0072480155481312,0.0032467603211636,10,,
albert-base,21,3,63.12741312741313,61.27167630057804,1482412576,7.422803657175731e-05,0.0068093904876182,0.0170912359137205,8,,
albert-base,21,4,53.08880308880309,55.8766859344894,501396322,2.7850001892942616e-05,0.036935375910124,0.1325250669071096,6,,
albert-base,21,5,62.35521235521235,61.27167630057804,1429202661,1.4315051868948202e-05,0.0162635632888459,0.1907735465100104,6,,
albert-base,21,6,58.68725868725869,54.72061657032755,170580690,6.122428116104671e-06,0.0023607266040338,0.0422966359214403,2,,
albert-base,21,7,48.648648648648646,54.335260115606935,512633828,7.57497621798586e-05,0.0026132982006508,0.1610336595593538,2,,
albert-base,21,8,56.37065637065637,61.078998073217726,525935436,2.921847885974926e-05,0.0028235837046893,0.0686269204272547,6,,
albert-base,21,9,64.28571428571429,60.115606936416185,1716333339,7.493112134077451e-05,0.0003798473698192,0.1963193500653232,4,,
albert-base,21,10,51.35135135135136,54.72061657032755,2032090478,9.293443642293204e-05,0.0329014021007087,0.0785324750531273,6,,
albert-base,21,11,68.91891891891892,64.9325626204239,1867335999,2.0737001205795763e-05,0.0021844689011286,0.0388689082472869,3,,
albert-base,21,12,58.88030888030888,55.29865125240848,1856261749,1.1639236653464128e-05,0.0001851643540238,0.112841191400432,3,,
albert-base,21,13,54.826254826254825,51.252408477842,158390885,9.414612232045508e-06,0.0001540190290314,0.1202975940778278,5,,
albert-base,21,14,51.544401544401545,48.94026974951831,1622982563,9.757978389458626e-05,0.0185849789499971,0.1924917253114383,5,,
albert-base,21,15,56.17760617760618,57.99614643545279,76953543,4.153981627130701e-05,0.005497167378913,0.126864204760134,8,,
albert-base,21,16,66.02316602316603,64.73988439306359,936274940,1.8280223015972613e-05,0.0820437252267067,0.1023690808381252,3,,
albert-base,21,17,58.49420849420849,57.80346820809248,1939620398,7.109860131371725e-05,0.0033244608019854,0.1580114828937986,3,,
albert-base,21,18,48.455598455598455,51.05973025048169,1974898473,5.036194478348904e-05,8.246341728346866e-05,0.1297595232769153,9,,
albert-base,21,19,55.21235521235521,52.408477842003855,1143565755,8.598999751107232e-05,0.0069339176317602,0.1540658504680613,2,,
albert-base,21,20,59.65250965250965,59.73025048169557,1090531758,8.362178594096872e-05,0.0001302451581337,0.1895025959344339,9,,
albert-base,21,21,59.45945945945946,61.46435452793834,1447871346,1.939843858857394e-05,9.19073035330636e-05,0.0227732060785983,2,,
albert-base,21,22,61.1969111969112,64.54720616570327,182447044,4.802450727020196e-05,6.13262953139307e-05,0.1759311651061953,5,,
albert-base,21,23,57.52895752895753,61.078998073217726,1744053449,9.509021380400974e-06,7.438241703520057e-05,0.0135777696315566,10,,
albert-base,21,24,48.455598455598455,51.05973025048169,488403938,9.96014975141206e-05,0.032673073270877,0.183679062466579,4,,
albert-base,21,25,53.86100386100386,55.10597302504817,1116711174,1.7694712447003272e-05,4.807508843903446e-05,0.1849633259917882,8,,
albert-base,21,26,69.4980694980695,68.97880539499036,1416151128,3.924536691414532e-05,0.0043708981096864,0.0038032718875922,6,,
albert-base,21,27,53.08880308880309,53.94990366088632,894626402,5.262569374738258e-05,0.0359738297052882,0.1908510396928056,6,,
albert-base,21,28,52.8957528957529,54.527938342967246,1840919798,1.73939845002035e-05,5.492292691091072e-05,0.0450685616804732,6,,
albert-base,21,29,62.74131274131274,66.08863198458575,1401151180,6.431635258098894e-05,0.00021727147695,0.1147997605074632,2,,
albert-base,22,0,54.50901803607214,52.0,989528962,5.064656927379161e-06,3.960705050561816e-05,0.0543909916766326,6,,
albert-base,22,1,61.12224448897796,61.8,447468630,1.2153403243386104e-05,6.595204379056576e-05,0.0061933838891543,2,,
albert-base,22,2,50.70140280561122,50.0,637697987,7.25829439551187e-05,0.0028495693261977,0.075389223423983,3,,
albert-base,22,3,57.71543086172345,60.2,1972879504,6.220349906965751e-06,0.0101494483820442,0.1193086591077797,9,,
albert-base,22,4,65.53106212424849,65.2,541349901,1.50949945233354e-05,0.000379043017491,0.1597410315881728,8,,
albert-base,22,5,58.71743486973948,61.2,1407514956,5.4535889454139245e-06,1.0968334530815297e-05,0.0419525828555618,4,,
albert-base,22,6,62.5250501002004,65.8,331515100,2.97303805070378e-05,0.0183587527911441,0.0195126968753154,4,,
albert-base,22,7,62.725450901803605,63.0,175122661,1.0178027704142e-05,0.0044927017239755,0.0828724577926668,7,,
albert-base,22,8,51.503006012024045,53.0,763174547,7.041619782650203e-05,0.0226561132605765,0.002159125612859,9,,
albert-base,22,9,64.52905811623246,64.6,1655600295,2.176762480990767e-05,9.854057697733488e-05,0.0067168781602614,6,,
albert-base,22,10,64.32865731462925,66.6,1852498995,1.7829661120374315e-05,0.0003761711019766,0.0200653806102693,3,,
albert-base,22,11,70.94188376753507,68.6,1170345690,3.1425941639438954e-05,3.000886729494772e-05,0.0065061749408535,8,,
albert-base,22,12,67.13426853707415,64.6,455451253,3.488711260472327e-05,0.0689421727198874,0.1375415033896944,7,,
albert-base,22,13,55.51102204408818,55.4,635611853,9.54288824170534e-06,0.0205099761124366,0.0146397128335936,8,,
albert-base,22,14,66.13226452905812,68.6,1193786676,3.3744327340578594e-05,0.0020979591268573,0.0368127543198846,2,,
albert-base,22,15,64.32865731462925,68.8,1427339900,6.616777561431757e-05,0.0074228433138765,0.1089158778032509,7,,
albert-base,22,16,49.298597194388776,52.2,917851545,5.023247227367254e-06,0.025087447976136,0.069395189724185,8,,
albert-base,22,17,60.120240480961925,58.6,243404653,4.6572815088541896e-05,0.0001927186557461,0.1939972637342053,7,,
albert-base,22,18,67.53507014028057,69.4,314322212,2.5962306630014897e-05,0.0023539670192483,0.1640382175054049,6,,
albert-base,22,19,50.70140280561122,50.0,108026215,9.792472598094748e-05,6.0738522157529874e-05,0.1368867025379998,7,,
albert-base,22,20,63.12625250501002,67.4,2147438379,3.630530597507411e-05,0.0018903032999006,0.0759888821191852,6,,
albert-base,22,21,65.13026052104209,65.8,1725510058,1.4116323119161171e-05,0.0142245018378003,0.1748619199647537,4,,
albert-base,22,22,54.30861723446894,54.4,1067339700,5.888429121869202e-06,0.0015146512412074,0.0524461950277284,6,,
albert-base,22,23,49.49899799599199,54.6,723961775,7.537485727569565e-05,0.0024282887539206,0.0325791443321895,6,,
albert-base,22,24,63.12625250501002,66.0,1528846276,7.755984315409897e-06,0.005008671460949,0.1773550261348191,4,,
albert-base,22,25,65.33066132264528,65.8,1058107087,2.4982724526352897e-05,0.0340638552914676,0.0341199401037092,2,,
albert-base,22,26,63.92785571142284,65.6,352359142,9.287169648768437e-06,0.0004555097821401,0.0855192764165053,4,,
albert-base,22,27,54.30861723446894,56.2,2084032614,3.748234700768422e-05,0.0236902988200544,0.0013251123629136,2,,
albert-base,22,28,60.120240480961925,59.4,1849875003,1.3891787867586418e-05,1.457529191238332e-05,0.0377685735059501,4,,
albert-base,22,29,60.721442885771545,66.6,951302511,1.1029397058290426e-05,0.0003482676025667,0.1609176697102835,7,,
albert-base,23,0,67.66467065868264,69.26147704590818,1199159963,1.5805011619952673e-05,0.0005826341786403,0.0446056912307387,9,,
albert-base,23,1,72.45508982035928,69.46107784431138,1536866689,5.135295691089277e-05,0.000194682408116,0.0561621373592601,10,,
albert-base,23,2,57.884231536926144,55.28942115768463,1389962954,6.917137552447607e-06,3.732675499413565e-05,0.0724734283471986,10,,
albert-base,23,3,59.4810379241517,57.48502994011976,1000292536,1.0590871977846836e-05,0.0082593012584551,0.0117806822133679,6,,
albert-base,23,4,70.65868263473054,71.25748502994011,338745952,3.82973293907322e-05,0.0002741506987737,0.0815192618810697,9,,
albert-base,23,5,62.2754491017964,63.27345309381238,186434479,6.182889777567659e-05,0.0006435894829205,0.1552151788082209,7,,
albert-base,23,6,65.46906187624751,69.66067864271457,575436944,5.289748902737708e-05,0.0052891152320586,0.0452152924221997,6,,
albert-base,23,7,53.49301397205589,57.28542914171657,504227169,1.376907590745354e-05,0.0002368955875556,0.0447350660461381,4,,
albert-base,23,8,53.293413173652695,48.30339321357285,886586650,7.359956811001266e-05,0.000357063403323,0.1730555352139322,5,,
albert-base,23,9,68.26347305389221,71.05788423153693,1374264654,3.153274177555245e-05,6.49562058840524e-05,0.1664384525414987,5,,
albert-base,23,10,57.28542914171657,56.88622754491018,1298562524,3.202241814941603e-05,2.909436796593451e-05,0.1490922521676912,3,,
albert-base,23,11,68.6626746506986,66.46706586826348,706112611,1.0085724540537997e-05,0.0037168449946971,0.0115000880794675,7,,
albert-base,23,12,63.87225548902195,67.46506986027944,478260263,9.38674209715744e-05,0.0026448372997679,0.1198899262187222,6,,
albert-base,23,13,67.66467065868264,69.46107784431138,404166669,2.2951241499559856e-05,0.0021841574759554,0.1697793412434814,6,,
albert-base,23,14,68.46307385229541,72.0558882235529,2083669699,6.395611982980906e-05,0.000217047087982,0.1063046048449214,4,,
albert-base,23,15,64.47105788423154,67.66467065868264,1374497606,5.098186024880981e-05,0.0001123721174867,0.0315783253151027,10,,
albert-base,23,16,70.45908183632734,73.25349301397206,886451563,2.5176167726052866e-05,6.401207426676167e-05,0.1245942347224547,8,,
albert-base,23,17,58.68263473053892,57.08582834331337,871129161,8.355311517003793e-06,0.0116203375095469,0.04786878102966,7,,
albert-base,23,18,56.08782435129741,57.08582834331337,1417591187,1.3991391188966472e-05,0.0014552123242977,0.1616359956531416,2,,
albert-base,23,19,68.8622754491018,71.25748502994011,1237075495,2.410070381450377e-05,1.102373398261689e-05,0.1614704474678699,9,,
albert-base,23,20,67.46506986027944,65.26946107784431,985032641,7.68277993725798e-05,0.0001444369858068,0.1267848510349881,3,,
albert-base,23,21,66.86626746506985,65.46906187624751,1655539152,1.651813715687873e-05,0.0003522103527905,0.0865540937122023,6,,
albert-base,23,22,55.68862275449102,57.884231536926144,248725635,9.525966214193472e-06,3.1831792431828205e-05,0.1852111008325528,2,,
albert-base,23,23,61.27744510978044,55.48902195608783,1898574119,1.0124601209608773e-05,0.0009314908581623,0.0598602297644831,9,,
albert-base,23,24,65.6686626746507,62.6746506986028,1343210320,6.674218324010206e-06,0.010330236214695,0.175112034021926,5,,
albert-base,23,25,70.65868263473054,69.86027944111777,317316810,2.095101065369807e-05,0.0335787099477722,0.1018204781059584,9,,
albert-base,23,26,53.293413173652695,48.30339321357285,1532146213,9.903445791324064e-05,1.530673633049067e-05,0.0562559089936698,7,,
albert-base,23,27,66.66666666666667,63.67265469061877,1357319962,7.125843682585259e-06,0.001989710125105,0.1883023644660342,6,,
albert-base,23,28,67.26546906187625,67.86427145708583,1780296519,1.270792295050427e-05,0.0010302129072925,0.1318558456051941,4,,
albert-base,23,29,65.06986027944112,66.66666666666667,1688782405,8.679943431309076e-06,0.0005012565170538,0.0303420748458458,5,,
albert-base,24,0,55.95238095238095,51.58730158730159,56273989,5.28726151285996e-05,0.0086938302056615,0.1850031136794105,4,,
albert-base,24,1,68.45238095238095,68.25396825396825,219424746,3.552350347872052e-05,0.0663229814067189,0.1977850838774096,9,,
albert-base,24,2,59.12698412698413,58.333333333333336,187179866,1.0226795264608935e-05,3.523503171701351e-05,0.0164320559416514,2,,
albert-base,24,3,65.27777777777777,67.26190476190476,538731305,2.4034862577275168e-05,0.0001260497662637,0.1742969915265686,5,,
albert-base,24,4,61.30952380952381,65.27777777777777,873338828,3.727560908330337e-05,4.540417812036739e-05,0.137983080802741,3,,
albert-base,24,5,51.98412698412698,49.8015873015873,1149381792,8.627826265943141e-05,8.384207881219081e-05,0.0936949159146898,6,,
albert-base,24,6,54.36507936507937,58.73015873015873,2146333107,1.3567726236754731e-05,0.0026465680896098,0.1276592500681504,5,,
albert-base,24,7,55.55555555555556,54.96031746031746,926938117,2.1204600795752296e-05,0.0712607382684482,0.1469972637249965,5,,
albert-base,24,8,69.44444444444444,66.26984126984127,603153985,2.2258385512388952e-05,0.0002698649815733,0.0811469737727895,4,,
albert-base,24,9,48.01587301587302,50.198412698412696,326178417,8.87053003383268e-05,8.491195565005228e-05,0.0443153685711554,3,,
albert-base,24,10,57.93650793650794,59.12698412698413,1099365758,6.4219899503929655e-06,0.0010569122826338,0.0724646515246535,9,,
albert-base,24,11,66.66666666666667,66.86507936507937,1921595144,1.453744097831202e-05,3.524755286652477e-05,0.1054783627921968,3,,
albert-base,24,12,67.06349206349206,64.48412698412699,1696248102,7.668487150376774e-05,0.0314202263238418,0.0755276168455967,9,,
albert-base,24,13,60.51587301587302,63.69047619047619,1852580868,6.533985401448298e-06,0.0255812701455705,0.1631162059913035,7,,
albert-base,24,14,61.507936507936506,63.49206349206349,491718800,9.610120381498252e-06,0.0735771617688995,0.0703244894073164,4,,
albert-base,24,15,61.507936507936506,58.333333333333336,598921707,1.8490826699805784e-05,0.0059312099290483,0.1797306883626338,3,,
albert-base,24,16,49.20634920634921,50.198412698412696,795580445,6.074536233465994e-05,2.5253528679957e-05,0.0901800961203812,2,,
albert-base,24,17,70.23809523809524,68.84920634920636,1304891096,3.4990243062807866e-05,0.0035813657177478,0.0637072979856288,10,,
albert-base,24,18,60.51587301587302,59.72222222222222,1323625153,2.0331525588748917e-05,0.0068057227414447,0.1907111207653407,10,,
albert-base,24,19,65.07936507936508,64.48412698412699,500417262,9.113753316928926e-06,0.0056554527553562,0.1225882357418727,9,,
albert-base,24,20,67.85714285714286,69.44444444444444,1264198960,2.723276769261469e-05,4.035794878808268e-05,0.0572845818725351,3,,
albert-base,24,21,59.92063492063492,61.90476190476191,1658790839,2.1356663718484392e-05,0.0568712827362616,0.1463658664830684,10,,
albert-base,24,22,58.73015873015873,59.12698412698413,1596319407,5.0224609110828576e-06,0.0004506250548301,0.1186522007414082,5,,
albert-base,24,23,57.34126984126984,56.15079365079365,1628771030,1.628027361903164e-05,0.0008101749849089,0.1754423601457274,7,,
albert-base,24,24,60.31746031746032,63.29365079365079,620007883,1.8743217269252757e-05,0.0022738345696677,0.1801563443294704,3,,
albert-base,24,25,64.08730158730158,65.87301587301587,366279816,1.1703069035052244e-05,0.0028594880159259,0.0469074909995295,4,,
albert-base,24,26,73.01587301587301,71.42857142857143,1140936450,3.865802990055607e-05,0.0191559972083206,0.11645465939404,6,,
albert-base,24,27,58.53174603174603,59.72222222222222,830938999,5.874391786022825e-06,0.0016180757603466,0.1954174450285628,9,,
albert-base,24,28,59.72222222222222,62.1031746031746,1249281075,1.938635723951462e-05,2.937422727038028e-05,0.1458177199765663,8,,
albert-base,24,29,48.01587301587302,50.198412698412696,203777064,8.599099022454244e-05,0.0004245363307908,0.1560102557388241,6,,
albert-base,25,0,49.8015873015873,49.20634920634921,235853830,4.416731534234497e-05,6.944672508659015e-05,0.0205681345514329,5,,
albert-base,25,1,63.49206349206349,66.07142857142857,1503463784,8.937133592769714e-06,5.889629252835476e-05,0.0046028365779522,9,,
albert-base,25,2,51.388888888888886,55.35714285714285,1746968137,6.648401154037094e-06,0.0130092434612772,0.1397626253005674,2,,
albert-base,25,3,58.53174603174603,65.67460317460318,922515464,5.816634274236574e-06,0.0951675519354621,0.1092704376140087,5,,
albert-base,25,4,58.53174603174603,61.11111111111112,2086551826,6.624085353177252e-06,0.0002952539417711,0.0500356862918687,9,,
albert-base,25,5,49.8015873015873,49.20634920634921,1342351363,8.323989619589277e-05,0.0001218589388963,0.0265294607550803,5,,
albert-base,25,6,64.28571428571429,66.86507936507937,439898770,1.926161650362336e-05,0.0001247457242578,0.0804397160167685,5,,
albert-base,25,7,64.48412698412699,68.25396825396825,367320305,7.576974581306964e-05,1.397560573445393e-05,0.037921374665025,8,,
albert-base,25,8,67.65873015873017,68.84920634920636,744460227,6.454495844851867e-05,0.0001376737098842,0.1547178609521673,8,,
albert-base,25,9,63.888888888888886,68.05555555555556,1777741812,5.232617323501999e-05,0.008890931909871,0.0978068171694862,6,,
albert-base,25,10,62.3015873015873,63.49206349206349,69764582,1.634034468461168e-05,0.0264121053875455,0.1689465855219249,7,,
albert-base,25,11,65.27777777777777,70.23809523809524,710139881,8.280691957750146e-05,0.0216294990812658,0.0842458835493695,8,,
albert-base,25,12,56.94444444444444,61.507936507936506,1609713142,6.087214984125492e-06,0.0027877131435224,0.0012859287262351,5,,
albert-base,25,13,69.44444444444444,66.07142857142857,369400490,1.3523675279061526e-05,0.0023673421800391,0.1917019890004659,4,,
albert-base,25,14,53.17460317460318,53.57142857142857,1153902011,8.708994563821692e-06,0.031373695929506,0.0891574637679183,7,,
albert-base,25,15,56.94444444444444,59.523809523809526,532274756,6.809047869193201e-05,0.0016177549621655,0.0153784673695787,6,,
albert-base,25,16,66.86507936507937,72.02380952380952,2003060901,7.168961618026756e-05,0.0518187892716747,0.1982822460545752,4,,
albert-base,25,17,61.507936507936506,66.86507936507937,476085958,4.07006988757277e-05,0.0004843527325978,0.1246473955013467,8,,
albert-base,25,18,50.79365079365079,49.007936507936506,1602216904,5.139512914457551e-06,0.0776980192408822,0.1221148410769433,6,,
albert-base,25,19,53.96825396825397,55.55555555555556,2009960651,9.281280444601047e-05,0.0062418185949242,0.1012821040674008,10,,
albert-base,25,20,55.55555555555556,58.333333333333336,460376931,3.229651884302267e-05,8.408905269763937e-05,0.0071273621262015,6,,
albert-base,25,21,49.8015873015873,49.20634920634921,1137207142,8.057098865971461e-05,0.0004452940031012,0.0230322893768657,4,,
albert-base,25,22,66.46825396825396,71.23015873015873,334406334,4.5956352481217206e-05,0.0003085549391497,0.0728277969131563,8,,
albert-base,25,23,63.29365079365079,63.49206349206349,314940715,1.7346133292317687e-05,0.0007698521337766,0.1652771184805227,8,,
albert-base,25,24,60.71428571428572,59.92063492063492,564626264,8.373380592508156e-06,0.000337532199531,0.1175275189277199,10,,
albert-base,25,25,68.65079365079364,71.03174603174604,1015378088,2.1602170930631205e-05,0.0010603570840833,0.0854343509932601,7,,
albert-base,25,26,65.27777777777777,68.05555555555556,1031576288,1.813242613013598e-05,0.0475165985780944,0.1826377013905844,9,,
albert-base,25,27,58.13492063492063,64.88095238095238,62800678,1.0144076995854243e-05,3.328549987543175e-05,0.043642951678112,6,,
albert-base,25,28,56.94444444444444,57.53968253968254,1074561796,7.263987820148599e-06,0.0008212677086953,0.1303806843066985,10,,
albert-base,25,29,61.70634920634921,66.26984126984127,1169560582,1.2969093721396972e-05,0.0230289554874067,0.1819633211498361,10,,
albert-base,26,0,68.15533980582525,67.96116504854369,1124229117,2.476452862599033e-05,1.5313558054790164e-05,0.1167659282252685,8,,
albert-base,26,1,60.0,62.13592233009709,660632911,3.8956657735121736e-05,6.90112472145144e-05,0.0591855872940847,6,,
albert-base,26,2,66.79611650485437,68.7378640776699,1806232517,6.710295219857702e-05,0.0312107831111667,0.1861162776147467,3,,
albert-base,26,3,60.77669902912621,57.28155339805825,1391526417,2.3285297903571777e-05,0.0067985843991277,0.1807512645566506,3,,
albert-base,26,4,51.067961165048544,53.398058252427184,1149312809,7.737619075295827e-06,0.0017301896922333,0.0479447833586028,3,,
albert-base,26,5,67.18446601941747,67.18446601941747,309431806,3.389546011178554e-05,2.1106643619823928e-05,0.0875774537719334,7,,
albert-base,26,6,57.28155339805825,56.6990291262136,1202359016,4.237054611837761e-05,0.0013636711394216,0.0057309478444942,2,,
albert-base,26,7,53.78640776699029,54.36893203883495,791890986,4.946411990808016e-05,0.0118639972412442,0.0106812673605941,9,,
albert-base,26,8,64.27184466019418,64.27184466019418,1973291572,9.421907699512726e-06,0.0007192820401495,0.056908794610821,6,,
albert-base,26,9,55.922330097087375,57.66990291262136,462066551,9.843579788663728e-05,3.257848190707956e-05,0.0884549966053151,7,,
albert-base,26,10,47.76699029126213,49.51456310679612,187008946,4.92627359208192e-05,5.080590938634333e-05,0.1541157442120873,8,,
albert-base,26,11,59.02912621359224,60.77669902912621,165552400,2.344759645555913e-05,0.0003040375880052,0.0948230629547613,10,,
albert-base,26,12,66.2135922330097,64.66019417475728,850670422,4.269197691729047e-05,0.0013991937082355,0.1724594015189263,2,,
albert-base,26,13,60.0,59.41747572815534,2047760909,6.905099460775523e-06,6.132455549167876e-05,0.0183982255499655,4,,
albert-base,26,14,58.44660194174757,53.980582524271846,674751498,6.050766421271017e-05,0.0049890969906942,0.1340583530834767,6,,
albert-base,26,15,66.40776699029126,67.37864077669903,1462431557,6.366946282309551e-05,0.0003615290658254,0.1514656871650843,9,,
albert-base,26,16,64.85436893203884,64.85436893203884,2045991803,2.7358219782175293e-05,0.0078549109710432,0.0247983526730112,3,,
albert-base,26,17,60.77669902912621,59.22330097087379,2017177150,7.930883028366577e-06,0.0132990969906402,0.1781191327043464,5,,
albert-base,26,18,63.10679611650485,62.9126213592233,1170547073,7.833894809465959e-06,0.0005904802404983,0.0658134617052123,5,,
albert-base,26,19,57.47572815533981,57.86407766990291,356469985,6.0331775537611695e-06,7.186679465345413e-05,0.0899949856102463,8,,
albert-base,26,20,53.20388349514563,53.20388349514563,762722276,9.278036980512004e-06,1.9362857785813407e-05,0.0740277138523841,3,,
albert-base,26,21,70.09708737864078,68.93203883495146,558761688,3.323077592115311e-05,0.0006445179637417,0.0531761216364173,10,,
albert-base,26,22,66.2135922330097,66.60194174757281,224519879,5.45946326033993e-05,0.0002038755394106,0.1187142585640361,7,,
albert-base,26,23,47.76699029126213,49.51456310679612,616865545,7.781466837883735e-05,0.0027509308688711,0.0798504595057626,6,,
albert-base,26,24,51.067961165048544,56.310679611650485,504689626,5.6492271167723984e-05,0.0003881311320861,0.1948803054275323,7,,
albert-base,26,25,63.883495145631066,62.9126213592233,1712450562,7.874781772287e-06,0.0501132156771604,0.1453431281865633,9,,
albert-base,26,26,47.76699029126213,49.51456310679612,1008033466,5.141926610682657e-05,1.862069560871873e-05,0.0149842616067801,3,,
albert-base,26,27,65.04854368932038,59.61165048543689,513420574,1.291884720100178e-05,2.1237360861229367e-05,0.0368295715932745,3,,
albert-base,26,28,62.71844660194175,65.4368932038835,380910652,5.7001846477922666e-05,0.0003963443919466,0.1141219071639821,3,,
albert-base,26,29,64.46601941747574,63.10679611650485,1563064048,1.816563915297061e-05,0.016041270608611,0.1686683880860972,2,,
albert-base,27,0,61.1439842209073,64.56692913385827,406591928,8.268306966124334e-06,0.0911368567570595,0.1375150191205351,4,,
albert-base,27,1,52.66272189349112,53.1496062992126,2003178333,5.451358969701587e-06,0.0093051978742713,0.0852239788612298,10,,
albert-base,27,2,63.70808678500986,65.15748031496064,284429171,1.068575293745514e-05,0.0562088761660019,0.017320522302415,4,,
albert-base,27,3,55.62130177514793,51.37795275590551,209140406,8.826391048728587e-06,0.0073206221513527,0.0998655736842185,10,,
albert-base,27,4,58.185404339250496,56.69291338582677,162762219,6.393986298098976e-06,0.0027304617957474,0.0524140120670816,2,,
albert-base,27,5,56.01577909270217,56.88976377952756,814008666,5.902968425686846e-06,0.0001043570780228,0.0099243001264622,10,,
albert-base,27,6,54.4378698224852,51.181102362204726,1254485668,5.346034889108224e-06,0.0096624269343363,0.049447470658663,7,,
albert-base,27,7,64.1025641025641,65.94488188976378,1153760955,2.1550533099011623e-05,0.0048202033271317,0.020869537053728,3,,
albert-base,27,8,67.25838264299803,69.09448818897638,1183413498,1.757018925182332e-05,0.0127923509586668,0.0866566328567212,5,,
albert-base,27,9,55.226824457593686,57.28346456692913,90749607,5.918732922702985e-06,0.000566314776015,0.0153461306619938,8,,
albert-base,27,10,72.18934911242603,70.2755905511811,738880309,2.2907583912501548e-05,4.9317437252874826e-05,0.1068582782454947,8,,
albert-base,27,11,68.04733727810651,67.91338582677166,1671352457,1.4154430372482029e-05,0.0196605234603111,0.0808634758392815,10,,
albert-base,27,12,53.057199211045365,55.90551181102362,1575272854,5.566919359627671e-06,8.536212150128714e-05,0.1909374476211119,6,,
albert-base,27,13,52.071005917159766,59.05511811023622,1541816034,7.032613992615507e-05,0.0295818442782944,0.026250669120309,7,,
albert-base,27,14,63.1163708086785,66.33858267716535,2135457147,1.220035811764003e-05,0.0201340821077276,0.1098632473908791,10,,
albert-base,27,15,53.25443786982248,58.07086614173228,253263106,1.8261841775419365e-05,0.000547204004786,0.0716017903393705,2,,
albert-base,27,16,57.59368836291913,58.85826771653543,2043750883,4.3877746642487935e-05,0.017141367288934,0.002721009614369,9,,
albert-base,27,17,69.42800788954635,71.65354330708661,455622128,4.5303390820979545e-05,0.0018657183748891,0.1280092600113377,10,,
albert-base,27,18,57.19921104536489,54.52755905511811,1062233140,5.787937303842539e-06,0.0053071152437663,0.1142113298098495,2,,
albert-base,27,19,71.99211045364892,72.83464566929133,1981285911,4.671741649289856e-05,3.25613793391716e-05,0.1107792689594053,5,,
albert-base,27,20,69.03353057199212,69.29133858267717,815182311,4.3299645287201535e-05,0.0087358811256512,0.1272977535577537,4,,
albert-base,27,21,54.63510848126233,56.49606299212599,234037207,1.1361455784909005e-05,8.287570009916336e-05,0.0620038569102194,5,,
albert-base,27,22,47.53451676528599,52.16535433070866,531617558,7.332601931680515e-05,0.0002363422103621,0.0118678241489077,6,,
albert-base,27,23,59.36883629191321,59.05511811023622,498269459,2.202523381422212e-05,0.0150707402870799,0.1504016233301706,7,,
albert-base,27,24,54.24063116370809,55.90551181102362,1370697388,1.4718815639999978e-05,0.0003489726085243,0.0123463655199843,3,,
albert-base,27,25,56.41025641025641,60.62992125984252,456624589,1.22025719945176e-05,0.0914675388406833,0.1654623381578146,8,,
albert-base,27,26,47.53451676528599,52.16535433070866,128507157,6.874448697855948e-05,0.0009528292045249,0.0528442149015092,10,,
albert-base,27,27,67.65285996055226,69.88188976377953,1421377156,6.423443890261168e-05,9.650020612081872e-05,0.0797797084503346,9,,
albert-base,27,28,59.36883629191321,63.976377952755904,69035058,6.61360678807298e-06,0.0001287537126063,0.199877659591996,6,,
albert-base,27,29,61.341222879684416,61.41732283464567,2015439983,1.0864490164468814e-05,0.0068285145375845,0.0489052897288239,10,,
albert-base,28,0,59.11823647294589,57.6,1711821132,1.4915083650573585e-05,0.0002080711347996,0.1085833647832868,2,,
albert-base,28,1,69.73947895791584,65.4,1265778027,2.557293335526597e-05,0.0032024854284293,0.1348156417040532,4,,
albert-base,28,2,58.51703406813628,56.2,1533519124,9.003724775494082e-06,0.0032639585767848,0.0543673102263172,10,,
albert-base,28,3,64.32865731462925,62.2,642564223,6.406822129829238e-05,0.0165345262092738,0.1875384128516204,3,,
albert-base,28,4,70.94188376753507,65.4,1424681558,5.6621846744534425e-05,0.0043400584672875,0.0903347646849427,7,,
albert-base,28,5,54.10821643286573,61.0,1338447131,1.030339606924182e-05,0.0001483726998876,0.1770543887543852,7,,
albert-base,28,6,61.32264529058117,63.2,1735929936,4.809432547625456e-05,0.0020776142083626,0.1149631857645726,6,,
albert-base,28,7,70.34068136272545,70.4,2129934281,2.928631267281445e-05,0.0019507444546255,0.0492857951444212,8,,
albert-base,28,8,65.53106212424849,64.6,844114183,5.76425268148051e-05,0.0016144629448118,0.1861431613408317,5,,
albert-base,28,9,71.14228456913828,65.6,14077678,1.9210011000297628e-05,0.0011769700891398,0.1987120533185925,5,,
albert-base,28,10,54.50901803607214,51.4,1717095079,6.583590585627323e-06,2.4872536189398262e-05,0.1996268624863648,5,,
albert-base,28,11,48.296593186372746,46.8,1109632699,6.550367072224013e-06,1.3991212566484063e-05,0.0412523238319126,7,,
albert-base,28,12,68.5370741482966,69.8,1157865470,3.0384684573458554e-05,0.0415824884649823,0.0874247555116316,5,,
albert-base,28,13,51.102204408817634,55.2,661727555,5.2523816682754186e-06,2.7572645057170903e-05,0.0949646307338279,4,,
albert-base,28,14,63.92785571142284,61.0,1137389249,5.9685586548359945e-06,0.0002513452831513,0.1011215538079676,4,,
albert-base,28,15,66.33266533066133,63.6,1274008330,1.2946454616825504e-05,0.0026964162670234,0.1412352614137723,6,,
albert-base,28,16,66.93386773547094,64.6,910109473,3.4165439050772195e-05,0.0046478686302551,0.0950700419382979,9,,
albert-base,28,17,56.1122244488978,52.4,86086083,6.8701269265067884e-06,4.893475643381529e-05,0.1816555404930064,5,,
albert-base,28,18,57.51503006012024,56.0,1179449595,9.372076001042618e-05,0.0052584143250051,0.1022652571702764,8,,
albert-base,28,19,65.13026052104209,67.2,316287943,3.538993105417529e-05,0.0305957927864253,0.1901408770265394,8,,
albert-base,28,20,51.90380761523046,54.8,343773286,9.10064164055412e-06,0.0438078452640628,0.1839548827815134,7,,
albert-base,28,21,56.1122244488978,56.4,682869524,1.0947086770927153e-05,0.0008675024682376,0.1921229567432421,5,,
albert-base,28,22,60.32064128256513,61.2,1036341567,2.329708888295883e-05,7.410557777650311e-05,0.1884253369400007,10,,
albert-base,28,23,52.30460921843687,47.0,663838863,5.66628837473189e-05,0.000143444246209,0.0608060368671128,8,,
albert-base,28,24,64.52905811623246,61.0,575947889,1.3001328491003871e-05,0.0261388610511759,0.1128894266378685,6,,
albert-base,28,25,52.30460921843687,47.0,1004813494,9.52863405357296e-05,0.0782465185821689,0.1978240117281031,4,,
albert-base,28,26,70.14028056112224,69.0,1558707917,2.5719943594167848e-05,0.0769539984839004,0.1102512332295787,10,,
albert-base,28,27,67.73547094188376,63.2,176974056,7.056824339350455e-05,0.0019140147805937,0.1809881077583944,10,,
albert-base,28,28,68.5370741482966,67.2,1030764502,2.175252034934325e-05,0.0024726295651051,0.1578560340661117,9,,
albert-base,28,29,65.13026052104209,65.0,801781792,6.510268599345127e-05,0.001680962673243,0.0297754541851514,4,,
albert-base,29,0,46.771037181996086,50.09784735812133,535227462,8.180927022811619e-05,0.0001147706964187,0.1083043794234739,5,,
albert-base,29,1,54.20743639921722,53.62035225048923,1675780095,7.117660631203509e-06,0.0012351725941678,0.1654154160836745,10,,
albert-base,29,2,66.73189823874755,63.40508806262231,2073401962,4.379296819820528e-05,0.0047609047464103,0.0404941823996162,5,,
albert-base,29,3,64.77495107632095,64.18786692759295,1023962826,6.043213196688339e-06,0.0159363508287429,0.165159083589496,8,,
albert-base,29,4,55.968688845401175,52.05479452054794,638528726,5.331168011782731e-06,0.0727829326023271,0.0388789087747594,7,,
albert-base,29,5,71.0371819960861,71.62426614481409,1732009724,2.5730838263309345e-05,0.0983008718467719,0.131017359164457,7,,
albert-base,29,6,70.84148727984345,69.08023483365949,415733619,8.311557805361919e-06,0.0001271625603229,0.0416035438317498,10,,
albert-base,29,7,68.10176125244618,66.92759295499022,419611439,6.9751181942156775e-06,0.0027082770245335,0.1042228652737893,3,,
albert-base,29,8,70.64579256360078,72.79843444227006,1882790921,4.021146582177521e-05,0.001128804839117,0.1028852115697125,8,,
albert-base,29,9,53.816046966731896,55.57729941291585,1911006010,6.593407949673092e-06,0.0001279527872233,0.1545957425199633,9,,
albert-base,29,10,54.59882583170254,57.3385518590998,1987313250,1.1424093118564652e-05,0.0016101781213033,0.1765924999522785,6,,
albert-base,29,11,52.83757338551859,55.57729941291585,2128127366,1.0997979329953177e-05,0.0009120383993781,0.1773132241441851,3,,
albert-base,29,12,60.86105675146771,64.9706457925636,1381930386,5.538571350152506e-05,0.0956711061629458,0.1668282346548491,6,,
albert-base,29,13,66.92759295499022,67.12328767123287,1828906793,7.186451892952908e-05,0.0003144896767947,0.1782227100588684,9,,
albert-base,29,14,53.42465753424658,54.99021526418787,2088926886,5.600694943118549e-06,0.0027291572438488,0.0781964603042402,3,,
albert-base,29,15,63.40508806262231,61.839530332681015,2006270374,1.5254508310458944e-05,0.0203054003918288,0.1776231437582134,9,,
albert-base,29,16,60.273972602739725,60.07827788649706,393177665,1.461781340376626e-05,0.000124018689209,0.1242049402615223,2,,
albert-base,29,17,70.64579256360078,73.97260273972603,1211698701,4.267565422971484e-05,4.160857869730503e-05,0.1638565175884083,9,,
albert-base,29,18,67.71037181996086,70.0587084148728,289095129,4.736979674079488e-05,0.0735112216970906,0.1422340354656122,3,,
albert-base,29,19,63.99217221135029,64.18786692759295,1850151237,5.567765604552533e-05,1.560669160817001e-05,0.1767091674616598,9,,
albert-base,29,20,58.9041095890411,58.12133072407045,667262578,2.4701482935196325e-05,0.0017436786104016,0.0792098550143556,2,,
albert-base,29,21,60.66536203522505,59.88258317025441,476609492,1.5139181061974564e-05,0.0003976084543039,0.1739164072096183,9,,
albert-base,29,22,67.31898238747554,69.27592954990216,684208662,5.0120464590858624e-05,0.0093607802020385,0.1105214766710984,7,,
albert-base,29,23,63.99217221135029,60.07827788649706,1210660549,3.801974352303492e-05,0.0019082518669703,0.0369033055550778,6,,
albert-base,29,24,57.53424657534247,57.3385518590998,486311484,1.973274944160682e-05,1.6459871293262067e-05,0.1041462197928192,8,,
albert-base,29,25,67.90606653620353,66.92759295499022,1872597613,7.858987427669293e-06,0.0085793061151629,0.1993248673155931,3,,
albert-base,29,26,55.38160469667319,54.01174168297456,1206418067,5.525964196570436e-06,0.0001506762247232,0.0863935293284423,9,,
albert-base,29,27,65.36203522504893,64.77495107632095,1374124586,3.4919303610095454e-05,0.000347344586439,0.1767845824056153,9,,
albert-base,29,28,72.40704500978474,71.0371819960861,940623906,2.836957292087772e-05,1.9692445599398235e-05,0.1386105231940671,9,,
albert-base,29,29,63.20939334637965,60.66536203522505,563920521,3.0090293047121632e-05,0.0001846410705148,0.0293794150408027,4,,
electra-small,0,0,64.84375,62.37816764132553,492649451,2.5861642457897946e-05,0.0006340109318815,0.1049650492817672,9,False,False
electra-small,0,1,64.2578125,63.1578947368421,248271115,8.517184261840745e-05,0.0010115012364072,0.1523176872559684,9,False,False
electra-small,0,2,61.328125,60.42884990253411,693980481,1.5437135286491866e-05,0.0010450936589078,0.1368441675971246,9,False,False
electra-small,0,3,53.3203125,57.1150097465887,818235141,9.08282752181096e-06,2.685966040267316e-05,0.1598290512426027,2,False,False
electra-small,0,4,59.1796875,58.28460038986355,805399503,1.1746665847561225e-05,0.0426043324156733,0.0412812278843354,4,False,False
electra-small,0,5,60.9375,61.20857699805068,1842210372,4.253492722249252e-05,0.0829619570699314,0.0263286820207787,4,False,False
electra-small,0,6,64.6484375,61.98830409356725,319126682,1.0427197838954891e-05,0.0657051210743922,0.1247691475818915,9,False,False
electra-small,0,7,65.625,66.27680311890838,743229436,9.732588705482356e-05,0.0152703834437429,0.0299463187628938,6,False,True
electra-small,0,8,62.109375,62.76803118908382,912956699,9.072351353263976e-05,0.0280239537183977,0.1920256532093252,2,False,False
electra-small,0,9,56.640625,58.28460038986355,1938868893,3.000978935113161e-05,0.0920857463239586,0.0004909077263162,8,False,False
electra-small,0,10,64.0625,64.32748538011695,966718791,3.097816746863338e-05,0.0001129032838973,0.091726778142629,10,False,False
electra-small,0,11,65.0390625,63.74269005847953,195955865,1.2604115859888091e-05,2.8591618617978357e-05,0.1969066186748885,6,False,False
electra-small,0,12,60.15625,59.84405458089669,768435591,8.178953734894397e-06,3.2100651775576145e-05,0.1461685867224766,5,False,False
electra-small,0,13,64.6484375,61.01364522417154,383723422,4.685758625453191e-05,0.0013058133354074,0.056170377497404,9,False,False
electra-small,0,14,60.7421875,60.23391812865497,1577880591,4.169934269384465e-05,0.0888133660497323,0.1116462426899521,9,False,False
electra-small,0,15,67.7734375,64.5224171539961,110243217,6.329083284290233e-05,0.0006594960167728,0.1219454598376466,4,True,False
electra-small,0,16,63.671875,60.23391812865497,1961479541,4.600442704361486e-05,0.0017098818765115,0.1189324015388223,10,False,False
electra-small,0,17,56.4453125,58.08966861598441,2136312603,5.737172197733968e-06,0.0001486400523997,0.0357932478344766,6,False,False
electra-small,0,18,64.2578125,60.23391812865497,496621721,1.02031015500102e-05,0.0002101580569675,0.1793451503060425,8,False,False
electra-small,0,19,62.5,62.76803118908382,1780467579,8.721127755815803e-05,0.0134659460919439,0.1291077561850175,6,False,False
electra-small,0,20,54.296875,55.94541910331384,1853696607,8.70207371159342e-06,0.0017746760105253,0.1438037437175171,6,False,False
electra-small,0,21,64.0625,61.01364522417154,1332525363,5.778297414617484e-05,8.145922868707167e-05,0.1490829188040287,5,False,False
electra-small,0,22,54.296875,55.55555555555556,1498299543,7.27265893291833e-06,0.0020961852340615,0.0555278377513433,4,False,False
electra-small,0,23,62.890625,63.74269005847953,1596648333,5.023711731107936e-05,0.0004600673064616,0.0690021801056665,10,False,False
electra-small,0,24,62.109375,60.42884990253411,1718555368,1.3863463740894072e-05,0.0006768760586295,0.0018475171365407,3,False,False
electra-small,0,25,57.421875,57.1150097465887,1878868198,6.737195010465819e-06,0.0029773138552466,0.0506814874477205,2,False,False
electra-small,0,26,61.1328125,57.30994152046784,1905766314,7.844702424548754e-06,0.0045470247419811,0.1827455457433313,3,False,False
electra-small,0,27,62.5,62.18323586744639,1263548454,9.858749355131982e-06,0.0536618774400699,0.0583964813031676,9,False,False
electra-small,0,28,56.25,58.08966861598441,1002809396,8.9186936497326e-06,1.816697399923517e-05,0.0157370358869353,3,False,False
electra-small,0,29,62.6953125,60.03898635477583,862384079,3.357216296182465e-05,0.0884649879229495,0.1135794375025169,2,False,False
electra-small,1,0,53.83104125736739,53.333333333333336,1998769203,7.189112479602493e-05,0.0001079057892244,0.0707300343346455,8,False,False
electra-small,1,1,59.72495088408645,58.23529411764706,219661571,4.4365153284550525e-05,4.256695560315904e-05,0.0636344406921463,9,False,False
electra-small,1,2,57.76031434184676,59.80392156862745,721928109,1.220454337213294e-05,0.0922533088507352,0.157606653414094,6,False,False
electra-small,1,3,63.06483300589391,65.49019607843137,1454833100,3.8399311988906975e-05,0.0003253547489987,0.0173384181195011,3,False,False
electra-small,1,4,49.31237721021611,49.6078431372549,449913143,5.143951327689923e-06,0.000563273589906,0.1840382675532523,5,False,False
electra-small,1,5,49.70530451866405,52.15686274509804,1984282211,1.39391474105396e-05,0.0001661832268193,0.1241710712848586,2,False,False
electra-small,1,6,57.76031434184676,57.84313725490196,1987099421,6.59121757172543e-05,1.510225614204441e-05,0.1437628618403322,5,False,False
electra-small,1,7,48.52652259332024,48.03921568627451,728140468,7.871105960984036e-06,2.819907611476126e-05,0.0835462907352717,2,False,False
electra-small,1,8,63.26129666011788,63.333333333333336,1059066448,4.158635201382661e-05,0.0094866534782525,0.0557054721017785,6,False,False
electra-small,1,9,57.36738703339882,58.8235294117647,199177845,3.545000454811784e-05,0.0021283925429942,0.0848258234692181,9,False,False
electra-small,1,10,57.56385068762279,58.62745098039216,1097534132,5.051564667157171e-05,0.0295199904113866,0.1774887434604402,4,False,False
electra-small,1,11,64.04715127701375,65.49019607843137,1110269213,3.574756321758838e-05,0.0003454214624185,0.1252819117569504,10,False,False
electra-small,1,12,55.79567779960707,56.07843137254902,2093655847,4.760928339060396e-05,1.6086857645407216e-05,0.1774867804017449,3,False,False
electra-small,1,13,55.99214145383104,55.88235294117647,41352362,3.043175344329791e-05,3.668617298798815e-05,0.1162141151598105,10,False,False
electra-small,1,14,55.0098231827112,55.490196078431374,566850521,2.4802231642467988e-05,0.0418051309303753,0.0572727008303932,5,False,False
electra-small,1,15,48.52652259332024,48.03921568627451,1492270275,5.044008163942203e-06,0.0053148476573152,0.129200517357605,2,False,False
electra-small,1,16,55.20628683693517,55.490196078431374,1742723246,2.655330626659691e-05,0.0025564061263003,0.0306261067472794,5,False,False
electra-small,1,17,49.115913555992144,49.21568627450981,2059238150,7.201505266140023e-06,1.4343809544168803e-05,0.148784728906724,4,False,False
electra-small,1,18,60.90373280943025,62.549019607843135,1595966348,3.222689568380094e-05,0.0008762516852223,0.0552607009948668,7,False,False
electra-small,1,19,49.50884086444008,49.80392156862745,243350399,5.328509800169822e-06,0.0962197981682588,0.1704455158335296,5,False,False
electra-small,1,20,60.90373280943025,66.27450980392157,1336080680,8.289056526086578e-05,7.153505644570586e-05,0.0347057638075059,5,False,True
electra-small,1,21,62.08251473477407,60.19607843137255,1886032454,2.4477093723838755e-05,1.7219374944919302e-05,0.007531225556523,8,False,False
electra-small,1,22,53.63457760314342,55.490196078431374,1236331133,3.233421707659188e-05,0.0191276981809378,0.049936938182828,9,False,False
electra-small,1,23,64.63654223968565,62.35294117647059,122531426,5.982312589608089e-05,0.0108085406757697,0.1306217776093842,9,False,False
electra-small,1,24,56.777996070726914,57.84313725490196,2042278738,6.0184529510698375e-05,0.0006606444388606,0.0737421857482699,2,False,False
electra-small,1,25,54.223968565815326,58.23529411764706,529506521,1.484845448796066e-05,0.0151659785225691,0.1714901477542995,3,False,False
electra-small,1,26,54.616895874263264,57.05882352941177,955324133,1.837212475005352e-05,0.0024995249016343,0.1365011441740627,8,False,False
electra-small,1,27,54.223968565815326,58.431372549019606,1121081401,2.1046854623838303e-05,2.3968143555175127e-05,0.1821052807941595,9,False,False
electra-small,1,28,54.420432220039295,57.84313725490196,1326915204,1.164171752687667e-05,0.0082522205909264,0.0303885507279302,5,False,False
electra-small,1,29,66.79764243614932,65.29411764705883,370973883,7.884559064447686e-05,5.899728579896897e-05,0.1328574480381775,5,True,False
electra-small,2,0,57.001972386587774,58.46456692913386,655252494,5.77503405686423e-05,0.0133858399407379,0.0856659192480978,5,False,False
electra-small,2,1,61.73570019723866,64.1732283464567,1118956201,4.914191461224238e-05,5.873477216439565e-05,0.0102913402134553,3,False,False
electra-small,2,2,48.12623274161736,48.031496062992126,1801912518,6.238675359157851e-06,0.002294607141192,0.0429779317294172,2,False,False
electra-small,2,3,56.60749506903353,55.90551181102362,1329970246,8.226272922716869e-06,0.0133521583035079,0.1612233832853533,10,False,False
electra-small,2,4,58.777120315581854,61.023622047244096,1349523618,7.594883134823866e-05,2.784889595272523e-05,0.1719304143744921,8,False,False
electra-small,2,5,57.59368836291913,60.62992125984252,241713636,7.161346861593338e-06,0.003082626205874,0.162262181897991,5,False,False
electra-small,2,6,49.5069033530572,50.78740157480315,129581461,6.200807721451801e-06,0.0246575252782905,0.0238183267517433,2,False,False
electra-small,2,7,66.27218934911242,62.20472440944882,663363964,5.408918647642967e-05,0.0006653317079998,0.0843804703917458,3,False,False
electra-small,2,8,61.341222879684416,59.44881889763779,1931561317,5.580902100037384e-06,4.7103586373478527e-05,0.0155976137902402,10,False,False
electra-small,2,9,59.96055226824458,59.25196850393701,1039198819,3.260766680171518e-05,0.0007088569183798,0.0848670396140269,8,False,False
electra-small,2,10,55.81854043392505,56.69291338582677,1531218360,2.4408575217879775e-05,0.0067824407669191,0.1929928719921272,8,False,False
electra-small,2,11,55.226824457593686,56.88976377952756,2073774210,4.310106664675729e-05,0.0569941946286315,0.0723075107198377,9,False,False
electra-small,2,12,60.35502958579882,58.66141732283464,425983765,2.5814815188055954e-05,0.0002279912226028,0.1114514281808327,10,False,False
electra-small,2,13,64.69428007889546,61.81102362204725,1739463216,1.949590787673658e-05,0.0001235338956989,0.0482110066815045,9,False,False
electra-small,2,14,69.62524654832347,63.18897637795276,1717698449,3.408192360316434e-05,0.070661250198249,0.0246721094958586,6,True,False
electra-small,2,15,57.98816568047337,59.84251968503937,701994794,1.3040993819793931e-05,0.0156848762652913,0.1620725131013892,9,False,False
electra-small,2,16,68.63905325443787,62.00787401574803,1946940404,4.768002348872485e-05,0.000704225309485,0.1932981470594968,4,False,False
electra-small,2,17,63.1163708086785,65.94488188976378,441099183,8.981595817102976e-05,4.22860945477584e-05,0.107546624917428,6,False,False
electra-small,2,18,51.87376725838264,50.19685039370079,421926036,5.112836192218749e-06,0.000405635955638,0.0475733287732069,3,False,False
electra-small,2,19,54.04339250493096,56.49606299212599,1841855847,5.3157631688499385e-06,0.0066638259241888,0.142101565669252,6,False,False
electra-small,2,20,59.171597633136095,57.874015748031496,1132438971,4.630812626568035e-05,0.00033021158369,0.1450295444093495,6,False,False
electra-small,2,21,58.777120315581854,61.22047244094488,1269303129,8.116605648073329e-06,0.001234173980139,0.0217492342477077,10,False,False
electra-small,2,22,64.29980276134123,62.59842519685039,1606599745,3.6332154743510496e-05,0.0006321291879194,0.0381965352676641,7,False,False
electra-small,2,23,65.28599605522682,65.55118110236221,864292630,8.81771150020391e-05,2.7967175909735944e-05,0.1947106264302858,6,False,False
electra-small,2,24,57.59368836291913,58.267716535433074,327249733,7.570910033689076e-06,0.0171152231772135,0.0474559513747821,5,False,False
electra-small,2,25,48.5207100591716,49.01574803149607,279939367,8.514910470170878e-06,0.0223222163010713,0.0415713342462313,2,False,False
electra-small,2,26,64.69428007889546,62.00787401574803,1958514370,9.615923536414065e-06,0.0005836754792999,0.0408959208895339,10,False,False
electra-small,2,27,58.57988165680474,58.66141732283464,1148484562,6.596395936547942e-05,0.0404578989962863,0.1987145825609768,5,False,False
electra-small,2,28,61.341222879684416,62.79527559055118,1817455549,1.873149061384e-05,0.0004875253094709,0.1252379557679047,4,False,False
electra-small,2,29,68.83629191321499,66.33858267716535,1504768346,1.8532591479380968e-05,0.0012457633907411,0.021743622424184,5,False,True
electra-small,3,0,63.8671875,61.9140625,2065788001,1.7324415536886295e-05,0.0044024808589915,0.1867267339386625,9,False,False
electra-small,3,1,60.3515625,53.7109375,1594166252,2.815971106307679e-05,0.0015486035324691,0.1136655929476412,3,False,False
electra-small,3,2,57.2265625,48.046875,532015686,5.368179708112467e-06,0.0038047894967577,0.0526393704182511,3,False,False
electra-small,3,3,64.6484375,63.4765625,1340925470,1.955746152650583e-05,4.486887374417559e-05,0.0602534996465672,9,False,False
electra-small,3,4,68.5546875,63.28125,1250019783,4.260217681355635e-05,0.0334395864735543,0.0398116959213472,6,True,False
electra-small,3,5,59.9609375,57.421875,1092332555,1.930593889707094e-05,0.0025873567712164,0.0011691470890133,2,False,False
electra-small,3,6,60.15625,55.6640625,668046416,6.759101141472864e-06,3.150564117438066e-05,0.1567120203659099,4,False,False
electra-small,3,7,60.9375,56.4453125,159166591,9.0256616960281e-06,0.0006448701125882,0.1287663162413359,9,False,False
electra-small,3,8,62.3046875,66.015625,1200019987,6.246672396488435e-05,0.0009747481843143,0.0122617130258498,8,False,True
electra-small,3,9,57.6171875,52.5390625,2130006872,1.4603453472124487e-05,0.018802719899224,0.1611642411060541,2,False,False
electra-small,3,10,61.71875,54.6875,430173739,1.1038546293673758e-05,0.0335073243290613,0.1612148104767336,5,False,False
electra-small,3,11,64.6484375,65.234375,2120904430,7.16125891463318e-05,0.0336927776375576,0.108453721500499,5,False,False
electra-small,3,12,61.5234375,57.8125,947664961,2.8293304157647427e-05,0.042422903345695,0.1620350670853322,5,False,False
electra-small,3,13,62.6953125,60.546875,633847321,5.739048635641296e-05,0.0928895912936361,0.0450363455157975,2,False,False
electra-small,3,14,61.1328125,54.296875,1270258848,1.1883745060483408e-05,0.0181933253679966,0.1777618454883219,5,False,False
electra-small,3,15,61.5234375,53.515625,174348758,5.568978639505204e-06,0.0001783866879803,0.0480912498077559,3,False,False
electra-small,3,16,65.8203125,62.109375,1911840365,8.953391456704408e-05,0.0001688854417737,0.1645120273296156,4,False,False
electra-small,3,17,64.6484375,60.15625,217175195,4.273445310200096e-05,5.748707221499616e-05,0.0215152589676468,9,False,False
electra-small,3,18,50.78125,55.2734375,108444303,5.438370909120738e-06,0.0003977981556945,0.148786498143037,2,False,False
electra-small,3,19,60.9375,56.4453125,349271195,2.422546174388653e-05,8.949656165827535e-05,0.1717138594566195,2,False,False
electra-small,3,20,63.4765625,61.9140625,893015628,6.736359030085954e-05,7.777485091062029e-05,0.1612484927028046,7,False,False
electra-small,3,21,58.984375,51.5625,790684947,2.046036692208244e-05,0.000811257071847,0.1893027039678534,3,False,False
electra-small,3,22,64.0625,65.8203125,1442748347,5.716701752280061e-05,9.063021373184828e-05,0.151355393464383,9,False,False
electra-small,3,23,63.4765625,59.9609375,956500160,3.773626240464552e-05,0.0007891098944034,0.1415083383102995,8,False,False
electra-small,3,24,60.7421875,60.15625,1464761521,8.772687218128498e-06,4.185200741330505e-05,0.1926967127084191,8,False,False
electra-small,3,25,66.796875,64.2578125,897689678,3.562853488390594e-05,1.180715212859782e-05,0.1818649433492092,6,False,False
electra-small,3,26,61.1328125,52.734375,1691208508,4.861042713367545e-05,4.544878483106955e-05,0.0624383372559534,10,False,False
electra-small,3,27,65.625,65.0390625,1145520927,3.666375441628951e-05,0.0003528249033143,0.1960534562834675,8,False,False
electra-small,3,28,58.0078125,54.8828125,1869138223,4.231870621228879e-05,0.0001061160414949,0.074002482039679,3,False,False
electra-small,3,29,59.9609375,51.7578125,1508640273,1.324471777857902e-05,0.0018998607627065,0.1940468920823589,3,False,False
electra-small,4,0,63.671875,60.9375,1039445569,6.969350210031548e-05,0.0042063364425186,0.0136412025169829,5,False,False
electra-small,4,1,63.4765625,63.28125,669383110,6.484042956639656e-05,0.0070770224477612,0.1095062987656056,7,False,False
electra-small,4,2,60.15625,60.15625,1322363973,5.183413863956597e-05,0.0004050631089285,0.0397270460097825,2,False,False
electra-small,4,3,60.546875,62.3046875,228252790,3.2666022000897966e-05,0.0181010169706616,0.1421928540751339,9,False,False
electra-small,4,4,63.8671875,63.0859375,1738504480,6.037463897631737e-05,0.0223472991577302,0.1662014395233513,5,False,False
electra-small,4,5,62.5,65.8203125,398056720,8.866237310510698e-05,0.0026136795062086,0.164296348883229,8,False,False
electra-small,4,6,59.1796875,60.15625,1975561424,5.290515596598551e-06,0.0001912296996188,0.0674826464677856,9,False,False
electra-small,4,7,62.109375,60.3515625,1738278986,6.110372232105768e-05,1.827720101215547e-05,0.1705630427142131,8,False,False
electra-small,4,8,59.375,56.0546875,1766813022,7.129382158312672e-06,9.041999755425466e-05,0.1070483195803653,6,False,False
electra-small,4,9,58.59375,57.03125,1928672788,9.371940041282834e-06,0.0007714897707833,0.1629272642260792,4,False,False
electra-small,4,10,58.984375,58.203125,1084198215,8.042998542352506e-06,3.5743386366606806e-05,0.1818468818443503,5,False,False
electra-small,4,11,62.109375,63.671875,1887827616,7.353348468309242e-06,0.0514567527557692,0.0743897374752615,10,False,False
electra-small,4,12,63.4765625,61.5234375,1603107523,6.4193876437371966e-06,0.002023954624905,0.0850736041180445,10,False,False
electra-small,4,13,60.3515625,60.15625,610686233,5.736155841008252e-06,0.0844745865475126,0.0556285538855303,10,False,False
electra-small,4,14,57.03125,61.71875,860551425,2.5950087534577227e-05,6.079309441693424e-05,0.1008381926341531,2,False,False
electra-small,4,15,59.375,57.8125,446339279,5.000795370504167e-06,1.9666039085416413e-05,0.0595717589921711,9,False,False
electra-small,4,16,59.765625,56.25,1648938156,2.9035004348313307e-05,0.001808745435141,0.0140961713343326,3,False,False
electra-small,4,17,58.203125,59.765625,1807410077,1.8430018806676717e-05,0.0027534188391976,0.1986323843417784,3,False,False
electra-small,4,18,60.15625,62.109375,948729834,2.7192594173554355e-05,0.0004937269369401,0.1994759438362494,9,False,False
electra-small,4,19,61.328125,61.1328125,1327591563,1.2341144867934447e-05,0.0078579804229625,0.0035215243058498,9,False,False
electra-small,4,20,58.59375,57.8125,684306756,2.518178020210611e-05,0.0001355570558311,0.0274057624872358,3,False,False
electra-small,4,21,54.6875,59.375,797616073,6.62938269724026e-06,9.450358200554646e-05,0.0992122735680329,4,False,False
electra-small,4,22,62.5,61.9140625,2024929243,5.203178868972821e-05,1.256228929540177e-05,0.1776371454055469,10,False,False
electra-small,4,23,59.5703125,59.765625,332619839,7.684200824916368e-06,0.0749563189253819,0.1576383585291328,7,False,False
electra-small,4,24,59.9609375,57.421875,1331807637,2.824885651724937e-05,1.8190725031085137e-05,0.0972338943562975,10,False,False
electra-small,4,25,58.3984375,57.03125,1343470687,3.541694617891304e-05,0.0171775664556808,0.0553145663813216,2,False,False
electra-small,4,26,60.7421875,63.8671875,936186188,8.542306175585101e-06,0.018891337280213,0.0512136477567214,10,False,False
electra-small,4,27,63.28125,66.6015625,80505706,5.471076956038757e-05,2.4897088855160516e-05,0.0478125725407169,10,False,True
electra-small,4,28,64.84375,61.71875,1972021487,5.071062986415701e-05,0.0057198835977503,0.1466970213251554,6,True,False
electra-small,4,29,60.15625,59.1796875,1036307405,4.188284162270389e-05,0.0001395860438266,0.0560083754961708,6,False,False
electra-small,5,0,61.55378486055777,63.745019920318725,445370345,1.7428499057500237e-05,0.0551135231532341,0.1245527356882015,6,False,False
electra-small,5,1,59.16334661354582,59.16334661354582,1442043539,1.510072522753828e-05,0.017380491542374,0.082646722195519,4,False,False
electra-small,5,2,60.95617529880478,56.374501992031874,572403795,1.410785164511292e-05,0.0053455312384037,0.0615776785486086,5,False,False
electra-small,5,3,64.9402390438247,63.745019920318725,371769539,9.022596772805696e-05,2.4471505068800117e-05,0.198009814530499,9,False,False
electra-small,5,4,63.745019920318725,63.94422310756972,739877967,3.521015912511023e-05,6.0838009588610406e-05,0.1539884852649717,5,False,False
electra-small,5,5,58.16733067729084,60.756972111553786,1983686881,1.092579977502067e-05,0.0046882869272521,0.0452664250028658,5,False,False
electra-small,5,6,64.7410358565737,65.13944223107569,225123255,2.3819689718152613e-05,0.0013668486543977,0.0293279378748979,5,False,False
electra-small,5,7,58.764940239043824,62.15139442231076,2008185254,6.629170930358042e-06,0.0022223055677438,0.1167287778970098,10,False,False
electra-small,5,8,63.54581673306773,66.93227091633466,1450121205,8.524354696985595e-05,0.0052395816674791,0.0241703479599666,5,False,True
electra-small,5,9,64.34262948207171,62.35059760956175,1180234175,2.0863035056826254e-05,0.0014493985009551,0.1326340672998502,10,False,False
electra-small,5,10,58.16733067729084,60.95617529880478,75417358,3.200841787316118e-05,0.0001403169457128,0.1699218061054107,7,False,False
electra-small,5,11,59.56175298804781,64.9402390438247,342738345,7.395742139974446e-05,6.387113837483828e-05,0.13304256364454,6,False,False
electra-small,5,12,65.33864541832669,64.9402390438247,1305869298,1.962175011135333e-05,8.235385865779916e-05,0.0404913546732099,7,False,False
electra-small,5,13,61.155378486055774,64.34262948207171,1565090401,8.029455518785897e-05,0.0039899248743845,0.0361437531849518,6,False,False
electra-small,5,14,64.9402390438247,65.33864541832669,837226648,7.069499695982504e-05,0.0034728777214127,0.0895231284485379,3,False,False
electra-small,5,15,55.776892430278885,58.96414342629482,256260242,5.435373088123279e-06,0.0015821303628199,0.1770118788084,8,False,False
electra-small,5,16,56.77290836653386,57.76892430278885,1244188955,5.592357852740284e-06,0.0815764189665786,0.0880692127221647,7,False,False
electra-small,5,17,60.1593625498008,61.155378486055774,374277112,5.454507292813618e-05,0.0006397941672549,0.0603233458947838,2,False,False
electra-small,5,18,59.7609561752988,62.94820717131474,1119781527,7.216268254267341e-06,0.0774878805558984,0.1170855776384733,10,False,False
electra-small,5,19,62.54980079681275,65.33864541832669,850540475,2.031429421683956e-05,0.0013246596271785,0.1106549104756593,6,False,False
electra-small,5,20,57.569721115537845,58.96414342629482,1222818084,1.2203216860020562e-05,0.0019549006032699,0.0995174906594466,4,False,False
electra-small,5,21,58.56573705179283,59.7609561752988,1523666024,5.412884407434581e-06,0.0117272124639029,0.196603649348637,8,False,False
electra-small,5,22,61.155378486055774,58.56573705179283,381362646,2.792381730162421e-05,4.524978839687612e-05,0.0395893374187544,10,False,False
electra-small,5,23,59.9601593625498,58.56573705179283,1161874306,5.252365392218414e-06,0.0117973667366224,0.1814614563731568,7,False,False
electra-small,5,24,57.569721115537845,61.95219123505976,972080862,8.285275409515399e-06,0.0278149054572778,0.1467398399966158,7,False,False
electra-small,5,25,62.94820717131474,64.14342629482071,611440555,2.8929022321881157e-05,6.365006731399834e-05,0.0157008943527186,6,False,False
electra-small,5,26,55.57768924302789,55.179282868525895,307888658,2.2282346009060265e-05,0.0003449403063935,0.172193410978072,2,False,False
electra-small,5,27,62.94820717131474,62.15139442231076,361490854,2.7711980911359916e-05,0.0007119494214239,0.0442542184326931,3,False,False
electra-small,5,28,58.96414342629482,61.95219123505976,2003382830,4.728152980374443e-05,3.886197452130091e-05,0.0391773357589902,4,False,False
electra-small,5,29,65.73705179282868,66.73306772908367,1532889532,3.558018471772083e-05,0.0637198883445834,0.1924140593992507,6,True,False
electra-small,6,0,53.13725490196079,50.09784735812133,1881338597,5.251793229729335e-06,4.1858261463554026e-05,0.1381156820901481,2,False,False
electra-small,6,1,58.431372549019606,53.22896281800392,235874760,9.99855650335078e-06,6.456818756780612e-05,0.1260462367187914,10,False,False
electra-small,6,2,63.13725490196079,61.64383561643836,748273017,3.325466781487521e-05,0.0122915232285232,0.0709079691243152,9,False,False
electra-small,6,3,65.68627450980392,65.75342465753425,1896807241,4.833754401705528e-05,0.0911579183778388,0.1202361981546261,6,True,True
electra-small,6,4,54.70588235294117,54.01174168297456,409467528,5.711720968066755e-06,9.211861424837389e-05,0.0572135527862551,6,False,False
electra-small,6,5,58.8235294117647,57.72994129158513,976926139,2.7046439815215035e-05,0.0041486653747725,0.0103130601194068,3,False,False
electra-small,6,6,63.333333333333336,61.448140900195696,253203314,7.355422778264007e-05,0.0096175993378812,0.1650093934138473,8,False,False
electra-small,6,7,60.0,62.23091976516634,156077355,1.1162100644982365e-05,0.0015568535692055,0.0776458508844901,5,False,False
electra-small,6,8,57.64705882352941,60.46966731898239,1998855940,1.5103165609771034e-05,0.0052316333227631,0.1052753222290229,5,False,False
electra-small,6,9,63.72549019607843,63.99217221135029,794117701,8.137887364696008e-05,0.0033437606680387,0.1493998403090743,5,False,False
electra-small,6,10,58.8235294117647,59.29549902152642,800600944,1.131563378445445e-05,0.0072087015993636,0.1365261164688399,7,False,False
electra-small,6,11,65.49019607843137,63.013698630136986,571418478,3.299103192546475e-05,9.699735458016135e-05,0.1002065043714058,10,False,False
electra-small,6,12,58.8235294117647,61.05675146771037,897247834,3.965380039928288e-05,8.825994373500136e-05,0.1708272701813161,2,False,False
electra-small,6,13,52.94117647058823,59.68688845401174,1599398888,1.357859804744936e-05,0.0586281024537421,0.05880125202135,2,False,False
electra-small,6,14,59.41176470588236,52.44618395303327,957031544,2.3757136951148182e-05,0.0022431051949558,0.0963070426584583,5,False,False
electra-small,6,15,64.50980392156863,62.03522504892368,1412705582,4.513975284736072e-05,0.0312550869629141,0.0323033356600665,6,False,False
electra-small,6,16,65.09803921568627,62.62230919765166,2029379919,1.1848219533539374e-05,2.2723923479371863e-05,0.1103079185910607,10,False,False
electra-small,6,17,60.588235294117645,57.92563600782779,1602109370,9.179023334572676e-05,0.0002535778077351,0.1763691916194217,10,False,False
electra-small,6,18,54.90196078431372,57.142857142857146,930612398,8.354655665978584e-06,0.0289167005229589,0.0842775694734279,5,False,False
electra-small,6,19,59.6078431372549,56.16438356164384,858887138,5.670581434912677e-05,0.0013048588158296,0.0682445477915723,7,False,False
electra-small,6,20,60.78431372549019,59.49119373776908,73482952,1.0538991352401563e-05,0.0262756389078515,0.1319886744352136,8,False,False
electra-small,6,21,64.90196078431373,63.79647749510763,384075852,5.351501714406212e-05,0.0047810376633882,0.0252492898927899,3,False,False
electra-small,6,22,55.88235294117647,57.3385518590998,360937790,2.023343330325255e-05,0.0134541122038135,0.034661760665878,3,False,False
electra-small,6,23,62.94117647058823,61.64383561643836,1915814791,3.005069811519468e-05,0.0039029203024171,0.0928279822153306,9,False,False
electra-small,6,24,55.09803921568628,56.16438356164384,889341961,5.010856688280259e-05,0.0248273375730872,0.1394018751014039,3,False,False
electra-small,6,25,60.78431372549019,61.64383561643836,1561569499,4.2729337370812856e-05,0.0003486043665648,0.012528520467401,5,False,False
electra-small,6,26,58.03921568627451,56.360078277886494,1752408622,5.355791773931415e-05,0.0008413024080661,0.1779590186549899,2,False,False
electra-small,6,27,53.72549019607843,54.403131115459885,1942498987,6.383968627783125e-06,2.2573251741155427e-05,0.0924474351019658,4,False,False
electra-small,6,28,58.8235294117647,55.77299412915851,340706818,7.600259438637141e-06,0.0633545923614946,0.0001064120229495,8,False,False
electra-small,6,29,60.3921568627451,64.77495107632095,651448815,2.149268920564483e-05,0.005963539896546,0.0880613557399232,4,False,False
electra-small,7,0,60.86105675146771,63.013698630136986,870541833,4.953294314803529e-05,0.0003509384213302,0.1464493694262692,5,False,False
electra-small,7,1,60.86105675146771,62.62230919765166,710625382,1.0849644434908146e-05,3.95861815719536e-05,0.0230856893000989,8,False,False
electra-small,7,2,57.3385518590998,59.09980430528376,2019501698,7.892445020515664e-06,0.0005743732530469,0.1042847216837125,5,False,False
electra-small,7,3,63.20939334637965,64.9706457925636,1935590889,6.451473284786258e-05,0.0859608666835246,0.1741122676280406,10,False,False
electra-small,7,4,60.66536203522505,65.36203522504893,1504080074,2.707676639164414e-05,0.0203092389144871,0.1013978577078317,6,False,False
electra-small,7,5,61.64383561643836,63.99217221135029,239144605,9.82594745059624e-06,1.3351662299021008e-05,0.0347843310094754,8,False,False
electra-small,7,6,63.99217221135029,64.38356164383562,1157261138,1.646230577400352e-05,4.864333361432551e-05,0.1901541415500147,10,False,False
electra-small,7,7,61.05675146771037,64.77495107632095,41755561,1.0478273865531614e-05,0.0024063789475422,0.164289552879593,8,False,False
electra-small,7,8,57.53424657534247,60.46966731898239,1611825616,1.5943492461441536e-05,0.0979456427175159,0.0594243516938602,3,False,False
electra-small,7,9,63.60078277886497,65.55772994129158,697906781,2.562592101484432e-05,2.248253729825837e-05,0.0430019538416675,5,False,False
electra-small,7,10,64.9706457925636,65.16634050880626,142417316,6.960090588389227e-05,0.0002555218847133,0.0370159210845428,6,False,False
electra-small,7,11,57.53424657534247,57.92563600782779,268807755,8.153543682006966e-05,2.471359596029756e-05,0.0343478205033737,6,False,False
electra-small,7,12,65.55772994129158,65.55772994129158,1241230962,1.4474865526483878e-05,0.0010544134984847,0.1651701842293092,8,False,False
electra-small,7,13,65.36203522504893,68.29745596868885,2127932618,7.194012131148843e-05,0.0003337334710801,0.0377481453313809,8,False,True
electra-small,7,14,58.12133072407045,62.23091976516634,2028769314,8.84307558029429e-06,0.0115203043347905,0.1290282162478578,6,False,False
electra-small,7,15,56.94716242661448,56.55577299412916,964080007,6.684485994359435e-06,0.00069265135326,0.1009560756368732,7,False,False
electra-small,7,16,51.46771037181996,52.44618395303327,1725404554,5.646631268063685e-06,0.0001787429962518,0.0551087879791399,2,False,False
electra-small,7,17,63.013698630136986,61.448140900195696,1483359671,1.696006048476728e-05,0.0235929418722568,0.1773422855137657,10,False,False
electra-small,7,18,66.53620352250489,66.73189823874755,1326203131,7.851876895433592e-05,1.5537533781704567e-05,0.1720840252205299,4,True,False
electra-small,7,19,58.9041095890411,59.88258317025441,2073011536,1.3777837951826308e-05,7.506829005416253e-05,0.0861573376298983,10,False,False
electra-small,7,20,61.64383561643836,65.75342465753425,707219283,1.2258816398894248e-05,3.9123411833629656e-05,0.0870643484639319,8,False,False
electra-small,7,21,57.142857142857146,57.92563600782779,2054904863,9.324468806903258e-06,0.0004006711316485,0.0509826452733214,6,False,False
electra-small,7,22,54.20743639921722,53.816046966731896,1772367723,9.925374137777168e-06,0.0026756011405548,0.1117328376849406,2,False,False
electra-small,7,23,59.88258317025441,64.57925636007828,1021675109,2.475451191196273e-05,0.0014696507010801,0.0097250431008582,5,False,False
electra-small,7,24,59.29549902152642,60.66536203522505,1137465612,4.270055917376971e-05,3.210710701437752e-05,0.0598743509546268,2,False,False
electra-small,7,25,56.75146771037182,58.31702544031311,1842134219,1.1371971467215531e-05,0.0402476735907779,0.1826485439849105,4,False,False
electra-small,7,26,61.839530332681015,62.42661448140901,225297545,3.524786434485502e-05,0.0011866198318385,0.0528306295134622,3,False,False
electra-small,7,27,60.86105675146771,60.46966731898239,844681646,2.5913212580921888e-05,0.0001893575659278,0.1928469567184598,5,False,False
electra-small,7,28,58.12133072407045,56.16438356164384,1086220169,2.7200652629564896e-05,1.906002385089598e-05,0.092322312524326,5,False,False
electra-small,7,29,61.64383561643836,59.49119373776908,190397570,4.724363706933933e-05,0.0567450030886275,0.1127645891265639,10,False,False
electra-small,8,0,63.366336633663366,62.055335968379445,800966041,4.835183973654413e-05,0.0002942090873885,0.1082530888406063,3,False,False
electra-small,8,1,64.95049504950495,60.67193675889328,1492606848,8.181629953370962e-05,0.0077228184462894,0.1194783559711475,6,False,False
electra-small,8,2,62.97029702970297,62.055335968379445,1077451205,3.6753591290375554e-05,7.098813942617797e-05,0.1778137011958014,9,False,False
electra-small,8,3,59.00990099009901,59.88142292490119,1906445581,8.890988385796987e-05,0.048185487481025,0.0447505517360385,3,False,False
electra-small,8,4,59.801980198019805,56.91699604743083,958174298,6.302390540889197e-06,0.0001642706609824,0.1206862753512226,10,False,False
electra-small,8,5,54.85148514851485,53.95256916996048,1711429879,6.993622755365557e-06,0.0036403349045055,0.1513015674045012,2,False,False
electra-small,8,6,59.40594059405941,57.31225296442688,1734023592,8.753625291889285e-06,1.6708300265372607e-05,0.1405541991386134,5,False,False
electra-small,8,7,66.93069306930693,64.42687747035573,1648826483,5.915618692366768e-05,0.0058018813424863,0.0095209788251864,4,True,False
electra-small,8,8,61.98019801980198,65.21739130434783,1582364901,8.014429642280186e-05,0.0030855045027169,0.0489928804824181,8,False,True
electra-small,8,9,62.37623762376238,58.89328063241107,1324403695,1.4913187751873869e-05,1.776386227995279e-05,0.1700335627581479,6,False,False
electra-small,8,10,56.03960396039604,53.75494071146245,736736889,5.124959323805478e-06,0.0001945438580646,0.0151625911412343,6,False,False
electra-small,8,11,58.415841584158414,56.52173913043478,467666953,1.2950405034204957e-05,0.000850896759634,0.0972909429657646,5,False,False
electra-small,8,12,63.96039603960397,61.26482213438735,713926915,8.40882047902682e-05,0.0008294209846461,0.1112505982661938,2,False,False
electra-small,8,13,61.58415841584159,61.85770750988142,432400501,6.604859147123895e-06,0.0311188936795895,0.1974937993444457,8,False,False
electra-small,8,14,62.772277227722775,61.06719367588933,1263758549,3.857967952705086e-05,0.0018998038085688,0.1194169227913599,4,False,False
electra-small,8,15,55.84158415841584,56.32411067193676,552561094,4.66719394321952e-05,0.0770259897837125,0.0459036810019889,4,False,False
electra-small,8,16,52.67326732673267,55.53359683794466,2051102148,7.15225921731415e-05,0.0369936823605933,0.0487573178327185,2,False,False
electra-small,8,17,60.0,61.06719367588933,1350043156,7.407811368874735e-05,0.0001138605202128,0.1355873472434125,4,False,False
electra-small,8,18,66.73267326732673,63.63636363636363,1260494607,8.066433546568462e-05,0.0470968167272947,0.0189802660732,8,False,False
electra-small,8,19,65.74257425742574,62.055335968379445,938845869,5.458577052415626e-05,0.0001702956728146,0.1396598334827178,7,False,False
electra-small,8,20,55.24752475247525,53.55731225296443,937093310,1.1901130650000137e-05,0.0206523263808941,0.0998532709725741,3,False,False
electra-small,8,21,60.0,61.26482213438735,1236267131,5.083932091671996e-05,2.0733460998498367e-05,0.1609845023975089,2,False,False
electra-small,8,22,59.6039603960396,55.53359683794466,1221038979,4.549501913218591e-05,1.606030535859825e-05,0.1477886397790413,9,False,False
electra-small,8,23,60.0,58.89328063241107,2057649303,7.952264110460526e-05,7.352219348210395e-05,0.1622527051858296,4,False,False
electra-small,8,24,60.0,59.48616600790514,1751204388,5.215054072309223e-05,0.0019130110841505,0.1062193336379873,10,False,False
electra-small,8,25,64.35643564356435,61.85770750988142,204645983,2.0181385608541075e-05,7.534784167792057e-05,0.116051646478218,6,False,False
electra-small,8,26,54.45544554455446,53.75494071146245,1593085991,8.176212947390235e-06,0.0124105520576897,0.0272673953056883,3,False,False
electra-small,8,27,63.96039603960397,64.42687747035573,1795816070,4.924870423434359e-05,0.0072278649709198,0.0580527861160923,5,False,False
electra-small,8,28,63.366336633663366,59.28853754940712,1382115481,1.4623826169157806e-05,0.0037108307512743,0.1798151740935367,7,False,False
electra-small,8,29,55.64356435643565,54.54545454545455,719117231,5.5181131005640295e-05,0.0007121624755262,0.0400680519297172,4,False,False
electra-small,9,0,62.72189349112426,61.1439842209073,873154383,9.22014182118238e-06,0.0038147610272338,0.1210725988105855,8,False,False
electra-small,9,1,52.85996055226825,55.42406311637081,216821228,7.662427198525278e-06,0.0064662700946057,0.0405168557658416,2,False,False
electra-small,9,2,54.63510848126233,54.63510848126233,1822918427,1.7373646678304596e-05,0.0007104154180693,0.1451518072433914,2,False,False
electra-small,9,3,65.48323471400394,62.52465483234714,645331597,3.530457458715701e-05,0.000176209473884,0.1083682115805978,9,False,False
electra-small,9,4,57.790927021696255,59.36883629191321,1627635673,9.467233925103793e-06,3.4907923736028854e-05,0.0690056207957181,10,False,False
electra-small,9,5,60.15779092702169,59.171597633136095,1641074694,3.527687921601015e-05,0.0189156745462566,0.1683515949441492,3,False,False
electra-small,9,6,57.59368836291913,56.60749506903353,429775542,2.0168627275730535e-05,0.0988311101779124,0.071382712743682,3,False,False
electra-small,9,7,58.185404339250496,59.96055226824458,603928280,1.0375720008168622e-05,0.0003154573646351,0.0410749254219063,6,False,False
electra-small,9,8,62.91913214990138,63.905325443786985,381183905,6.054273694097902e-05,2.5022582281464275e-05,0.097556342503735,4,False,False
electra-small,9,9,64.29980276134123,64.69428007889546,1260935850,3.692481707688247e-05,0.0021410236491831,0.1353976817567944,5,False,False
electra-small,9,10,55.226824457593686,55.62130177514793,1621762737,6.419117096569064e-06,0.0038650786369533,0.1703835342546223,8,False,False
electra-small,9,11,53.451676528599606,53.84615384615385,39762658,6.894320876103423e-06,0.0002170732994783,0.0805507069665452,2,False,False
electra-small,9,12,55.02958579881657,55.62130177514793,1407565866,7.638065843063024e-06,0.0657520634427774,0.1977169289321332,7,False,False
electra-small,9,13,60.552268244575934,59.76331360946745,576972089,6.119503433841734e-06,1.1466594433360575e-05,0.1546083675388183,10,False,False
electra-small,9,14,65.28599605522682,65.48323471400394,1230911944,4.381671117383655e-05,0.0007918291934538,0.1525025968809465,9,False,False
electra-small,9,15,57.396449704142015,57.001972386587774,1162892297,9.966286554085096e-06,0.0211858108105927,0.0734408612573755,2,False,False
electra-small,9,16,53.25443786982248,58.57988165680474,880857212,1.0053750954168512e-05,5.547611162828053e-05,0.0957325259177184,2,False,False
electra-small,9,17,58.97435897435897,60.552268244575934,748420570,2.647115947799582e-05,0.0049404673980217,0.1911583242611976,3,False,False
electra-small,9,18,60.15779092702169,60.552268244575934,644923640,8.486765564649358e-06,0.0018070211601996,0.0464523756780274,8,False,False
electra-small,9,19,59.96055226824458,61.73570019723866,1195928602,1.7228599906799182e-05,1.2525420687534502e-05,0.0990086566891976,10,False,False
electra-small,9,20,57.19921104536489,59.566074950690336,1641481431,5.461652028345442e-05,0.0509976538930966,0.1686787594156269,7,False,False
electra-small,9,21,61.93293885601578,64.49704142011835,426533484,3.0447787796993647e-05,0.000376832020143,0.0372893113285873,5,False,False
electra-small,9,22,62.32741617357002,61.1439842209073,237233036,3.100430006635248e-05,0.0322822828096207,0.0074389265134433,3,False,False
electra-small,9,23,60.15779092702169,60.35502958579882,1826323304,2.7120846291694165e-05,1.0838421657401112e-05,0.1304820508140119,8,False,False
electra-small,9,24,60.946745562130175,61.93293885601578,975076698,9.43086381003055e-05,0.0058270132707394,0.1883170155243231,5,False,False
electra-small,9,25,58.57988165680474,58.777120315581854,31663140,8.022941705128972e-06,0.0001878542154051,0.0522001204823098,7,False,False
electra-small,9,26,66.27218934911242,67.0611439842209,1402257116,6.512760290552614e-05,0.0052842309324023,0.1028434640353978,5,True,True
electra-small,9,27,60.35502958579882,60.74950690335306,1730001788,3.398499723612598e-05,0.0142676977197486,0.0424872016660695,5,False,False
electra-small,9,28,55.42406311637081,58.97435897435897,959199959,2.739613050546008e-05,5.486907140299704e-05,0.1709835887407594,2,False,False
electra-small,9,29,61.1439842209073,63.31360946745562,764169081,4.846285396948621e-05,0.0005336505740981,0.0741894213611761,9,False,False
electra-small,10,0,62.59842519685039,64.1732283464567,600969704,4.707334122940316e-05,4.259223038456499e-05,0.023927078295493,9,False,False
electra-small,10,1,53.54330708661417,50.39370078740158,620957180,7.132096226673248e-06,0.0475270754474037,0.1317144592345079,2,False,False
electra-small,10,2,57.874015748031496,62.00787401574803,1689259927,8.978665641148015e-06,0.003240139155405,0.1399564249666261,10,False,False
electra-small,10,3,62.00787401574803,62.79527559055118,2132646595,2.3695968521969275e-05,0.0546723740473958,0.0595820988781515,4,False,False
electra-small,10,4,55.511811023622045,55.31496062992126,1027613847,1.5107766212814351e-05,0.0011281451876884,0.011232589602078,9,False,False
electra-small,10,5,62.99212598425197,63.77952755905512,1558819840,4.558800677049925e-05,0.0001385993994686,0.0354665816371573,4,False,False
electra-small,10,6,55.511811023622045,58.07086614173228,896748906,5.251937363551907e-05,0.0004563009863731,0.1400212724730189,6,False,False
electra-small,10,7,64.37007874015748,66.53543307086615,194632906,9.58754169446127e-05,0.0001100915704355,0.0027707839650648,9,True,False
electra-small,10,8,54.52755905511811,55.511811023622045,1848529964,2.153170780085301e-05,0.0130903283728355,0.1616899064729476,2,False,False
electra-small,10,9,54.92125984251968,56.10236220472441,1162528082,7.375138452591925e-06,0.0004255912789735,0.1100713497662873,4,False,False
electra-small,10,10,53.74015748031496,56.2992125984252,1845423292,7.986893154149585e-06,0.0020130898142623,0.144280539881124,4,False,False
electra-small,10,11,58.267716535433074,60.8267716535433,324819304,1.4034808778743982e-05,2.1625031637218128e-05,0.186828964027972,9,False,False
electra-small,10,12,57.28346456692913,58.46456692913386,305946820,9.907666217795304e-06,0.0003080562283709,0.1525260650696077,5,False,False
electra-small,10,13,58.85826771653543,59.25196850393701,1053809870,3.3011893168247376e-05,0.0010465874156482,0.0575509888859989,9,False,False
electra-small,10,14,56.49606299212599,58.85826771653543,1526799684,2.0519522764890344e-05,0.0001112992119193,0.0001760818912064,10,False,False
electra-small,10,15,56.69291338582677,56.88976377952756,1108916916,5.740827402096436e-05,0.0086129974661786,0.0909958830055383,3,False,False
electra-small,10,16,57.874015748031496,61.023622047244096,674459142,8.776245402672127e-05,0.0188920701788288,0.0706401770497466,10,False,False
electra-small,10,17,57.874015748031496,57.874015748031496,979606584,6.346960678147702e-06,2.2576107877640057e-05,0.1178145636488341,5,False,False
electra-small,10,18,60.03937007874016,58.66141732283464,191074306,8.635040442815588e-06,0.0086714262011274,0.16670230211032,5,False,False
electra-small,10,19,60.23622047244095,59.645669291338585,319800177,1.7352302196284526e-05,0.0877341403703618,0.0532650513938369,4,False,False
electra-small,10,20,61.023622047244096,65.35433070866142,958803821,1.2538683275771043e-05,0.0002232791052139,0.0377334276744384,5,False,False
electra-small,10,21,62.40157480314961,64.37007874015748,1731279070,2.3271713705489e-05,0.0312390145821981,0.0927858209742219,7,False,False
electra-small,10,22,55.90551181102362,55.31496062992126,1801736264,1.0371425970918243e-05,0.0006453625103465,0.0089320132477944,2,False,False
electra-small,10,23,63.976377952755904,66.53543307086615,580142822,9.8825558844252e-05,0.0177129458363409,0.0871522706404411,9,False,False
electra-small,10,24,55.70866141732284,56.2992125984252,1176047005,5.697810122972187e-06,0.0018245810394428,0.1909609869419159,5,False,False
electra-small,10,25,59.84251968503937,62.99212598425197,1484142580,1.255573506254912e-05,1.119494747158769e-05,0.1156612426772413,3,False,False
electra-small,10,26,60.03937007874016,63.38582677165354,1598234317,5.609258959173507e-06,0.0177292996618629,0.0511978122009209,7,False,False
electra-small,10,27,63.77952755905512,68.89763779527559,1532824248,6.476659203595316e-05,0.0021413692359128,0.08285051055632,5,False,True
electra-small,10,28,55.70866141732284,56.10236220472441,304066020,2.1437884080541693e-05,0.0422177957735563,0.081586989044341,3,False,False
electra-small,10,29,64.37007874015748,60.03937007874016,1088920360,6.733062311184301e-06,0.0005447938364275,0.084316023757784,8,False,False
electra-small,11,0,63.9344262295082,59.71370143149285,1697804137,3.18845253623875e-05,4.273841508005969e-05,0.164597686414306,9,False,False
electra-small,11,1,64.54918032786885,57.464212678936605,401416864,1.571581253221552e-05,0.0003270043137609,0.0288986138193304,6,False,False
electra-small,11,2,56.55737704918032,54.39672801635992,1642778250,3.2124687787061346e-05,0.0016380015155337,0.1291716693792506,2,False,False
electra-small,11,3,61.0655737704918,57.66871165644172,748941825,3.059132526858243e-05,0.0483598482405136,0.0610081133152918,9,False,False
electra-small,11,4,65.77868852459017,61.34969325153374,730502515,9.348395305617396e-05,1.245121498443776e-05,0.1501800362103117,4,False,False
electra-small,11,5,61.47540983606557,54.805725971370144,1287627962,6.312041016169159e-06,0.0686495899220842,0.0041833308581305,6,False,False
electra-small,11,6,68.85245901639344,62.98568507157464,1932145601,2.9146185033131624e-05,0.0191764661407215,0.09763031520534,7,False,False
electra-small,11,7,67.82786885245902,58.07770961145194,1447657267,9.447385886645344e-05,0.0419354064839262,0.195315392918717,4,False,False
electra-small,11,8,64.95901639344262,61.34969325153374,1575315365,5.40319632863184e-05,0.0049460991610081,0.1040544336703061,5,False,False
electra-small,11,9,56.967213114754095,55.41922290388548,1613631145,5.866655022116492e-06,0.0035386592388532,0.071818421885487,4,False,False
electra-small,11,10,63.52459016393443,57.87321063394683,626537104,1.986236625430473e-05,5.084747924611345e-05,0.1781138688712665,10,False,False
electra-small,11,11,61.27049180327869,56.64621676891616,882165993,4.104863973480084e-05,0.0326561391767538,0.0341972270315845,5,False,False
electra-small,11,12,56.76229508196721,53.37423312883436,410002310,1.200379484035801e-05,9.05292556356671e-05,0.0807889008448787,3,False,False
electra-small,11,13,57.99180327868852,56.23721881390593,468642239,5.280975656771485e-06,0.0049534216532161,0.1893322431527188,7,False,False
electra-small,11,14,65.77868852459017,60.94069529652352,661956504,9.117912135716934e-06,0.00187322272337,0.1550016269058684,7,False,False
electra-small,11,15,69.05737704918033,65.439672801636,1995859427,7.869813041575282e-05,0.0008769539905928,0.0145026834122441,6,True,True
electra-small,11,16,61.27049180327869,56.44171779141104,592061977,1.1611649806880633e-05,0.0064977713022387,0.172872488365212,10,False,False
electra-small,11,17,61.47540983606557,55.623721881390594,1153734312,5.208336452997311e-06,0.0232214990485087,0.181633932583412,9,False,False
electra-small,11,18,63.114754098360656,58.69120654396728,1959615441,7.255712542368838e-05,0.0059923387986954,0.180107664232015,3,False,False
electra-small,11,19,57.78688524590164,53.578732106339466,617251869,5.413430183165564e-06,0.0001222951981084,0.1779717600883553,3,False,False
electra-small,11,20,62.90983606557377,61.14519427402863,2461069,5.7409438423055325e-05,0.0047463720618872,0.0246896833559654,5,False,False
electra-small,11,21,67.41803278688525,58.69120654396728,858504082,5.879506699135002e-05,0.0007858250629836,0.1135394000684814,2,False,False
electra-small,11,22,64.54918032786885,58.69120654396728,1727447408,1.0403153444635772e-05,0.0143340854798361,0.1550781750066155,7,False,False
electra-small,11,23,64.54918032786885,56.85071574642127,1305330239,1.4141069386005207e-05,0.0012542307053731,0.0581817512347177,7,False,False
electra-small,11,24,59.42622950819672,53.78323108384458,1630362799,5.012578596750667e-06,1.910977832449785e-05,0.0155826481950343,7,False,False
electra-small,11,25,56.14754098360656,55.214723926380366,513259832,8.86432787092024e-06,0.0094283487320859,0.1543727408993024,3,False,False
electra-small,11,26,63.72950819672131,55.214723926380366,392287679,1.1200820195389751e-05,0.0082835683038385,0.1516406672654285,6,False,False
electra-small,11,27,65.3688524590164,57.05521472392638,1599876444,2.021518205004345e-05,0.0027274952550999,0.0140075052098186,6,False,False
electra-small,11,28,62.90983606557377,56.44171779141104,196301952,7.00100105355101e-06,7.237716708314711e-05,0.008191057727297,10,False,False
electra-small,11,29,68.44262295081967,60.122699386503065,558010499,6.05558494526554e-05,0.0001025895000322,0.0307454035923604,3,False,False
electra-small,12,0,64.96062992125984,58.46456692913386,830896415,2.4213450809725955e-05,0.0436715641496679,0.0087273610887076,10,False,False
electra-small,12,1,64.96062992125984,64.37007874015748,367969478,3.759300053502456e-05,2.106415351044608e-05,0.1537184921481157,10,False,False
electra-small,12,2,49.60629921259842,46.25984251968504,118341523,7.05459179281196e-06,0.0005692199954213,0.1948726268018364,2,False,False
electra-small,12,3,58.66141732283464,53.93700787401575,260785667,4.299488892821088e-05,0.0458598972361144,0.026183354819914,9,False,False
electra-small,12,4,62.79527559055118,59.84251968503937,2091258700,1.5568997036826168e-05,0.0308084847042614,0.0285331705652052,4,False,False
electra-small,12,5,64.96062992125984,58.66141732283464,263775083,2.403886895675516e-05,0.0470168128644352,0.0251210431322976,9,False,False
electra-small,12,6,53.1496062992126,50.39370078740158,1711709625,1.249369732815735e-05,0.0006867133094165,0.1159522502475548,3,False,False
electra-small,12,7,66.14173228346456,62.79527559055118,800205304,4.089890615565032e-05,0.000124587950545,0.1200859374280684,10,False,False
electra-small,12,8,58.46456692913386,54.13385826771653,850134414,5.136975191022084e-06,0.0007001975497142,0.0271790122886088,8,False,False
electra-small,12,9,68.7007874015748,63.38582677165354,1674955671,3.95613798919045e-05,0.0008082776940155,0.1938082748161054,7,False,False
electra-small,12,10,63.77952755905512,60.23622047244095,1507422734,1.2041702037039842e-05,0.0029480396884549,0.1062767955717676,6,False,False
electra-small,12,11,57.67716535433071,55.70866141732284,532490984,1.866245253049615e-05,0.0506297828617191,0.1847262111176192,10,False,False
electra-small,12,12,69.09448818897638,67.91338582677166,2098010665,6.839755865032079e-05,0.0001267764061221,0.05871596306934,5,True,True
electra-small,12,13,61.22047244094488,59.44881889763779,1790217219,1.317680189656587e-05,7.49178614698994e-05,0.1341188889073038,3,False,False
electra-small,12,14,66.14173228346456,61.22047244094488,1290552109,1.414563459408908e-05,1.2743894908623022e-05,0.0019385051945347,8,False,False
electra-small,12,15,56.88976377952756,51.77165354330709,1685344027,1.0998916045250432e-05,0.0012628070687017,0.0667399521602316,10,False,False
electra-small,12,16,56.69291338582677,57.08661417322835,1367821599,2.025556460505541e-05,0.0024291474697925,0.0498834601407372,2,False,False
electra-small,12,17,50.98425196850393,47.83464566929134,1777179370,7.220010075239937e-06,0.0121562387060513,0.120883220079065,4,False,False
electra-small,12,18,61.023622047244096,57.67716535433071,1089148390,1.487502474408737e-05,0.0053754071352451,0.0607836423849651,4,False,False
electra-small,12,19,62.59842519685039,58.85826771653543,1953003626,1.2937962354011814e-05,0.000190018182378,0.1267720363487921,6,False,False
electra-small,12,20,67.51968503937007,61.81102362204725,2144663208,9.095496420479436e-05,0.0008744427946806,0.0314557807703165,6,False,False
electra-small,12,21,64.76377952755905,65.94488188976378,943360536,1.1334439498055872e-05,1.3565675632116453e-05,0.0638686108969354,7,False,False
electra-small,12,22,49.21259842519685,46.45669291338583,1745015033,7.213947477128174e-06,0.0115237795299706,0.0874112823732171,4,False,False
electra-small,12,23,62.00787401574803,57.67716535433071,1780392607,8.244064224752952e-06,7.200666360869079e-05,0.0926644206746289,6,False,False
electra-small,12,24,66.14173228346456,62.40157480314961,1558124780,1.3691724217160498e-05,0.0045888978335574,0.1753348529547857,10,False,False
electra-small,12,25,68.50393700787401,66.14173228346456,63632960,3.95126678273114e-05,0.005596220725395,0.0950840382964694,10,False,False
electra-small,12,26,62.79527559055118,61.023622047244096,1153802906,5.354318894779454e-05,0.0623713346975758,0.1624385286925314,5,False,False
electra-small,12,27,65.94488188976378,62.20472440944882,551535952,7.911956006450141e-05,0.0536280514788149,0.0559254221727406,2,False,False
electra-small,12,28,68.7007874015748,62.00787401574803,881580663,1.2022326859227196e-05,0.010035381215947,0.1688396655589192,9,False,False
electra-small,12,29,57.874015748031496,55.11811023622048,242610924,8.790712067564986e-06,0.0002428988313259,0.152236798728569,6,False,False
electra-small,13,0,61.6600790513834,64.62450592885375,52613546,9.06581625032345e-06,0.0021200513046952,0.1884156432446834,7,False,False
electra-small,13,1,56.91699604743083,60.869565217391305,1213261761,2.536219458260822e-05,0.096973470617837,0.0968868802530029,9,False,False
electra-small,13,2,58.49802371541502,57.31225296442688,191879630,7.41023628769238e-06,0.04989124519253,0.1549933832240397,4,False,False
electra-small,13,3,60.67193675889328,60.276679841897234,1798999460,6.362345408444216e-05,3.925001522479148e-05,0.0177589536105831,8,False,False
electra-small,13,4,57.90513833992095,56.52173913043478,523141414,1.7896040516434947e-05,3.75995185147042e-05,0.0081691198500521,4,False,False
electra-small,13,5,62.25296442687747,66.40316205533597,1573488817,1.9690971071285523e-05,0.0070071538674828,0.0170866311412868,4,False,False
electra-small,13,6,58.69565217391305,56.91699604743083,2082265689,4.040581339117444e-05,4.2924036600957126e-05,0.1828256644261032,9,False,False
electra-small,13,7,60.47430830039526,60.67193675889328,54536557,8.358985621171205e-06,0.0306355996336102,0.0777307332101962,9,False,False
electra-small,13,8,62.64822134387352,63.04347826086956,1962339760,6.933818621041125e-05,0.0002863937473588,0.0155182342045722,9,False,False
electra-small,13,9,60.07905138339921,63.24110671936759,512544023,6.567194535886967e-06,0.0053798397234404,0.1427233888089221,9,False,False
electra-small,13,10,62.055335968379445,61.462450592885375,1262242419,2.9054382953255597e-05,0.0963055703994743,0.0634017176729251,8,False,False
electra-small,13,11,58.49802371541502,57.90513833992095,1071137480,6.179312631527124e-05,1.9406669130924863e-05,0.0374926288437154,5,False,False
electra-small,13,12,59.28853754940712,59.88142292490119,357366875,6.92554777592559e-05,0.0003143941808069,0.0893608759446358,6,False,False
electra-small,13,13,62.055335968379445,59.88142292490119,2078756523,4.797128418244687e-05,0.0554423416103016,0.0017877879496731,6,False,False
electra-small,13,14,58.69565217391305,58.49802371541502,711054679,9.72320333280406e-06,0.0001139784556377,0.1710313425691851,8,False,False
electra-small,13,15,58.30039525691699,59.88142292490119,721840291,5.937297858947853e-06,0.0158246873158126,0.0928330621136075,10,False,False
electra-small,13,16,63.63636363636363,60.276679841897234,1621191629,2.94196969992301e-05,7.888422077505396e-05,0.0413011178706351,10,False,False
electra-small,13,17,59.88142292490119,60.276679841897234,720658947,1.4895094989876332e-05,2.476417545585408e-05,0.0670688434533281,8,False,False
electra-small,13,18,63.43873517786561,61.6600790513834,1768386597,3.1514828133109325e-05,9.850573945958824e-05,0.1512004052066941,9,False,False
electra-small,13,19,62.84584980237154,62.84584980237154,913526801,1.0087613345712972e-05,0.0007182637212604,0.0920961685006216,6,False,False
electra-small,13,20,59.09090909090909,59.68379446640317,240486989,3.190505377049827e-05,0.0039100849780011,0.1028684343592746,4,False,False
electra-small,13,21,66.40316205533597,69.1699604743083,1545921960,7.354041047771352e-05,0.0387250458476385,0.0809737926167406,2,True,True
electra-small,13,22,58.30039525691699,62.45059288537549,753784718,1.6305002053545597e-05,0.0003478759809713,0.0608837414101394,9,False,False
electra-small,13,23,59.09090909090909,60.47430830039526,85279143,3.4949096772524205e-05,0.0160486664544604,0.090843924648161,7,False,False
electra-small,13,24,57.5098814229249,59.48616600790514,1194195000,8.811849091105827e-06,4.96768577359901e-05,0.1547457239688931,8,False,False
electra-small,13,25,57.70750988142292,59.88142292490119,108471833,1.1061765453936844e-05,2.9022434941549086e-05,0.0265711327804823,8,False,False
electra-small,13,26,63.43873517786561,63.83399209486166,1054137512,6.18660256480974e-05,0.0010566250411921,0.0718999946459855,5,False,False
electra-small,13,27,65.21739130434783,68.57707509881423,860374253,5.638316757506135e-05,0.0001992372132396,0.0670596652820829,4,False,False
electra-small,13,28,65.0197628458498,65.0197628458498,511941695,4.3049944362921854e-05,1.5626815474249826e-05,0.1333088025230715,7,False,False
electra-small,13,29,65.61264822134387,66.40316205533597,1158103164,2.366599026449079e-05,0.0215530924664134,0.1264522165676392,10,False,False
electra-small,14,0,51.544401544401545,51.737451737451735,1917951840,5.307108307450452e-06,1.0837865539791869e-05,0.1254293146760463,3,False,False
electra-small,14,1,53.86100386100386,57.335907335907336,44382575,3.231915765364194e-05,0.0145744446169386,0.199049193142631,7,False,False
electra-small,14,2,52.7027027027027,52.8957528957529,15189719,6.6094553105062655e-06,0.0218907572175291,0.0832043343502614,5,False,False
electra-small,14,3,58.88030888030888,59.84555984555985,504267002,6.402294832358278e-05,0.0615141470410937,0.1270828940627082,9,False,False
electra-small,14,4,58.68725868725869,58.49420849420849,906609927,2.53713538825139e-05,0.0030622715273449,0.1243238461879457,5,False,False
electra-small,14,5,63.8996138996139,64.86486486486487,1258090416,4.7188498424300215e-05,2.973851083561003e-05,0.0674895084224829,8,False,False
electra-small,14,6,60.61776061776062,62.54826254826255,285657001,8.500510392241725e-06,0.0078606319071571,0.0612624019926348,9,False,False
electra-small,14,7,59.84555984555985,60.03861003861004,1400096837,5.3514259254672495e-05,0.0005121624753095,0.0760100025872777,4,False,False
electra-small,14,8,63.12741312741313,64.47876447876448,1536895130,3.09481896404233e-05,0.0001819179989406,0.058488710199347,10,False,False
electra-small,14,9,50.77220077220077,53.66795366795367,1649360133,7.811825764546731e-06,0.0020355575633786,0.0589947476104375,2,False,False
electra-small,14,10,61.1969111969112,62.74131274131274,1958344475,3.371948102895931e-05,0.000734545920355,0.0708186692272829,3,False,False
electra-small,14,11,64.67181467181467,63.12741312741313,1081511599,7.581820453686012e-05,2.2040796214768185e-05,0.1664529103631438,7,False,False
electra-small,14,12,63.12741312741313,64.67181467181467,1328957700,2.222473319209228e-05,0.00093061528655,0.0766254449629299,4,False,False
electra-small,14,13,60.23166023166023,57.72200772200773,1000772604,5.763887839362754e-05,0.0001455050936264,0.0075696462045303,7,False,False
electra-small,14,14,61.003861003861005,61.96911196911197,1322206615,7.445970802076584e-06,0.0006119648496179,0.1346796428168962,8,False,False
electra-small,14,15,64.86486486486487,65.44401544401545,1990216340,8.714014946488881e-05,0.0118905072373745,0.0734472989314323,9,False,True
electra-small,14,16,55.79150579150579,53.47490347490348,116262070,2.197619427398637e-05,1.1267962819432317e-05,0.1661156023264569,10,False,False
electra-small,14,17,53.47490347490348,54.24710424710425,1875490247,1.0216866743568146e-05,0.0765605998048593,0.0099296290796788,3,False,False
electra-small,14,18,64.28571428571429,62.74131274131274,1836760355,4.2358022365403824e-05,0.0550442179902301,0.0427898164018862,3,False,False
electra-small,14,19,58.3011583011583,56.37065637065637,1871691576,8.492434047758042e-05,4.657236780734874e-05,0.0359650895163097,7,False,False
electra-small,14,20,64.28571428571429,64.67181467181467,1433008025,7.648305464682227e-05,0.0011483978769183,0.0019362883782226,9,False,False
electra-small,14,21,64.0926640926641,65.44401544401545,273273136,7.353512613536278e-05,0.0142777343578336,0.0193243117878188,6,False,False
electra-small,14,22,62.74131274131274,64.0926640926641,1930021235,6.679546701558633e-05,2.508134434268876e-05,0.0573456460485546,2,False,False
electra-small,14,23,65.25096525096525,65.44401544401545,1339981473,1.7010269139673088e-05,0.0017622374037074,0.1204649310025557,8,True,False
electra-small,14,24,60.810810810810814,63.51351351351352,1261227949,3.14781738530224e-05,0.0001768929254811,0.130144284566659,4,False,False
electra-small,14,25,57.91505791505792,60.61776061776062,1139773620,7.848352587769336e-06,0.0009432909721849,0.0426553421569243,6,False,False
electra-small,14,26,60.810810810810814,65.05791505791505,191268098,1.5183235957684898e-05,0.0162190102391391,0.040355290456762,8,False,False
electra-small,14,27,55.21235521235521,53.86100386100386,333315523,6.046598415820763e-06,1.2800277016763831e-05,0.0451011973033421,5,False,False
electra-small,14,28,53.08880308880309,56.37065637065637,2123064349,7.366922610063779e-06,7.250174476197794e-05,0.1701961712579569,3,False,False
electra-small,14,29,55.21235521235521,56.17760617760618,232354645,2.5548004723887344e-05,0.0036452187168132,0.1583224657810208,9,False,False
electra-small,15,0,54.76190476190476,51.881188118811885,160910833,7.97912812302716e-06,0.0098601581421541,0.1773643563308127,5,False,False
electra-small,15,1,61.90476190476191,60.59405940594059,984672126,8.394551475859225e-05,0.0057121564410394,0.073599991628733,7,False,False
electra-small,15,2,56.15079365079365,56.83168316831683,1974624036,1.0342284010673756e-05,0.0035184657072565,0.1862930376031686,5,False,False
electra-small,15,3,61.70634920634921,57.62376237623762,1547229310,1.545206737956109e-05,0.0315450911349222,0.187861543388699,10,False,False
electra-small,15,4,51.388888888888886,48.71287128712871,1709639813,5.185370722374115e-06,0.0049022588120204,0.0754500329331991,3,False,False
electra-small,15,5,56.15079365079365,53.66336633663367,1699574503,5.220789120141389e-06,0.0371056543662503,0.0808378587336155,9,False,False
electra-small,15,6,60.11904761904762,57.227722772277225,1500063007,3.662900785064017e-05,2.018128748080945e-05,0.1812165843497983,6,False,False
electra-small,15,7,61.30952380952381,63.96039603960397,203628891,7.774690728783987e-05,0.0181503929965056,0.1876219890138776,7,False,False
electra-small,15,8,56.74603174603175,55.24752475247525,11518134,6.087949001249665e-05,0.0014457669484319,0.0149627767987299,7,False,False
electra-small,15,9,52.57936507936508,49.50495049504951,1367640292,5.768725221429865e-06,0.0026812944159518,0.1927132926485572,3,False,False
electra-small,15,10,57.73809523809524,54.85148514851485,1653684037,5.265455608728602e-06,0.0003328306839359,0.0833178900889389,9,False,False
electra-small,15,11,61.90476190476191,61.78217821782178,1306439123,9.53754710810899e-05,0.0444145714811959,0.073168220645364,5,False,False
electra-small,15,12,62.3015873015873,65.34653465346534,1291148227,5.877030089418788e-05,0.032890594804861,0.147930540877472,7,False,True
electra-small,15,13,60.51587301587302,57.02970297029703,592831651,1.0788243956132468e-05,0.0006617115331556,0.0696072093794688,4,False,False
electra-small,15,14,50.99206349206349,48.91089108910891,1904031320,7.517412685687579e-06,0.0002569013666018,0.0815511361960348,2,False,False
electra-small,15,15,58.73015873015873,56.43564356435643,2094378575,1.935895020720786e-05,0.0113533004604232,0.1734706042365298,6,False,False
electra-small,15,16,55.95238095238095,52.47524752475248,2069060944,1.0997678224381169e-05,0.0029554326341717,0.0807235174757452,8,False,False
electra-small,15,17,63.49206349206349,57.227722772277225,2022857607,2.248219193931785e-05,0.0008006854678388,0.0222191507811999,4,True,False
electra-small,15,18,51.785714285714285,48.91089108910891,438375495,7.281423126377736e-06,0.0004573765151469,0.0223692442181868,2,False,False
electra-small,15,19,59.32539682539682,53.66336633663367,1203713045,3.871369294661877e-05,0.0315822812341575,0.0857553871632983,4,False,False
electra-small,15,20,55.35714285714285,52.87128712871287,1803823117,1.6593439207609818e-05,1.3402521561739782e-05,0.12013964886371,2,False,False
electra-small,15,21,60.11904761904762,58.01980198019802,1255214022,1.2920497113672389e-05,0.017276380249594,0.0837807642993626,5,False,False
electra-small,15,22,53.96825396825397,52.277227722772274,1103992178,2.061482467182076e-05,3.4137851044628855e-05,0.1888948688843739,2,False,False
electra-small,15,23,58.13492063492063,54.45544554455446,1554115014,2.48992047871843e-05,0.003423101525387,0.1481517657585123,10,False,False
electra-small,15,24,53.96825396825397,53.86138613861386,1771947502,1.0540422230492608e-05,0.0295579785534388,0.1801637622762546,10,False,False
electra-small,15,25,54.76190476190476,52.47524752475248,2090613203,1.970691276662025e-05,0.0003726514067464,0.0832369622185507,2,False,False
electra-small,15,26,58.73015873015873,58.613861386138616,1812284193,8.661857021036382e-05,1.6299114356308864e-05,0.0661004048980973,3,False,False
electra-small,15,27,58.333333333333336,55.84158415841584,156414749,1.958149351932124e-05,0.0007269654029207,0.0451866340416718,2,False,False
electra-small,15,28,62.5,58.01980198019802,132952612,1.2519619118061409e-05,0.0004615367135437,0.1082521147745734,9,False,False
electra-small,15,29,59.92063492063492,55.64356435643565,560655324,4.755518223075575e-05,0.0038779712712716,0.1064341309481263,4,False,False
electra-small,16,0,59.12698412698413,63.76237623762376,2021676410,1.853472875773945e-05,7.330441907242157e-05,0.0608981187699297,8,False,False
electra-small,16,1,59.32539682539682,60.3960396039604,1282012363,1.1405945274771694e-05,0.0002023331174136,0.1898647129727294,7,False,False
electra-small,16,2,55.95238095238095,54.45544554455446,897596073,1.23929601460935e-05,0.0039296845218972,0.1264087705353332,2,False,False
electra-small,16,3,62.3015873015873,65.94059405940594,143688041,3.4134705516431635e-05,0.0697536974944543,0.0448920337322836,3,False,False
electra-small,16,4,60.71428571428572,60.1980198019802,364079162,9.035534255962762e-06,0.0381256974215541,0.1221990115536372,6,False,False
electra-small,16,5,61.70634920634921,64.35643564356435,492664895,3.648361145755658e-05,0.0002208220788816,0.1334736187709057,6,False,False
electra-small,16,6,61.70634920634921,61.58415841584159,1496430566,6.14651301292566e-05,0.0066567848242611,0.1804592424664901,2,False,False
electra-small,16,7,58.73015873015873,61.18811881188119,974870108,7.803054166683645e-06,0.0004855949481534,0.0575742584741685,5,False,False
electra-small,16,8,61.70634920634921,60.59405940594059,680268580,6.8946090344854434e-06,0.026089216377282,0.1058368948566776,8,False,False
electra-small,16,9,58.333333333333336,59.40594059405941,2074755796,8.738100667121137e-06,0.0357680901623832,0.0617350306877638,5,False,False
electra-small,16,10,62.1031746031746,64.15841584158416,1439848694,4.312845913994254e-05,0.0547982027197402,0.1397557861807617,3,False,False
electra-small,16,11,65.27777777777777,63.76237623762376,2093606945,2.3060503093807373e-05,0.0375203601155979,0.0424079972990841,9,False,False
electra-small,16,12,63.69047619047619,65.54455445544555,674790679,5.6350542504025536e-05,0.0161315587878097,0.0988466735309751,8,False,False
electra-small,16,13,61.30952380952381,62.57425742574257,2108718544,7.849823927314205e-06,0.0227460693060478,0.1292201837297776,7,False,False
electra-small,16,14,54.36507936507937,55.24752475247525,767691409,5.550873727218932e-06,0.001029838008797,0.0252284731526829,3,False,False
electra-small,16,15,65.27777777777777,64.55445544554455,1398502103,8.930230987085308e-05,0.0080477364234561,0.0183935726505589,7,False,False
electra-small,16,16,65.87301587301587,65.54455445544555,1992372316,6.366414033214677e-05,0.0004322966029328,0.062481671790539,10,False,False
electra-small,16,17,63.888888888888886,65.14851485148515,1773022647,6.860098146228114e-05,1.533668821655562e-05,0.0515902365290492,9,False,False
electra-small,16,18,65.87301587301587,66.93069306930693,27293657,9.314147901327443e-05,0.0003469541390535,0.0766403498637732,7,False,False
electra-small,16,19,54.36507936507937,53.06930693069307,749907291,1.7494776915762974e-05,0.0005016448107762,0.0280945555683558,2,False,False
electra-small,16,20,58.92857142857143,58.613861386138616,998204226,1.084101930989218e-05,0.0417179343689467,0.1900022726259578,9,False,False
electra-small,16,21,56.94444444444444,64.55445544554455,280038388,5.590736061681955e-05,0.0002177856437038,0.0519496559293785,6,False,False
electra-small,16,22,59.32539682539682,61.38613861386138,856609420,2.711784542982583e-05,0.0005490894649427,0.1585595577329936,4,False,False
electra-small,16,23,67.26190476190476,69.3069306930693,1352095200,5.19649952494191e-05,9.251452996311746e-05,0.1212528303521953,8,True,True
electra-small,16,24,58.53174603174603,58.415841584158414,1295583212,7.930124173427854e-06,1.7249037930609192e-05,0.0860017454677771,7,False,False
electra-small,16,25,62.698412698412696,61.98019801980198,1600236791,1.219619535378904e-05,0.0008013980117566,0.1679084246831166,7,False,False
electra-small,16,26,58.53174603174603,58.613861386138616,1988526453,3.2424811127766035e-05,0.0056217398240228,0.1158978476170158,2,False,False
electra-small,16,27,63.888888888888886,63.56435643564357,1357136411,4.264912222960975e-05,0.0236998415224704,0.0656246186628467,8,False,False
electra-small,16,28,60.11904761904762,60.99009900990099,1765811380,1.2151222898954954e-05,0.0799558797263457,0.0942092764245106,4,False,False
electra-small,16,29,64.88095238095238,61.78217821782178,232074307,7.826941145069691e-05,2.769931956032899e-05,0.0925243390474868,3,False,False
electra-small,17,0,58.30039525691699,60.07905138339921,1989562559,6.994437059813606e-06,0.0009040640261545,0.0582352986935844,7,False,False
electra-small,17,1,53.75494071146245,56.719367588932805,2129951745,2.716693983054196e-05,1.089047664171424e-05,0.0018616413112963,8,False,False
electra-small,17,2,53.95256916996048,56.719367588932805,1985924348,1.86956021059005e-05,0.0001135849844876,0.1451728789384153,2,False,False
electra-small,17,3,61.85770750988142,64.82213438735178,284153731,9.557570838356262e-05,0.0445043766834786,0.0643225004474811,2,False,False
electra-small,17,4,56.719367588932805,58.10276679841897,1373327368,5.724845394236641e-06,0.0004264228555381,0.1669865240841384,6,False,False
electra-small,17,5,60.47430830039526,66.79841897233202,1611878906,3.5289475632136304e-05,0.0015313892750964,0.0525524270634356,9,False,True
electra-small,17,6,61.06719367588933,62.25296442687747,568348536,6.860751335801315e-05,0.0057038130168162,0.0945931336345787,6,False,False
electra-small,17,7,61.6600790513834,65.41501976284584,2054076415,7.428656199491012e-05,0.0258215290636783,0.1219719281087886,7,False,False
electra-small,17,8,54.940711462450594,58.69565217391305,742810723,5.706310580967763e-05,8.6866880105244e-05,0.1516373627667881,9,False,False
electra-small,17,9,61.6600790513834,60.67193675889328,1673283138,1.2882328743925157e-05,0.0766920058501678,0.1945033682015725,6,False,False
electra-small,17,10,59.28853754940712,59.09090909090909,993586940,1.8822153650278587e-05,2.748118975324767e-05,0.0759499913559254,8,False,False
electra-small,17,11,61.6600790513834,59.68379446640317,1544256740,1.2476471314907563e-05,0.0272257271382019,0.1171760335727973,5,False,False
electra-small,17,12,59.28853754940712,61.06719367588933,1187590557,6.435336184392072e-05,0.0001416108682752,0.107159106060251,5,False,False
electra-small,17,13,55.92885375494071,59.09090909090909,428255029,2.5168293150323383e-05,0.0001956372966731,0.0729108003200121,2,False,False
electra-small,17,14,58.89328063241107,60.07905138339921,1905632322,2.757864423959303e-05,0.0003986120195271,0.0851706717502207,3,False,False
electra-small,17,15,59.68379446640317,61.26482213438735,1353345494,1.8018948414711e-05,0.0007004131480093,0.061344208619496,9,False,False
electra-small,17,16,52.76679841897233,51.18577075098814,2017284429,7.99483673662378e-06,0.0010136767662232,0.0071091637017247,3,False,False
electra-small,17,17,60.07905138339921,62.64822134387352,121932938,6.258761956691594e-05,6.309609722502769e-05,0.0286679688130213,2,False,False
electra-small,17,18,49.01185770750988,50.19762845849802,1608307014,7.284039541477993e-06,0.000283442460227,0.0373637937319681,2,False,False
electra-small,17,19,53.359683794466406,59.68379446640317,1647551893,1.855459375633491e-05,1.6063637827639174e-05,0.0327331735772348,8,False,False
electra-small,17,20,53.75494071146245,60.869565217391305,1797214096,6.657603266360552e-05,0.0691137372736228,0.0952697354312371,8,False,False
electra-small,17,21,56.91699604743083,59.48616600790514,827399360,3.26171195456854e-05,0.0013229018210905,0.0438714369065678,2,False,False
electra-small,17,22,53.75494071146245,52.96442687747036,2126814945,7.89695260358325e-06,0.0340361545239268,0.1216320030481646,2,False,False
electra-small,17,23,54.54545454545455,59.09090909090909,966838711,2.1305116172700895e-05,0.002899011573985,0.041898826317816,2,False,False
electra-small,17,24,60.869565217391305,63.24110671936759,1664328110,9.720627175740262e-06,0.0414446981335565,0.023073076551481,8,False,False
electra-small,17,25,64.82213438735178,65.61264822134387,82488582,6.14989019314694e-05,0.0122488673328879,0.1326246848707797,5,True,False
electra-small,17,26,60.869565217391305,64.03162055335969,1759710780,2.073274457375909e-05,0.0116093644592148,0.1099416628607209,9,False,False
electra-small,17,27,57.90513833992095,64.03162055335969,1968210139,6.503165115688535e-05,9.518352817514926e-05,0.0695687443735293,9,False,False
electra-small,17,28,55.33596837944664,60.276679841897234,1627326750,4.108812524798733e-05,0.0005955091652898,0.1338452563729028,9,False,False
electra-small,17,29,50.98814229249012,54.54545454545455,795209215,1.0410028708094575e-05,0.0002373812099852,0.1589140326446964,2,False,False
electra-small,18,0,63.43873517786561,62.84584980237154,939253425,3.444604829738863e-05,0.0093432100176188,0.1774141120955285,6,False,False
electra-small,18,1,61.26482213438735,59.28853754940712,1183625582,2.915273845928009e-05,0.0006193117054678,0.0938566572182662,10,False,False
electra-small,18,2,63.63636363636363,60.869565217391305,1984856140,9.767429696165996e-06,0.0001949493122606,0.075125217270561,8,False,False
electra-small,18,3,62.84584980237154,62.84584980237154,169936808,6.56088911782068e-05,0.0005184226067964,0.0828302515771386,3,False,False
electra-small,18,4,63.63636363636363,60.276679841897234,1090748279,1.977034037360182e-05,0.0002793448033221,0.0598369207486371,7,False,False
electra-small,18,5,66.79841897233202,63.83399209486166,30665934,5.474601240801042e-05,0.0003169454060076,0.1309056391352634,7,True,False
electra-small,18,6,62.055335968379445,60.47430830039526,1036847556,3.829553807359824e-05,8.251344250768985e-05,0.1028635458195526,4,False,False
electra-small,18,7,65.21739130434783,62.64822134387352,817477508,3.246005550139563e-05,1.188851175629194e-05,0.1735523027104924,10,False,False
electra-small,18,8,66.00790513833992,63.63636363636363,2047182728,5.233546210638869e-05,0.0182008899756594,0.1153660362194972,5,False,False
electra-small,18,9,58.30039525691699,59.88142292490119,1332847980,2.202129716286331e-05,0.0002346687498396,0.0346013095505565,3,False,False
electra-small,18,10,64.2292490118577,59.88142292490119,650330676,2.0340828796637706e-05,0.0150499845476576,0.0107976134425909,5,False,False
electra-small,18,11,64.82213438735178,60.276679841897234,1491983474,5.482799655696516e-05,2.0282100767339924e-05,0.0736499254752526,9,False,False
electra-small,18,12,62.45059288537549,58.49802371541502,114030373,7.316173387150115e-06,0.005457073683655,0.019010616459322,10,False,False
electra-small,18,13,65.61264822134387,62.055335968379445,1868563328,3.474226274304799e-05,0.000238112254009,0.008629761612655,5,False,False
electra-small,18,14,63.43873517786561,57.90513833992095,763346337,8.701458128964282e-05,0.0001035354899918,0.1031604397711335,7,False,False
electra-small,18,15,58.49802371541502,56.719367588932805,1117034101,5.968619221007232e-06,9.108869120653087e-05,0.1916865808031504,8,False,False
electra-small,18,16,58.89328063241107,56.32411067193676,169237383,2.388419772796571e-05,0.0001792961015965,0.1816397102188193,9,False,False
electra-small,18,17,57.11462450592885,56.91699604743083,1180938631,6.25401330994954e-05,0.0001826558165351,0.1502330870056144,3,False,False
electra-small,18,18,56.91699604743083,57.31225296442688,1537522438,7.276613840321311e-06,0.0019596089890617,0.1006856942186764,8,False,False
electra-small,18,19,65.0197628458498,64.03162055335969,1990041125,3.0919064648330214e-05,0.0452577124818644,0.0953413563510749,5,False,True
electra-small,18,20,57.5098814229249,52.17391304347826,2034454399,8.431326330865268e-05,0.0007918299987676,0.033530843017822,7,False,False
electra-small,18,21,56.52173913043478,55.33596837944664,1824595966,3.463204934424879e-05,1.574688548856901e-05,0.1532877500972404,8,False,False
electra-small,18,22,59.48616600790514,58.89328063241107,920907259,9.726042784958798e-06,8.661742971974526e-05,0.1671227795416951,9,False,False
electra-small,18,23,57.70750988142292,58.69565217391305,1745534693,1.037887945958001e-05,0.0011151115512987,0.1780271578417537,9,False,False
electra-small,18,24,64.82213438735178,59.88142292490119,927664902,5.188477168702634e-05,0.0020933964083777,0.1390256803460269,9,False,False
electra-small,18,25,62.055335968379445,63.04347826086956,1805811460,2.095240371738663e-05,0.0061258119478771,0.1505066859517866,5,False,False
electra-small,18,26,61.85770750988142,58.30039525691699,324134698,1.3483074141265025e-05,3.456313496126993e-05,0.0783873261132241,6,False,False
electra-small,18,27,62.64822134387352,57.70750988142292,177960556,7.134089868992496e-05,0.0004365164541394,0.1153966143529025,8,False,False
electra-small,18,28,57.90513833992095,55.92885375494071,37852183,1.4050023831883255e-05,0.000535849499629,0.113571443451066,2,False,False
electra-small,18,29,64.2292490118577,61.85770750988142,1571589222,2.991858786205216e-05,5.795961234452751e-05,0.1567270946991557,5,False,False
electra-small,19,0,61.42034548944338,60.26871401151632,928391998,7.309392835847984e-06,0.0533333271491135,0.117180185236774,6,False,False
electra-small,19,1,62.76391554702495,61.42034548944338,76834487,4.019091864265934e-05,0.0198875556337538,0.1578815909884045,2,False,False
electra-small,19,2,64.68330134357005,63.72360844529751,251553269,6.022688378513762e-06,0.0011376666469506,0.0753510682175579,9,False,False
electra-small,19,3,53.55086372360845,53.93474088291747,1891033619,1.3359271690414904e-05,0.0038714654537587,0.1664601033142216,2,False,False
electra-small,19,4,68.90595009596929,67.75431861804222,866890247,2.1103418647802248e-05,0.0002146846880455,0.0950364501750624,6,False,True
electra-small,19,5,61.22840690978887,59.30902111324376,870886019,6.888758710594634e-06,3.27043377986182e-05,0.0188097702190009,7,False,False
electra-small,19,6,70.44145873320538,66.60268714011517,153013002,4.144218947885183e-05,3.3965014558260804e-05,0.0269981458430218,9,True,False
electra-small,19,7,68.13819577735124,63.339731285988485,433079696,2.5455387748443586e-05,0.0657854146114787,0.0210705731738515,7,False,False
electra-small,19,8,55.47024952015355,55.854126679462574,1111613440,6.5013945509609725e-06,0.0396854451976781,0.1224081324010701,5,False,False
electra-small,19,9,52.59117082533589,54.31861804222649,371837309,9.94177868450569e-06,0.0013211509423655,0.1772608267552959,4,False,False
electra-small,19,10,62.18809980806142,62.38003838771593,2129962548,7.066763966969816e-06,0.0011420116210902,0.0041440643315527,10,False,False
electra-small,19,11,68.90595009596929,65.4510556621881,483772651,6.394338250131129e-05,0.0137667603578576,0.0805645645082819,10,False,False
electra-small,19,12,57.77351247600768,58.54126679462572,1071771490,5.764707053394237e-06,0.0002138386890317,0.0498228372271871,8,False,False
electra-small,19,13,62.18809980806142,62.76391554702495,165018459,1.0685676361105518e-05,0.0006608940917037,0.0558322977817655,7,False,False
electra-small,19,14,65.83493282149712,65.06717850287907,499027306,3.7857187908296e-05,0.0005799316634556,0.060906804774872,5,False,False
electra-small,19,15,62.38003838771593,60.84452975047984,858452719,1.0084905666652003e-05,0.0007935889295096,0.1628114089592526,7,False,False
electra-small,19,16,68.13819577735124,64.68330134357005,1193622648,4.676234199675008e-05,0.0012717933362907,0.1362442998370725,10,False,False
electra-small,19,17,62.18809980806142,61.42034548944338,1147947471,5.180391774414304e-06,0.0528330056095644,0.0388407019693168,9,False,False
electra-small,19,18,56.81381957773512,58.92514395393474,1255015899,2.431971857497242e-05,0.0524464493491954,0.0302918787206318,9,False,False
electra-small,19,19,62.57197696737044,62.38003838771593,5972718,6.041390492428764e-05,0.0170119287092697,0.1663106091130288,3,False,False
electra-small,19,20,61.22840690978887,58.92514395393474,622490179,3.567449276412283e-05,7.016457367204775e-05,0.011881626008141,8,False,False
electra-small,19,21,65.06717850287907,64.49136276391555,1347274019,1.7244864815152002e-05,0.0002436965255741,0.1762443190756846,5,False,False
electra-small,19,22,64.87523992322457,62.76391554702495,370487805,6.848374896257761e-05,0.0782913069566707,0.1602826762921846,9,False,False
electra-small,19,23,60.26871401151632,59.11708253358925,2069732864,6.657734725685342e-06,0.0415297307747497,0.00368479461902,6,False,False
electra-small,19,24,57.965451055662186,55.854126679462574,232238004,9.126183985160764e-05,0.0005967398512779,0.1077240867039601,8,False,False
electra-small,19,25,66.98656429942419,66.79462571976967,336864499,3.458829025664586e-05,0.082877778808564,0.0083562207382455,7,False,False
electra-small,19,26,57.77351247600768,59.50095969289827,1003094747,1.3871432954746348e-05,0.0008968343496563,0.119412821288128,6,False,False
electra-small,19,27,52.97504798464492,55.27831094049904,2138596784,8.196356294735654e-06,0.0001132073272293,0.0161343580216087,2,False,False
electra-small,19,28,60.84452975047984,60.26871401151632,1151374909,8.994301539188813e-06,0.0001388274396119,0.0986631946519985,8,False,False
electra-small,19,29,58.54126679462572,61.22840690978887,734901161,1.2789974958064884e-05,2.386131564529648e-05,0.0273433640773106,5,False,False
electra-small,20,0,61.25760649087221,61.74089068825911,336245993,8.260676191742663e-05,0.0001638156203667,0.0800659640791714,10,False,False
electra-small,20,1,65.51724137931035,67.00404858299595,1411173539,1.4400911015694765e-05,0.0005377227986988,0.157460617119074,9,False,False
electra-small,20,2,53.54969574036511,55.26315789473684,2121742072,1.2256692694687243e-05,0.0002635086661442,0.1576034765246295,7,False,False
electra-small,20,3,66.7342799188641,66.19433198380567,254052176,7.550026568876162e-05,0.062020564262853,0.040002855768105,3,True,False
electra-small,20,4,53.9553752535497,54.45344129554656,1880743295,6.021559772508889e-06,0.0001147351868013,0.0294960041745438,7,False,False
electra-small,20,5,58.21501014198783,59.51417004048583,1871670093,1.0347789575768656e-05,0.0760442190966492,0.1977767576985837,9,False,False
electra-small,20,6,52.73833671399594,53.84615384615385,691309455,5.082655665414211e-06,0.0008176829337707,0.0257130074433885,5,False,False
electra-small,20,7,61.4604462474645,63.76518218623482,1853440229,2.397652338676917e-05,0.0003104749977556,0.1042288248759364,10,False,False
electra-small,20,8,59.026369168357,61.53846153846154,617650271,1.768647683353108e-05,0.0398477499948933,0.0544663418627158,4,False,False
electra-small,20,9,57.20081135902637,58.70445344129555,1762176610,7.390012353327065e-06,5.363291451131501e-05,0.1877628416711975,9,False,False
electra-small,20,10,58.62068965517241,61.53846153846154,55730831,9.677299593453924e-06,0.000315015563585,0.1256163638042115,6,False,False
electra-small,20,11,60.851926977687626,64.77732793522267,1994245228,1.7260842209566157e-05,0.0162591688511468,0.0207198061674051,10,False,False
electra-small,20,12,60.24340770791075,58.70445344129555,49448918,1.912835956109669e-05,1.7044216349097903e-05,0.192644618780322,3,False,False
electra-small,20,13,53.54969574036511,57.89473684210526,687188522,9.975503346836647e-06,0.0130835760444346,0.1849836655835161,4,False,False
electra-small,20,14,58.8235294117647,60.72874493927125,212476965,4.02141714693791e-05,3.437121884533891e-05,0.1488650859199481,2,False,False
electra-small,20,15,64.0973630831643,66.80161943319838,804160856,6.072890427202352e-05,0.0003042602746006,0.0159888334262293,6,False,False
electra-small,20,16,60.446247464503045,62.34817813765182,1552231416,2.3163146339619413e-05,0.0019691402456789,0.1062535507120434,5,False,False
electra-small,20,17,59.43204868154158,60.121457489878544,1334533379,6.600464241008597e-06,0.0389159601142034,0.0917289443346866,8,False,False
electra-small,20,18,63.48884381338743,64.5748987854251,1413698784,5.686628049736673e-05,0.0006411389263864,0.0789121468470154,9,False,False
electra-small,20,19,56.59229208924949,60.931174089068826,653972917,1.253131966853292e-05,0.0017222316801592,0.0518018538906449,3,False,False
electra-small,20,20,63.08316430020284,65.9919028340081,1694597832,8.048905718385408e-06,0.0004023050710569,0.1026425191841526,10,False,False
electra-small,20,21,63.894523326572006,65.9919028340081,473799547,4.527888393988651e-05,1.316009665119411e-05,0.1416612210060309,7,False,False
electra-small,20,22,63.28600405679513,66.39676113360323,1269513277,4.939015497316728e-05,0.0003000147310487,0.1274606571046072,10,False,False
electra-small,20,23,64.0973630831643,65.18218623481782,540476529,1.170949841075583e-05,2.097267108193536e-05,0.116195120381636,10,False,False
electra-small,20,24,63.69168356997972,67.4089068825911,90601812,1.4528044035831954e-05,0.0003009151527993,0.1585234847006822,8,False,True
electra-small,20,25,59.63488843813388,62.5506072874494,305216703,2.0298738540119774e-05,0.0581501831229993,0.1822929848607387,4,False,False
electra-small,20,26,60.446247464503045,63.1578947368421,630363789,5.890716592508842e-05,0.0003954376879345,0.0223926355504099,4,False,False
electra-small,20,27,52.12981744421906,50.80971659919028,858155707,1.00438636216621e-05,0.0004651100278972,0.1410753057053368,2,False,False
electra-small,20,28,66.32860040567951,67.00404858299595,678771144,8.497102451884985e-05,0.0050780083498539,0.0655021124872003,3,False,False
electra-small,20,29,66.7342799188641,67.20647773279352,1140113405,6.0619412342746655e-05,0.0017313805905956,0.0360854486618302,9,False,False
electra-small,21,0,54.905660377358494,52.919020715630886,1941986762,8.782617704678206e-06,0.0022647759928266,0.1508822786785791,3,False,False
electra-small,21,1,63.58490566037736,68.17325800376648,1786799501,2.808728748267004e-05,0.000107153864962,0.0118420733024023,7,False,False
electra-small,21,2,58.490566037735846,53.29566854990584,1987742895,1.8790103085863974e-05,9.485161362791185e-05,0.0080696141904357,3,False,False
electra-small,21,3,64.52830188679245,65.72504708097928,948648356,5.11146580470305e-05,0.0027392129366473,0.0465363532325294,7,False,False
electra-small,21,4,57.35849056603774,53.10734463276836,840393615,1.5006404190784708e-05,0.0091459003764183,0.1020494993084709,5,False,False
electra-small,21,5,65.09433962264151,65.34839924670433,1886326304,8.912781597622657e-05,0.0061499399553602,0.137719303447211,5,False,False
electra-small,21,6,61.886792452830186,63.088512241054616,1672933013,3.604731462203854e-05,0.0003828575170451,0.0112177138157015,3,False,False
electra-small,21,7,64.52830188679245,62.900188323917135,1314146819,2.127440853364732e-05,0.0026849701907408,0.0775522528462473,6,False,False
electra-small,21,8,58.11320754716981,59.88700564971752,740546773,6.015036161875294e-05,9.80915145471511e-05,0.15110671984705,2,False,False
electra-small,21,9,64.90566037735849,68.36158192090396,447020265,7.922814082692118e-05,0.0002991667686498,0.0244568883136625,6,False,True
electra-small,21,10,60.56603773584906,61.20527306967985,1215388989,4.78903862429722e-05,0.0001448976460459,0.1821220825301395,3,False,False
electra-small,21,11,60.943396226415096,57.6271186440678,766536842,9.36213497500489e-06,0.0001160475173996,0.1785300224994099,9,False,False
electra-small,21,12,64.90566037735849,67.04331450094162,1913715820,1.4364170795063976e-05,0.0112471160403859,0.1163651782402561,10,False,False
electra-small,21,13,58.490566037735846,61.01694915254237,1310731583,6.063571237405511e-05,0.0114018549593591,0.1081000211687199,6,False,False
electra-small,21,14,57.54716981132076,57.81544256120527,553841581,7.43500073160977e-06,8.229368839943005e-05,0.0616663142929847,6,False,False
electra-small,21,15,56.41509433962264,53.86064030131827,745079483,2.012221831204802e-05,0.0113140051238675,0.0921840356981732,8,False,False
electra-small,21,16,62.075471698113205,61.77024482109228,1486062373,5.004974874619979e-05,0.000620012512788,0.1891205197160329,2,False,False
electra-small,21,17,61.320754716981135,61.5819209039548,791705430,1.2893457265047927e-05,0.000255489514224,0.0427558412577452,6,False,False
electra-small,21,18,62.075471698113205,63.088512241054616,2134009254,1.1685968641455973e-05,0.0064273438093941,0.1904890257838593,10,False,False
electra-small,21,19,61.886792452830186,63.088512241054616,795738027,9.476562131067908e-05,4.5122239100491406e-05,0.1343206273865289,2,False,False
electra-small,21,20,55.84905660377358,49.34086629001883,1831359074,5.991370089169318e-06,0.000507734983714,0.0524081577540445,4,False,False
electra-small,21,21,58.67924528301887,57.25047080979285,1283139760,1.7815893596282932e-05,0.0775687009769885,0.0696974976016684,8,False,False
electra-small,21,22,53.77358490566038,48.7758945386064,549439030,5.283925163658991e-06,0.0004524689891412,0.198711971575778,3,False,False
electra-small,21,23,63.20754716981132,63.27683615819209,1946512380,3.4248039244275616e-05,0.0001797229926361,0.0574018679299456,4,False,False
electra-small,21,24,59.43396226415094,61.01694915254237,945140081,6.660229285605872e-05,2.8148539773496173e-05,0.106700312363854,5,False,False
electra-small,21,25,65.66037735849056,67.79661016949153,598064698,2.512659025325507e-05,0.0129267392444756,0.0477960761592895,7,False,False
electra-small,21,26,64.71698113207547,66.85499058380414,1894062930,4.853387085280326e-05,0.0058381013832235,0.1899396502295318,10,False,False
electra-small,21,27,66.60377358490567,67.60828625235405,252641081,3.5339027367803514e-05,0.0025388788747511,0.1929510655978017,6,True,False
electra-small,21,28,62.075471698113205,58.94538606403013,271343146,2.071197285925359e-05,2.052052707596445e-05,0.1289674076354907,6,False,False
electra-small,21,29,59.0566037735849,63.653483992467045,821914207,9.728059214475654e-06,0.0021917311968419,0.11995095798351,9,False,False
electra-small,22,0,63.220675944334,61.0337972166998,643658411,2.235198608294452e-05,0.0342672266664489,0.0586900341899733,8,False,False
electra-small,22,1,61.232604373757454,55.26838966202784,1991711874,3.512017860957629e-05,9.034820704163782e-05,0.1523290575305379,6,False,False
electra-small,22,2,53.28031809145129,53.08151093439364,638018978,5.106305064000158e-06,0.0067394157549508,0.1660508668762792,6,False,False
electra-small,22,3,61.0337972166998,58.25049701789264,2061649399,5.65412815996976e-06,0.0120603451357104,0.1866725157837487,9,False,False
electra-small,22,4,60.23856858846919,59.04572564612326,1536342770,9.144612407239102e-06,0.0657415547215275,0.0565362760759316,10,False,False
electra-small,22,5,60.03976143141153,56.262425447316105,1352678111,8.452359024990282e-05,0.0339864885216398,0.0054458173873172,5,False,False
electra-small,22,6,57.65407554671968,54.87077534791253,1421533319,6.268766749441347e-05,0.0860254990211578,0.0865675982460829,9,False,False
electra-small,22,7,65.60636182902584,62.02783300198807,1443515773,2.772147638580585e-05,4.4914357498469966e-05,0.1791005506990681,6,False,True
electra-small,22,8,63.81709741550696,60.636182902584494,423073271,6.663267119188119e-05,0.0620551203635499,0.0140693758742942,7,False,False
electra-small,22,9,66.00397614314116,60.23856858846919,44763890,4.950905919123734e-05,3.045662704127769e-05,0.1070693075484245,5,False,False
electra-small,22,10,54.27435387673956,54.67196819085487,1243345981,7.130942829725164e-06,3.899478294894004e-05,0.0656880759755777,4,False,False
electra-small,22,11,62.82306163021869,59.24453280318092,1120887507,1.3983612042740578e-05,0.0003698607335549,0.1139808292208025,8,False,False
electra-small,22,12,58.84691848906561,59.24453280318092,686631657,3.649673055693645e-05,3.135303691894045e-05,0.1238490905132405,2,False,False
electra-small,22,13,57.65407554671968,55.06958250497018,2008448396,6.274407392145727e-05,0.0053447527767556,0.1438578211595114,4,False,False
electra-small,22,14,64.61232604373757,58.4493041749503,1138028512,2.431348261952339e-05,1.6256290294572033e-05,0.1561032129122144,5,False,False
electra-small,22,15,58.84691848906561,59.84095427435388,1716045505,1.4412117081330412e-05,0.000259102753447,0.1643533597253608,10,False,False
electra-small,22,16,66.2027833001988,60.83499005964215,1846094199,3.2321068415357456e-05,3.2305622289878417e-05,0.1786740868188104,7,True,False
electra-small,22,17,57.45526838966203,56.85884691848906,78544064,6.612641275889329e-06,0.0006183312327926,0.1759501976545082,8,False,False
electra-small,22,18,61.0337972166998,60.83499005964215,393793387,5.686584293406872e-06,0.089846322826061,0.1118293263984236,6,False,False
electra-small,22,19,60.03976143141153,56.85884691848906,2097817628,1.3214452644663528e-05,0.0001410120667217,0.1057773980652923,9,False,False
electra-small,22,20,57.45526838966203,55.66600397614314,1035900080,8.985629952923479e-05,0.088034729609427,0.198929685579613,9,False,False
electra-small,22,21,55.26838966202784,53.87673956262425,1743315916,5.033874040038933e-06,0.0018094323194572,0.1501490593491146,4,False,False
electra-small,22,22,53.28031809145129,55.46719681908549,891826690,9.619280016337177e-06,0.0203355968657061,0.0808466504838094,2,False,False
electra-small,22,23,57.25646123260437,57.25646123260437,864010278,1.48634730219259e-05,0.0002913012865505,0.0092263899026643,6,False,False
electra-small,22,24,61.82902584493042,57.85288270377733,259382313,1.753172805286828e-05,0.0594670966652408,0.1412541119400642,7,False,False
electra-small,22,25,60.83499005964215,57.65407554671968,458987254,3.745668775651036e-05,4.834789203992304e-05,0.0635783634009915,3,False,False
electra-small,22,26,64.81113320079523,58.64811133200795,929330743,6.265844279546618e-05,0.0083957538979664,0.1007811830119051,2,False,False
electra-small,22,27,54.87077534791253,58.25049701789264,958004908,1.4276974630256965e-05,0.0002387775985035,0.1556559886752642,2,False,False
electra-small,22,28,61.232604373757454,58.64811133200795,329413433,1.1799457090103604e-05,2.609887017227841e-05,0.0146278117135422,8,False,False
electra-small,22,29,58.84691848906561,54.27435387673956,103542581,3.07418250326846e-05,0.0005800768448537,0.1048668411157247,7,False,False
electra-small,23,0,65.86826347305389,62.075848303393215,2053064742,1.1863774959922488e-05,0.0043168958700457,0.0562086930793125,8,False,False
electra-small,23,1,58.88223552894212,57.28542914171657,776795495,6.421277805710128e-06,0.0002725255778162,0.1862205382253865,9,False,False
electra-small,23,2,58.88223552894212,58.88223552894212,840663695,7.204035426063883e-06,0.0002036018269175,0.0587058793015186,9,False,False
electra-small,23,3,62.075848303393215,61.07784431137725,97099709,1.855036894113257e-05,4.509282437364573e-05,0.0284168848434283,8,False,False
electra-small,23,4,68.8622754491018,63.07385229540918,201120704,2.0498597571848127e-05,5.106693820505095e-05,0.0247632725491032,6,False,False
electra-small,23,5,69.46107784431138,63.67265469061877,404396750,7.554120097337098e-05,2.1550063327060977e-05,0.0578186643308299,4,True,False
electra-small,23,6,64.67065868263474,59.08183632734531,287797925,3.549547060876753e-05,0.0005625031123871,0.087593774049207,3,False,False
electra-small,23,7,66.46706586826348,64.47105788423154,1210805668,2.0066578595454724e-05,4.469130313133771e-05,0.0298717806734475,10,False,False
electra-small,23,8,57.884231536926144,61.27744510978044,1709163238,5.69929051289678e-05,0.0013629041607788,0.1006243554232753,5,False,False
electra-small,23,9,64.07185628742515,59.880239520958085,2042331335,2.297662590158939e-05,0.0015451260364797,0.0915317031762354,9,False,False
electra-small,23,10,65.26946107784431,60.27944111776447,658719452,1.1612564154099984e-05,6.008787643335553e-05,0.1658416077003296,9,False,False
electra-small,23,11,55.88822355289421,57.48502994011976,475547864,1.2512525128833702e-05,1.4555505019095894e-05,0.1464148933117746,4,False,False
electra-small,23,12,63.87225548902195,59.4810379241517,647627903,1.3927392828426394e-05,0.0009845661139981,0.0310018462452878,6,False,False
electra-small,23,13,56.2874251497006,58.68263473053892,1892465654,5.500488611637208e-06,0.000115108558153,0.0367363750744386,7,False,False
electra-small,23,14,62.4750499001996,61.07784431137725,616697936,5.382219985382229e-05,0.0229939263532696,0.1357553953758463,9,False,False
electra-small,23,15,62.87425149700599,62.2754491017964,1776515865,1.3634214292208985e-05,0.0006596350742505,0.1672767122601136,7,False,False
electra-small,23,16,57.48502994011976,56.48702594810379,233421345,2.6864914692462583e-05,0.0046334937037347,0.1566021714504227,3,False,False
electra-small,23,17,64.47105788423154,60.07984031936128,149363577,6.667265607686268e-06,0.0001606486467267,0.0961622753109145,10,False,False
electra-small,23,18,52.89421157684631,56.2874251497006,1631590661,1.2648175737351276e-05,0.0057556066627785,0.1354810717621126,2,False,False
electra-small,23,19,54.29141716566866,54.69061876247505,1925607742,1.7723047489086553e-05,0.0745780331693167,0.0371189972114192,2,False,False
electra-small,23,20,61.87624750499002,62.6746506986028,311439161,6.17102604163818e-05,8.127003089753963e-05,0.0156946550445147,5,False,False
electra-small,23,21,57.08582834331337,59.880239520958085,1494557450,1.5962158376183432e-05,2.753590034776753e-05,0.0886805701144929,4,False,False
electra-small,23,22,64.27145708582835,61.07784431137725,1704607568,1.561839297549586e-05,0.0047152296433431,0.1206270769716184,8,False,False
electra-small,23,23,60.27944111776447,59.68063872255489,593415045,2.789718800301786e-05,0.0031189457836592,0.0494172778027855,7,False,False
electra-small,23,24,66.26746506986028,65.26946107784431,1163249581,8.326952281125443e-05,0.0020471829329795,0.1767354859163649,9,False,True
electra-small,23,25,62.4750499001996,63.87225548902195,1673513604,2.8250861118489664e-05,0.0150682401751975,0.1671068659837331,10,False,False
electra-small,23,26,53.69261477045908,54.69061876247505,1418258238,7.892075998771515e-06,0.0009260315545065,0.0040533477046098,9,False,False
electra-small,23,27,60.678642714570856,56.08782435129741,1337711856,7.327206833736323e-06,0.0139274116162739,0.1670169716316899,7,False,False
electra-small,23,28,67.86427145708583,64.07185628742515,1756530813,2.7448780827970995e-05,0.0492352007677663,0.1216083415470553,7,False,False
electra-small,23,29,56.2874251497006,55.88822355289421,1017332816,5.5711689440002085e-06,0.0127513056586112,0.0042089145124973,6,False,False
electra-small,24,0,62.42544731610338,61.507936507936506,1883363490,7.326912958381737e-05,0.0086763112863137,0.1264837316913449,6,False,False
electra-small,24,1,56.06361829025845,61.507936507936506,633778029,1.2578332114454125e-05,0.0057910683785587,0.0191382791823719,5,False,False
electra-small,24,2,57.65407554671968,57.53968253968254,1187788815,2.1611281351757776e-05,0.0012414214409835,0.0797914372037012,6,False,False
electra-small,24,3,63.220675944334,66.07142857142857,1011981838,7.985313326659831e-05,0.0001019166244149,0.0543750666990309,4,False,False
electra-small,24,4,60.636182902584494,61.90476190476191,649507793,2.135147267419225e-05,2.720763999447956e-05,0.0424679880347416,5,False,False
electra-small,24,5,58.05168986083499,60.31746031746032,1665290134,1.4916647092721745e-05,0.0351744533524595,0.0151383474561083,2,False,False
electra-small,24,6,56.46123260437376,58.13492063492063,200870165,5.37635521954671e-06,0.0010604756966232,0.1464600604072546,5,False,False
electra-small,24,7,58.84691848906561,59.12698412698413,2095735355,8.039905678597879e-05,5.224900651196797e-05,0.1545735801492165,6,False,False
electra-small,24,8,56.06361829025845,62.1031746031746,750141676,1.301347456540699e-05,0.0526156078929879,0.1612896021503714,5,False,False
electra-small,24,9,64.21471172962227,64.28571428571429,1918260585,6.476027443883237e-05,0.0005860411441215,0.1306315527132847,8,False,False
electra-small,24,10,64.01590457256461,66.66666666666667,125236661,4.210749439227193e-05,8.355167510359068e-05,0.1057958696504383,10,False,False
electra-small,24,11,60.636182902584494,64.28571428571429,1426232801,1.3973785304755484e-05,0.0451588840768777,0.1274676407035539,7,False,False
electra-small,24,12,53.47912524850894,60.31746031746032,1767166819,1.7911161300940095e-05,0.0046954220880629,0.181725396045648,3,False,False
electra-small,24,13,59.84095427435388,59.92063492063492,1963489858,6.661419267905011e-06,0.0337514562568185,0.1189075898803172,8,False,False
electra-small,24,14,61.82902584493042,62.5,1142454797,7.979417534554532e-05,0.0153569652758585,0.1467471477869462,3,False,False
electra-small,24,15,65.00994035785288,62.8968253968254,995717854,1.807780234598136e-05,3.216888539438293e-05,0.1781803772667493,7,False,False
electra-small,24,16,63.220675944334,61.507936507936506,1020416547,6.682136291037265e-05,0.0150546204523174,0.1307718245918598,2,False,False
electra-small,24,17,66.99801192842942,64.88095238095238,1268982172,7.96964171217264e-05,0.0077115816078432,0.1864278370179303,5,True,False
electra-small,24,18,58.05168986083499,60.51587301587302,81148844,6.275590680259067e-06,0.0054441382510605,0.0003084093585933,8,False,False
electra-small,24,19,63.41948310139165,64.68253968253968,1909656631,4.0608500717866e-05,1.953705410730473e-05,0.1912393190197159,5,False,False
electra-small,24,20,61.82902584493042,63.69047619047619,1775758250,1.2348784964092688e-05,0.0012512250071219,0.1648332332552591,9,False,False
electra-small,24,21,61.82902584493042,60.11904761904762,1391703562,8.279018134870482e-05,0.0003429470359207,0.1684925216001222,9,False,False
electra-small,24,22,57.05765407554672,60.51587301587302,1799468344,4.939659812473223e-05,0.0002105224811059,0.102301791471969,5,False,False
electra-small,24,23,60.83499005964215,60.91269841269841,325139658,5.833800788158767e-05,0.0610463868925079,0.174943869245302,6,False,False
electra-small,24,24,54.07554671968191,56.54761904761905,22713243,1.4982202041331e-05,1.8857185263882342e-05,0.1066791638761219,2,False,False
electra-small,24,25,55.06958250497018,61.11111111111112,1087032941,1.4810045686760992e-05,0.0068694997021178,0.1111516891543734,2,False,False
electra-small,24,26,65.00994035785288,64.28571428571429,1105124581,3.036873324627516e-05,1.4948954186693186e-05,0.1263912932537314,8,False,False
electra-small,24,27,63.220675944334,64.08730158730158,442782295,4.86793641359523e-05,0.0345417810193091,0.139053649641401,7,False,False
electra-small,24,28,62.42544731610338,64.28571428571429,1733495217,1.7853982205129882e-05,0.0029437848829145,0.0324181264463784,7,False,False
electra-small,24,29,65.00994035785288,67.46031746031746,704978454,7.48690166682912e-05,0.001614214443694,0.1325895958338651,9,False,True
electra-small,25,0,65.49019607843137,63.72549019607843,798074474,4.644401036512575e-05,3.982837391892912e-05,0.1103836161247911,5,True,True
electra-small,25,1,57.45098039215687,58.62745098039216,2030388856,1.177950958154486e-05,0.0488557143502037,0.1386661836162553,10,False,False
electra-small,25,2,56.07843137254902,60.3921568627451,1640856164,2.89030125011952e-05,0.0642495839751508,0.1579783004988643,5,False,False
electra-small,25,3,57.25490196078432,59.80392156862745,1288987298,2.4257132471762267e-05,0.03872803600541,0.032850283461961,9,False,False
electra-small,25,4,64.31372549019608,62.74509803921568,981987763,8.049013889956771e-05,0.0001804504521901,0.0643388077116382,6,False,False
electra-small,25,5,57.45098039215687,60.3921568627451,508989598,4.154650350477673e-05,0.0007061826178292,0.076183189176427,5,False,False
electra-small,25,6,58.431372549019606,60.0,1137540902,2.49279757501257e-05,6.338836360100691e-05,0.0178562961352227,10,False,False
electra-small,25,7,57.05882352941177,60.3921568627451,1514712139,1.3260252447961553e-05,0.0001913445117546,0.0927466165369733,4,False,False
electra-small,25,8,59.41176470588236,56.27450980392157,1448589288,6.91371363936598e-06,0.0111953806182672,0.0836048059069922,7,False,False
electra-small,25,9,58.8235294117647,60.588235294117645,2115675838,2.6208199658163663e-05,0.0033226384469437,0.0145523264391835,5,False,False
electra-small,25,10,63.333333333333336,62.549019607843135,386638770,8.38952440042558e-05,0.0214584885482697,0.0698900179817937,3,False,False
electra-small,25,11,58.62745098039216,59.41176470588236,1692789022,1.6464792159251955e-05,0.0017549311149045,0.0315972297930454,9,False,False
electra-small,25,12,54.50980392156863,54.70588235294117,704715961,5.076395009545606e-06,0.0658129710308323,0.0054840843856182,2,False,False
electra-small,25,13,55.68627450980392,58.03921568627451,976772986,1.5029068599144583e-05,0.0081125018457254,0.0976881659880026,5,False,False
electra-small,25,14,55.294117647058826,58.8235294117647,788519999,1.236252280208626e-05,0.0002474886421177,0.0474217713814084,8,False,False
electra-small,25,15,54.50980392156863,59.6078431372549,341297134,1.573256273778026e-05,9.127641466745296e-05,0.1057673992435777,8,False,False
electra-small,25,16,58.23529411764706,59.01960784313726,1115143880,1.2857581090997192e-05,0.0420406665445651,0.0294234229435233,7,False,False
electra-small,25,17,62.15686274509804,60.98039215686274,1960033926,1.0120099653512293e-05,1.0011089519822415e-05,0.1598881531864724,8,False,False
electra-small,25,18,63.52941176470589,60.3921568627451,1446475795,2.3493367909044745e-05,2.307501711571029e-05,0.1630308636019752,6,False,False
electra-small,25,19,57.84313725490196,59.41176470588236,1518584331,1.8529100001127643e-05,0.0595357786840307,0.0657701340589178,9,False,False
electra-small,25,20,57.64705882352941,58.431372549019606,1075303000,5.103251037149211e-06,0.0014449881308463,0.1720753839352026,9,False,False
electra-small,25,21,55.490196078431374,55.88235294117647,1379026549,5.827445484841939e-06,0.0307227507814368,0.1332342870533378,4,False,False
electra-small,25,22,55.490196078431374,58.431372549019606,1910540255,7.195307245741369e-05,1.0092645902691718e-05,0.091596998057969,10,False,False
electra-small,25,23,61.76470588235294,60.3921568627451,504338897,3.053499924001089e-05,0.0938062837160889,0.0129425718179927,4,False,False
electra-small,25,24,55.294117647058826,55.68627450980392,395791534,3.6633378230193184e-05,3.250092542281788e-05,0.0324349935069405,3,False,False
electra-small,25,25,58.23529411764706,57.64705882352941,354354071,1.0035132616288935e-05,0.0032799544762104,0.1927431436987989,7,False,False
electra-small,25,26,57.05882352941177,58.62745098039216,308256656,7.656094414477855e-05,0.0071422576678606,0.1589256117278711,10,False,False
electra-small,25,27,56.47058823529412,57.64705882352941,1525807452,3.1160432191160294e-05,5.8022310827590135e-05,0.1704168562433546,3,False,False
electra-small,25,28,57.05882352941177,58.62745098039216,1923206046,7.094830027043696e-05,1.068738500107393e-05,0.1142998956373969,4,False,False
electra-small,25,29,52.15686274509804,55.294117647058826,906569405,2.791353773044911e-05,4.457880893074714e-05,0.198938028228559,6,False,False
electra-small,26,0,54.223968565815326,58.7426326129666,972031609,7.295049172181574e-05,7.470276650645658e-05,0.0059128722623515,4,False,False
electra-small,26,1,61.49312377210216,64.24361493123772,400904306,1.3903501967292287e-05,0.0001759465487444,0.0483520675241487,5,False,False
electra-small,26,2,60.117878192534384,60.31434184675835,1616508252,1.4480700536079866e-05,0.0880364731287853,0.0738939561013552,8,False,False
electra-small,26,3,56.385068762278976,59.13555992141454,1411661777,4.570991953905663e-05,0.0194746703234909,0.121647231204238,5,False,False
electra-small,26,4,54.420432220039295,57.95677799607073,115340986,7.132697391243175e-06,0.0004608502098124,0.0037206607754374,5,False,False
electra-small,26,5,58.349705304518665,61.49312377210216,635603714,2.5966317117780764e-05,0.0035524575599522,0.0222848151812274,2,False,False
electra-small,26,6,49.115913555992144,52.652259332023576,1422835422,1.2789988567877115e-05,0.002260299394231,0.0874698316672432,2,False,False
electra-small,26,7,49.31237721021611,53.04518664047151,29169706,1.3226484223445144e-05,3.0815829059844446e-05,0.1453803000732029,2,False,False
electra-small,26,8,62.67190569744597,64.63654223968565,1338464784,1.778331263473847e-05,1.0962762614988972e-05,0.1931668172587299,7,False,False
electra-small,26,9,62.67190569744597,66.99410609037328,1851949321,2.660197003819859e-05,1.37069102717266e-05,0.0155752148598049,5,False,True
electra-small,26,10,54.02750491159136,55.79567779960707,482976286,6.509048045139401e-06,1.974820340033812e-05,0.1624826782346157,9,False,False
electra-small,26,11,55.20628683693517,55.79567779960707,1536640246,5.662135077500948e-06,0.0036242345944138,0.0758471141873613,7,False,False
electra-small,26,12,59.13555992141454,58.349705304518665,1915648845,9.619291246855233e-05,6.181562627082401e-05,0.1742426301294145,5,False,False
electra-small,26,13,65.42239685658153,60.90373280943025,880654117,5.576572727368927e-05,0.0749914307003903,0.0628576589285822,7,True,False
electra-small,26,14,59.13555992141454,58.7426326129666,1236389879,4.18359343841835e-05,0.0466378488375508,0.1806995385513783,8,False,False
electra-small,26,15,57.76031434184676,57.76031434184676,697011222,2.4518089201384165e-05,0.0012644503235947,0.1218256201809237,6,False,False
electra-small,26,16,63.26129666011788,65.42239685658153,164130810,1.2470961992037849e-05,0.0108422110623308,0.1117757646556713,9,False,False
electra-small,26,17,62.08251473477407,60.117878192534384,1535976480,5.0125448454189926e-05,0.098084187512975,0.1386047875068562,8,False,False
electra-small,26,18,61.29666011787819,62.475442043222,1794865925,5.638716158332195e-05,0.0389803195607945,0.0415064519148354,6,False,False
electra-small,26,19,62.475442043222,64.83300589390963,1831407738,5.437768795392609e-05,0.0118059264375888,0.0872923649802785,8,False,False
electra-small,26,20,59.33202357563851,59.52848722986248,355545660,1.6098483655162002e-05,0.0187860928338108,0.1938770276779646,10,False,False
electra-small,26,21,56.385068762278976,60.31434184675835,1184057298,7.723896814754944e-05,0.0088993644131673,0.1394362185453871,7,False,False
electra-small,26,22,61.10019646365422,59.13555992141454,702231444,3.278611652128624e-05,0.0007226134823831,0.1540295388972857,5,False,False
electra-small,26,23,61.49312377210216,61.29666011787819,660023667,7.473384535007075e-05,0.0225101046471329,0.1673844427608938,4,False,False
electra-small,26,24,55.20628683693517,57.56385068762279,30298814,3.787037003912858e-05,9.982219917607816e-05,0.0949289761511403,7,False,False
electra-small,26,25,52.84872298624754,60.70726915520628,1461181984,6.1413694383006345e-06,0.0016169455261942,0.1867522152232988,8,False,False
electra-small,26,26,48.722986247544206,53.83104125736739,1639015517,8.563522792073562e-06,0.0029631670961961,0.108516583858225,2,False,False
electra-small,26,27,61.68958742632613,62.86836935166994,1285027578,1.6977817275150527e-05,0.030106473396526,0.0643882779657008,7,False,False
electra-small,26,28,53.04518664047151,54.81335952848723,1530948235,6.339717386418716e-06,0.0001326392718525,0.1632185582497661,4,False,False
electra-small,26,29,50.49115913555992,54.616895874263264,471303007,9.703040262918035e-06,0.0125844295010462,0.1297724306151646,2,False,False
electra-small,27,0,66.80080482897384,64.85943775100401,1527128800,3.154733213393899e-05,2.007564601090237e-05,0.1727275761147816,10,False,False
electra-small,27,1,64.1851106639839,60.6425702811245,37587950,1.2749682726944844e-05,0.0003035158654643,0.0816521178826131,4,False,False
electra-small,27,2,68.00804828973843,65.86345381526104,1735479805,9.905720470484032e-05,0.0428058055851872,0.0872598465038483,9,True,False
electra-small,27,3,64.38631790744466,62.44979919678715,318122069,1.588367756254668e-05,0.000305445001485,0.0030711535212152,10,False,False
electra-small,27,4,65.79476861167002,63.45381526104418,85059780,1.7266009556073205e-05,0.0012091628082905,0.1732810410903901,9,False,False
electra-small,27,5,53.118712273641854,56.024096385542165,1817815177,5.231173355283994e-06,0.0137270442280685,0.1278909003871007,3,False,False
electra-small,27,6,66.39839034205231,68.07228915662651,82586960,4.741750532047828e-05,0.0714624362302173,0.0160479207516699,6,False,True
electra-small,27,7,62.77665995975856,63.05220883534137,1496541899,9.441324008547076e-05,0.004881415771742,0.0335829056901594,3,False,False
electra-small,27,8,65.79476861167002,63.855421686746986,2042437089,7.974445458084625e-05,0.0924243742471039,0.1258131003976607,4,False,False
electra-small,27,9,64.58752515090544,64.85943775100401,467875462,5.979335483580431e-05,0.0054953990341762,0.1793055215535421,6,False,False
electra-small,27,10,53.31991951710262,54.01606425702811,1219574110,5.830069881075865e-06,0.0003954708358223,0.0242392069305988,4,False,False
electra-small,27,11,65.3923541247485,65.26104417670683,1570270045,1.0241498587240485e-05,0.0001925983153641,0.0231079155906967,9,False,False
electra-small,27,12,62.17303822937626,61.84738955823293,2070978485,1.483036471887152e-05,5.437579468029155e-05,0.0367112436585044,8,False,False
electra-small,27,13,54.32595573440644,51.20481927710844,214624889,5.571383194276835e-06,0.0107696420568489,0.0804191085094376,2,False,False
electra-small,27,14,67.6056338028169,67.06827309236948,701776679,9.729059764929686e-05,0.0002253610068963,0.1436679943357233,5,False,False
electra-small,27,15,66.80080482897384,64.2570281124498,376917723,8.084076334997083e-05,0.0002813759993678,0.0770524300505647,5,False,False
electra-small,27,16,61.77062374245473,61.64658634538153,654400022,9.196696298776349e-05,0.0680329394514109,0.1950739533042864,10,False,False
electra-small,27,17,56.74044265593562,55.42168674698795,1170096309,6.679182243144085e-06,0.0025082641130826,0.1915258458820777,5,False,False
electra-small,27,18,55.331991951710265,51.20481927710844,1756249501,8.303261981697954e-06,0.0031471226835336,0.1997279047727293,2,False,False
electra-small,27,19,60.36217303822938,63.45381526104418,110716640,4.557266780220654e-05,0.0413376443376908,0.0892747907502001,10,False,False
electra-small,27,20,67.80684104627767,61.04417670682731,314812533,1.8243796298327896e-05,0.0016648085717799,0.0355413571662832,5,False,False
electra-small,27,21,61.3682092555332,62.44979919678715,1265457229,1.024499135864562e-05,0.0112724449608934,0.1420518811215319,6,False,False
electra-small,27,22,57.74647887323944,63.25301204819277,488675125,8.666724277247995e-06,0.0004511129336624,0.0967603801511431,4,False,False
electra-small,27,23,63.98390342052314,60.6425702811245,968945151,1.9390479359621403e-05,0.0023206422896316,0.0383141902135878,6,False,False
electra-small,27,24,64.38631790744466,63.25301204819277,1276039365,3.105585413692724e-05,0.0290169447193391,0.0867624903103318,4,False,False
electra-small,27,25,65.3923541247485,64.65863453815261,566674041,3.0953371095391565e-05,0.0051389407427436,0.1569353333419558,8,False,False
electra-small,27,26,63.17907444668008,58.83534136546185,2126652079,4.70650875776466e-05,3.1803084139750634e-05,0.1977733841548482,2,False,False
electra-small,27,27,61.77062374245473,62.85140562248996,497138915,2.7159045361236254e-05,0.0009684266618284,0.0478913196099245,10,False,False
electra-small,27,28,60.160965794768615,61.04417670682731,521808175,6.597057017986977e-06,0.002502790564517,0.1705949492656235,6,False,False
electra-small,27,29,62.77665995975856,64.65863453815261,1337808557,3.1605086232752235e-05,0.0105008469828028,0.0275997456479007,9,False,False
electra-small,28,0,63.52941176470589,60.98039215686274,116495586,1.013702833691124e-05,0.0217074279666819,0.104907151223314,9,False,False
electra-small,28,1,61.5686274509804,63.52941176470589,2132043040,8.894528713552178e-05,1.371206071667847e-05,0.1258546587431542,8,False,False
electra-small,28,2,54.90196078431372,57.84313725490196,1480109501,7.709209432304342e-06,0.0006223707887805,0.0778999717683684,4,False,False
electra-small,28,3,66.27450980392157,62.549019607843135,30356156,5.014999164596343e-05,0.0097519713125411,0.1691720655364181,8,True,False
electra-small,28,4,64.70588235294117,61.372549019607845,881842765,3.29308804897345e-05,5.276058766159134e-05,0.1864064505118126,6,False,False
electra-small,28,5,64.50980392156863,61.76470588235294,835552089,8.490519772213215e-05,0.0839207700049088,0.0412067296671704,4,False,False
electra-small,28,6,48.23529411764706,52.94117647058823,923019509,5.152876925048404e-06,0.0005527682219191,0.1993328762791951,2,False,False
electra-small,28,7,62.94117647058823,63.72549019607843,1511865053,9.869842193635177e-05,0.0003979195541198,0.1571760694744863,10,False,False
electra-small,28,8,59.6078431372549,60.19607843137255,1566028325,1.0608515199840844e-05,0.0001863231629737,0.1845767946957446,6,False,False
electra-small,28,9,61.5686274509804,60.3921568627451,1657660682,2.5483200964301505e-05,0.0350193049774774,0.0452882994035494,8,False,False
electra-small,28,10,55.09803921568628,54.90196078431372,1813322453,9.422884957702088e-06,0.0003449814151083,0.1628787008158668,5,False,False
electra-small,28,11,64.70588235294117,59.01960784313726,1697879264,1.6067926651502937e-05,4.703054233294427e-05,0.12223295135331,10,False,False
electra-small,28,12,59.80392156862745,58.431372549019606,181522189,2.926138035959424e-05,0.0033466649517871,0.0277614370000438,2,False,False
electra-small,28,13,61.76470588235294,62.15686274509804,106902043,1.7327226821469707e-05,0.0338031472983965,0.1831024480435101,5,False,False
electra-small,28,14,58.23529411764706,59.21568627450981,681081723,1.359279057987574e-05,0.0733256137344249,0.0860070633656656,5,False,False
electra-small,28,15,52.74509803921568,54.70588235294117,1574294762,6.098498338305728e-06,5.7729389170719104e-05,0.1763802837209773,3,False,False
electra-small,28,16,57.05882352941177,57.84313725490196,1278182036,1.424279040601795e-05,0.0002179460509972,0.1671137821446438,3,False,False
electra-small,28,17,61.372549019607845,63.333333333333336,1015518157,7.969283419278513e-05,0.0012112128930523,0.0252757644995859,9,False,False
electra-small,28,18,62.94117647058823,60.19607843137255,933951074,7.889973172104047e-06,4.013823486502018e-05,0.1103214780199257,9,False,False
electra-small,28,19,63.92156862745098,62.94117647058823,664167434,5.846441527182847e-05,0.0006142797522991,0.1393494016648191,7,False,False
electra-small,28,20,58.431372549019606,57.45098039215687,388072318,9.731032458808494e-06,9.394506969945231e-05,0.0063857408590465,4,False,False
electra-small,28,21,61.96078431372549,62.15686274509804,83904735,9.11543144096745e-05,0.0076084415772727,0.1418119102580922,3,False,False
electra-small,28,22,59.6078431372549,61.76470588235294,2096317870,7.318593873863202e-05,0.0060289560730284,0.1888763666454287,10,False,False
electra-small,28,23,65.09803921568627,61.372549019607845,793256282,1.469414167814648e-05,3.669503719679826e-05,0.1486661917852339,8,False,False
electra-small,28,24,58.62745098039216,57.25490196078432,1747874591,1.110178466601319e-05,0.0286138700964575,0.1616126312817598,4,False,False
electra-small,28,25,59.41176470588236,57.45098039215687,337913185,6.81986880070198e-05,0.0716993485916526,0.073027286528501,7,False,False
electra-small,28,26,64.50980392156863,63.92156862745098,1526425491,2.734703185742519e-05,0.0006799670629679,0.0037418342304523,10,False,False
electra-small,28,27,64.90196078431373,62.549019607843135,915835785,1.5888977576274675e-05,0.0149728795983445,0.0181171677761615,9,False,False
electra-small,28,28,59.80392156862745,59.01960784313726,1528100002,6.453201482224896e-05,0.0046554807249229,0.1812939337459106,10,False,False
electra-small,28,29,62.15686274509804,64.31372549019608,1364247193,9.247276342854338e-05,0.0038330302092987,0.1578574210120581,3,False,True
electra-small,29,0,64.88095238095238,65.07936507936508,1852837921,9.782803093580524e-05,0.0204785142429226,0.0484682278967548,10,False,False
electra-small,29,1,53.37301587301587,57.93650793650794,970200194,2.7586687259551823e-05,0.0001964676740949,0.1017469085064266,10,False,False
electra-small,29,2,61.507936507936506,63.69047619047619,1062041278,1.662676732052809e-05,0.0026755368918716,0.1854430923525424,4,False,False
electra-small,29,3,55.35714285714285,58.333333333333336,1484670325,1.2317457703035357e-05,0.0004466866687216,0.0100872162998821,3,False,False
electra-small,29,4,51.785714285714285,55.35714285714285,713425399,7.390548075261103e-06,0.0008974423387366,0.1814430784428455,2,False,False
electra-small,29,5,58.13492063492063,61.11111111111112,145903059,1.0475851135046146e-05,0.0314970970741147,0.0368109508714414,7,False,False
electra-small,29,6,60.11904761904762,62.8968253968254,1175790368,4.0742835051129966e-05,0.0463223717000638,0.1778876581085574,5,False,False
electra-small,29,7,62.3015873015873,64.88095238095238,1550806385,2.6965119222113844e-05,0.0385192693721831,0.0032987552751998,6,False,False
electra-small,29,8,51.58730158730159,53.96825396825397,784344792,7.123919192106056e-06,0.0176106793517249,0.109163969988704,3,False,False
electra-small,29,9,59.72222222222222,62.698412698412696,666164804,9.453565876217372e-06,0.0052592113997244,0.1877786025511209,9,False,False
electra-small,29,10,65.07936507936508,65.27777777777777,805196619,3.979528143585838e-05,0.0012796855267341,0.1897724103924046,7,False,False
electra-small,29,11,58.92857142857143,63.29365079365079,1937417867,2.8345133114414108e-05,8.161378156973189e-05,0.1600466830631946,7,False,False
electra-small,29,12,63.095238095238095,65.67460317460318,1559569199,9.250515901603112e-05,0.047998499576105,0.0850084224921215,8,False,False
electra-small,29,13,51.58730158730159,54.76190476190476,107612764,5.358348796056211e-06,3.715676737339664e-05,0.0031743013156631,4,False,False
electra-small,29,14,63.69047619047619,64.48412698412699,1960361263,4.671007702769684e-05,0.012420675110543,0.0364440693863839,3,False,False
electra-small,29,15,57.142857142857146,58.333333333333336,1819415317,3.942945156991381e-05,0.0002617306303554,0.0738451891492215,7,False,False
electra-small,29,16,65.67460317460318,67.06349206349206,1782005499,7.049964919814955e-05,2.605952122380712e-05,0.0845853598136963,7,True,True
electra-small,29,17,63.29365079365079,64.28571428571429,965091336,2.116517435970697e-05,0.0033573096634558,0.0678554694146722,6,False,False
electra-small,29,18,64.48412698412699,63.49206349206349,187993907,7.238840575086121e-05,0.0012987477311024,0.0307646579794611,9,False,False
electra-small,29,19,64.48412698412699,65.47619047619048,1293184488,2.9061663082441417e-05,0.0049843597480071,0.0859130221322231,8,False,False
electra-small,29,20,64.68253968253968,65.27777777777777,381867925,5.35515006964827e-05,1.714709807659845e-05,0.0631257260066328,10,False,False
electra-small,29,21,60.11904761904762,61.70634920634921,484813044,7.038919683493706e-05,0.0003375125341172,0.1893451410158977,8,False,False
electra-small,29,22,63.49206349206349,65.67460317460318,217964375,6.824637833025277e-05,3.626218652776655e-05,0.1789277579959841,4,False,False
electra-small,29,23,58.333333333333336,61.90476190476191,49765024,1.638136144022418e-05,0.0249154641797747,0.1194056764783932,3,False,False
electra-small,29,24,54.16666666666666,50.198412698412696,997193938,6.830723782408647e-06,8.697430414684592e-05,0.1754294689350564,4,False,False
electra-small,29,25,60.91269841269841,60.91269841269841,1790982092,9.671488719983647e-06,1.934657318600091e-05,0.0093493076300695,7,False,False
electra-small,29,26,60.91269841269841,61.70634920634921,1508475354,6.69304982935237e-05,0.0186901525463328,0.1510848712427699,10,False,False
electra-small,29,27,52.77777777777778,56.94444444444444,440299888,8.2451753201479e-06,6.080656923835986e-05,0.1932295409602313,4,False,False
electra-small,29,28,61.30952380952381,66.86507936507937,515149808,2.188711405830917e-05,0.0390144442899912,0.093298818476721,6,False,False
electra-small,29,29,59.12698412698413,62.5,1319585341,2.686198598196865e-05,0.0003239185670056,0.1704541952225709,3,False,False
mobilebert,0,0,51.99203187250996,53.87673956262425,16546272,6.160052945385789e-06,2.435508968221141e-05,0.1005055518175376,4,,
mobilebert,0,1,48.20717131474104,50.69582504970179,11180532,5.63306518638083e-06,0.0021758745798635,0.0350991324921023,2,,
mobilebert,0,2,52.788844621513945,49.50298210735586,268915859,7.41532956760826e-06,6.760393675408058e-05,0.0524062062692121,7,,
mobilebert,0,3,50.59760956175299,49.90059642147117,1687780281,9.021685645326314e-06,2.645565438327481e-05,0.1163933871301593,7,,
mobilebert,0,4,60.756972111553786,61.82902584493042,1415031373,2.7852213124688006e-05,3.677341375551102e-05,0.0653476098325626,4,,
mobilebert,0,5,48.20717131474104,50.89463220675945,1641200792,1.0104958631252806e-05,0.0170384752336814,0.0527771448379556,9,,
mobilebert,0,6,47.80876494023904,51.29224652087475,192503686,1.7819798440737737e-05,0.0158080910537633,0.1650187010060819,2,,
mobilebert,0,7,51.19521912350598,51.29224652087475,1640587185,5.1035925730904765e-06,0.0106031222117729,0.1851115590047956,8,,
mobilebert,0,8,54.78087649402391,51.88866799204772,1669249638,6.304970803615177e-06,0.0212107092229925,0.0672578937962787,2,,
mobilebert,0,9,53.18725099601593,53.28031809145129,1501922915,8.09083278848363e-06,0.0019129254904329,0.0821921182140472,5,,
mobilebert,0,10,57.569721115537845,57.65407554671968,481131614,8.954877218340011e-06,0.0089024099484404,0.0686877259188048,9,,
mobilebert,0,11,60.1593625498008,59.64214711729623,1512771109,4.161326861600709e-05,0.0040470302298179,0.0139621851705683,4,,
mobilebert,0,12,63.34661354581673,65.60636182902584,1958204618,9.524095609421322e-05,0.0004049893798601,0.0848863051698273,10,,
mobilebert,0,13,60.35856573705179,65.40755467196819,110839930,2.711097879294372e-05,3.013647988709755e-05,0.0728414472363644,9,,
mobilebert,0,14,55.57768924302789,50.89463220675945,290939678,5.014941686034972e-06,6.51362174390976e-05,0.1057438076350771,10,,
mobilebert,0,15,63.147410358565736,66.79920477137176,1306221702,4.280347438748353e-05,0.0009110170774206,0.118753771028713,10,,
mobilebert,0,16,62.15139442231076,60.636182902584494,1331203777,1.7959162543323563e-05,8.841572466588631e-05,0.0332601633620703,7,,
mobilebert,0,17,55.57768924302789,51.88866799204772,951490214,8.59124003395071e-06,5.0907742813153685e-05,0.0907473169798355,10,,
mobilebert,0,18,66.53386454183267,62.62425447316103,586957335,8.405920779649163e-05,0.0009880447953278,0.0905590876769433,5,,
mobilebert,0,19,59.56175298804781,54.47316103379722,439190380,3.322718751423297e-05,5.352081804583169e-05,0.0549106855912772,3,,
mobilebert,0,20,53.78486055776892,56.46123260437376,1676925352,6.632342209298115e-06,0.0001051677459403,0.0473084049408044,3,,
mobilebert,0,21,54.18326693227092,52.286282306163024,1000215477,5.39144259878049e-06,0.0315162001544437,0.0750323213937365,7,,
mobilebert,0,22,53.18725099601593,52.48508946322068,769255091,5.069002791187346e-05,0.0005593937526468,0.0977459090137715,3,,
mobilebert,0,23,57.569721115537845,57.45526838966203,1181799072,1.3555870992025833e-05,0.0528888272732005,0.1433684248821778,9,,
mobilebert,0,24,50.59760956175299,48.31013916500994,430113372,6.1238180201784735e-06,0.0035313883594385,0.1140999098692597,10,,
mobilebert,0,25,68.12749003984064,64.41351888667992,1504888857,8.8684252887754e-05,0.0139122874176247,0.1344883542611405,6,,
mobilebert,0,26,65.33864541832669,63.41948310139165,337265813,8.622146373090598e-05,0.0175898944351961,0.052402900100148,10,,
mobilebert,0,27,57.96812749003984,55.46719681908549,1511485422,5.475014694614376e-05,4.219964399442209e-05,0.0837909666091147,4,,
mobilebert,0,28,53.78486055776892,51.88866799204772,1880852483,5.781939625564759e-06,0.0003626348696991,0.1531618349336819,6,,
mobilebert,0,29,60.756972111553786,62.82306163021869,324960825,1.2066437141619851e-05,0.0010571993041156,0.0290948097609077,8,,
mobilebert,1,0,63.1578947368421,64.39688715953308,1954656959,3.678723986565318e-05,0.0027352553125769,0.0334281230030035,5,,
mobilebert,1,1,64.13255360623782,66.73151750972762,2011755571,3.250552664310867e-05,0.0002096499153412,0.1438644340626311,9,,
mobilebert,1,2,59.84405458089669,64.2023346303502,557537036,4.414621180993767e-05,0.0386937573910172,0.1175638386003135,6,,
mobilebert,1,3,61.40350877192982,62.06225680933852,1336576504,3.050140123835985e-05,0.0040832708334236,0.0694104722059662,8,,
mobilebert,1,4,64.32748538011695,64.59143968871595,999174322,8.986880861986263e-05,0.0001097304973546,0.0943725193769878,2,,
mobilebert,1,5,60.8187134502924,60.11673151750973,1697967835,1.6191774217354447e-05,1.2793405147456283e-05,0.067038780582886,8,,
mobilebert,1,6,61.59844054580897,57.976653696498055,196483277,2.970932121310326e-05,0.0023588380607706,0.0807754494275407,7,,
mobilebert,1,7,66.27680311890838,64.78599221789884,944343475,5.7772162817712216e-05,0.0001442317383662,0.0273284322943035,6,,
mobilebert,1,8,46.978557504873294,49.80544747081712,1834142354,1.0983911516788344e-05,0.0016351360309006,0.0366976651377631,2,,
mobilebert,1,9,64.13255360623782,64.98054474708171,1170280685,5.486084983348804e-05,0.0039067182429621,0.0362356985993958,6,,
mobilebert,1,10,61.59844054580897,59.53307392996109,2057238381,8.012550340942733e-06,0.0015456515206926,0.0288197751307407,8,,
mobilebert,1,11,64.32748538011695,66.92607003891051,1539808586,2.700916827537332e-05,1.943539508608203e-05,0.1826052587270973,8,,
mobilebert,1,12,62.18323586744639,63.42412451361868,1393925169,3.3174277047226975e-05,7.37913849982481e-05,0.0605135884993974,3,,
mobilebert,1,13,58.86939571150098,59.53307392996109,694335716,2.4593091596613205e-05,0.0018104594280851,0.0098446412405819,3,,
mobilebert,1,14,61.40350877192982,60.11673151750973,1100170677,1.5696633900521155e-05,0.0002996597125774,0.0388373112533214,10,,
mobilebert,1,15,61.98830409356725,62.45136186770428,247831929,1.5867784726578547e-05,0.0121059188361046,0.1996259897315549,9,,
mobilebert,1,16,63.93762183235867,62.45136186770428,1822460144,3.876605760815362e-05,0.000640306196902,0.0160305274956191,7,,
mobilebert,1,17,63.93762183235867,61.284046692607006,1423136567,3.917038296890718e-05,2.1049029671896265e-05,0.0713304804959197,4,,
mobilebert,1,18,65.49707602339181,65.36964980544747,2080094804,4.808774512889097e-05,1.07806255900596e-05,0.1933241020834763,3,,
mobilebert,1,19,59.4541910331384,57.976653696498055,142031079,2.147748750680227e-05,8.46990441239117e-05,0.0870104249557752,5,,
mobilebert,1,20,49.51267056530215,53.11284046692607,1044313746,5.572230120438126e-06,0.0002354439692778,0.1401101032960073,3,,
mobilebert,1,21,54.19103313840156,49.41634241245136,1861700105,7.42491104959063e-06,0.0011042785162985,0.1478667379282031,3,,
mobilebert,1,22,59.64912280701754,64.00778210116732,2137940359,1.0948999742384024e-05,7.672278697940158e-05,0.1555405463805058,10,,
mobilebert,1,23,60.42884990253411,62.64591439688716,374659865,1.3477551226610896e-05,0.0044599154591231,0.1302906352614922,10,,
mobilebert,1,24,65.69200779727096,64.39688715953308,233959714,2.889910874058033e-05,0.0020668840336005,0.1137663451657981,7,,
mobilebert,1,25,51.267056530214425,56.6147859922179,2073368773,3.726387374051253e-05,0.0131712662393407,0.1865584166540582,10,,
mobilebert,1,26,65.10721247563353,64.00778210116732,1704102738,8.214832948069422e-05,0.0186797745402184,0.0182858719960571,2,,
mobilebert,1,27,50.29239766081872,53.89105058365759,948737083,5.430655556282818e-06,0.0979110100420396,0.1401371153255383,6,,
mobilebert,1,28,66.66666666666667,66.92607003891051,2077599343,5.246838530470087e-05,0.0339793032907589,0.0448072018334422,4,,
mobilebert,1,29,65.10721247563353,64.2023346303502,94575268,5.286545003562429e-05,9.104108234823752e-05,0.0163165241174815,6,,
mobilebert,2,0,64.8076923076923,69.42307692307692,1051895503,3.742114542900791e-05,8.688179023504507e-05,0.0663295408647864,9,,
mobilebert,2,1,53.46153846153846,60.96153846153846,1525178171,3.1860633229723055e-05,0.0124979902640833,0.1416448393520911,2,,
mobilebert,2,2,55.76923076923077,57.11538461538461,1185465085,5.8852402144691575e-06,0.0065636626907091,0.0728477344898677,10,,
mobilebert,2,3,52.5,58.07692307692308,1107982158,9.51817885108504e-06,0.000546801779737,0.1623033550639904,9,,
mobilebert,2,4,56.92307692307692,61.15384615384615,88941681,2.8830955389731263e-05,2.1310602216930065e-05,0.037633592987669,2,,
mobilebert,2,5,51.73076923076923,56.92307692307692,1880129697,8.781583046955298e-06,0.001257768543098,0.0412020400093347,7,,
mobilebert,2,6,65.0,67.88461538461539,1342553149,5.649474037188945e-05,0.0376098723035146,0.0472418720332202,6,,
mobilebert,2,7,46.53846153846154,48.46153846153846,1944644983,6.576067554136996e-06,0.0007129299677904,0.0779238917833034,3,,
mobilebert,2,8,61.53846153846154,66.34615384615384,618771798,1.772641797085351e-05,4.01543361058658e-05,0.1864128590036752,8,,
mobilebert,2,9,62.5,65.1923076923077,2007667171,2.072500357668761e-05,0.0060731673725951,0.1694017233232851,5,,
mobilebert,2,10,61.53846153846154,66.73076923076923,2087255850,9.598699836731402e-05,0.0110934637699207,0.0311960375293184,4,,
mobilebert,2,11,61.92307692307692,69.61538461538461,832760682,4.378853067788845e-05,0.0002478373489603,0.1506010241576471,7,,
mobilebert,2,12,53.65384615384615,57.5,1561308892,1.808282714016617e-05,0.0032238405184031,0.1302651390349527,3,,
mobilebert,2,13,59.42307692307692,64.23076923076923,702241896,1.1942407528708625e-05,0.0012340944108236,0.1235199330588865,9,,
mobilebert,2,14,57.69230769230769,65.0,1369894422,3.726305509819031e-05,0.0072128991077781,0.1340817424538032,5,,
mobilebert,2,15,63.84615384615385,66.73076923076923,1460726377,5.055035726511364e-05,0.0003351443709959,0.05878603456328,7,,
mobilebert,2,16,65.1923076923077,68.46153846153847,526639294,8.656246240173007e-05,0.0159818826613493,0.1352305243154394,4,,
mobilebert,2,17,49.80769230769231,55.0,1510177379,8.100438767072644e-06,1.170121313277582e-05,0.0068041336476182,2,,
mobilebert,2,18,50.96153846153846,50.57692307692308,1953423564,6.240469127694628e-06,0.00053297456002,0.1338405575970734,3,,
mobilebert,2,19,57.88461538461539,65.76923076923077,1122227477,4.948102667423433e-05,0.0003989902599562,0.1402346999079672,3,,
mobilebert,2,20,61.53846153846154,69.23076923076923,1939906285,8.697890705030679e-05,0.0017346216648312,0.0464336345423443,9,,
mobilebert,2,21,63.26923076923077,68.26923076923077,1423171553,3.100912565106211e-05,0.0150286231985248,0.088809467179872,10,,
mobilebert,2,22,62.69230769230769,69.61538461538461,1611905956,5.546783067702768e-05,0.0001462613113263,0.0142757162580003,10,,
mobilebert,2,23,47.5,49.03846153846154,688249747,5.722498989928924e-06,0.0028459402233742,0.0990634397315505,7,,
mobilebert,2,24,47.5,50.19230769230769,772815426,1.928727003890075e-05,0.0090848326711036,0.1090227658710362,6,,
mobilebert,2,25,61.34615384615385,64.61538461538461,755021116,2.2022920206891436e-05,0.0045686468938482,0.0182508300574461,6,,
mobilebert,2,26,50.57692307692308,56.15384615384615,1081375712,5.615831012358379e-06,9.216171855370376e-05,0.1326440217882267,7,,
mobilebert,2,27,63.26923076923077,63.46153846153846,1620419753,7.148892880944608e-05,2.748256769475113e-05,0.1205763280829034,2,,
mobilebert,2,28,52.69230769230769,58.65384615384615,1765138267,1.1486877075017075e-05,0.0839250621420126,0.0043017085784883,2,,
mobilebert,2,29,57.5,64.61538461538461,1368304955,1.4339234363646612e-05,0.0002451853695905,0.1871711478826865,8,,
mobilebert,3,0,50.88062622309198,50.5859375,1633390868,2.1423986052586352e-05,0.0004875823886555,0.1702631323401198,3,,
mobilebert,3,1,47.16242661448141,54.4921875,943074880,1.0868151264668947e-05,0.0030812082723828,0.1777696995757715,7,,
mobilebert,3,2,61.64383561643836,63.8671875,1795392887,2.219752809744647e-05,0.00452983305837,0.0159563168077877,8,,
mobilebert,3,3,49.31506849315068,57.2265625,573564901,7.491638090599265e-06,0.0059339670643487,0.0500652846122286,4,,
mobilebert,3,4,59.88258317025441,60.3515625,796054861,1.2685724461611088e-05,0.0003989905459633,0.1483809935938853,6,,
mobilebert,3,5,63.20939334637965,67.3828125,2042764458,4.479259712158887e-05,1.9367716521191944e-05,0.0230490649330238,6,,
mobilebert,3,6,64.77495107632095,63.671875,1395966527,6.438323070558812e-05,0.0002002780948948,0.0380680060395181,4,,
mobilebert,3,7,62.81800391389432,66.015625,2047600542,5.938842723723525e-05,0.0007996731649511,0.0339400290378808,5,,
mobilebert,3,8,53.816046966731896,49.8046875,292876599,5.853582626481758e-06,0.0002188475383693,0.1748768010547254,6,,
mobilebert,3,9,50.489236790606654,53.515625,1240309163,6.521036637911248e-06,0.0058838048700237,0.0232328689280418,2,,
mobilebert,3,10,47.74951076320939,50.1953125,374230789,3.003219665591577e-05,1.3938721866813582e-05,0.0969571419172571,10,,
mobilebert,3,11,50.88062622309198,47.4609375,968304084,6.260398698585196e-06,2.130593730644072e-05,0.0525269293204731,8,,
mobilebert,3,12,60.273972602739725,61.5234375,955452228,9.02181951871944e-06,0.0019141225994409,0.1797054028418536,9,,
mobilebert,3,13,57.3385518590998,60.546875,357600221,6.619185960811634e-06,0.0021033645140207,0.1053437330747123,8,,
mobilebert,3,14,52.64187866927593,51.3671875,868383219,4.92144958936651e-05,0.0013075639550138,0.1253668415769276,2,,
mobilebert,3,15,64.77495107632095,66.015625,1500543147,4.37334133064515e-05,0.0041937725870143,0.0693184521921082,8,,
mobilebert,3,16,57.72994129158513,60.15625,1972763361,5.207900099739512e-06,0.0004828395271317,0.0909215544947896,9,,
mobilebert,3,17,57.92563600782779,63.28125,1195830196,4.215998090053758e-05,0.0025460971090337,0.1862648465261711,7,,
mobilebert,3,18,63.99217221135029,65.234375,284656052,8.209889522956284e-05,0.004324175816907,0.0740396033439774,10,,
mobilebert,3,19,49.70645792563601,47.8515625,253277588,6.738129938655607e-06,0.0001545601422942,0.1494644940330724,2,,
mobilebert,3,20,61.839530332681015,58.984375,1137535023,1.2374162888538856e-05,0.0135174685443614,0.014758589429213,9,,
mobilebert,3,21,57.142857142857146,58.7890625,615769633,4.754251226845236e-05,0.0016666361982952,0.1388796835008415,2,,
mobilebert,3,22,60.273972602739725,62.6953125,1820381591,1.512056546294056e-05,1.52722627938234e-05,0.0972398726715476,9,,
mobilebert,3,23,63.40508806262231,65.625,967209217,5.749596126475935e-05,0.0198806232192559,0.0911743601316283,5,,
mobilebert,3,24,65.55772994129158,65.4296875,1309765695,3.863572062411637e-05,0.0003035211478007,0.0776270109345554,6,,
mobilebert,3,25,61.25244618395303,60.15625,827601751,5.067032038534658e-05,5.356456100889112e-05,0.0030693843541,2,,
mobilebert,3,26,54.01174168297456,57.421875,1531947107,6.69095630094402e-05,9.144811826892788e-05,0.1954546221709669,5,,
mobilebert,3,27,62.23091976516634,63.28125,1254825258,4.062965006469096e-05,1.0774761129658109e-05,0.1943885148499994,5,,
mobilebert,3,28,67.31898238747554,66.2109375,1904689208,6.009152607688735e-05,6.73844703077701e-05,0.0081717401850155,10,,
mobilebert,3,29,54.7945205479452,52.5390625,1612016309,2.039622094431164e-05,0.0024828039517311,0.0996218455032668,2,,
mobilebert,4,0,63.8996138996139,63.39113680154143,496536467,2.216313743612013e-05,0.0357353815106838,0.0731548079469329,8,,
mobilebert,4,1,64.67181467181467,68.40077071290943,310453717,6.106214476635092e-05,0.0010976513075152,0.1537978831837489,6,,
mobilebert,4,2,65.25096525096525,61.65703275529865,490565503,4.30197167875281e-05,0.0579063275742751,0.1168940825861862,7,,
mobilebert,4,3,62.35521235521235,63.19845857418112,1042799282,1.3497303211502618e-05,0.0418549107334108,0.0445770824408229,9,,
mobilebert,4,4,61.96911196911197,64.16184971098266,870670900,2.4052372897640778e-05,0.0016776622190261,0.1501732459941165,8,,
mobilebert,4,5,51.544401544401545,55.49132947976879,135441213,5.385965620602348e-06,0.0003755753931152,0.070338278747972,7,,
mobilebert,4,6,53.47490347490348,55.10597302504817,1174504822,1.0371868882379572e-05,0.0624433266764089,0.1375308798015749,7,,
mobilebert,4,7,55.79150579150579,59.34489402697495,1290042200,5.196783473583604e-06,0.0497484730575339,0.0060393886088944,10,,
mobilebert,4,8,49.42084942084942,50.28901734104046,212168687,3.2944742163137554e-05,2.9871949874855688e-05,0.1363337255371322,5,,
mobilebert,4,9,65.83011583011583,66.08863198458575,34287932,1.5145909530776874e-05,0.0106573021866312,0.1623453595421099,9,,
mobilebert,4,10,65.25096525096525,67.05202312138728,1187211422,3.919295050792096e-05,0.001163624374203,0.1230104147562128,10,,
mobilebert,4,11,63.12741312741313,66.66666666666667,485843621,7.4623922146193e-05,0.0142092644802555,0.071739141301447,3,,
mobilebert,4,12,59.45945945945946,60.115606936416185,1848867297,8.127754092939507e-06,0.0070527134967799,0.0437341052560295,5,,
mobilebert,4,13,54.63320463320464,52.60115606936416,1907847243,1.3098161034043876e-05,0.0044637096576736,0.0887860860195447,9,,
mobilebert,4,14,53.66795366795367,55.49132947976879,1001053444,6.8849339973208064e-06,3.609690540949316e-05,0.0139261618653441,3,,
mobilebert,4,15,52.50965250965251,55.10597302504817,39980385,1.1384175194468318e-05,0.0003034715644624,0.1315551843448366,8,,
mobilebert,4,16,61.77606177606177,64.54720616570327,1267237913,1.5179056022996765e-05,5.05748292114938e-05,0.1602347545435176,8,,
mobilebert,4,17,50.19305019305019,53.94990366088632,1226147261,7.620788810074259e-06,0.0449808230883437,0.0925516953113047,8,,
mobilebert,4,18,66.21621621621621,64.16184971098266,316118603,3.2802719721226954e-05,0.0001111963554851,0.0783915089750488,3,,
mobilebert,4,19,58.108108108108105,55.8766859344894,911278376,8.718485719063869e-06,0.0002096618743741,0.1218623852974718,6,,
mobilebert,4,20,57.52895752895753,57.41811175337187,1462861998,7.65666204086468e-06,0.0033022825907794,0.1577037006537465,6,,
mobilebert,4,21,62.93436293436294,63.39113680154143,823981582,2.485208145344056e-05,0.0008481539727877,0.1878952574682321,6,,
mobilebert,4,22,63.706563706563706,65.70327552986512,1315725881,7.611459305123277e-05,0.0104997894160951,0.1449065447309711,8,,
mobilebert,4,23,63.51351351351352,62.04238921001927,965038997,1.7554380593944715e-05,2.100764633414353e-05,0.1946192415835721,6,,
mobilebert,4,24,55.5984555984556,55.29865125240848,44108265,1.3777046975649184e-05,0.0012294791203589,0.0864371713504004,6,,
mobilebert,4,25,67.95366795366796,69.55684007707129,1298867125,8.21913423339918e-05,0.0045107166172389,0.0238318741363903,5,,
mobilebert,4,26,61.58301158301158,62.23506743737958,493307563,1.357506987404051e-05,0.0433568210753941,0.0337134549157836,6,,
mobilebert,4,27,63.12741312741313,66.08863198458575,1875570221,2.879679093087145e-05,0.0072399572152671,0.0413990464165668,8,,
mobilebert,4,28,66.6023166023166,68.01541425818883,1982724040,7.930734027108447e-05,0.001569271312219,0.0158937322714541,8,,
mobilebert,4,29,49.61389961389961,51.05973025048169,562828206,5.5898949469012606e-06,0.0001753689062387,0.1967802916309866,2,,
mobilebert,5,0,64.4578313253012,61.523046092184366,1429681025,2.3169670670251175e-05,0.0289886584093211,0.0221848209660131,5,,
mobilebert,5,1,67.26907630522088,63.52705410821643,494444077,3.839742343849424e-05,0.0002806832711779,0.0932677841855615,9,,
mobilebert,5,2,49.59839357429719,50.70140280561122,1912242435,7.846822808787576e-06,1.070308035907384e-05,0.0109852451496254,8,,
mobilebert,5,3,67.06827309236948,65.53106212424849,395969080,3.3548439473719566e-05,0.0028043140851685,0.0853472920607266,10,,
mobilebert,5,4,64.2570281124498,63.32665330661322,786828379,6.454047179811262e-05,0.0110319430348177,0.1646067811170415,6,,
mobilebert,5,5,52.20883534136546,53.1062124248497,158251529,3.602960745462219e-05,0.0093762702267229,0.1838868770202139,3,,
mobilebert,5,6,67.26907630522088,65.93186372745491,721050429,4.599090280297021e-05,0.0001313315638015,0.0983975240816021,4,,
mobilebert,5,7,60.04016064257028,57.11422845691383,843325840,1.661599008130445e-05,0.0091123650712338,0.098883101360894,7,,
mobilebert,5,8,47.791164658634536,50.901803607214426,1282632923,1.0970344518162535e-05,0.0036813194859175,0.1031530704541175,7,,
mobilebert,5,9,57.83132530120482,60.721442885771545,314217475,8.663157438419513e-06,0.0155255511304465,0.0503863642003832,10,,
mobilebert,5,10,53.21285140562249,52.104208416833664,139652624,7.834697499308719e-06,0.0014658032899227,0.0030234166393083,8,,
mobilebert,5,11,67.46987951807229,63.72745490981964,377478959,8.896012193094629e-05,0.0278269188553229,0.1448293009005257,8,,
mobilebert,5,12,60.24096385542169,59.71943887775551,1643152759,1.1587889964266422e-05,0.0010997707195054,0.0474722624333415,10,,
mobilebert,5,13,65.86345381526104,64.72945891783567,1460496208,5.064113501233413e-05,0.0002118002881052,0.1739571017252463,4,,
mobilebert,5,14,65.06024096385542,63.32665330661322,439926557,3.9274288526738367e-05,0.0151376478755359,0.0298209193413859,6,,
mobilebert,5,15,53.4136546184739,54.70941883767535,1520101128,6.236999211892652e-06,0.0009783706429585,0.1110687655244395,10,,
mobilebert,5,16,50.200803212851405,51.102204408817634,961249333,3.287880635742552e-05,0.001876336481414,0.0901860321736508,9,,
mobilebert,5,17,66.86746987951807,64.72945891783567,1419823356,7.181229544809597e-05,4.143172151084765e-05,0.0359550771023972,6,,
mobilebert,5,18,47.18875502008032,51.30260521042084,1586903274,5.577153367369339e-06,0.0021901118590115,0.0835963677600654,2,,
mobilebert,5,19,65.46184738955823,65.53106212424849,184722480,6.87342224095026e-05,0.0489955109947744,0.1283772574697698,5,,
mobilebert,5,20,46.78714859437751,49.6993987975952,1201308817,5.174957800053979e-06,0.033064555133735,0.0731609890607781,2,,
mobilebert,5,21,53.6144578313253,53.70741482965932,2076900179,5.141112924351949e-05,0.0013165316070593,0.1350190571052188,2,,
mobilebert,5,22,50.803212851405625,52.70541082164328,531045066,6.106943824290017e-06,1.576485529936785e-05,0.0253936677791631,2,,
mobilebert,5,23,54.21686746987952,52.90581162324649,845019156,6.148538590532977e-06,0.0014828470157986,0.1415393438482908,3,,
mobilebert,5,24,67.6706827309237,64.92985971943888,1025291545,2.7937231129273632e-05,0.0518059190183719,0.1431348893972392,9,,
mobilebert,5,25,67.46987951807229,64.52905811623246,854494239,7.052988518757993e-05,9.864671465110068e-05,0.1274272551952133,6,,
mobilebert,5,26,61.24497991967871,62.3246492985972,1018695701,2.214262163762801e-05,0.0014793198390504,0.0027790519129471,9,,
mobilebert,5,27,65.66265060240964,65.33066132264528,547042658,6.15280335470825e-05,0.0992660002300042,0.0011239514723391,4,,
mobilebert,5,28,53.81526104417671,54.30861723446894,1442176788,6.003657866017409e-06,0.0259548297629583,0.0231006928832219,10,,
mobilebert,5,29,47.18875502008032,51.30260521042084,584606159,1.921815407835644e-05,0.0117120987077475,0.1983106983378685,6,,
mobilebert,6,0,59.32539682539682,61.30952380952381,1663239994,1.57190426381451e-05,0.0835411771517667,0.0729414284140534,8,,
mobilebert,6,1,47.61904761904762,49.8015873015873,2132941494,8.691384846281327e-06,5.182371504256049e-05,0.0223911910745734,9,,
mobilebert,6,2,65.27777777777777,66.66666666666667,1925938421,4.032420363355316e-05,0.0007581540669033,0.0619938646830234,4,,
mobilebert,6,3,61.507936507936506,66.07142857142857,16833561,4.7680222032141605e-05,0.0004091891628073,0.0743921772801197,7,,
mobilebert,6,4,61.11111111111112,61.30952380952381,933949749,1.993314648886901e-05,0.0857002832257085,0.1361840597534599,6,,
mobilebert,6,5,65.27777777777777,67.65873015873017,429199669,6.124423315125526e-05,2.219971852973896e-05,0.0663147987910246,7,,
mobilebert,6,6,65.07936507936508,63.888888888888886,1967130380,4.116624130474088e-05,1.9281770284924103e-05,0.126733096926167,4,,
mobilebert,6,7,65.07936507936508,65.67460317460318,268376267,3.902797070310972e-05,1.9165253233401408e-05,0.0041770938674195,10,,
mobilebert,6,8,64.88095238095238,61.90476190476191,1224348685,1.866133493096473e-05,0.0889671882758033,0.1150712844076883,8,,
mobilebert,6,9,65.67460317460318,67.26190476190476,1608980434,7.221202073069105e-05,2.946567519389944e-05,0.1268799421892788,3,,
mobilebert,6,10,66.46825396825396,63.69047619047619,819380640,2.9154650089523343e-05,0.0004152518143619,0.0806791153594337,5,,
mobilebert,6,11,48.01587301587302,54.36507936507937,1743260193,7.20422613713357e-06,0.033451220513649,0.0018887857551025,2,,
mobilebert,6,12,51.388888888888886,50.0,940586373,5.9997687942773785e-06,0.0164550158443073,0.0234466660234435,8,,
mobilebert,6,13,61.507936507936506,62.698412698412696,1464053582,3.048564711207895e-05,0.0494122084909097,0.0014039329526829,7,,
mobilebert,6,14,48.01587301587302,53.17460317460318,1175203178,5.67873763605311e-06,0.0215029445724873,0.1925776223938007,2,,
mobilebert,6,15,49.40476190476191,54.16666666666666,1837002687,1.5792911515784863e-05,0.0014297363023018,0.0840429766078439,3,,
mobilebert,6,16,48.01587301587302,53.17460317460318,528882102,5.62484735676478e-06,1.4252904035960677e-05,0.1770328918214819,2,,
mobilebert,6,17,62.698412698412696,63.095238095238095,882791549,6.68820377170997e-05,0.0013722530647455,0.0911922003242612,3,,
mobilebert,6,18,51.388888888888886,49.20634920634921,544153706,5.67514987506e-06,0.0681297061787837,0.1701779742227826,9,,
mobilebert,6,19,54.16666666666666,52.77777777777778,884908669,2.160617947130101e-05,0.053931473684535,0.1377381812930025,2,,
mobilebert,6,20,65.87301587301587,65.67460317460318,405026155,8.786316491075692e-05,0.0934044489978898,0.1016527916901103,9,,
mobilebert,6,21,64.68253968253968,64.08730158730158,1865287207,3.528833939891974e-05,0.0005990897591068,0.0486821859648564,10,,
mobilebert,6,22,58.333333333333336,55.15873015873016,1117155901,1.0185003826940189e-05,0.0001365940275742,0.0495607180554098,4,,
mobilebert,6,23,61.507936507936506,68.05555555555556,874775658,6.25857497935976e-05,0.0017471400015103,0.0150893339909965,4,,
mobilebert,6,24,60.71428571428572,61.90476190476191,1597574316,3.078594786321061e-05,0.001070299376081,0.1975125229843906,4,,
mobilebert,6,25,65.27777777777777,70.43650793650794,1965218445,7.399642402090949e-05,1.3141641967896146e-05,0.1631537728893626,9,,
mobilebert,6,26,54.36507936507937,54.36507936507937,1664484231,1.3476284569657644e-05,2.0435729716197695e-05,0.0268137542734846,3,,
mobilebert,6,27,61.30952380952381,64.08730158730158,2131323502,3.67789232976937e-05,1.6498897936590094e-05,0.083525928335103,5,,
mobilebert,6,28,64.28571428571429,64.08730158730158,2132509461,2.8068318061194708e-05,0.0040278795765062,0.1170739470564769,9,,
mobilebert,6,29,60.71428571428572,60.31746031746032,1643037368,3.460511672988522e-05,0.0190330968216867,0.1172897839321533,5,,
mobilebert,7,0,66.08187134502924,67.12062256809338,1382466864,3.204819464816352e-05,0.0006687280528905,0.0022184534425085,6,,
mobilebert,7,1,65.8869395711501,66.147859922179,654936658,6.759908073592516e-05,0.0003168592597074,0.0205729919215987,7,,
mobilebert,7,2,59.25925925925926,60.89494163424124,1656772795,1.5684389528785723e-05,1.1390105109601672e-05,0.1805350748566433,5,,
mobilebert,7,3,64.32748538011695,64.78599221789884,1153220727,6.259325408066001e-05,0.0039143054717714,0.0296041657952307,5,,
mobilebert,7,4,48.732943469785575,50.0,715328744,7.027986780442904e-06,0.0459164310422535,0.1973804529139694,8,,
mobilebert,7,5,62.57309941520468,60.311284046692606,290322939,2.503388561494439e-05,0.0006654573851351,0.0925631932311005,4,,
mobilebert,7,6,49.902534113060426,49.80544747081712,1223552329,9.422562900798556e-06,0.012839643917369,0.0421027534721509,8,,
mobilebert,7,7,62.76803118908382,63.81322957198444,453847301,2.243989911711895e-05,0.0001541039867936,0.0062028153521415,8,,
mobilebert,7,8,61.40350877192982,62.45136186770428,1736723069,1.6040729376175114e-05,0.0015186606339486,0.0221649003772064,9,,
mobilebert,7,9,63.1578947368421,65.36964980544747,215185542,2.968673610165273e-05,0.0006286147713169,0.1956603570224432,10,,
mobilebert,7,10,64.13255360623782,62.84046692607004,736090198,2.626204464310658e-05,0.0230717399272256,0.1796419866825655,7,,
mobilebert,7,11,57.89473684210526,57.976653696498055,1585770359,6.619184941476364e-06,0.0001402472420533,0.0569937219211391,6,,
mobilebert,7,12,63.93762183235867,67.12062256809338,1182302624,7.216171036259567e-05,5.458849223791687e-05,0.165127878999277,4,,
mobilebert,7,13,63.1578947368421,60.89494163424124,943318612,1.9042245114137712e-05,0.0024139980465265,0.0144126149014141,5,,
mobilebert,7,14,53.99610136452242,53.30739299610895,679475259,4.254489060429687e-05,0.0008853011704914,0.0588275306675453,6,,
mobilebert,7,15,63.35282651072125,61.284046692607006,607140327,3.309949018904415e-05,0.0001644727426196,0.1204226866513874,5,,
mobilebert,7,16,50.87719298245614,52.72373540856031,300887911,1.0294648045857863e-05,0.0548136030063774,0.1504603606514297,4,,
mobilebert,7,17,47.56335282651072,46.10894941634241,1545798396,6.264316262490663e-06,0.0198479951356187,0.0598207207270587,2,,
mobilebert,7,18,60.62378167641326,60.11673151750973,72702521,1.0071293793049012e-05,0.0070773427992888,0.0060198717999578,9,,
mobilebert,7,19,54.580896686159846,52.14007782101167,813965666,5.199329610349789e-06,0.076213005204578,0.1771674190558574,3,,
mobilebert,7,20,61.20857699805068,61.478599221789885,722926730,2.5827148950758115e-05,0.0017173926770832,0.078856947309557,7,,
mobilebert,7,21,59.4541910331384,58.56031128404669,1092676307,1.6638022457932238e-05,0.0071900792449958,0.0583061308756367,9,,
mobilebert,7,22,51.267056530214425,51.55642023346304,1751406268,9.882615044467007e-06,6.014426432151999e-05,0.177170055123425,2,,
mobilebert,7,23,65.8869395711501,64.2023346303502,607593519,3.339452820966542e-05,5.930295164768842e-05,0.1829003656853817,9,,
mobilebert,7,24,64.13255360623782,62.45136186770428,877475902,3.684590673663257e-05,0.0008437505747593,0.0299279571486883,9,,
mobilebert,7,25,49.31773879142301,49.41634241245136,817183770,7.94793339495845e-06,6.848477180888692e-05,0.1370683895176347,9,,
mobilebert,7,26,54.19103313840156,49.41634241245136,562630217,1.6574619056327627e-05,0.0002545932527066,0.1394631602977555,2,,
mobilebert,7,27,52.43664717348928,52.14007782101167,523418953,1.494069734390169e-05,1.093992408149144e-05,0.0603373797412641,4,,
mobilebert,7,28,62.76803118908382,62.64591439688716,633858208,6.29024358470424e-05,0.0003732411966897,0.1834191467907001,10,,
mobilebert,7,29,58.86939571150098,58.17120622568093,1505088701,6.523451219920076e-05,2.8277244788305017e-05,0.0516198475203225,2,,
mobilebert,8,0,50.99206349206349,46.23015873015873,725378924,2.1782040251335586e-05,1.538168507021887e-05,0.0203738329476695,7,,
mobilebert,8,1,49.007936507936506,51.58730158730159,558746737,2.0419770291101943e-05,0.0645597580877641,0.1515868603260082,6,,
mobilebert,8,2,68.45238095238095,65.47619047619048,1178593095,9.098377208641284e-05,1.5164903852043062e-05,0.1474015605070028,6,,
mobilebert,8,3,67.46031746031746,67.65873015873017,372668933,5.942675779236391e-05,0.0011816864368117,0.0661848393014435,3,,
mobilebert,8,4,61.30952380952381,58.333333333333336,1786941813,2.851837563718468e-05,0.0003840312449275,0.1786271334362302,4,,
mobilebert,8,5,68.45238095238095,64.48412698412699,2029931843,2.9115643848945565e-05,0.0178555133758378,0.162553860137573,10,,
mobilebert,8,6,59.72222222222222,56.34920634920635,2003139103,3.245798425060302e-05,0.0004362594246132,0.0413459169743295,7,,
mobilebert,8,7,53.37301587301587,53.17460317460318,270533444,1.3794946938800922e-05,0.0342068942249933,0.0576648922819596,6,,
mobilebert,8,8,47.22222222222222,50.198412698412696,371109137,6.582907937167079e-06,0.0831399304217697,0.0676448148749413,3,,
mobilebert,8,9,65.07936507936508,66.26984126984127,1776945959,2.9976024984119668e-05,0.0001270315771991,0.1130493045637819,5,,
mobilebert,8,10,66.46825396825396,66.07142857142857,556672312,4.2045926974793855e-05,3.086986968050296e-05,0.0080337211578747,5,,
mobilebert,8,11,64.28571428571429,63.888888888888886,2028269317,2.849986073672017e-05,1.4542492749768974e-05,0.1984614112452231,9,,
mobilebert,8,12,68.84920634920636,67.65873015873017,1436644513,3.893980370402648e-05,0.0016059076791073,0.0776605067231132,6,,
mobilebert,8,13,63.49206349206349,62.1031746031746,1556823978,2.1424828777345533e-05,0.0130864869386222,0.1244268704784685,8,,
mobilebert,8,14,63.095238095238095,63.69047619047619,1370390745,1.3003173557941763e-05,0.0325210694239369,0.0875106244566841,10,,
mobilebert,8,15,62.5,62.8968253968254,910961427,1.5768958155753607e-05,0.0004544169299761,0.0680755495168949,9,,
mobilebert,8,16,54.96031746031746,46.23015873015873,607503820,1.2414591644605027e-05,0.0158525351446771,0.0443515594767364,2,,
mobilebert,8,17,56.94444444444444,55.95238095238095,2028924459,2.3976612908566407e-05,0.0041239327908637,0.1671101914708879,7,,
mobilebert,8,18,50.198412698412696,51.19047619047619,1980475305,6.249335310078747e-06,2.9433592134869967e-05,0.1199138825333512,10,,
mobilebert,8,19,57.93650793650794,56.15079365079365,1503060725,1.926400580954546e-05,0.0106316399031583,0.0355940306285041,3,,
mobilebert,8,20,46.42857142857143,52.97619047619048,489087660,2.3381291381441787e-05,9.106419030291733e-05,0.1771576015848699,7,,
mobilebert,8,21,60.31746031746032,58.333333333333336,88959757,5.479127285747244e-05,0.0189719019183704,0.040688927541425,3,,
mobilebert,8,22,47.61904761904762,54.96031746031746,1942870467,8.094587441085687e-06,0.0157391485415479,0.168517259940091,6,,
mobilebert,8,23,58.73015873015873,56.74603174603175,963722838,9.062634420384022e-06,0.0007894254170238,0.132977318655706,9,,
mobilebert,8,24,55.15873015873016,53.37301587301587,1287908912,1.4067957849042091e-05,9.032000679641668e-05,0.1871504265501322,3,,
mobilebert,8,25,59.12698412698413,59.72222222222222,129155887,1.893781708576063e-05,5.792775353945624e-05,0.1986557555433783,3,,
mobilebert,8,26,66.66666666666667,64.08730158730158,1693425737,6.975936718473092e-05,0.0019328465548325,0.1265903328831002,8,,
mobilebert,8,27,58.13492063492063,53.37301587301587,1218566159,1.0728010098069856e-05,2.6060963767663035e-05,0.0893087949855133,3,,
mobilebert,8,28,68.05555555555556,65.47619047619048,1630076671,7.18843595196208e-05,0.0317029912771562,0.0014534897976992,9,,
mobilebert,8,29,50.79365079365079,55.95238095238095,597000561,6.0270151772162665e-06,0.0001372476580985,0.1327524566025763,9,,
mobilebert,9,0,50.0,52.77777777777778,1672049840,2.6802335884706986e-05,9.012337923466626e-05,0.0947452510303374,7,,
mobilebert,9,1,59.92063492063492,61.70634920634921,20679317,2.4200201579227023e-05,0.0012366405696985,0.0599921427881467,4,,
mobilebert,9,2,67.85714285714286,59.12698412698413,1328079705,2.3258957210135743e-05,0.0155332379562096,0.0361089395243718,9,,
mobilebert,9,3,65.67460317460318,64.08730158730158,1132832064,9.443484547988334e-05,0.0003854327975226,0.0093625335359752,3,,
mobilebert,9,4,51.19047619047619,46.82539682539682,1653965733,7.504709340008848e-06,7.319216484396617e-05,0.0354907142862781,9,,
mobilebert,9,5,54.76190476190476,52.97619047619048,1338797927,7.397971309818445e-06,0.0468191095053185,0.0372814145092842,3,,
mobilebert,9,6,48.01587301587302,50.595238095238095,561267410,9.940153028675784e-06,0.0021282185070167,0.129954187917967,10,,
mobilebert,9,7,56.34920634920635,54.76190476190476,1916085512,1.4385527296268811e-05,0.0003656798502566,0.1523133903055108,5,,
mobilebert,9,8,48.21428571428572,50.3968253968254,2051987903,1.1200108719692006e-05,4.603251065992488e-05,0.1918115602471286,2,,
mobilebert,9,9,62.5,56.34920634920635,575468571,1.6116038749845288e-05,0.0112388496433434,0.1807686121473619,9,,
mobilebert,9,10,57.93650793650794,57.142857142857146,1097246707,9.598952125833656e-06,1.7941489918155594e-05,0.1654807316814235,8,,
mobilebert,9,11,57.34126984126984,52.77777777777778,2132738858,1.0455855693812044e-05,1.0892130501106967e-05,0.059581737993316,9,,
mobilebert,9,12,51.98412698412698,56.54761904761905,1232741632,3.66137021973782e-05,0.0888600224643021,0.0779538306022922,10,,
mobilebert,9,13,61.11111111111112,56.74603174603175,662272012,2.193243384311502e-05,0.0011926935008831,0.1582154327092402,8,,
mobilebert,9,14,63.888888888888886,60.51587301587302,840180680,3.5810351763752706e-05,0.0169962146669446,9.291544553871046e-05,8,,
mobilebert,9,15,63.69047619047619,58.53174603174603,1697679243,1.700313862793152e-05,0.001299309570419,0.075427737736571,8,,
mobilebert,9,16,66.26984126984127,66.07142857142857,397409728,7.256853932141975e-05,3.757551456362983e-05,0.1961923812774315,3,,
mobilebert,9,17,65.07936507936508,63.49206349206349,1092806333,2.8390798257779956e-05,0.0016728375489553,0.0297825296704286,7,,
mobilebert,9,18,60.91269841269841,61.30952380952381,456865959,2.203050177412802e-05,0.0003386183982596,0.0263552195863266,9,,
mobilebert,9,19,54.96031746031746,56.15079365079365,1681976261,6.772061822706972e-06,0.002063294173586,0.1407198422154696,6,,
mobilebert,9,20,63.69047619047619,63.29365079365079,2041667098,6.622515616841157e-05,2.49705988971421e-05,0.0919541249063072,4,,
mobilebert,9,21,51.98412698412698,50.99206349206349,1012610234,7.741092285209474e-06,0.000450629155125,0.1171921006129493,3,,
mobilebert,9,22,50.99206349206349,51.58730158730159,1892907411,1.3677330608840576e-05,0.0081206928680998,0.043864032894415,4,,
mobilebert,9,23,65.47619047619048,63.29365079365079,1602471933,6.19311728149568e-05,2.6083109549525773e-05,0.1237644149935421,9,,
mobilebert,9,24,51.58730158730159,56.94444444444444,1263355361,1.4237073765432706e-05,4.802078336972582e-05,0.0009201014472987,7,,
mobilebert,9,25,59.12698412698413,57.34126984126984,1521131894,6.0454206288075735e-06,0.0002709939018201,0.1663300795797004,8,,
mobilebert,9,26,58.333333333333336,55.75396825396825,508423756,6.088068852538712e-06,1.1948249280966866e-05,0.1294019464231119,7,,
mobilebert,9,27,56.74603174603175,56.54761904761905,453615246,2.6250645140191595e-05,0.0033000184629186,0.1344594673785987,3,,
mobilebert,9,28,65.27777777777777,64.48412698412699,1361307222,8.186040894557018e-05,0.000213905281005,0.153564645088131,10,,
mobilebert,9,29,61.507936507936506,61.11111111111112,1338497552,4.245042771117169e-05,2.7930300621879148e-05,0.0071924171594155,5,,
mobilebert,10,0,47.64705882352941,53.333333333333336,242798127,2.521762811870514e-05,0.029498830126888,0.032253977640289,3,,
mobilebert,10,1,53.13725490196079,53.92156862745098,489446790,5.536644040383906e-06,0.005723315675605,0.0776687699185642,4,,
mobilebert,10,2,50.588235294117645,48.431372549019606,353088057,1.1110702383199729e-05,0.0006863655497567,0.0425949600315804,6,,
mobilebert,10,3,54.70588235294117,55.09803921568628,747879168,8.994517618286535e-06,0.0001463354459966,0.1096612731870509,7,,
mobilebert,10,4,50.19607843137255,53.92156862745098,2004569221,1.9604371657814825e-05,0.0533391639340168,0.1517952498008073,6,,
mobilebert,10,5,66.07843137254902,62.15686274509804,2052484832,1.636770271599348e-05,0.0011235950902638,0.1925971606724694,9,,
mobilebert,10,6,49.6078431372549,51.5686274509804,420612827,5.099152393468783e-06,1.2632187861545698e-05,0.1146004688976101,9,,
mobilebert,10,7,49.6078431372549,52.35294117647059,98081383,1.04487699170957e-05,0.02488431929303,0.0347386854667389,7,,
mobilebert,10,8,64.70588235294117,61.96078431372549,1437574617,2.363969227280984e-05,0.0442976888713922,0.0115850089724207,10,,
mobilebert,10,9,66.07843137254902,61.5686274509804,1469661391,1.4650615928224251e-05,0.0459158904225945,0.0504726608550871,10,,
mobilebert,10,10,65.29411764705883,61.76470588235294,1190412424,1.5362058582027402e-05,0.0011076902446953,0.0988364664393879,8,,
mobilebert,10,11,67.25490196078431,66.07843137254902,1963495610,6.5224914472584e-05,0.0404368977354418,0.0870600285596343,5,,
mobilebert,10,12,49.21568627450981,51.5686274509804,342904398,6.24848973513336e-06,4.586377231955588e-05,0.1760348600500611,7,,
mobilebert,10,13,68.23529411764706,66.66666666666667,118347736,7.124959384912714e-05,0.0579013106765922,0.0275982707799089,8,,
mobilebert,10,14,55.68627450980392,54.31372549019608,2050148447,6.39612488085729e-06,4.009187735855437e-05,0.0352151792566136,7,,
mobilebert,10,15,53.13725490196079,49.41176470588236,794044874,5.008754573207155e-06,0.0077681816128589,0.0071819700246999,6,,
mobilebert,10,16,66.07843137254902,61.96078431372549,336656568,2.1179012735848588e-05,0.000565707434529,0.1857095656581251,9,,
mobilebert,10,17,58.23529411764706,57.64705882352941,1955028786,7.988847086113175e-06,0.0223380900146876,0.1182297620625677,9,,
mobilebert,10,18,61.5686274509804,56.66666666666666,1111251503,1.3433086070539178e-05,0.0207217485966787,0.1223854908040845,10,,
mobilebert,10,19,53.13725490196079,46.07843137254902,363713838,5.064860119639541e-06,0.000200715388264,0.1459950296387371,6,,
mobilebert,10,20,70.0,64.50980392156863,1650939822,4.975654498917884e-05,0.0002946611067915,0.0616037073195984,9,,
mobilebert,10,21,68.23529411764706,68.03921568627452,452815125,4.75706541824815e-05,0.0010406118378277,0.1828558480009381,7,,
mobilebert,10,22,58.431372549019606,57.84313725490196,1082274643,6.785262421955408e-06,0.0013210209464478,0.0251570909043544,9,,
mobilebert,10,23,54.70588235294117,54.31372549019608,532715278,2.0768225330120497e-05,0.010934807594496,0.1587440396999799,2,,
mobilebert,10,24,67.45098039215686,64.90196078431373,1430857327,4.041309696952336e-05,9.29653368462429e-05,0.0731088162452684,8,,
mobilebert,10,25,69.80392156862744,66.66666666666667,92409421,4.201730358895722e-05,0.0094316982586283,0.0309232734082308,9,,
mobilebert,10,26,52.94117647058823,51.1764705882353,1529334018,2.403891593593599e-05,1.3883699960661358e-05,0.1688977697430439,7,,
mobilebert,10,27,61.1764705882353,60.3921568627451,754805589,1.918114617031313e-05,0.0066116612109661,0.1767343955256277,6,,
mobilebert,10,28,51.96078431372549,53.13725490196079,80937843,9.126148867095324e-06,0.0522018017946265,0.1880852755175695,3,,
mobilebert,10,29,57.25490196078432,56.07843137254902,1364195521,1.052240606218316e-05,0.061694812884914,0.173529472221619,6,,
mobilebert,11,0,55.76923076923077,56.62188099808061,1465957972,9.386395950820831e-06,0.0028629700208151,0.0461602525738907,7,,
mobilebert,11,1,49.23076923076923,47.2168905950096,414168119,1.8278881026339225e-05,0.0605980296824458,0.19267998332113,9,,
mobilebert,11,2,66.15384615384616,63.72360844529751,1844595034,3.766799871997162e-05,0.0002397579150993,0.1265792873312168,5,,
mobilebert,11,3,63.65384615384615,62.18809980806142,720732280,1.3074053453679922e-05,0.0016712286647304,0.19351574127962,8,,
mobilebert,11,4,63.84615384615385,61.99616122840691,298634021,1.2956961981628908e-05,1.143891097529573e-05,0.0905638624509523,10,,
mobilebert,11,5,64.8076923076923,64.68330134357005,285933874,9.377256782935145e-05,0.0423809928449022,0.1462154206115882,2,,
mobilebert,11,6,52.30769230769231,53.93474088291747,788520960,8.194249689779028e-06,0.0008551319148438,0.0854563358900765,6,,
mobilebert,11,7,52.11538461538461,55.47024952015355,2089312949,3.807646405423378e-05,1.4659877078871733e-05,0.1880819347383757,7,,
mobilebert,11,8,55.0,55.854126679462574,1335485051,1.2499412311051946e-05,0.0392237619891001,0.0811561459383533,7,,
mobilebert,11,9,49.61538461538461,55.47024952015355,824974716,2.126918060416414e-05,1.2794587671078616e-05,0.1911419963267059,4,,
mobilebert,11,10,58.26923076923077,53.93474088291747,1830174996,2.295558566118182e-05,0.002427633027768,0.0607136440066371,3,,
mobilebert,11,11,60.0,59.30902111324376,1329624348,3.027890732115884e-05,0.0077908535102027,0.1939806727229973,3,,
mobilebert,11,12,60.76923076923077,59.30902111324376,920066476,5.805054710072467e-05,2.74491796504431e-05,0.1030331357161875,3,,
mobilebert,11,13,66.15384615384616,67.37044145873321,647840824,9.477051791148204e-05,0.0007645825876456,0.1825974246853949,7,,
mobilebert,11,14,66.15384615384616,67.94625719769674,1368067096,7.32996485524965e-05,0.0195429036956188,0.0557208956826484,7,,
mobilebert,11,15,61.34615384615385,57.58157389635317,500192317,2.101668403256577e-05,0.0004357643636648,0.1016427133091223,5,,
mobilebert,11,16,62.5,61.99616122840691,2111858985,1.781811045236326e-05,0.0029340444940812,0.1203416600689182,9,,
mobilebert,11,17,55.57692307692308,54.70249520153551,1570144155,2.1738688629272065e-05,0.0186897219365113,0.1683302864746106,2,,
mobilebert,11,18,45.38461538461539,51.63147792706334,171443268,1.066261811625727e-05,0.0594375410241527,0.0348169453220123,10,,
mobilebert,11,19,51.34615384615385,55.854126679462574,409246549,5.497038657871877e-05,0.0001438742232546,0.1920568672903578,2,,
mobilebert,11,20,58.46153846153846,53.74280230326296,1294557725,9.036160254659884e-06,0.0006879397070691,0.0182580484883974,5,,
mobilebert,11,21,60.57692307692308,60.84452975047984,1777617111,1.751425457456288e-05,0.0017098432584112,0.0633872029633028,4,,
mobilebert,11,22,58.65384615384615,57.58157389635317,581035403,1.1084768410814446e-05,9.47744136299585e-05,0.1896052870035734,7,,
mobilebert,11,23,64.61538461538461,65.4510556621881,785769968,7.830893502328618e-05,3.602652714174101e-05,0.09107061507077,3,,
mobilebert,11,24,50.0,47.79270633397313,2078338431,1.4418943744504152e-05,4.589937815639328e-05,0.0544690048884319,6,,
mobilebert,11,25,65.76923076923077,63.531669865643,1775515672,4.235569947736932e-05,1.005283992386103e-05,0.0417521926817417,4,,
mobilebert,11,26,57.5,58.54126679462572,1209377110,1.4230879604300473e-05,0.0745052750022617,0.1961339489378887,6,,
mobilebert,11,27,62.88461538461539,65.06717850287907,1041871730,5.247483731906775e-05,0.0069184781929364,0.159408252530385,5,,
mobilebert,11,28,48.07692307692308,49.520153550863725,528158353,1.4491695041715927e-05,0.0025459025562909,0.0160408521603383,2,,
mobilebert,11,29,65.38461538461539,66.60268714011517,1843809251,5.850564051191405e-05,0.0539293907932435,0.1124757752090332,3,,
mobilebert,12,0,55.68627450980392,51.76470588235294,1212446202,8.936133762737557e-06,0.003109116857667,0.1280595728768831,8,,
mobilebert,12,1,67.84313725490196,67.84313725490196,1074642944,2.60966922663944e-05,6.63342356864563e-05,0.110609322489109,10,,
mobilebert,12,2,62.74509803921568,63.13725490196079,408086281,7.73705356395996e-05,2.2179561584782965e-05,0.1834301605519844,2,,
mobilebert,12,3,62.15686274509804,63.72549019607843,1998825073,2.7970602231363216e-05,0.0097659812174981,0.0963091501665934,5,,
mobilebert,12,4,53.92156862745098,55.09803921568628,564182260,5.116449448548279e-06,2.0725538628605804e-05,0.0759970798744373,5,,
mobilebert,12,5,62.94117647058823,65.68627450980392,2122243288,3.948519272964055e-05,0.0001058232685246,0.0117297514997082,9,,
mobilebert,12,6,56.47058823529412,50.0,1664440282,1.8330252410236717e-05,0.0014515193291662,0.1561912653753412,10,,
mobilebert,12,7,64.11764705882354,67.84313725490196,1851313802,3.891272845714726e-05,0.0001452819435482,0.1596240240153193,6,,
mobilebert,12,8,59.6078431372549,60.588235294117645,1540778320,1.1141365903679543e-05,0.0004417504464825,0.1812594360122283,9,,
mobilebert,12,9,61.76470588235294,58.431372549019606,2080504320,2.4236532036964665e-05,5.426011122620096e-05,0.1611949476218112,7,,
mobilebert,12,10,58.23529411764706,54.90196078431372,846198091,1.0590253119772284e-05,0.0001928716661587,0.0056541325780969,8,,
mobilebert,12,11,50.19607843137255,47.25490196078432,905726848,6.220786358987835e-06,0.0006222601884621,3.390995079413095e-05,3,,
mobilebert,12,12,61.1764705882353,59.80392156862745,1010215177,8.012743100920311e-06,8.846132055333138e-05,0.167821598008486,8,,
mobilebert,12,13,61.5686274509804,65.68627450980392,1161914511,2.052470348444011e-05,4.684559182421492e-05,0.1554756723577106,10,,
mobilebert,12,14,51.372549019607845,47.25490196078432,755625422,1.2824500377702436e-05,0.0015377495514019,0.0991781394188869,6,,
mobilebert,12,15,59.6078431372549,61.76470588235294,2011025475,1.057737723123826e-05,0.0003792121510837,0.195118571832761,10,,
mobilebert,12,16,55.294117647058826,55.88235294117647,1782907268,1.2347561896752602e-05,9.354674827310208e-05,0.1686107581159006,9,,
mobilebert,12,17,55.68627450980392,54.50980392156863,1144054379,3.272916408360842e-05,0.000939456233894,0.0166246248714197,2,,
mobilebert,12,18,66.47058823529412,67.25490196078431,1366372426,6.073622660253103e-05,0.000251939108974,0.1379003961206399,10,,
mobilebert,12,19,62.35294117647059,63.52941176470589,850411354,3.501287480257352e-05,1.4353952694198456e-05,0.0302879258848689,6,,
mobilebert,12,20,50.0,50.3921568627451,670488766,2.0503333605664323e-05,0.0791428338167896,0.0869887779491339,3,,
mobilebert,12,21,62.549019607843135,63.13725490196079,143340447,1.2993102291177028e-05,0.0006216506411443,0.080917189151251,7,,
mobilebert,12,22,51.76470588235294,50.19607843137255,1797017859,1.390211074932765e-05,1.724639906409102e-05,0.0553448192385773,5,,
mobilebert,12,23,63.92156862745098,66.47058823529412,1171658689,9.056142603480928e-05,0.0085422155617923,0.0848654241292115,3,,
mobilebert,12,24,53.333333333333336,51.372549019607845,1458728186,6.9686793926604685e-06,0.0031429625235382,0.0755070244537708,4,,
mobilebert,12,25,64.90196078431373,68.43137254901961,1425047030,2.114995086218845e-05,0.0043721466092294,0.024344011979728,9,,
mobilebert,12,26,48.23529411764706,53.13725490196079,1824077832,7.92377306302344e-06,0.0840180735712061,0.0169304979532779,2,,
mobilebert,12,27,61.76470588235294,60.0,1208191686,1.0025613742521057e-05,0.0012238881683135,0.1968368030652708,7,,
mobilebert,12,28,65.88235294117646,64.11764705882354,1116687642,1.898090217724928e-05,0.0322950775852162,0.0162113195351702,9,,
mobilebert,12,29,67.25490196078431,69.6078431372549,1820914685,9.329307980996452e-05,0.0002708388136379,0.1065899812291124,7,,
mobilebert,13,0,51.59362549800797,54.67196819085487,970200652,9.408689337990744e-06,0.0004226675385634,0.1527563174031669,4,,
mobilebert,13,1,50.79681274900398,48.5089463220676,737211825,1.5624382921369633e-05,0.00098793275103,0.0184138205750704,2,,
mobilebert,13,2,59.7609561752988,62.62425447316103,2026185666,1.2508264586537514e-05,0.0002878913551228,0.0239519312961805,9,,
mobilebert,13,3,59.7609561752988,63.618290258449306,1890459106,1.1294970868135866e-05,0.0282584731241174,0.0953984212522291,9,,
mobilebert,13,4,57.76892430278885,62.22664015904572,1263069393,3.942968512513936e-05,0.0661726482081024,0.0353999330880968,5,,
mobilebert,13,5,58.56573705179283,64.01590457256461,1762694053,3.805613755999618e-05,0.0041260962155151,0.1280939565933908,3,,
mobilebert,13,6,54.9800796812749,56.262425447316105,2017299937,1.896261496965163e-05,3.515718820853004e-05,0.1401970088017713,7,,
mobilebert,13,7,60.756972111553786,61.63021868787276,1987163304,9.518493909114772e-05,0.004533307097457,0.153231503264765,2,,
mobilebert,13,8,49.800796812749006,44.93041749502982,453679453,5.908101653790649e-06,4.7546323774114055e-05,0.128269177788307,5,,
mobilebert,13,9,60.1593625498008,60.03976143141153,2083476125,1.5675260095743735e-05,0.0897953382147314,0.174251404975279,9,,
mobilebert,13,10,48.00796812749004,51.491053677932406,1681705924,5.436630802878862e-06,0.0001812769407748,0.1432331272226409,9,,
mobilebert,13,11,51.19521912350598,51.68986083499006,1623377819,4.131783362144684e-05,0.0132503900156062,0.1536855039751872,3,,
mobilebert,13,12,49.00398406374502,44.1351888667992,275705732,7.2854396177181245e-06,0.0293877716546914,0.0293488856602201,2,,
mobilebert,13,13,61.95219123505976,64.21471172962227,280515030,2.1594904751187967e-05,0.0047177620129205,0.0163419897348651,10,,
mobilebert,13,14,54.78087649402391,54.67196819085487,1636920507,8.556009433209538e-06,7.20428803151563e-05,0.0082827096794176,8,,
mobilebert,13,15,54.18326693227092,52.286282306163024,1047517035,3.121529211209263e-05,0.0052357369661374,0.1357373140056585,2,,
mobilebert,13,16,45.21912350597609,46.71968190854871,1510876608,1.0379005891567716e-05,0.0009688944765281,0.0959944495325161,9,,
mobilebert,13,17,48.60557768924303,48.111332007952285,1614735673,2.7103898685760376e-05,0.016272557062571,0.1595310084825053,3,,
mobilebert,13,18,62.35059760956175,67.59443339960238,1222053400,7.697608359589154e-05,9.953242871889316e-05,0.0775763528791698,7,,
mobilebert,13,19,61.55378486055777,64.21471172962227,1123848227,5.39491271987596e-05,0.0001634296087769,0.1535138525079255,4,,
mobilebert,13,20,55.776892430278885,59.84095427435388,1266543402,5.826630712462341e-06,0.0203602785206365,0.1028982688415171,10,,
mobilebert,13,21,64.14342629482071,65.60636182902584,1933733740,7.602508427821499e-05,0.0091168361427,0.1497248266792608,7,,
mobilebert,13,22,61.75298804780876,65.8051689860835,517871423,6.458869086348876e-05,1.919058255634104e-05,0.044459527796561,3,,
mobilebert,13,23,49.00398406374502,51.491053677932406,2022686049,1.0446259337036729e-05,2.251445740857205e-05,0.0941240387088145,10,,
mobilebert,13,24,49.601593625498005,47.11729622266402,33482099,1.174044815949247e-05,9.495057807029425e-05,0.1746817423668339,8,,
mobilebert,13,25,53.98406374501992,50.09940357852883,156703877,9.502591878899062e-06,0.0001270555469368,0.0652407274168741,9,,
mobilebert,13,26,63.34661354581673,65.40755467196819,615846395,5.312415422306797e-05,0.0003659474254114,0.1255292596841553,10,,
mobilebert,13,27,50.59760956175299,48.9065606361829,691522177,1.596261459016318e-05,0.0162252394663183,0.1313539483336034,2,,
mobilebert,13,28,61.55378486055777,65.60636182902584,260649463,4.445894229695439e-05,0.0058727086200951,0.1485419390368015,6,,
mobilebert,13,29,48.80478087649402,49.10536779324055,1453637511,1.7017195107221046e-05,0.0010290435385772,0.0482260612186462,3,,
mobilebert,14,0,52.58964143426295,51.79282868525896,793225204,8.588439411989665e-06,0.0549557876045008,0.0725436449485871,7,,
mobilebert,14,1,58.764940239043824,67.33067729083665,2108616987,6.372710561462391e-05,0.0055127866580078,0.0777200710388708,5,,
mobilebert,14,2,59.9601593625498,64.7410358565737,244937543,9.446607832368688e-05,6.090135850784741e-05,0.0738675797889356,2,,
mobilebert,14,3,48.60557768924303,47.41035856573705,272318080,1.1841283132387988e-05,0.0001834203003601,0.0408936328561552,2,,
mobilebert,14,4,51.59362549800797,54.38247011952191,612466671,1.2848208494202886e-05,2.524560420719869e-05,0.1677802589476623,5,,
mobilebert,14,5,58.96414342629482,62.15139442231076,1222459319,1.0062962922459716e-05,0.0022211102074289,0.0741451217046314,5,,
mobilebert,14,6,58.96414342629482,65.73705179282868,348429806,1.0526279001707903e-05,3.4405494802144495e-05,0.0454502705898344,9,,
mobilebert,14,7,54.581673306772906,58.764940239043824,1315815246,2.456972972095028e-05,2.557853408333407e-05,0.0289419190559998,9,,
mobilebert,14,8,50.0,52.19123505976096,1610118046,1.0098169412177202e-05,0.0041750310190607,0.1533233840577402,5,,
mobilebert,14,9,55.57768924302789,55.97609561752988,1081560046,6.535693442872734e-06,0.070352302218554,0.116407058206569,2,,
mobilebert,14,10,50.199203187250994,56.57370517928287,1058275835,3.210369420311215e-05,0.0015818617090254,0.192648923296539,3,,
mobilebert,14,11,48.80478087649402,53.386454183266935,1976919345,1.8406581569182883e-05,0.0346644022527242,0.1300397858504547,7,,
mobilebert,14,12,47.41035856573705,50.0,339384893,6.196914860650577e-06,0.0810685610485347,0.0958926756502555,5,,
mobilebert,14,13,58.16733067729084,68.32669322709164,1023169134,1.442333338900547e-05,1.2575555554073217e-05,0.0797477088146231,9,,
mobilebert,14,14,53.58565737051793,62.94820717131474,1269830170,1.38844673457102e-05,0.0471963869649091,0.0787354942520228,3,,
mobilebert,14,15,59.36254980079681,62.74900398406375,1563799168,5.878521091072133e-05,2.5392745513764556e-05,0.0666347861380436,2,,
mobilebert,14,16,57.76892430278885,63.147410358565736,346853385,1.1786796922772034e-05,0.0030389956257422,0.0616589345249018,9,,
mobilebert,14,17,51.19521912350598,46.01593625498008,867688169,1.415386134294741e-05,0.0011418327784228,0.0867741190288284,3,,
mobilebert,14,18,60.95617529880478,68.12749003984064,2069881729,1.3126298950055824e-05,2.82047516478673e-05,0.1990681224981415,8,,
mobilebert,14,19,51.79282868525896,54.581673306772906,269809162,1.0636460570007328e-05,1.2702608971707276e-05,0.0580982482029875,5,,
mobilebert,14,20,61.95219123505976,66.73306772908367,70065133,1.997258984866993e-05,0.0022399088006786,0.000993192300715,7,,
mobilebert,14,21,56.17529880478088,60.35856573705179,1935710070,1.8821704188120885e-05,0.0004303995435184,0.0869624097843151,3,,
mobilebert,14,22,63.147410358565736,70.3187250996016,2078831173,3.732354166576931e-05,2.956250114046157e-05,0.1215027159687982,6,,
mobilebert,14,23,57.569721115537845,63.54581673306773,382784551,2.7573813551721465e-05,0.0003127904504307,0.030967536471592,3,,
mobilebert,14,24,54.18326693227092,54.38247011952191,1371966439,1.1945586880477472e-05,2.9668627550050575e-05,0.029674823336253,7,,
mobilebert,14,25,62.54980079681275,68.72509960159363,1349066034,5.894795406990349e-05,0.0277737064727169,0.0786312674186134,5,,
mobilebert,14,26,60.95617529880478,65.73705179282868,754229394,2.1056240207597943e-05,2.368369302767269e-05,0.1205211148714392,7,,
mobilebert,14,27,54.38247011952191,62.94820717131474,1543603524,6.65460217217571e-06,0.0008678043790266,0.1282017378276622,9,,
mobilebert,14,28,50.79681274900398,51.99203187250996,503769064,9.308635351894542e-06,1.1119704367415266e-05,0.1500667964700427,6,,
mobilebert,14,29,60.35856573705179,64.9402390438247,701002719,1.4799959271362626e-05,0.0079594244492356,0.0638013518526622,6,,
mobilebert,15,0,59.1796875,55.360623781676416,1144498542,5.374308719270577e-06,0.0257294171952887,0.1621652670162058,10,,
mobilebert,15,1,68.5546875,63.54775828460039,1406660363,5.8024050149530415e-05,1.7884004737161882e-05,0.1105561867989492,7,,
mobilebert,15,2,64.2578125,62.76803118908382,1231679880,9.140070044281382e-06,0.0082294635835064,0.1873408162314307,9,,
mobilebert,15,3,66.6015625,68.6159844054581,1319567606,5.7591405460253166e-05,0.0005388483817923,0.0257334114079631,8,,
mobilebert,15,4,55.6640625,54.19103313840156,886963459,8.661187212527626e-06,2.904768545582493e-05,0.0029024832358726,7,,
mobilebert,15,5,53.515625,54.77582846003899,1516076885,1.2359650957813387e-05,1.448108201817189e-05,0.0030328106314023,2,,
mobilebert,15,6,58.3984375,53.21637426900585,1729047422,1.4406465865720631e-05,0.0004142972830721,0.0042427362441441,5,,
mobilebert,15,7,69.921875,66.08187134502924,1239639220,4.892444205528112e-05,0.0872487086939074,0.0494211849629154,3,,
mobilebert,15,8,65.8203125,64.32748538011695,1079118165,3.666891277718903e-05,6.34345604753804e-05,0.1423620357819071,3,,
mobilebert,15,9,67.1875,65.8869395711501,814925990,9.366070462849103e-05,0.0012391048341084,0.086089520555998,10,,
mobilebert,15,10,62.5,60.03898635477583,1656223976,2.9243348564924277e-05,0.0012193398308169,0.118569627647114,5,,
mobilebert,15,11,67.7734375,62.57309941520468,1870187721,4.166446252648795e-05,3.78266326137029e-05,0.1735779267046737,7,,
mobilebert,15,12,68.359375,63.35282651072125,329948501,7.260101572551469e-05,0.0668823804099458,0.1305828253537642,8,,
mobilebert,15,13,57.421875,58.08966861598441,576958610,9.080792587250191e-06,0.005050517525641,0.1844734244897756,7,,
mobilebert,15,14,59.375,59.25925925925926,627136270,7.114214388233532e-06,4.817742201704805e-05,0.1870532839084712,8,,
mobilebert,15,15,46.09375,48.732943469785575,213927180,6.313024455139974e-06,0.0001960196745925,0.1793640372837559,7,,
mobilebert,15,16,59.1796875,57.69980506822612,1436416103,1.535505387645851e-05,0.0027964538008455,0.1114255917668961,6,,
mobilebert,15,17,60.15625,54.97076023391813,1865717234,6.322877796341117e-06,0.0016218455141469,0.1195603298791226,10,,
mobilebert,15,18,52.34375,57.30994152046784,49990470,5.325919596591058e-06,0.0019826893573809,0.0344471924547949,9,,
mobilebert,15,19,55.078125,57.50487329434698,617506755,9.55953817660266e-06,0.0801407774992031,0.1037249671230104,2,,
mobilebert,15,20,66.6015625,62.57309941520468,925903736,2.774321261788094e-05,0.0166670868113557,0.0785300705492753,10,,
mobilebert,15,21,54.296875,56.72514619883041,223060774,5.07427573100893e-06,0.0003314272566555,0.0603680583901534,8,,
mobilebert,15,22,71.2890625,64.71734892787525,1710602427,9.796511991757412e-05,3.584272329214433e-05,0.1438290367392926,6,,
mobilebert,15,23,68.1640625,62.76803118908382,156942528,4.97996203795722e-05,0.0146952328530685,0.0421052996594289,6,,
mobilebert,15,24,68.359375,67.44639376218323,1590115543,5.7702216418518805e-05,4.979674042900136e-05,0.0293445146484323,8,,
mobilebert,15,25,49.4140625,47.75828460038986,299604855,2.1659027335837624e-05,0.0883935459930318,0.1703053479716795,5,,
mobilebert,15,26,48.828125,51.65692007797271,1598204368,2.2539656720495054e-05,0.0055442391365529,0.1933824121025694,5,,
mobilebert,15,27,55.46875,58.86939571150098,524448198,3.5618542697936425e-05,0.0002642586538044,0.163041088721652,2,,
mobilebert,15,28,51.3671875,53.41130604288499,1535339701,1.7566871658449e-05,0.0001196307943532,0.1304610557608553,3,,
mobilebert,15,29,59.5703125,58.86939571150098,187580128,2.1524314949031464e-05,0.018147342545744,0.1947213072108014,4,,
mobilebert,16,0,51.14942528735632,47.41873804971319,153947749,9.371383196181638e-06,0.0001759559324772,0.1619523185786905,3,,
mobilebert,16,1,61.11111111111112,67.68642447418738,1069457408,9.910523352668996e-05,0.0112024194249993,0.0967227550503572,7,,
mobilebert,16,2,58.62068965517241,57.55258126195029,1031876397,3.703116963462656e-05,0.0129210441034509,0.1096182293698505,2,,
mobilebert,16,3,62.452107279693486,62.1414913957935,1654485795,2.328048960351824e-05,0.000933120688207,0.0646635106080992,7,,
mobilebert,16,4,62.26053639846743,69.40726577437859,341096339,9.088877812175009e-05,2.719599363890286e-05,0.0783453871868988,9,,
mobilebert,16,5,64.75095785440612,67.87762906309752,1974935092,5.821506773211134e-05,1.2980877469509616e-05,0.1585693667537414,3,,
mobilebert,16,6,52.87356321839081,49.90439770554493,892923221,5.469115956402847e-06,0.0010610409110052,0.0342036967487913,3,,
mobilebert,16,7,59.96168582375479,60.4206500956023,1279893976,5.749265153251312e-05,6.894667462712962e-05,0.0199160300265219,2,,
mobilebert,16,8,63.60153256704981,68.06883365200765,1188844293,8.376412066090848e-05,0.0228803659499994,0.0967115909161003,2,,
mobilebert,16,9,53.63984674329502,53.91969407265774,738394368,7.730254775376412e-06,0.0040585094248904,0.1016526239886215,8,,
mobilebert,16,10,54.9808429118774,53.53728489483748,483754849,2.3327111631299557e-05,0.0034481838160255,0.0373083359640575,2,,
mobilebert,16,11,55.3639846743295,59.65583173996176,128692543,6.509752573787158e-06,0.0483438188709408,0.1817460118592575,5,,
mobilebert,16,12,54.02298850574713,57.74378585086042,1786469660,1.723317679859276e-05,0.0420544787370201,0.09556058444404,5,,
mobilebert,16,13,58.04597701149425,58.50860420650096,1290572191,9.013023970017096e-06,0.0812723270327321,0.1050869039901426,5,,
mobilebert,16,14,56.89655172413793,58.89101338432123,1162621035,4.406331005722975e-05,0.0037523058060878,0.0332971606278218,3,,
mobilebert,16,15,59.57854406130268,60.038240917782026,255522691,2.3337337116129717e-05,0.0028902907008287,0.1615505126653655,4,,
mobilebert,16,16,47.89272030651341,51.62523900573614,124198883,1.08415028359118e-05,0.0001014147627368,0.0814010630579445,10,,
mobilebert,16,17,50.76628352490422,47.9923518164436,154122422,1.823955125494704e-05,0.0720791145348321,0.0300629860114938,6,,
mobilebert,16,18,57.66283524904215,55.06692160611855,1391111280,6.895304395734151e-06,0.0001522233807825,0.1372637374071068,3,,
mobilebert,16,19,63.40996168582375,68.45124282982792,116144549,9.805755161756011e-05,0.0002213442022543,0.0519528608969845,10,,
mobilebert,16,20,61.877394636015325,67.49521988527725,834941045,3.972522421162618e-05,0.021666358237747,0.0243090304423211,7,,
mobilebert,16,21,51.53256704980843,48.18355640535373,1620783348,6.549088801973975e-06,0.0003499663052234,0.1569940577330424,8,,
mobilebert,16,22,59.38697318007663,64.43594646271511,2098400568,2.8518004831552917e-05,0.0028605979591423,0.1001928281383411,5,,
mobilebert,16,23,58.04597701149425,60.4206500956023,1375694753,1.4429638448781036e-05,0.0001404569618965,0.0063307476884455,5,,
mobilebert,16,24,47.12643678160919,49.521988527724666,311281780,5.267427571720654e-06,0.035438497059752,0.0823996968784323,6,,
mobilebert,16,25,63.40996168582375,61.75908221797323,17492840,1.975377960828336e-05,0.0413160273408782,0.147779809359317,8,,
mobilebert,16,26,64.55938697318008,66.73040152963671,342774050,3.986385894616654e-05,0.0169471421594924,0.1871816041000655,10,,
mobilebert,16,27,63.60153256704981,66.92160611854685,1321136425,6.864896772851563e-05,9.385375636653989e-05,0.044904175974056,2,,
mobilebert,16,28,62.26053639846743,69.59847036328871,1637402210,3.826696031225536e-05,0.0003594756007021,0.089360838466267,10,,
mobilebert,16,29,62.06896551724138,67.11281070745697,1424070163,6.052582843015512e-05,0.0002650413276325,0.1822567657245627,5,,
mobilebert,17,0,58.9041095890411,58.203125,238455900,9.26167841959741e-06,0.0025008321916907,0.0935235718442997,8,,
mobilebert,17,1,64.9706457925636,64.84375,885642083,9.6326144989113e-05,0.0003247789591606,0.0987749274961266,5,,
mobilebert,17,2,55.18590998043053,57.421875,1230511527,1.9023306461717044e-05,3.61768410565613e-05,0.1394310378582898,2,,
mobilebert,17,3,48.53228962818004,53.515625,1085017509,9.787309865682615e-06,0.0003533887312039,0.1592346000338258,2,,
mobilebert,17,4,51.85909980430528,51.3671875,1109855601,9.667076250697794e-06,0.0006416889371831,0.0941374729595816,2,,
mobilebert,17,5,53.42465753424658,52.34375,251981485,7.915972394657399e-06,0.0118060990396052,0.0749750663070722,4,,
mobilebert,17,6,62.81800391389432,62.3046875,1492447182,2.9190553495147197e-05,0.000137068098438,0.1233982538106602,9,,
mobilebert,17,7,50.68493150684932,52.34375,223017574,8.194869722826347e-06,0.0014037462341791,0.1777269608807061,9,,
mobilebert,17,8,65.16634050880626,61.71875,1535194370,5.022826707338128e-05,0.0093059153220731,0.099759808301669,6,,
mobilebert,17,9,55.77299412915851,54.8828125,1978322896,8.023619729870531e-06,0.0003103300656505,0.1770430584525126,9,,
mobilebert,17,10,61.448140900195696,62.890625,393218115,3.7435055495194686e-05,0.015619559435618,0.1971136034729989,3,,
mobilebert,17,11,65.55772994129158,68.9453125,1316814794,9.999925559095346e-05,0.0004537620401152,0.116603041939107,3,,
mobilebert,17,12,49.90215264187867,50.78125,1731730216,1.937211549745471e-05,5.746853563284873e-05,0.1978860990786696,7,,
mobilebert,17,13,65.94911937377691,65.4296875,1678448258,7.026390534712664e-05,3.004543273967462e-05,0.174996181387917,6,,
mobilebert,17,14,59.09980430528376,59.5703125,280866525,1.8560874365501648e-05,0.000477963870231,0.0533698010300374,4,,
mobilebert,17,15,60.273972602739725,61.328125,1728621389,2.901752805224292e-05,0.0001359817443653,0.0299928069374202,8,,
mobilebert,17,16,55.57729941291585,58.984375,1740042374,6.523957916676291e-06,2.4732919214205017e-05,0.129774496405466,7,,
mobilebert,17,17,64.57925636007828,66.796875,90657868,6.251731500997195e-05,0.062838296375243,0.0966659950916787,4,,
mobilebert,17,18,60.66536203522505,63.8671875,936959044,4.64704826436715e-05,0.0001885321584916,0.0225650854826095,4,,
mobilebert,17,19,51.07632093933464,57.6171875,1341183267,8.84770285878198e-06,0.0002413189992534,0.1759357840150877,8,,
mobilebert,17,20,62.81800391389432,64.0625,1980321296,5.685585639455511e-05,0.0061875396761049,0.0379374448680315,3,,
mobilebert,17,21,52.83757338551859,54.8828125,2110819230,1.704926446461493e-05,0.036290862833814,0.0171003202768829,3,,
mobilebert,17,22,61.448140900195696,62.5,1714507687,4.3796152448608e-05,0.0016488557259892,0.1114354611454986,6,,
mobilebert,17,23,61.05675146771037,67.96875,1892729094,4.280289067424948e-05,4.586370313094556e-05,0.0269302925558121,4,,
mobilebert,17,24,63.20939334637965,61.9140625,787738519,4.024564997377628e-05,2.8297179632203284e-05,0.0188050506183607,9,,
mobilebert,17,25,62.03522504892368,63.0859375,143438463,7.745930608241243e-05,0.0013616978266963,0.087491023846729,3,,
mobilebert,17,26,48.53228962818004,50.1953125,914500742,1.0333254838223177e-05,0.000101478155544,0.0680947559287645,10,,
mobilebert,17,27,64.9706457925636,64.84375,1743046924,8.589352521569397e-05,0.0954597037790873,0.0329056504781355,3,,
mobilebert,17,28,50.489236790606654,50.0,1564766784,1.1898358436198811e-05,0.0247993429596443,0.1909483797655907,3,,
mobilebert,17,29,53.816046966731896,52.9296875,104287863,1.6665623106297906e-05,0.0004665432046561,0.0831099722788136,8,,
mobilebert,18,0,64.9402390438247,72.56461232604374,367083338,8.393979559754882e-05,9.132850257466985e-05,0.1546956312930994,7,,
mobilebert,18,1,68.12749003984064,71.17296222664015,321398723,8.369272774976679e-05,8.463677926443508e-05,0.0561566343686575,6,,
mobilebert,18,2,58.56573705179283,64.61232604373757,529074724,1.512613703701915e-05,0.0350560242258854,0.0599803571740551,9,,
mobilebert,18,3,54.9800796812749,55.46719681908549,1357631659,2.3187231002024373e-05,0.0006286952570023,0.185724347955614,10,,
mobilebert,18,4,66.13545816733068,70.17892644135189,1466218289,6.915583438051571e-05,0.0118514370206776,0.1828765562912164,9,,
mobilebert,18,5,59.36254980079681,62.82306163021869,544399646,1.4083776665032172e-05,0.0036905651612375,0.1605074929418051,9,,
mobilebert,18,6,57.96812749003984,62.42544731610338,549134275,1.8269146182041004e-05,5.5919175403978144e-05,0.1759623599659363,8,,
mobilebert,18,7,50.59760956175299,53.47912524850894,2080513924,6.334120127734638e-06,0.0001428261925671,0.0126856174751637,6,,
mobilebert,18,8,59.16334661354582,60.83499005964215,893644186,3.2991364900947135e-05,0.0043312999006672,0.162014962473534,2,,
mobilebert,18,9,50.99601593625498,55.66600397614314,2135986760,6.3857145436402684e-06,0.0001424541564476,0.0354674449419242,3,,
mobilebert,18,10,51.39442231075697,48.111332007952285,1936432474,1.796039641084747e-05,0.0054239159381849,0.0711800607428638,8,,
mobilebert,18,11,68.32669322709164,73.95626242544732,513401288,7.092322185651318e-05,0.0065869769238031,0.0432515445170492,9,,
mobilebert,18,12,53.78486055776892,57.65407554671968,902843423,4.9521080883807765e-05,0.0008072285714968,0.1354042259253277,4,,
mobilebert,18,13,53.98406374501992,56.85884691848906,657875195,2.6600922390659688e-05,0.0207388298890478,0.175138963672215,5,,
mobilebert,18,14,63.94422310756972,64.81113320079523,1951628677,2.9924972375031548e-05,0.0015467561156082,0.1617512495029657,7,,
mobilebert,18,15,63.745019920318725,69.98011928429423,2014273453,6.503995899366119e-05,5.079732232756646e-05,0.162091105058732,8,,
mobilebert,18,16,58.56573705179283,67.59443339960238,1121294420,3.132327610854937e-05,0.0079887717223221,0.0057290348251758,8,,
mobilebert,18,17,61.75298804780876,66.00397614314116,284152140,6.501496141168549e-05,0.0258519965016481,0.1540528393567649,3,,
mobilebert,18,18,66.13545816733068,72.76341948310139,173982866,8.404810732055538e-05,0.000110977935911,0.1632228571014126,4,,
mobilebert,18,19,50.199203187250994,51.491053677932406,776310968,1.2206601090687076e-05,0.0008446934672428,0.0039901785321892,7,,
mobilebert,18,20,60.95617529880478,63.02186878727634,33438763,1.3970850873371866e-05,0.0191596923189321,0.0610688641041673,6,,
mobilebert,18,21,65.93625498007968,68.98608349900596,1529716300,2.0809378292184765e-05,0.0001129738902492,0.1411234096109438,8,,
mobilebert,18,22,54.9800796812749,57.25646123260437,1645743842,6.405444611575311e-06,0.0404090359406545,0.13233398629581,5,,
mobilebert,18,23,61.95219123505976,66.2027833001988,1516099273,2.4038274723327555e-05,0.0141804995778024,0.0659843405275072,6,,
mobilebert,18,24,49.00398406374502,52.48508946322068,2048913215,8.870726587425544e-06,0.0003642622974992,0.1039272882649575,10,,
mobilebert,18,25,65.73705179282868,70.37773359840955,869375038,9.825809486408556e-05,0.0042159455687032,0.1085021121526251,10,,
mobilebert,18,26,54.38247011952191,62.02783300198807,50659282,7.386840212653634e-06,0.0019112721520654,0.1834446351551565,10,,
mobilebert,18,27,67.72908366533865,68.19085487077535,241040635,5.56281879969917e-05,0.0009094827782649,0.1907356218721006,4,,
mobilebert,18,28,52.39043824701195,56.06361829025845,1210059681,1.0747311814868633e-05,0.000118201893281,0.0229794017703688,5,,
mobilebert,18,29,65.73705179282868,68.98608349900596,1178656740,7.553728153033087e-05,0.0009803887397347,0.1103921092579189,7,,
mobilebert,19,0,64.00778210116732,66.2135922330097,1473380619,3.620375833046715e-05,5.264387696824969e-05,0.0226138793322733,10,,
mobilebert,19,1,53.89105058365759,50.67961165048544,718318541,3.013391155146109e-05,0.0007092380436056,0.1759789677410319,3,,
mobilebert,19,2,68.28793774319067,68.3495145631068,895528111,4.824316540460048e-05,0.0018663363432727,0.1152216271754324,7,,
mobilebert,19,3,58.17120622568093,56.89320388349515,749751900,1.2471611210682604e-05,2.9775587775528663e-05,0.1209873793788656,9,,
mobilebert,19,4,61.284046692607006,64.07766990291262,74740480,3.4640611622467605e-05,0.000314647204952,0.0123585123533992,7,,
mobilebert,19,5,56.03112840466926,55.53398058252427,1663032084,1.0150614354473516e-05,0.0102549061278091,0.0662612297721556,7,,
mobilebert,19,6,63.81322957198444,65.04854368932038,776620741,5.574379529846407e-05,0.0111577215030358,0.127120816293352,3,,
mobilebert,19,7,54.86381322957198,57.28155339805825,1790261730,1.3488205358825995e-05,0.0413428083201315,0.0902256369874894,6,,
mobilebert,19,8,62.84046692607004,64.27184466019418,341655802,2.941857158775093e-05,1.414797640899204e-05,0.0732981361099792,9,,
mobilebert,19,9,58.56031128404669,58.44660194174757,134912656,1.716450988933606e-05,3.436140369865214e-05,0.1178945527698282,4,,
mobilebert,19,10,52.91828793774319,57.0873786407767,1291704676,5.219931693716464e-06,0.0322007798555618,0.1535204232910509,8,,
mobilebert,19,11,51.75097276264592,49.51456310679612,1947623235,7.838869803776647e-06,0.0004471116430205,0.0103056886401978,9,,
mobilebert,19,12,57.976653696498055,60.77669902912621,564666231,2.51898295324829e-05,0.001837552658537,0.184560507387351,8,,
mobilebert,19,13,65.1750972762646,68.54368932038835,420405020,6.076324615468599e-05,0.0437145207296996,0.0791880140885889,6,,
mobilebert,19,14,63.81322957198444,66.2135922330097,1170236018,2.7813163936255222e-05,0.0013260558578123,0.064658577794658,5,,
mobilebert,19,15,59.92217898832685,62.13592233009709,647914151,2.4126551822118537e-05,0.0109058063394844,0.0237772465561775,4,,
mobilebert,19,16,58.94941634241245,61.16504854368932,531502825,1.563227225978992e-05,0.0215491239309781,0.0496806476686386,7,,
mobilebert,19,17,52.72373540856031,54.95145631067961,321651207,1.6464974258665276e-05,0.0983190123161317,0.1146736680987852,7,,
mobilebert,19,18,63.2295719844358,68.54368932038835,15191091,3.451464832098556e-05,3.120601143276451e-05,0.1348296715900917,7,,
mobilebert,19,19,61.478599221789885,65.63106796116504,264046609,5.176257809694338e-05,3.926085188523876e-05,0.1205440992068488,4,,
mobilebert,19,20,63.61867704280156,64.27184466019418,914608014,2.2313664696351005e-05,0.0195850754251332,0.0010301841482582,9,,
mobilebert,19,21,58.75486381322957,60.19417475728155,390287996,5.01619424492846e-05,0.0012962485416005,0.0989276388881856,2,,
mobilebert,19,22,63.03501945525292,67.18446601941747,1382191365,8.386670546168955e-05,0.0008085597786211,0.0178787889909532,10,,
mobilebert,19,23,53.50194552529183,51.262135922330096,960116793,6.720639384063052e-06,0.0015864556761629,0.1964923045619612,8,,
mobilebert,19,24,61.08949416342413,66.01941747572816,1411840501,5.893040597854744e-05,2.1011749543191907e-05,0.1858006473276056,9,,
mobilebert,19,25,62.2568093385214,61.16504854368932,1497780648,1.2964422776706123e-05,0.0098056469401115,0.1558870994798299,10,,
mobilebert,19,26,51.16731517509728,49.320388349514566,1198450195,8.27481391494325e-06,0.0023845534482941,0.1405455210860677,2,,
mobilebert,19,27,64.2023346303502,67.18446601941747,913868715,6.318136223170174e-05,0.0002112834684319,0.1975635652469908,10,,
mobilebert,19,28,50.77821011673152,43.883495145631066,392819437,1.2762520328834052e-05,0.0016723730480309,0.1371114128555658,5,,
mobilebert,19,29,51.16731517509728,49.90291262135922,474876194,5.373461778148054e-06,1.4192937790087328e-05,0.1420897129107357,5,,
mobilebert,20,0,65.0390625,63.8671875,742230999,3.0487214198212516e-05,0.0002649144332483,0.0051397804094862,9,,
mobilebert,20,1,49.21875,52.34375,118609568,1.3615779259940968e-05,2.778329672208209e-05,0.1088651689907638,10,,
mobilebert,20,2,64.2578125,57.8125,340757621,2.195988022667949e-05,0.0005690785715291,0.1209727988047888,5,,
mobilebert,20,3,70.703125,63.671875,1044146717,3.385814990067083e-05,0.0712974516577746,0.0633057971700804,6,,
mobilebert,20,4,62.6953125,57.2265625,1064947921,2.3587781635906403e-05,0.0862793313863913,0.0660715875205774,6,,
mobilebert,20,5,56.640625,53.7109375,1318439939,5.174575737332309e-06,0.0148464589367679,0.1760177101605049,4,,
mobilebert,20,6,66.40625,65.8203125,1451513062,9.265331292602854e-05,0.022204260814829,0.123538214778517,5,,
mobilebert,20,7,69.7265625,67.1875,1803028951,6.900493113575005e-05,0.0001108892230854,0.0967965267619022,3,,
mobilebert,20,8,63.0859375,59.765625,630004949,2.047859613325601e-05,0.0078053671218903,0.08866134938089,7,,
mobilebert,20,9,68.359375,64.453125,463105547,3.661682406306154e-05,0.0006648630552278,0.1168970344672549,9,,
mobilebert,20,10,46.6796875,50.1953125,726175838,8.890750801453277e-06,2.404734183268848e-05,0.0693647599359076,10,,
mobilebert,20,11,53.515625,48.2421875,1391175357,6.345936952769244e-06,0.0004980875802088,0.1292472143845129,9,,
mobilebert,20,12,64.84375,63.0859375,1139643064,4.298203457858366e-05,6.765561978437331e-05,0.0283158614483703,7,,
mobilebert,20,13,53.3203125,53.7109375,1456546793,1.213395856320344e-05,0.0026515600720236,0.1281998450297763,9,,
mobilebert,20,14,59.1796875,56.0546875,2050713089,3.096790990970559e-05,0.0934022915834895,0.0867287818294064,4,,
mobilebert,20,15,64.2578125,66.2109375,1355998165,8.950782932174432e-05,0.0001003932918277,0.0437302180018614,4,,
mobilebert,20,16,49.8046875,53.3203125,1125699254,5.917683453910191e-06,1.4846549519870171e-05,0.1907527551042238,4,,
mobilebert,20,17,47.4609375,51.171875,84969631,5.650302989824034e-06,0.0720699913819227,0.1796842266935597,9,,
mobilebert,20,18,65.625,63.0859375,2087474431,5.754533165679277e-05,0.0457762582500433,0.0671583650873068,3,,
mobilebert,20,19,66.796875,61.5234375,1336526930,1.9056421229290067e-05,1.6647296918941106e-05,0.1361178658131442,8,,
mobilebert,20,20,56.25,58.0078125,420907398,7.34273933123279e-06,9.062278841016716e-05,0.1673202457237788,8,,
mobilebert,20,21,46.6796875,49.8046875,1073966073,5.782036456977656e-06,1.119450795542906e-05,0.1789828505207704,5,,
mobilebert,20,22,54.296875,57.8125,713473097,1.0050663560840973e-05,0.0050728096260652,0.0929274171382563,10,,
mobilebert,20,23,52.5390625,51.5625,1388800755,2.047959745705796e-05,0.0820320300921293,0.0928861987840389,3,,
mobilebert,20,24,64.84375,61.1328125,1419411548,8.69009535359427e-05,0.0002725441172186,0.1269429010295505,4,,
mobilebert,20,25,64.2578125,58.984375,1185648934,4.934808716241218e-05,0.0002364761406041,0.0060672324760596,3,,
mobilebert,20,26,51.5625,53.515625,1514126805,5.593494486523563e-06,0.0906512137665542,0.0785562919182404,9,,
mobilebert,20,27,64.0625,61.1328125,1580637085,5.062908032429806e-05,4.607350782260098e-05,0.1082987834877804,5,,
mobilebert,20,28,49.4140625,54.296875,59925291,2.1134940463299923e-05,0.0297804573884129,0.0428621889438617,7,,
mobilebert,20,29,46.875,51.5625,1913872852,7.1884140010309175e-06,4.183783371291061e-05,0.1744891951817558,2,,
mobilebert,21,0,51.016260162601625,52.235772357723576,1695139502,5.038941858155244e-06,0.0005587982567232,0.1956771509998116,6,,
mobilebert,21,1,67.27642276422765,67.6829268292683,1184807188,8.888303472117404e-05,0.0023888769512626,0.1185260822982792,6,,
mobilebert,21,2,68.4959349593496,63.21138211382114,1074332648,4.682956845335309e-05,2.620361680006965e-05,0.079384124557216,5,,
mobilebert,21,3,65.65040650406505,61.38211382113821,1616639948,7.446752172552592e-05,0.0039269937181099,0.1315635222375651,9,,
mobilebert,21,4,62.80487804878049,56.50406504065041,942769701,1.7570508400731364e-05,0.0003272356019165,0.0198217839244296,5,,
mobilebert,21,5,58.333333333333336,56.09756097560975,657708904,1.8312693220147145e-05,1.6775398652696084e-05,0.0249445223271664,4,,
mobilebert,21,6,57.31707317073171,55.6910569105691,1248629558,5.1336183421168856e-05,0.002670878933879,0.1989762805780398,2,,
mobilebert,21,7,47.357723577235774,48.78048780487805,1765446891,1.631777061886991e-05,0.0013129482098034,0.0379636268323682,4,,
mobilebert,21,8,63.41463414634146,61.99186991869919,325555703,5.085991037593861e-05,0.055637620355859,0.0602548933562377,5,,
mobilebert,21,9,48.983739837398375,50.609756097560975,383094586,1.5634770687440935e-05,0.0449708352176579,0.0756290956684373,3,,
mobilebert,21,10,64.83739837398375,61.78861788617886,1011337163,8.797593827482329e-05,0.0002290364461809,0.0399403666354161,2,,
mobilebert,21,11,67.27642276422765,63.82113821138211,546834417,8.856418695849089e-05,0.0506187410079868,0.1408363297440143,5,,
mobilebert,21,12,65.04065040650407,59.552845528455286,1396873246,8.409644512276807e-05,0.0024722206295585,0.063158777498803,9,,
mobilebert,21,13,59.14634146341464,56.50406504065041,1403412220,3.16476665719091e-05,0.0008548113411892,0.0578612426796876,3,,
mobilebert,21,14,63.61788617886179,62.19512195121951,1890744311,3.529823038918416e-05,0.0566549756784044,0.1224041669873049,7,,
mobilebert,21,15,67.47967479674797,62.60162601626016,1730985951,2.2209406760131796e-05,0.0026075305877199,0.0510175531202692,10,,
mobilebert,21,16,63.41463414634146,62.19512195121951,509939677,3.552464627853892e-05,0.0001208353797643,0.1513522979423311,8,,
mobilebert,21,17,45.9349593495935,47.76422764227642,535160994,7.572499524487309e-06,0.0141859308255652,0.0943527708101899,9,,
mobilebert,21,18,55.6910569105691,52.03252032520325,800540788,1.68999707273035e-05,0.0858520847939272,0.014874237490386,2,,
mobilebert,21,19,63.41463414634146,54.67479674796748,634199330,1.6409988352669595e-05,0.0006521400277924,0.0886319504033001,6,,
mobilebert,21,20,67.47967479674797,59.552845528455286,1606977120,8.69595479851087e-05,0.000930849619139,0.1500415220747868,7,,
mobilebert,21,21,62.60162601626016,59.75609756097561,1667591358,9.406456212002005e-06,0.0020594179554592,0.1255620584318064,8,,
mobilebert,21,22,69.51219512195122,64.63414634146342,899721779,9.813938530978826e-05,0.0001400833195234,0.1867831807080555,3,,
mobilebert,21,23,45.52845528455285,46.54471544715447,1626531184,7.617943349362057e-06,0.0001248808046043,0.0651842607396627,10,,
mobilebert,21,24,64.22764227642277,64.22764227642277,1485685260,3.785983464387249e-05,0.0049635253849901,0.123383366256696,8,,
mobilebert,21,25,47.357723577235774,49.59349593495935,1168440094,9.399307229465688e-06,0.0001597934454508,0.1763329750274307,3,,
mobilebert,21,26,57.31707317073171,55.6910569105691,288919511,3.34098745342458e-05,4.911895696638253e-05,0.1586336578358602,2,,
mobilebert,21,27,60.36585365853659,58.333333333333336,43167629,3.813943084069296e-05,0.0282046434257932,0.0333697463765531,2,,
mobilebert,21,28,61.78861788617886,58.13008130081301,1981090208,2.581260618503952e-05,0.0005309241133747,0.0380315145401407,4,,
mobilebert,21,29,62.80487804878049,65.04065040650407,993597884,1.864079466879819e-05,0.0009322297264331,0.0826134477753054,7,,
mobilebert,22,0,52.40963855421687,54.01606425702811,1230924656,6.856475893160846e-06,7.896623961580191e-05,0.1843335541797542,8,,
mobilebert,22,1,61.44578313253012,65.26104417670683,916371969,2.8136811515363537e-05,0.0030550465846426,0.0863619687472311,7,,
mobilebert,22,2,64.2570281124498,59.23694779116466,2036702031,1.7859734824845594e-05,0.0113707450327167,0.0453186256335018,9,,
mobilebert,22,3,65.06024096385542,62.65060240963855,1401541205,1.7428519725710995e-05,4.1821275897140507e-05,0.065087417688504,10,,
mobilebert,22,4,69.87951807228916,64.4578313253012,841184299,8.68640690998165e-05,0.0009074914545334,0.1666908696649272,7,,
mobilebert,22,5,62.44979919678715,60.04016064257028,95642509,1.480063634366941e-05,0.0001274683294605,0.1906130401289043,9,,
mobilebert,22,6,55.82329317269076,55.22088353413655,1510156472,7.262656930474014e-06,0.0002471057211106,0.1073087726761425,7,,
mobilebert,22,7,52.40963855421687,54.41767068273092,796632222,6.439568875339576e-06,0.000306834107837,0.0464342557124512,9,,
mobilebert,22,8,66.86746987951807,62.04819277108434,271034358,4.517951831721527e-05,0.0019185198792609,0.0403761936632913,9,,
mobilebert,22,9,50.60240963855421,47.99196787148595,740684299,5.226052925952766e-06,0.0001528248859184,0.080846091049156,6,,
mobilebert,22,10,54.41767068273092,53.4136546184739,1173811664,1.392065347606446e-05,0.0093858016937374,0.1632166873849414,4,,
mobilebert,22,11,47.18875502008032,49.196787148594375,1992404444,8.200136337865767e-06,5.730500151164519e-05,0.0032389376023806,9,,
mobilebert,22,12,63.05220883534137,55.82329317269076,220145008,8.232017343197826e-06,0.0003242979800963,0.1381073637396599,8,,
mobilebert,22,13,65.06024096385542,61.44578313253012,50132131,1.5287190824047198e-05,0.0118179748327496,0.1763354044083667,5,,
mobilebert,22,14,52.00803212851405,49.59839357429719,2085116243,2.2093700430928037e-05,2.319838332049427e-05,0.081616124116895,5,,
mobilebert,22,15,61.04417670682731,60.04016064257028,496285160,1.3593433673779296e-05,1.6687738211218873e-05,0.0218451782833029,5,,
mobilebert,22,16,56.42570281124498,56.62650602409639,1897019990,1.0553464077928112e-05,0.0032337148322688,0.0661345370361906,7,,
mobilebert,22,17,43.97590361445784,47.18875502008032,167237016,8.627130159250415e-06,0.0003614138221622,0.1322626793867586,2,,
mobilebert,22,18,47.59036144578313,48.59437751004016,1297933382,7.723524683427504e-06,0.0031522455448613,0.1810826146405418,9,,
mobilebert,22,19,66.66666666666667,64.2570281124498,2116364296,6.511376417930122e-05,0.030208672423116,0.0320279134628616,3,,
mobilebert,22,20,54.81927710843374,53.21285140562249,1700102852,4.702511492148713e-05,0.0024446891807823,0.1915513390807062,5,,
mobilebert,22,21,68.27309236947791,62.85140562248996,201409299,6.490246503715128e-05,0.0041871174853916,0.1048853269780084,8,,
mobilebert,22,22,67.46987951807229,65.66265060240964,740779146,5.948876484826855e-05,0.097630942265137,0.097227703957623,4,,
mobilebert,22,23,61.04417670682731,59.437751004016064,2110375177,1.6541179260375752e-05,0.0619130968796618,0.1683683069539676,8,,
mobilebert,22,24,68.87550200803213,63.855421686746986,1847810835,9.269972169825412e-05,0.0027340956654608,0.0123189097277823,10,,
mobilebert,22,25,60.44176706827309,56.82730923694779,210117355,1.7465934525381328e-05,0.0015096675382663,0.0126562073102367,4,,
mobilebert,22,26,60.44176706827309,54.81927710843374,830088436,7.503400133459036e-06,0.0001448559856464,0.1638946561079936,5,,
mobilebert,22,27,50.0,50.60240963855421,1870243167,1.5391900313783942e-05,0.0116690291147073,0.0494604644709029,3,,
mobilebert,22,28,61.44578313253012,57.0281124497992,1571614072,8.566099115037267e-06,1.3861662486324122e-05,0.1683040545748501,6,,
mobilebert,22,29,63.855421686746986,59.83935742971887,844737089,6.716021914967932e-05,0.0009587714902831,0.0219991435111952,5,,
mobilebert,23,0,66.79764243614932,59.6078431372549,864440599,2.941424901768889e-05,0.0202465943095317,0.1609841386036129,9,,
mobilebert,23,1,62.278978388998034,56.07843137254902,1192593683,5.111282239451015e-05,0.0030405877834683,0.0620447006225143,3,,
mobilebert,23,2,67.97642436149313,61.372549019607845,379507308,7.129528254970411e-05,0.0195631929909141,0.095112547879849,3,,
mobilebert,23,3,53.04518664047151,47.45098039215687,1762876375,9.103122076336631e-06,0.0651983504339146,0.047375166186156,5,,
mobilebert,23,4,60.31434184675835,54.50980392156863,274920370,3.677137142395148e-05,0.0002795929515605,0.1658661793949816,2,,
mobilebert,23,5,69.15520628683693,64.11764705882354,1475924722,8.015899212913677e-05,0.0003831857365062,0.0934565056879796,8,,
mobilebert,23,6,52.45579567779961,49.21568627450981,1888738061,1.0184614148459782e-05,0.0096539027086564,0.0949218057381376,6,,
mobilebert,23,7,60.117878192534384,57.84313725490196,1154429779,1.1129115109228035e-05,0.0009872587633299,0.1247658080076785,9,,
mobilebert,23,8,52.84872298624754,48.23529411764706,1368658299,1.5889231855487453e-05,0.0066469727441784,0.1220516612032635,8,,
mobilebert,23,9,47.34774066797642,52.549019607843135,758518047,2.218053965663099e-05,0.0072003285353947,0.0957500756929826,3,,
mobilebert,23,10,59.72495088408645,57.45098039215687,82279796,1.5547011715683618e-05,4.893949879006221e-05,0.0127416857316609,4,,
mobilebert,23,11,52.652259332023576,54.90196078431372,2044538055,6.4074682732313735e-06,4.852829457113477e-05,0.1920129706776621,2,,
mobilebert,23,12,62.08251473477407,59.01960784313726,790450231,4.52691350529238e-05,0.0215834664768205,0.0260116930854847,8,,
mobilebert,23,13,63.45776031434185,62.549019607843135,1988754235,9.297966131371012e-05,0.0001771449370016,0.0602555024957845,3,,
mobilebert,23,14,49.50884086444008,48.23529411764706,907002096,5.516636650630857e-06,0.0003309936703788,0.0142591229073887,2,,
mobilebert,23,15,66.01178781925344,59.80392156862745,1075983371,2.3784652627589053e-05,4.2092615913512327e-05,0.1685618031210047,7,,
mobilebert,23,16,55.5992141453831,53.72549019607843,121520920,1.1506097628170776e-05,0.0011179613357804,0.181264638612945,3,,
mobilebert,23,17,54.02750491159136,55.294117647058826,1297986833,6.312192153508375e-06,1.52622313749199e-05,0.0612689201741057,6,,
mobilebert,23,18,64.04715127701375,64.31372549019608,390557559,2.0663594656157596e-05,0.0002426234354863,0.1910088252205983,10,,
mobilebert,23,19,53.24165029469548,50.588235294117645,1489191821,1.3156740829913278e-05,0.0298579958639389,0.0164064211942122,8,,
mobilebert,23,20,65.42239685658153,61.76470588235294,602016282,8.158832420273006e-05,0.0059199144062829,0.1805098817243489,2,,
mobilebert,23,21,64.04715127701375,60.98039215686274,127549691,1.6532687870450484e-05,0.0774396156626134,0.0627273157645308,5,,
mobilebert,23,22,52.652259332023576,48.8235294117647,1771823896,1.075442931639477e-05,3.413709743671675e-05,0.0404423305784085,8,,
mobilebert,23,23,67.38703339882122,63.13725490196079,512670845,3.772936877515941e-05,0.0002978415020036,0.1907826109019414,9,,
mobilebert,23,24,65.22593320235757,61.5686274509804,1645185513,2.6170739864987223e-05,1.2897939177614316e-05,0.1204456477591596,5,,
mobilebert,23,25,52.45579567779961,51.1764705882353,1256487459,1.1698505070592402e-05,0.0224812782593478,0.1288357458687063,8,,
mobilebert,23,26,51.277013752455794,45.88235294117647,1496259183,6.018263320021627e-06,0.0016459919543624,0.0816237386974396,6,,
mobilebert,23,27,62.278978388998034,54.70588235294117,379091534,3.00391805436923e-05,4.0785976666234334e-05,0.0274205492582932,3,,
mobilebert,23,28,58.93909626719057,54.11764705882353,1491331,2.8720620424669877e-05,0.0002742066029712,0.1153456733690583,4,,
mobilebert,23,29,51.66994106090373,49.80392156862745,220962380,6.163120055061321e-06,0.0009016333226391,0.0025000927562475,7,,
mobilebert,24,0,55.81395348837209,52.13178294573643,315594086,5.395608984927035e-06,0.0841424641260295,0.0325643492192811,6,,
mobilebert,24,1,51.35658914728682,55.42635658914729,1977622422,5.222214158351916e-06,0.0057094506958827,0.1684898507880528,6,,
mobilebert,24,2,52.13178294573643,49.8062015503876,605550136,1.758855040787759e-05,0.0001329433086186,0.0746316166007602,9,,
mobilebert,24,3,59.88372093023256,63.75968992248062,402689108,3.031146515640384e-05,0.0001755607947356,0.1712323080694624,4,,
mobilebert,24,4,51.16279069767442,48.44961240310077,2077319896,1.0584761475106524e-05,3.0149555904853944e-05,0.0508803773246986,7,,
mobilebert,24,5,64.34108527131782,66.27906976744185,1865899653,8.85632331456949e-05,0.0022004513785023,0.1075657468417754,3,,
mobilebert,24,6,49.6124031007752,54.06976744186046,1077673774,1.106227451352295e-05,0.0068363195103684,0.1495705994746166,7,,
mobilebert,24,7,58.72093023255814,57.36434108527132,1623501818,3.601779226514264e-05,0.0008337699280684,0.1722965321736653,2,,
mobilebert,24,8,62.4031007751938,64.53488372093024,1194887972,6.34014544382355e-05,3.088802027783069e-05,0.1130889838008484,3,,
mobilebert,24,9,65.69767441860465,68.9922480620155,696269789,6.586425310186766e-05,0.0030389673701181,0.092806388566684,5,,
mobilebert,24,10,64.34108527131782,66.66666666666667,1773742413,7.695905520966776e-05,0.0001091977646967,0.0156128452439684,10,,
mobilebert,24,11,52.13178294573643,54.06976744186046,193466059,5.32817628773068e-06,2.3930381232038227e-05,0.1330209642670718,2,,
mobilebert,24,12,59.68992248062016,57.36434108527132,346553080,1.2563618639973113e-05,0.0005507936828713,0.1668872833207336,8,,
mobilebert,24,13,51.74418604651163,50.58139534883721,1710476264,1.814581759585317e-05,0.0043321327464792,0.0622764079914478,8,,
mobilebert,24,14,59.68992248062016,57.36434108527132,1371792461,6.929139595185919e-05,0.0011326002894118,0.0832414621170512,2,,
mobilebert,24,15,61.43410852713178,65.89147286821705,1661881535,3.14537039856663e-05,0.0022899686118052,0.0916354406789941,6,,
mobilebert,24,16,52.713178294573645,52.906976744186046,1932894604,1.1715280967919224e-05,0.0007527270715305,0.0024422203488914,2,,
mobilebert,24,17,56.58914728682171,45.93023255813954,704551163,7.155306558598669e-06,0.0232614030472838,0.0790646495380086,9,,
mobilebert,24,18,64.34108527131782,65.50387596899225,100261918,8.890238364126608e-05,0.0009349433546798,0.0489958605110176,6,,
mobilebert,24,19,61.43410852713178,60.07751937984496,915956906,2.0021433169064545e-05,0.0006911104814247,0.1533975827679026,7,,
mobilebert,24,20,64.72868217054264,65.89147286821705,1958513718,5.456995248334085e-05,0.0373615503352161,0.1045875607395918,5,,
mobilebert,24,21,59.10852713178294,57.36434108527132,198593189,8.869244630573335e-06,0.0180786130608404,0.1916457036670145,8,,
mobilebert,24,22,48.06201550387597,50.58139534883721,38930877,9.052675622747997e-06,6.378579123679733e-05,0.0856984537663492,7,,
mobilebert,24,23,63.95348837209303,66.08527131782945,1399177585,7.405249296967296e-05,0.0634667813012773,0.1909379542844909,9,,
mobilebert,24,24,64.92248062015504,64.34108527131782,1706116995,2.629094473524241e-05,0.016369312571173,0.1638766677646572,7,,
mobilebert,24,25,60.46511627906977,61.24031007751938,1686066896,1.7749636939053802e-05,0.0004815361045552,0.1002117410292784,6,,
mobilebert,24,26,53.68217054263566,54.84496124031008,1930599485,2.8309377438926e-05,1.5057489772994467e-05,0.0541578522196107,10,,
mobilebert,24,27,54.65116279069768,51.74418604651163,530766554,1.3567392198710644e-05,0.0097387324406692,0.1662758087745458,4,,
mobilebert,24,28,51.74418604651163,48.64341085271318,2040309710,5.837605100599048e-06,1.2226305909146457e-05,0.0897744515157942,4,,
mobilebert,24,29,52.325581395348834,51.93798449612403,856877807,8.888471250149455e-06,0.0001180294234524,0.1807265966585776,5,,
mobilebert,25,0,53.42465753424658,56.16438356164384,1598507251,5.122620274618887e-05,0.0096298831158474,0.085241990300615,2,,
mobilebert,25,1,56.94716242661448,55.57729941291585,760516935,5.593657134419336e-06,0.0002612930423727,0.1274452054266519,6,,
mobilebert,25,2,59.88258317025441,62.81800391389432,1303189994,4.409341298842663e-05,4.365462762848032e-05,0.0693998051291999,4,,
mobilebert,25,3,58.51272015655577,62.81800391389432,869316678,7.078961621192532e-06,0.0404382388753869,0.0436340811251634,9,,
mobilebert,25,4,68.10176125244618,67.5146771037182,1935730875,5.423462835112028e-05,0.0001002922110528,0.0081421484753519,7,,
mobilebert,25,5,67.90606653620353,67.71037181996086,965885234,6.636058254241639e-05,0.0100915698842265,0.0561645811748917,8,,
mobilebert,25,6,52.83757338551859,53.62035225048923,1508040739,2.4250673024355312e-05,8.252602382207074e-05,0.061821143120033,2,,
mobilebert,25,7,62.03522504892368,63.99217221135029,528072234,2.306950126259e-05,0.0137758255914326,0.019838381553203,5,,
mobilebert,25,8,64.38356164383562,66.34050880626224,715445452,4.736681361471817e-05,0.0348494520420005,0.1343291739556876,6,,
mobilebert,25,9,64.9706457925636,66.92759295499022,1763731358,6.947855913978196e-05,8.95726392349382e-05,0.0082257270170008,8,,
mobilebert,25,10,49.70645792563601,46.96673189823875,629179350,1.2691349011411284e-05,0.0017049863075937,0.0829857777810653,8,,
mobilebert,25,11,64.38356164383562,65.36203522504893,2012108998,7.909959896683107e-05,0.0003801712025574,0.148121122647124,6,,
mobilebert,25,12,63.79647749510763,66.34050880626224,511649057,1.4903413753440729e-05,0.0002425014619665,0.176457950046959,9,,
mobilebert,25,13,61.25244618395303,65.94911937377691,1585174050,9.28288854726432e-06,3.629260723033126e-05,0.1944950406282403,10,,
mobilebert,25,14,55.18590998043053,50.489236790606654,490718843,7.973257751531278e-06,0.0012991265233301,0.1058952907415972,4,,
mobilebert,25,15,66.34050880626224,67.12328767123287,1498010669,8.327186177295024e-05,2.275400702384992e-05,0.1787947306389291,8,,
mobilebert,25,16,66.53620352250489,65.75342465753425,1826740221,9.062239591133536e-05,0.0108094046343263,0.0025693820219206,6,,
mobilebert,25,17,65.55772994129158,66.53620352250489,799345209,9.606110544852436e-05,6.277997788495181e-05,0.187739330005475,5,,
mobilebert,25,18,50.29354207436399,51.46771037181996,1525836359,1.539316561188842e-05,4.967058457331685e-05,0.1701749144834662,10,,
mobilebert,25,19,49.90215264187867,49.70645792563601,1742523915,9.500602266576992e-06,3.4261903653187045e-05,0.1083171125667321,8,,
mobilebert,25,20,64.9706457925636,68.4931506849315,1752080150,2.812877006505949e-05,0.0053580459619566,0.0986056403347606,7,,
mobilebert,25,21,59.68688845401174,59.49119373776908,288741562,8.00358668978051e-06,0.0151393072889748,0.0080994640219507,9,,
mobilebert,25,22,63.40508806262231,65.55772994129158,447077016,2.1502083848346948e-05,0.0141563271041604,0.0101801097537283,9,,
mobilebert,25,23,60.46966731898239,59.68688845401174,824724416,5.804217834852718e-05,0.0003710206299419,0.1211097843762224,2,,
mobilebert,25,24,67.12328767123287,65.36203522504893,1434608760,7.49614565083475e-05,9.731486242684983e-05,0.1028876917534541,5,,
mobilebert,25,25,65.75342465753425,67.12328767123287,972337919,5.601634073570488e-05,0.005648154383974,0.1478157745075864,9,,
mobilebert,25,26,58.9041095890411,55.57729941291585,1512267972,1.2415722456333814e-05,1.6277681020368018e-05,0.1620710819245742,4,,
mobilebert,25,27,63.99217221135029,68.68884540117416,1993268808,8.192158898680033e-05,0.0003406464699973,0.0568661635591198,5,,
mobilebert,25,28,50.489236790606654,53.03326810176125,1434600042,6.380494712566151e-06,0.0006207784614009,0.0027703626075834,2,,
mobilebert,25,29,65.55772994129158,64.38356164383562,1544213035,8.954675478225119e-05,0.003294712149909,0.0723045893022067,4,,
mobilebert,26,0,60.35502958579882,65.55118110236221,1030066492,1.6085096614176267e-05,0.0006138954482734,0.097310383035073,10,,
mobilebert,26,1,56.41025641025641,53.74015748031496,1472474446,1.348848855881582e-05,0.0034386924059554,0.0234522160713213,10,,
mobilebert,26,2,64.69428007889546,65.35433070866142,105040374,9.461500143303872e-05,0.0002739885266705,0.1884621596416017,8,,
mobilebert,26,3,64.1025641025641,62.99212598425197,632684200,1.8509781235276555e-05,0.0006286400812034,0.1306392574086363,9,,
mobilebert,26,4,56.01577909270217,62.00787401574803,1757696037,1.3292838351132568e-05,0.001477024782182,0.1578030004038306,6,,
mobilebert,26,5,66.27218934911242,64.76377952755905,888201314,2.9271496712629545e-05,2.253188333098009e-05,0.1207462835823341,10,,
mobilebert,26,6,65.48323471400394,64.1732283464567,1966012372,5.2392068047371e-05,0.0130797692137278,0.1451689522388271,10,,
mobilebert,26,7,46.74556213017752,48.62204724409449,1745870445,7.1220771742917406e-06,4.35931559078894e-05,0.0414485221871574,8,,
mobilebert,26,8,61.341222879684416,60.03937007874016,1336716545,1.2515411404404584e-05,3.7089832559225686e-05,0.1743511027513898,5,,
mobilebert,26,9,47.14003944773175,48.81889763779528,736548552,1.1256954831759312e-05,0.0075088484401042,0.0879136919231832,2,,
mobilebert,26,10,61.93293885601578,66.53543307086615,1727243137,6.368705794298463e-05,0.0007678528897767,0.0275636417345541,4,,
mobilebert,26,11,58.185404339250496,60.62992125984252,2009542834,1.6545202686487485e-05,0.0602071287092217,0.0065176135157074,9,,
mobilebert,26,12,49.5069033530572,52.55905511811024,1892975768,1.4442174182401968e-05,2.790902138543189e-05,0.0895835940235071,2,,
mobilebert,26,13,67.45562130177515,67.71653543307086,857060970,6.0603793500413226e-05,0.0002764700295731,0.1506415511417689,9,,
mobilebert,26,14,60.74950690335306,64.96062992125984,558116640,2.223391105972821e-05,0.0076469009933128,0.004668456341331,6,,
mobilebert,26,15,61.53846153846154,63.18897637795276,217563605,1.532178912665476e-05,2.483616743726806e-05,0.1234106674125648,10,,
mobilebert,26,16,64.29980276134123,66.73228346456693,859621246,2.8054107459097704e-05,0.0003209942623912,0.003112552080631,10,,
mobilebert,26,17,63.905325443786985,66.14173228346456,175165409,7.313570256979907e-05,2.6921169460393023e-05,0.1000002857326693,7,,
mobilebert,26,18,57.001972386587774,56.69291338582677,925261286,1.1652419402820862e-05,0.0028102954934334,0.0598874217573085,7,,
mobilebert,26,19,57.396449704142015,55.90551181102362,58675035,1.3117292078445395e-05,3.420040983163185e-05,0.0589838005107472,3,,
mobilebert,26,20,58.777120315581854,55.11811023622048,994559891,2.22518393660646e-05,0.0033027588265252,0.0688782688137872,3,,
mobilebert,26,21,65.08875739644971,66.14173228346456,2091402059,6.798198111242278e-05,0.0101523925228731,0.1357000423979796,7,,
mobilebert,26,22,61.341222879684416,62.79527559055118,421002731,2.9967229152850693e-05,0.0102279914179476,0.113284162595166,10,,
mobilebert,26,23,59.171597633136095,65.15748031496064,809994315,5.594101421287251e-05,0.0007356778308415,0.1201584658029994,2,,
mobilebert,26,24,59.171597633136095,55.31496062992126,2093020582,1.2098093835917482e-05,2.4200852141332847e-05,0.1622536354123998,8,,
mobilebert,26,25,54.4378698224852,52.55905511811024,990308988,1.0173753168963615e-05,1.212504788060852e-05,0.153639320387391,9,,
mobilebert,26,26,55.62130177514793,54.13385826771653,1811717207,6.706936614101602e-06,0.0004349870944171,0.1213363282344361,4,,
mobilebert,26,27,55.81854043392505,59.84251968503937,669790833,8.009892010626493e-05,0.0029934092976205,0.1482890950277142,2,,
mobilebert,26,28,61.53846153846154,66.33858267716535,1203458879,5.577916163499378e-05,0.009663438756258,0.0117195133083593,7,,
mobilebert,26,29,57.59368836291913,61.81102362204725,1160788,2.641134376240641e-05,0.037112184065669,0.0710957691712576,3,,
mobilebert,27,0,47.27626459143969,48.63813229571984,1893755802,6.310028432498194e-05,0.0592667493337544,0.1095886847413978,2,,
mobilebert,27,1,50.58365758754864,51.16731517509728,1965976440,8.819340086261757e-06,0.0016084158103474,0.0583493740894745,3,,
mobilebert,27,2,60.89494163424124,55.25291828793775,1597337645,4.9160281673856965e-05,0.0248028218642108,0.12682617357493,2,,
mobilebert,27,3,62.64591439688716,66.73151750972762,1996991928,5.572265608305206e-05,0.0002179543480651,0.084070669099144,4,,
mobilebert,27,4,47.27626459143969,50.19455252918288,947995532,9.935185754549995e-06,0.0199774614812428,0.1989005395209359,10,,
mobilebert,27,5,63.81322957198444,69.06614785992218,2146492183,6.684427898440959e-05,0.0167522397396909,0.180937157352062,10,,
mobilebert,27,6,50.58365758754864,48.63813229571984,1108863249,1.3398567793533032e-05,0.0032507622488475,0.0476096294414222,5,,
mobilebert,27,7,47.66536964980545,52.72373540856031,1707722973,6.950085952791081e-06,0.0004992984382702,0.1207602437699342,6,,
mobilebert,27,8,63.42412451361868,67.70428015564202,1015401826,9.033301244624198e-05,1.1539800834686593e-05,0.1203423761275279,9,,
mobilebert,27,9,59.72762645914397,63.42412451361868,853324282,1.954151456618689e-05,0.0026669700782735,0.0731163445148827,7,,
mobilebert,27,10,53.11284046692607,48.249027237354085,1683567740,1.065396018069436e-05,0.0002724901840264,0.0310159420487582,2,,
mobilebert,27,11,63.03501945525292,59.53307392996109,99862556,1.6261093202443585e-05,0.0025717855467142,0.07781610774685,10,,
mobilebert,27,12,63.2295719844358,65.56420233463035,920887002,3.3785630540138524e-05,9.791175109589946e-05,0.1576503489999571,6,,
mobilebert,27,13,54.6692607003891,57.19844357976654,1904226240,1.6200630197232842e-05,0.0144451863072655,0.0478454302411683,7,,
mobilebert,27,14,54.6692607003891,49.61089494163424,915671679,6.422372125896641e-06,0.0033332904148402,0.0376710524847295,2,,
mobilebert,27,15,61.284046692607006,68.09338521400778,1264477503,9.9200850440897e-05,0.0021524622923655,0.0317549056135015,8,,
mobilebert,27,16,64.39688715953308,67.12062256809338,168964527,5.43805222094645e-05,0.0004223564578821,0.0411603485250473,3,,
mobilebert,27,17,62.64591439688716,68.48249027237354,836192660,9.075693477161504e-05,0.0053602587973444,0.1643719124631657,2,,
mobilebert,27,18,59.72762645914397,62.45136186770428,27578471,2.065656784042576e-05,8.254178869311289e-05,0.0481592589110029,9,,
mobilebert,27,19,59.53307392996109,61.284046692607006,1267388847,9.0841359113113e-05,0.0038075770818954,0.031629642245858,2,,
mobilebert,27,20,56.809338521400775,58.75486381322957,47557727,3.937071491327424e-05,0.0001924952417451,0.0926816531433999,9,,
mobilebert,27,21,63.03501945525292,67.70428015564202,2035530625,5.310552540261203e-05,0.0075691264400505,0.0025714018386142,10,,
mobilebert,27,22,52.14007782101167,50.77821011673152,826944812,9.458874458347469e-06,0.0796736153820877,0.1325850975551952,3,,
mobilebert,27,23,64.39688715953308,66.73151750972762,1716216893,5.36186409769909e-05,2.5221317485107568e-05,0.1771217351469156,6,,
mobilebert,27,24,61.478599221789885,65.56420233463035,875513783,5.592952793716805e-05,4.210302551082774e-05,0.1302383420053804,4,,
mobilebert,27,25,63.81322957198444,67.12062256809338,1191763996,2.78203141339486e-05,0.0001163084396734,0.1267936958388144,8,,
mobilebert,27,26,59.92217898832685,64.78599221789884,1825546064,1.4147636236895224e-05,1.210109245164493e-05,0.1012313681821853,8,,
mobilebert,27,27,56.22568093385214,54.28015564202335,850698809,7.373239107391281e-06,0.0001007638238552,0.0539828333315274,8,,
mobilebert,27,28,51.9455252918288,48.44357976653696,390369518,7.579902075966682e-06,0.0060662016089199,0.1185412445437101,9,,
mobilebert,27,29,49.221789883268485,50.97276264591439,235740735,8.775327789468877e-06,0.0208454763412187,0.0612975968074027,7,,
mobilebert,28,0,66.47286821705427,63.565891472868216,472575100,5.033609554317433e-05,0.0016432613227818,0.1107974135043356,9,,
mobilebert,28,1,68.6046511627907,64.72868217054264,1086945759,7.683298703237337e-05,0.0002692304617872,0.1534270486405062,9,,
mobilebert,28,2,53.29457364341085,42.05426356589148,596851927,1.8190341769323857e-05,6.010452435482208e-05,0.0511951776360381,6,,
mobilebert,28,3,49.41860465116279,50.775193798449614,1906311286,8.307885288788642e-06,0.0074120367580847,0.0330861198110673,5,,
mobilebert,28,4,57.945736434108525,57.17054263565891,380915134,4.225758237780588e-05,0.0070625271646628,0.0284403749581194,2,,
mobilebert,28,5,65.50387596899225,65.11627906976744,1989959153,6.145011384529962e-05,0.0121234118174759,0.1761597101730495,6,,
mobilebert,28,6,56.007751937984494,55.23255813953488,380039409,7.159702327261847e-06,0.0007300842661061,0.1988661859390817,6,,
mobilebert,28,7,64.72868217054264,62.98449612403101,273250828,9.339351032479289e-05,0.0001724864124822,0.1174322647400012,4,,
mobilebert,28,8,61.04651162790697,61.24031007751938,1881734385,1.6215781247278895e-05,1.0918109884009933e-05,0.1536607875535752,10,,
mobilebert,28,9,62.5968992248062,60.85271317829457,1232957656,1.8670710521922303e-05,0.0743189659629955,0.1461703314524841,10,,
mobilebert,28,10,58.52713178294574,56.201550387596896,152821445,2.552699199308864e-05,1.3871639186856276e-05,0.0675316421817332,3,,
mobilebert,28,11,56.201550387596896,57.17054263565891,18592734,2.098203965309332e-05,1.6346658583994447e-05,0.1931117368585166,3,,
mobilebert,28,12,62.5968992248062,57.945736434108525,1121315361,3.483908807987161e-05,0.0005234786857616,0.1042347257745207,4,,
mobilebert,28,13,52.51937984496124,52.51937984496124,1390091969,9.660082624124763e-06,5.162947176584981e-05,0.0964361136828265,5,,
mobilebert,28,14,62.01550387596899,61.82170542635659,1919562367,3.467634311931021e-05,0.0303348762076245,0.0554096336787723,3,,
mobilebert,28,15,63.75968992248062,59.10852713178294,423422128,1.2216760387158396e-05,0.0005844887467649,0.0213865053863624,10,,
mobilebert,28,16,59.30232558139535,55.03875968992248,2125484259,9.58106158031006e-06,0.002421258409505,0.0864195168723215,9,,
mobilebert,28,17,61.04651162790697,60.65891472868217,1601737930,1.8850960239694495e-05,0.0024977278822567,0.0270010162312325,9,,
mobilebert,28,18,48.44961240310077,50.3875968992248,862430913,8.041844097516154e-06,0.0524454089743464,0.0882199799041385,10,,
mobilebert,28,19,54.26356589147287,54.45736434108528,256648576,1.820616519204258e-05,0.0241546165282551,0.0918764858298312,6,,
mobilebert,28,20,52.325581395348834,50.1937984496124,553467712,8.370566028983503e-06,0.0014378697421117,0.1411710291141294,5,,
mobilebert,28,21,62.5968992248062,58.91472868217054,1584349476,1.135152311405874e-05,2.4981182363444705e-05,0.094251875226991,10,,
mobilebert,28,22,56.007751937984494,51.93798449612403,942418917,3.153944975875456e-05,1.5929440992811708e-05,0.0610372912527232,5,,
mobilebert,28,23,52.51937984496124,50.0,2108729257,7.73198349533553e-06,0.0006105429129703,0.0812167583128621,2,,
mobilebert,28,24,53.48837209302326,52.906976744186046,10999563,6.94548345133695e-06,0.0856443896351289,0.1530466828119496,5,,
mobilebert,28,25,51.93798449612403,49.8062015503876,344182019,6.172571026796871e-06,0.0184854681516305,0.1437302198865686,8,,
mobilebert,28,26,60.27131782945737,59.88372093023256,1944363535,2.3917571255547428e-05,0.0007522805745539,0.0715311721698874,10,,
mobilebert,28,27,64.14728682170542,59.30232558139535,1086983967,3.751226669621249e-05,0.0426735952517682,0.049370134081278,4,,
mobilebert,28,28,62.01550387596899,62.01550387596899,285989066,3.185690055167523e-05,0.0729896639130134,0.0245179173079663,6,,
mobilebert,28,29,68.02325581395348,62.4031007751938,1620196589,4.055095837655213e-05,0.0009835715421208,0.0678160172404196,9,,
mobilebert,29,0,50.1002004008016,49.8997995991984,1352576596,7.018435636567004e-06,0.0002187184049229,0.1075762742505913,8,,
mobilebert,29,1,61.92384769539078,61.92384769539078,1086502218,5.5046782940390256e-05,0.0245223200608757,0.1700635526868871,5,,
mobilebert,29,2,59.11823647294589,62.3246492985972,614736755,1.2049456371782954e-05,2.1012796217840545e-05,0.0658099893054369,9,,
mobilebert,29,3,54.90981963927856,51.503006012024045,1926608707,1.458977656583888e-05,0.0026165271839271,0.0385099889748234,5,,
mobilebert,29,4,59.11823647294589,64.32865731462925,2059992322,7.61206220809808e-05,0.0003915456428215,0.0451189486621171,4,,
mobilebert,29,5,63.32665330661322,65.93186372745491,1900001382,4.4205081983669305e-05,2.6421737068283604e-05,0.113250733959779,4,,
mobilebert,29,6,56.51302605210421,62.5250501002004,295657649,1.3977464740524158e-05,2.956943037985897e-05,0.1235265726500158,6,,
mobilebert,29,7,65.53106212424849,68.5370741482966,265850831,6.16686274300594e-05,4.471485428399733e-05,0.1879789415120661,9,,
mobilebert,29,8,61.92384769539078,64.12825651302605,1406445289,3.705074291049649e-05,0.0044942419685492,0.1066162521109274,5,,
mobilebert,29,9,49.8997995991984,47.69539078156313,1344971732,1.0195407279812645e-05,1.1234111596563983e-05,0.1806105399023767,9,,
mobilebert,29,10,63.12625250501002,67.93587174348697,2095013565,6.6563760451091e-05,0.0005159406712883,0.0561978141734806,10,,
mobilebert,29,11,59.51903807615231,65.53106212424849,315769377,2.3651109534232173e-05,1.175233541751745e-05,0.0824717672826762,10,,
mobilebert,29,12,54.10821643286573,51.90380761523046,1939207274,2.6899540172968656e-05,0.0766896595157758,0.0193494466301733,5,,
mobilebert,29,13,59.3186372745491,61.523046092184366,891871823,1.542318895882103e-05,0.0075778508700148,0.0312655195185981,5,,
mobilebert,29,14,65.33066132264528,68.33667334669339,199048853,5.574133553431888e-05,0.0012527895680508,0.072130258293268,7,,
mobilebert,29,15,64.92985971943888,64.12825651302605,591252990,7.10849437273955e-05,0.0368722587833685,0.0635101221862716,5,,
mobilebert,29,16,62.3246492985972,63.92785571142284,296602757,3.855085359363326e-05,0.0014154579791784,0.1753638070434141,4,,
mobilebert,29,17,63.32665330661322,66.53306613226452,764810025,7.13632907674704e-05,5.860548952090731e-05,0.1759775320756604,3,,
mobilebert,29,18,66.53306613226452,63.92785571142284,2085345332,4.623091945577139e-05,0.0081158976387649,0.134470886659337,8,,
mobilebert,29,19,53.3066132264529,49.8997995991984,597579849,2.4124333404692863e-05,0.0005000969555096,0.0361991007610792,4,,
mobilebert,29,20,48.897795591182366,47.49498997995992,844106986,1.005578962214023e-05,5.846631503076093e-05,0.1761233962723248,7,,
mobilebert,29,21,58.31663326653307,61.12224448897796,968538247,3.625347169407992e-05,3.453583669310219e-05,0.1647321600789122,2,,
mobilebert,29,22,55.11022044088176,54.70941883767535,256136088,2.781190517242997e-05,4.161592959896402e-05,0.0940487502837286,2,,
mobilebert,29,23,50.70140280561122,47.29458917835672,1206945804,8.053901072206359e-06,0.0981908818781762,0.1886319176992182,4,,
mobilebert,29,24,58.51703406813628,60.120240480961925,1618893564,3.07210322536103e-05,0.0013184048848586,0.1121243504220306,3,,
mobilebert,29,25,62.5250501002004,64.32865731462925,1003537913,3.207547515880468e-05,0.0003005724225476,0.1642588166087192,3,,
mobilebert,29,26,49.6993987975952,45.69138276553106,1674048062,6.432343623910605e-06,0.0448508040157905,0.060129917774958,9,,
mobilebert,29,27,63.12625250501002,65.93186372745491,1894398786,5.884547232370599e-05,0.0432574959057352,0.0884200233752782,8,,
mobilebert,29,28,65.53106212424849,64.12825651302605,2130031807,5.177145573446728e-05,0.0011434394004013,0.0838614111462271,3,,
mobilebert,29,29,58.11623246492986,57.31462925851704,1454354056,2.708964508303509e-05,0.0002392083049147,0.1690995039913109,10,,
distilbert,0,0,59.63855421686747,54.618473895582326,1402364637,8.984972760479088e-06,0.010755195089318,0.0253090996165244,7,False,False
distilbert,0,1,51.40562248995984,54.81927710843374,817717801,5.85493706585557e-06,4.371501474505923e-05,0.183686474693579,3,False,False
distilbert,0,2,58.63453815261044,53.4136546184739,437038907,7.073591885587802e-05,0.0002408513144935,0.1314684185299434,6,False,False
distilbert,0,3,59.83935742971887,55.42168674698795,679622070,7.315892416903945e-05,0.0652909627077682,0.1535892220665368,3,False,False
distilbert,0,4,58.23293172690763,55.02008032128514,2094503730,4.574051938704878e-05,1.116263274979036e-05,0.1427062912270263,5,False,False
distilbert,0,5,58.03212851405623,57.0281124497992,1989943117,8.645740357997645e-05,0.00155998601283,0.1811281674233614,7,False,False
distilbert,0,6,59.63855421686747,55.02008032128514,156420735,5.995123557438997e-05,0.0237301236518572,0.0167360400346214,9,False,False
distilbert,0,7,59.437751004016064,56.22489959839358,139957885,9.894981104360262e-05,0.0001581453983876,0.1080573714711133,5,False,False
distilbert,0,8,60.04016064257028,54.81927710843374,301139220,2.5547382791034748e-05,0.0466970302674833,0.1428416283307672,8,False,False
distilbert,0,9,58.43373493975904,57.630522088353416,787679009,9.518135882877836e-05,0.0039677446612156,0.0512311496514607,10,False,False
distilbert,0,10,60.24096385542169,55.22088353413655,2080165611,2.8943349961274692e-05,0.0665964977513037,0.092659651508942,3,False,False
distilbert,0,11,57.0281124497992,53.4136546184739,22813,8.876187371883678e-05,0.0014611967498955,0.1138082896933708,5,False,False
distilbert,0,12,58.83534136546185,56.024096385542165,1389716307,1.0943560612849376e-05,0.0007183854489309,0.1878319476273435,7,False,False
distilbert,0,13,52.81124497991968,54.21686746987952,1312636545,2.668006774405832e-05,0.0177602181848992,0.1400993017254326,2,False,False
distilbert,0,14,56.82730923694779,55.62248995983936,523778492,1.1342391661171368e-05,3.87221185239291e-05,0.1252093392708649,9,False,False
distilbert,0,15,58.43373493975904,59.036144578313255,833718128,5.47443449721123e-05,1.2234696514856608e-05,0.0301875173616927,10,False,True
distilbert,0,16,58.43373493975904,55.62248995983936,172660189,3.4741498708304706e-05,0.0278689453766945,0.1807633452959519,8,False,False
distilbert,0,17,59.83935742971887,57.83132530120482,1322951643,2.09189888802034e-05,7.018703217914838e-05,0.0387283472557492,9,False,False
distilbert,0,18,60.04016064257028,56.82730923694779,21723436,1.4026121538245631e-05,2.0473504528326458e-05,0.0415122194406313,9,False,False
distilbert,0,19,60.8433734939759,57.83132530120482,87475863,3.642210952251248e-05,0.0006817100636654,0.1355397560831251,6,False,False
distilbert,0,20,54.21686746987952,53.4136546184739,912715979,6.264459097420656e-06,2.174613764975357e-05,0.1398910416245673,5,False,False
distilbert,0,21,53.81526104417671,53.21285140562249,699110874,8.88574185266231e-06,1.1269696902595194e-05,0.1052935331635346,5,False,False
distilbert,0,22,55.22088353413655,53.01204819277108,686110017,7.222067435403496e-06,0.0127912081912411,0.046704648496791,3,False,False
distilbert,0,23,61.44578313253012,55.02008032128514,1444344789,7.285834131719098e-05,0.0791185201908804,0.0260694946907759,10,True,False
distilbert,0,24,60.8433734939759,56.024096385542165,365776242,4.355971067691559e-05,2.0194972310167367e-05,0.0486395168999758,7,False,False
distilbert,0,25,56.22489959839358,54.21686746987952,1884665764,6.493913251373089e-06,0.0007593379099679,0.0429067915449548,4,False,False
distilbert,0,26,58.63453815261044,53.01204819277108,1025925334,2.4265780865245425e-05,0.0073572040843665,0.0753484688388512,3,False,False
distilbert,0,27,57.0281124497992,53.01204819277108,1382797944,8.635317144433848e-05,0.007536914484083,0.0146606118212611,9,False,False
distilbert,0,28,58.23293172690763,57.2289156626506,90478468,1.0836022969993194e-05,0.004677285105133,0.1336209919227626,6,False,False
distilbert,0,29,57.630522088353416,54.81927710843374,2094136703,2.4030635777030413e-05,0.0029923734257086,0.1146935180994554,6,False,False
distilbert,1,0,60.62992125984252,62.475442043222,1061338865,2.592114047360876e-05,0.002109337630821,0.0944373186341377,9,False,True
distilbert,1,1,60.23622047244095,58.7426326129666,2136894472,1.6327713775074434e-05,6.379919980643204e-05,0.0814548662374957,7,False,False
distilbert,1,2,58.46456692913386,56.58153241650295,1044608286,1.6992161059704997e-05,1.1988483606084994e-05,0.0732837730128046,6,False,False
distilbert,1,3,59.05511811023622,59.52848722986248,1010342532,4.815609744486127e-05,0.0184168083708143,0.1132964333817354,3,False,False
distilbert,1,4,59.05511811023622,60.70726915520628,73930471,7.137236597864856e-05,0.0266766619990518,0.1302317697084499,5,False,False
distilbert,1,5,57.874015748031496,53.63457760314342,909070779,6.799496600479794e-06,0.089453990071986,0.0060756882685177,4,False,False
distilbert,1,6,59.05511811023622,58.93909626719057,1381192401,9.18606290286138e-05,0.0007545757494634,0.1826375722262655,10,False,False
distilbert,1,7,51.968503937007874,54.02750491159136,1907335007,7.5055605993481505e-06,0.0044304285965428,0.0572278146287912,4,False,False
distilbert,1,8,57.874015748031496,56.58153241650295,1759052195,1.762873279298634e-05,0.0244066817068843,0.023654963961129,5,False,False
distilbert,1,9,58.66141732283464,60.70726915520628,794462896,1.8213610810148825e-05,2.1355932262674045e-05,0.0484693989331531,10,False,False
distilbert,1,10,58.267716535433074,59.72495088408645,1659211205,2.0917239589145896e-05,0.0189558795526919,0.0534857400038764,5,False,False
distilbert,1,11,61.22047244094488,58.7426326129666,1424667927,8.966910998777999e-05,0.0001074454572347,0.0426751780051735,9,True,False
distilbert,1,12,57.48031496062992,58.54616895874263,2050812876,1.4266168037779492e-05,0.0082428638529387,0.0416044539328057,9,False,False
distilbert,1,13,57.874015748031496,56.777996070726914,1723655388,8.90481880737152e-05,0.001363778459097,0.1790978336561478,3,False,False
distilbert,1,14,58.07086614173228,56.97445972495088,877371625,1.0750657435746036e-05,0.0832904552048416,0.1788181287033397,5,False,False
distilbert,1,15,57.28346456692913,52.45579567779961,2111128692,3.500933144727135e-05,0.0315148091418646,0.1826366372409128,2,False,False
distilbert,1,16,55.11811023622048,55.20628683693517,1952162313,7.1311244417690655e-06,0.0002014429414743,0.0844875434966317,5,False,False
distilbert,1,17,58.267716535433074,56.385068762278976,352811809,7.518367748727791e-05,2.050505782075982e-05,0.1567759982342172,7,False,False
distilbert,1,18,60.43307086614173,58.93909626719057,169704683,2.004805081461993e-05,0.0146333076952607,0.0526650367301583,10,False,False
distilbert,1,19,57.67716535433071,58.54616895874263,336431710,1.4957321650542822e-05,0.0005073381244954,0.0777537826322654,9,False,False
distilbert,1,20,56.88976377952756,51.66994106090373,1184881278,2.629529778310269e-05,0.0035681464473506,0.0971606840952711,2,False,False
distilbert,1,21,55.90551181102362,48.52652259332024,34620409,5.207553894157846e-06,0.0005931711276351,0.1671660171110746,6,False,False
distilbert,1,22,58.07086614173228,58.7426326129666,452720847,9.851226569470464e-05,0.0058244374323586,0.0695536537693454,5,False,False
distilbert,1,23,55.31496062992126,56.777996070726914,2076647586,5.873786882843564e-06,5.9065987128846855e-05,0.0002465902538742,8,False,False
distilbert,1,24,55.11811023622048,53.43811394891945,1971762141,1.5823582499644098e-05,0.0001078716936206,0.1118164974102832,3,False,False
distilbert,1,25,51.968503937007874,49.90176817288802,1635324471,6.06988667116417e-06,0.0071898082571579,0.1640176559864171,2,False,False
distilbert,1,26,55.90551181102362,56.777996070726914,1288862521,7.743294959015735e-06,0.000122218177996,0.1538868877765617,6,False,False
distilbert,1,27,57.48031496062992,56.97445972495088,886211413,2.3647442547292688e-05,0.0003690182764362,0.0449589474203569,4,False,False
distilbert,1,28,60.8267716535433,59.13555992141454,2103313338,1.1761431211723395e-05,0.0002174201536813,0.1387242580041961,7,False,False
distilbert,1,29,55.90551181102362,53.83104125736739,1189698506,1.6338235925120736e-05,0.0017686797242764,0.0740010513524522,3,False,False
distilbert,2,0,60.46966731898239,53.7109375,1898782116,1.8835570269907348e-05,0.0080825796070893,0.1831838211065464,2,False,False
distilbert,2,1,57.53424657534247,52.734375,2039554267,5.634631730928857e-06,0.0001549471829511,0.1339287110463255,5,False,False
distilbert,2,2,60.66536203522505,58.3984375,1628662011,4.084958095740063e-05,4.816557572006258e-05,0.1919809490225805,3,False,False
distilbert,2,3,57.92563600782779,55.859375,1745636257,1.9260460484698165e-05,0.0009055844832655,0.0653224865275033,4,False,False
distilbert,2,4,58.9041095890411,58.984375,865530472,2.489471741886406e-05,0.0022679799655495,0.0942432654047787,10,False,False
distilbert,2,5,60.66536203522505,60.3515625,889699423,3.948208668149697e-05,0.0001098680884549,0.0592005948560384,5,False,False
distilbert,2,6,57.72994129158513,60.15625,1039894668,8.58916274282707e-05,7.482286705218188e-05,0.0575990397646351,2,False,False
distilbert,2,7,59.49119373776908,57.6171875,1311007681,7.616599888083781e-06,0.000527238623595,0.096149233584737,9,False,False
distilbert,2,8,57.72994129158513,60.546875,1390858752,7.051414412542523e-05,0.004378682479092,0.0298436354071497,7,False,False
distilbert,2,9,59.29549902152642,60.15625,969292809,6.039057930943821e-05,5.515197161983515e-05,0.0820728252240931,7,False,False
distilbert,2,10,57.3385518590998,54.6875,368289748,6.330935497518514e-06,1.562242816216334e-05,0.0908206188669354,6,False,False
distilbert,2,11,58.9041095890411,53.3203125,939349098,1.145642338359646e-05,0.002375095993877,0.0075920170875483,3,False,False
distilbert,2,12,58.12133072407045,59.5703125,941678638,2.213648314117364e-05,0.0043154637397933,0.1423496790507565,8,False,False
distilbert,2,13,59.49119373776908,58.3984375,190236723,1.6816294868035597e-05,0.0183687127208597,0.1574510334883755,8,False,False
distilbert,2,14,56.94716242661448,59.1796875,437826811,1.074393162309067e-05,0.0044959091824908,0.1280360937820782,9,False,False
distilbert,2,15,58.70841487279844,58.0078125,37606495,9.207542618514074e-06,4.7033763758085085e-05,0.0157622820764314,5,False,False
distilbert,2,16,62.23091976516634,58.984375,350948428,3.815571638415711e-05,9.33841116107251e-05,0.0463440010823913,3,True,False
distilbert,2,17,58.12133072407045,57.2265625,1947616526,7.76075011913287e-06,0.0107344852152345,0.0975704326539345,10,False,False
distilbert,2,18,53.22896281800392,55.859375,1336762765,6.592007749895762e-06,0.0003159794120749,0.1240843504643463,3,False,False
distilbert,2,19,60.07827788649706,58.203125,1740181655,3.544276966740674e-05,0.0011229924249971,0.0275181836469654,8,False,False
distilbert,2,20,57.92563600782779,58.59375,287097934,7.034058017944144e-05,4.967952960614052e-05,0.1121995346386939,10,False,False
distilbert,2,21,57.53424657534247,58.203125,788580932,8.864381170768159e-05,0.0051380297412303,0.1351491210633816,6,False,False
distilbert,2,22,59.88258317025441,58.203125,1686387085,2.8756572227579788e-05,6.329636903486371e-05,0.1240526542640902,9,False,False
distilbert,2,23,59.68688845401174,61.9140625,1697477950,4.0062747357715634e-05,0.0653557273017005,0.0628805524313129,7,False,True
distilbert,2,24,54.59882583170254,52.1484375,1995001823,8.23304610850448e-06,5.964967917300285e-05,0.0003909973444962,2,False,False
distilbert,2,25,58.70841487279844,58.7890625,1849521635,5.802873359433516e-06,0.0006497058150092,0.0547570651259014,10,False,False
distilbert,2,26,50.68493150684932,50.9765625,1553011622,5.210752898822233e-06,0.0006659377320608,0.1950330321240201,2,False,False
distilbert,2,27,59.49119373776908,59.375,245872663,1.7640505438353894e-05,0.0352883379206895,0.1211832259379655,6,False,False
distilbert,2,28,58.70841487279844,59.5703125,1873871237,2.4141117246591875e-05,0.0047058404168119,0.1248901141443725,4,False,False
distilbert,2,29,58.51272015655577,59.1796875,1332884429,3.124810461766442e-05,0.0001604484204048,0.1085552105819534,9,False,False
distilbert,3,0,55.4054054054054,53.47490347490348,993381917,7.62411029658044e-05,3.914543352772925e-05,0.0253544535154814,7,False,False
distilbert,3,1,56.56370656370656,54.24710424710425,2057936192,3.238489778279376e-05,0.0007710590112708,0.1698825144148251,2,False,False
distilbert,3,2,60.23166023166023,55.01930501930502,409539958,5.528716312101781e-05,0.0001102717050125,0.1170888091324641,10,False,False
distilbert,3,3,58.3011583011583,55.21235521235521,1694685963,7.925886369556027e-05,0.0203850875248378,0.0617352444419886,3,False,False
distilbert,3,4,52.8957528957529,51.15830115830116,1512182124,8.365637023189837e-06,0.0009201832916519,0.1466815706846712,4,False,False
distilbert,3,5,57.91505791505792,59.84555984555985,1653895181,1.5823567090954237e-05,0.0031246241974002,0.1323290643494464,5,False,True
distilbert,3,6,58.68725868725869,55.4054054054054,1724835238,4.7733621259874144e-05,0.0013014851701168,0.0781754454070767,8,False,False
distilbert,3,7,61.1969111969112,56.37065637065637,1531734773,3.564632464095837e-05,0.0845616196379509,0.048172097633299,10,False,False
distilbert,3,8,59.84555984555985,53.86100386100386,828571293,4.293299774503161e-05,0.0003733946910384,0.179416050516928,3,False,False
distilbert,3,9,54.44015444015444,53.28185328185328,1169341725,5.96650222131913e-06,0.001700185960453,0.0137696971676258,5,False,False
distilbert,3,10,56.56370656370656,55.79150579150579,392817351,1.1026759614663031e-05,0.0001657854762376,0.1484888091294081,7,False,False
distilbert,3,11,52.7027027027027,54.44015444015444,1270128352,6.781401143401783e-06,0.0082688697702436,0.0256975352400161,6,False,False
distilbert,3,12,61.96911196911197,57.52895752895753,1741145135,4.99669261782424e-05,0.0069625379527739,0.0455492100041728,6,False,False
distilbert,3,13,51.737451737451735,52.31660231660232,566551572,7.032666137166396e-06,0.0143994591060225,0.0131376753083582,3,False,False
distilbert,3,14,58.49420849420849,54.054054054054056,643399484,1.1117903643295354e-05,1.1095355061186784e-05,0.0269692306938855,8,False,False
distilbert,3,15,53.28185328185328,55.5984555984556,911015941,4.524470829966497e-05,1.918598183696938e-05,0.1613238171606804,2,False,False
distilbert,3,16,59.84555984555985,54.24710424710425,823676629,9.007003623899975e-06,0.0287444633718591,0.0111672981168108,10,False,False
distilbert,3,17,56.94980694980695,57.142857142857146,1236018507,2.4699067498135392e-05,0.00138689324567,0.0523390207117081,8,False,False
distilbert,3,18,55.98455598455598,56.94980694980695,2044941417,5.9884740775369015e-05,0.0006251012927164,0.0046506781420113,9,False,False
distilbert,3,19,60.03861003861004,56.94980694980695,181908177,1.1316938920992196e-05,0.0003839279956203,0.137985386715768,10,False,False
distilbert,3,20,56.75675675675676,54.826254826254825,1584372669,8.768249197024632e-06,0.0049709430890036,0.0083930236455054,6,False,False
distilbert,3,21,58.68725868725869,54.63320463320464,1386886932,5.222994704790339e-06,1.237592018783572e-05,0.1253845468956068,9,False,False
distilbert,3,22,59.65250965250965,57.72200772200773,1132232980,2.56992135381679e-05,0.0259711411513775,0.0987201752315127,6,False,False
distilbert,3,23,56.75675675675676,57.91505791505792,1279065658,3.4635533360771005e-05,4.190236529623802e-05,0.0139944841263057,4,False,False
distilbert,3,24,63.12741312741313,57.52895752895753,1473664842,1.828548045097613e-05,0.0037726521582318,0.1527720964975417,8,True,False
distilbert,3,25,57.142857142857146,57.335907335907336,343955306,4.891371739465848e-05,2.955245289597712e-05,0.1256560529165116,7,False,False
distilbert,3,26,56.75675675675676,56.37065637065637,1304472204,8.91836408727287e-06,0.0002456318453457,0.1297218329149974,7,False,False
distilbert,3,27,55.5984555984556,52.8957528957529,1274016928,1.2860142780371633e-05,0.0209691726420433,0.012949581070293,6,False,False
distilbert,3,28,52.7027027027027,52.7027027027027,1329082267,8.245931031264657e-06,1.3148020393553886e-05,0.169565534309679,4,False,False
distilbert,3,29,56.75675675675676,52.8957528957529,377224825,3.880752003674246e-05,0.0003807095590386,0.1448696606024791,2,False,False
distilbert,4,0,56.67311411992263,55.21235521235521,1575125566,8.386253014156864e-06,0.0073450925623817,0.0197297641811519,10,False,False
distilbert,4,1,52.80464216634429,54.054054054054056,2141170586,8.101571009449394e-06,9.261402879242864e-05,0.0572539754702847,4,False,False
distilbert,4,2,56.09284332688588,58.108108108108105,100702512,1.89940888957338e-05,0.0003967952623531,0.0957077081970467,6,False,False
distilbert,4,3,58.02707930367505,59.45945945945946,1569745978,2.02524194859934e-05,0.021995901624252,0.1043940447041135,7,False,False
distilbert,4,4,52.41779497098646,54.826254826254825,2015728205,6.044764463186588e-06,6.844556418564125e-05,0.0382628316848342,3,False,False
distilbert,4,5,54.54545454545455,57.335907335907336,994427140,3.788465168632003e-05,3.4410621931305986e-05,0.1380880939654483,3,False,False
distilbert,4,6,58.41392649903288,59.65250965250965,815919396,4.306850615318094e-05,0.0505012056049001,0.1873426471760855,5,False,False
distilbert,4,7,55.319148936170215,61.38996138996139,1365679100,7.822671246644071e-05,0.0003063779298741,0.0121122385295159,10,False,False
distilbert,4,8,52.22437137330754,52.12355212355212,1983314107,6.759324048086497e-06,1.6739703967592563e-05,0.1633410045781373,4,False,False
distilbert,4,9,50.09671179883946,55.4054054054054,1502032083,6.953280866043167e-06,0.000905457027181,0.0970490354852295,3,False,False
distilbert,4,10,54.93230174081238,53.66795366795367,369811354,7.710713671616369e-06,0.0003314358470737,0.1813613494433829,5,False,False
distilbert,4,11,57.4468085106383,56.17760617760618,1444437695,7.711812798552767e-06,0.0002244440320786,0.0464987591488776,8,False,False
distilbert,4,12,60.9284332688588,59.26640926640927,1402655476,9.813643295668631e-05,0.0643824044738465,0.129380030761312,7,True,False
distilbert,4,13,54.73887814313346,54.63320463320464,785586933,6.2997730843392685e-06,1.2422855728644758e-05,0.0143362859068575,9,False,False
distilbert,4,14,55.89941972920696,55.5984555984556,320205558,3.176277942036017e-05,0.0278958415029942,0.0621670704463756,10,False,False
distilbert,4,15,56.09284332688588,61.003861003861005,701314969,3.800335829869736e-05,0.0145292731198647,0.1571146435974121,10,False,False
distilbert,4,16,54.54545454545455,54.826254826254825,41019717,5.641584728568036e-05,0.0368132575222207,0.1591400261829632,7,False,False
distilbert,4,17,57.640232108317214,58.108108108108105,2076327056,5.691980196256692e-05,0.0003150125346293,0.0543815991386399,5,False,False
distilbert,4,18,57.4468085106383,55.21235521235521,715214934,7.682210665871829e-06,5.839836521959264e-05,0.0155602817823301,10,False,False
distilbert,4,19,57.25338491295938,58.49420849420849,133629908,6.370328985655283e-05,0.0014009073634341,0.1656922688551621,7,False,False
distilbert,4,20,58.6073500967118,61.77606177606177,362437868,8.264044770509891e-05,0.006229186534041,0.1813946716724377,6,False,True
distilbert,4,21,58.02707930367505,58.49420849420849,216712983,4.556609498961318e-05,0.0060861903805219,0.193192374275957,9,False,False
distilbert,4,22,57.4468085106383,59.84555984555985,2070975841,2.433174892202476e-05,1.3260615569846996e-05,0.0843081012920852,9,False,False
distilbert,4,23,55.12572533849129,55.01930501930502,1684629806,6.022319216049598e-06,0.0455649462763743,0.1356798266802538,5,False,False
distilbert,4,24,55.51257253384913,55.21235521235521,1951899889,1.4020841772207283e-05,0.0005997296409048,0.1372679831297695,7,False,False
distilbert,4,25,51.06382978723404,56.75675675675676,487282744,5.942768594281137e-06,0.0594566882037769,0.1904305386071033,5,False,False
distilbert,4,26,56.67311411992263,55.98455598455598,1988029667,9.06792934129527e-05,0.0001046980972578,0.1754676070109322,8,False,False
distilbert,4,27,57.4468085106383,59.84555984555985,87278660,1.4370390343437193e-05,0.0879522781316176,0.1956112867970325,7,False,False
distilbert,4,28,58.02707930367505,58.3011583011583,912849943,1.1619220352316168e-05,0.0932822066308987,0.1491074332133649,10,False,False
distilbert,4,29,57.4468085106383,61.1969111969112,1972833366,7.151965500579788e-05,0.0009592403313768,0.0204116733300152,8,False,False
distilbert,5,0,57.95677799607073,58.431372549019606,398536714,2.125968524412797e-05,0.0095648685812914,0.0706385342550731,10,False,False
distilbert,5,1,58.7426326129666,59.21568627450981,593595004,7.275237919682815e-05,0.0398366877939389,0.0058744668213124,7,False,False
distilbert,5,2,56.18860510805501,58.23529411764706,1388540205,1.9919471040866374e-05,0.0002946292587058,0.1632568601161344,9,False,False
distilbert,5,3,52.652259332023576,56.07843137254902,847432658,1.1560903748129307e-05,0.0002545175320184,0.0195185905659201,4,False,False
distilbert,5,4,56.777996070726914,56.66666666666666,23086546,2.5978848412151765e-05,0.025800090881658,0.0265349968272299,7,False,False
distilbert,5,5,56.97445972495088,59.6078431372549,1402558150,5.824212398664559e-05,0.0002202947274454,0.1813595132611133,5,False,False
distilbert,5,6,58.349705304518665,58.23529411764706,307435195,3.2487529641057e-05,1.077911102491287e-05,0.1434191969792407,8,False,False
distilbert,5,7,60.117878192534384,61.372549019607845,1147730903,6.446920023760801e-05,7.908618194876998e-05,0.1987727939948476,6,False,True
distilbert,5,8,55.79567779960707,58.62745098039216,1715018611,2.4483253973059925e-05,0.0003564693190353,0.1260443246789079,8,False,False
distilbert,5,9,57.76031434184676,57.05882352941177,953417768,4.0108511099260654e-05,0.0004875618089724,0.0277513218000283,7,False,False
distilbert,5,10,53.04518664047151,55.09803921568628,1517216520,7.332055657845203e-06,0.006020380552129,0.0897690912117848,7,False,False
distilbert,5,11,54.616895874263264,58.03921568627451,107381227,7.147661921691923e-05,0.0117303133176041,0.0483613521237987,5,False,False
distilbert,5,12,55.0098231827112,60.0,1080625291,2.577784794028541e-05,0.0558048640634199,0.014093043230273,6,False,False
distilbert,5,13,51.66994106090373,55.294117647058826,486368611,3.956000046547745e-05,0.0002077172315409,0.0298191748380894,2,False,False
distilbert,5,14,53.83104125736739,57.25490196078432,284650625,5.94440579622002e-06,0.0003239973338761,0.1041316301039412,7,False,False
distilbert,5,15,57.95677799607073,56.66666666666666,1166938961,5.024859456994924e-05,0.0001050557255509,0.1636539207021349,7,False,False
distilbert,5,16,54.616895874263264,56.66666666666666,828848740,2.545362648450024e-05,0.0006855591441793,0.0179664625267577,3,False,False
distilbert,5,17,59.13555992141454,58.62745098039216,1596572714,4.0894476525390665e-05,0.0154575828349297,0.0451139239171121,9,False,False
distilbert,5,18,51.08055009823183,53.92156862745098,1131301050,2.278159445768017e-05,0.0025359711666397,0.1807438634440542,2,False,False
distilbert,5,19,59.33202357563851,58.62745098039216,92401190,5.79299805887715e-05,0.004057547227441,0.1485303393632383,6,False,False
distilbert,5,20,55.99214145383104,56.47058823529412,2089034891,4.073317034043682e-05,3.13757544425041e-05,0.0134502042028638,7,False,False
distilbert,5,21,54.420432220039295,58.03921568627451,909987629,8.38633963629459e-05,0.0025326809363498,0.0230569655116883,2,False,False
distilbert,5,22,54.81335952848723,56.47058823529412,578810319,1.2128696059536393e-05,0.002703546113091,0.0318690633142342,10,False,False
distilbert,5,23,61.29666011787819,60.98039215686274,1788832708,8.24608791154507e-05,1.866879613598792e-05,0.0097592377666569,10,True,False
distilbert,5,24,57.56385068762279,57.25490196078432,184427527,4.7225403908547135e-05,0.0550595651682975,0.1539297164926176,9,False,False
distilbert,5,25,58.349705304518665,57.05882352941177,1477783088,3.4823310170453e-05,0.0319878068832997,0.0754983230712183,7,False,False
distilbert,5,26,57.76031434184676,60.19607843137255,1018777226,4.898905559900061e-05,0.0004542733719553,0.1343275366848712,8,False,False
distilbert,5,27,55.99214145383104,58.8235294117647,1401401015,4.884817586611967e-05,0.0019498125872961,0.0684893746742057,10,False,False
distilbert,5,28,57.17092337917485,56.86274509803921,185374340,1.916095202587041e-05,5.696855220466988e-05,0.0996403030899376,5,False,False
distilbert,5,29,55.5992141453831,58.23529411764706,1405986007,4.6188955754096016e-05,0.0001247209670638,0.0056724930438904,5,False,False
distilbert,6,0,56.60749506903353,60.15779092702169,1898466008,5.1622547051836144e-05,0.0110243121085416,0.1164936394509109,8,False,False
distilbert,6,1,58.57988165680474,57.790927021696255,733362961,1.938712804630483e-05,0.0025318401277179,0.0050548196449027,3,False,False
distilbert,6,2,57.001972386587774,59.96055226824458,91663126,1.2650303143763973e-05,0.0065348058942055,0.1680558551000975,6,False,False
distilbert,6,3,56.80473372781065,60.552268244575934,1670419895,9.481313768551491e-06,2.884022423632028e-05,0.1126301483364444,10,False,False
distilbert,6,4,58.97435897435897,62.32741617357002,1096330668,1.942830831470849e-05,0.0009443892705577,0.1595589511771521,6,False,False
distilbert,6,5,55.42406311637081,54.832347140039445,309868097,1.3261835985491672e-05,0.0012975580682855,0.1586409654819496,2,False,False
distilbert,6,6,53.84615384615385,60.35502958579882,1362421297,9.21729176891423e-05,0.0010448778940969,0.1360488344401952,9,False,False
distilbert,6,7,57.396449704142015,58.57988165680474,1909530066,1.4014728102774504e-05,6.432564373261657e-05,0.0145906516847301,9,False,False
distilbert,6,8,55.62130177514793,63.51084812623274,789214407,3.3620404367653457e-05,0.0048694498633854,0.191767761402875,5,False,False
distilbert,6,9,57.59368836291913,61.53846153846154,1695665111,8.976786360785352e-05,0.0001085152568556,0.071949019809535,5,False,False
distilbert,6,10,57.98816568047337,60.35502958579882,1074443816,3.904650520043006e-05,0.0648012941651064,0.0748088082963084,9,False,False
distilbert,6,11,56.01577909270217,61.341222879684416,842820138,8.560625623422171e-05,0.000791680014036,0.1782773368298043,10,False,False
distilbert,6,12,54.04339250493096,57.59368836291913,416098847,7.785163569776328e-06,0.0003150393419404,0.1298918778388096,4,False,False
distilbert,6,13,58.185404339250496,63.70808678500986,686607802,3.02061827968882e-05,0.06995894410964,0.1942434906517481,6,False,True
distilbert,6,14,56.21301775147929,61.1439842209073,1697179818,3.808044844597594e-05,0.0856149231504005,0.1721759906517573,6,False,False
distilbert,6,15,54.63510848126233,62.1301775147929,818894677,4.693012524781645e-05,0.0035411811624448,0.1016194992447175,5,False,False
distilbert,6,16,52.26824457593688,52.071005917159766,756643721,7.815242608275822e-06,9.796813648430336e-05,0.0660349368382715,3,False,False
distilbert,6,17,58.38264299802761,63.51084812623274,88525382,4.00262995688879e-05,1.3182125410347612e-05,0.1626052001901901,7,False,False
distilbert,6,18,55.42406311637081,57.790927021696255,1173072295,5.888486522942285e-06,0.00081972787471,0.1447011731153367,6,False,False
distilbert,6,19,57.19921104536489,58.57988165680474,1745192014,9.102401068372138e-06,2.8156792187912717e-05,0.1434409634327368,10,False,False
distilbert,6,20,58.38264299802761,62.32741617357002,129040953,4.361862721095928e-05,8.638990698272799e-05,0.1275658052569638,3,False,False
distilbert,6,21,54.832347140039445,59.96055226824458,1646342474,1.8980534857768848e-05,0.0010770221327688,0.0862329641099475,7,False,False
distilbert,6,22,55.62130177514793,59.76331360946745,1152217131,8.88590806261739e-06,1.1793734998382588e-05,0.0463528577126849,8,False,False
distilbert,6,23,55.02958579881657,61.73570019723866,1666726672,4.9536459395111424e-05,2.7100754780111663e-05,0.0596156117792384,4,False,False
distilbert,6,24,56.60749506903353,61.341222879684416,1757540508,6.828299120092357e-05,5.500999206001744e-05,0.1360693943804534,5,False,False
distilbert,6,25,56.01577909270217,58.97435897435897,1463871922,6.586983013835555e-06,0.0221669954056508,0.0057710467273818,9,False,False
distilbert,6,26,55.81854043392505,59.171597633136095,1728296229,4.372929209308982e-05,7.013527432032045e-05,0.0121674532354209,5,False,False
distilbert,6,27,54.832347140039445,61.1439842209073,1307166548,6.114236563916047e-05,0.0001934662350844,0.1571638420789618,7,False,False
distilbert,6,28,59.171597633136095,62.32741617357002,59083977,4.073429359755396e-05,2.1310576051456665e-05,0.0338191557731171,5,True,False
distilbert,6,29,55.02958579881657,57.790927021696255,233392671,5.70699608257493e-06,0.0108009685007296,0.1059797962529958,6,False,False
distilbert,7,0,56.719367588932805,54.74308300395257,609504177,7.089180512677298e-06,1.001323172799824e-05,0.134746664893312,5,False,False
distilbert,7,1,60.276679841897234,54.74308300395257,1898928632,3.523202197203492e-05,0.0065797131327784,0.133612689788499,4,False,False
distilbert,7,2,57.5098814229249,54.1501976284585,591179310,1.8142279779422432e-05,0.0007771057121987,0.1423836893686056,8,False,False
distilbert,7,3,58.30039525691699,59.68379446640317,1998521169,1.4978716651729886e-05,0.0035995538365175,0.0270033211484466,9,False,True
distilbert,7,4,61.6600790513834,58.30039525691699,135274811,1.8497677594509537e-05,0.0002421083054369,0.0291731208125767,8,False,False
distilbert,7,5,61.85770750988142,58.89328063241107,1746334530,3.984204632086577e-05,0.0003041453385429,0.0523923687547099,5,False,False
distilbert,7,6,60.276679841897234,57.90513833992095,785066499,1.9948428746409093e-05,0.0024190683281873,0.1196385523486864,5,False,False
distilbert,7,7,57.31225296442688,54.74308300395257,980864088,7.015828266640502e-06,0.0344713543845487,0.0472762870445837,7,False,False
distilbert,7,8,55.53359683794466,54.74308300395257,331798416,8.589788728466814e-06,0.000847690354237,0.0611692352545451,3,False,False
distilbert,7,9,62.45059288537549,55.73122529644269,390521950,4.395290076078132e-05,2.146479476269716e-05,0.1810355988047413,7,True,False
distilbert,7,10,61.06719367588933,58.30039525691699,906239487,6.03745922802112e-05,0.0090608851390602,0.1239503230546079,6,False,False
distilbert,7,11,52.96442687747036,53.16205533596838,1636259516,6.745459275548512e-06,0.000195436060269,0.1407000001910291,2,False,False
distilbert,7,12,59.28853754940712,56.91699604743083,1688881867,1.990516599798104e-05,0.0008359512674704,0.1499429746158094,10,False,False
distilbert,7,13,57.5098814229249,56.126482213438734,1216221771,1.580141509702665e-05,2.9509197567054332e-05,0.007515472244132,3,False,False
distilbert,7,14,61.462450592885375,57.31225296442688,1487697897,2.503022944666849e-05,0.0040317110511019,0.1235586980219502,10,False,False
distilbert,7,15,51.18577075098814,53.16205533596838,1182792917,6.888150295972541e-06,0.0089021395631834,0.0214343097671444,2,False,False
distilbert,7,16,60.47430830039526,58.30039525691699,1719373015,8.159483223812709e-06,0.0404551109575851,0.1206246905660361,9,False,False
distilbert,7,17,56.32411067193676,53.55731225296443,156910011,7.61922183920879e-06,0.0857199965802512,0.1527028567883455,3,False,False
distilbert,7,18,53.359683794466406,50.790513833992094,1176425928,6.429401983764224e-06,0.0022179231141744,0.1715957873280245,3,False,False
distilbert,7,19,60.47430830039526,58.30039525691699,1759654958,1.7555996372775743e-05,2.2517528740515135e-05,0.1149146474995022,5,False,False
distilbert,7,20,60.07905138339921,57.70750988142292,599055735,1.210029381026137e-05,0.0001674099575571,0.0306443132847697,10,False,False
distilbert,7,21,61.26482213438735,59.09090909090909,511237903,1.7328664523936113e-05,0.0004275510622443,0.0416022208528587,5,False,False
distilbert,7,22,59.28853754940712,53.95256916996048,727499542,7.628419930754824e-05,3.088607078505984e-05,0.1279670083322736,5,False,False
distilbert,7,23,59.48616600790514,54.74308300395257,1524954103,1.949972335662893e-05,0.0037477428638971,0.1452454180999761,7,False,False
distilbert,7,24,54.940711462450594,50.39525691699605,366607269,1.5547665527787803e-05,0.0061219421320079,0.1969190848947138,2,False,False
distilbert,7,25,59.88142292490119,56.126482213438734,1728268434,5.487955325946137e-05,1.3210465388331947e-05,0.0031492308764113,10,False,False
distilbert,7,26,57.90513833992095,57.31225296442688,551108572,5.2140675705503925e-05,0.0002023472782835,0.1068349634883515,3,False,False
distilbert,7,27,62.45059288537549,56.91699604743083,678688784,7.343011951856164e-05,7.561585615030237e-05,0.1943550349933396,3,False,False
distilbert,7,28,57.11462450592885,53.75494071146245,1335963985,5.103139071303058e-06,0.0006294408854628,0.1907830532972892,5,False,False
distilbert,7,29,51.18577075098814,51.38339920948616,319942038,5.518857135232795e-06,0.0048173142171994,0.129843653215776,2,False,False
distilbert,8,0,55.80952380952381,60.57142857142857,525040540,3.934047119751894e-05,0.0412518245252778,0.1478429127888729,9,False,False
distilbert,8,1,57.523809523809526,61.142857142857146,296190652,1.434019138615901e-05,0.0001246576201343,0.0102595847643288,6,False,False
distilbert,8,2,59.23809523809524,60.57142857142857,439072568,3.5381955945814354e-05,0.0007428167615832,0.0646334388010329,10,False,False
distilbert,8,3,58.285714285714285,61.333333333333336,1928646104,6.843842303802121e-05,5.013740223767773e-05,0.1836690523337322,9,False,False
distilbert,8,4,53.142857142857146,57.523809523809526,396670814,2.694393028194172e-05,0.0006179728267505,0.0470307125553663,2,False,False
distilbert,8,5,56.76190476190476,58.285714285714285,1452483143,1.762180077168544e-05,0.0002125985847744,0.0352745840089678,7,False,False
distilbert,8,6,59.23809523809524,62.095238095238095,421755788,7.395883548412226e-05,0.0032792584784957,0.1297743976117242,4,False,True
distilbert,8,7,57.71428571428572,60.95238095238095,1430057241,4.421032902643876e-05,7.800313015375494e-05,0.0696363974328922,9,False,False
distilbert,8,8,53.71428571428572,56.19047619047619,1325501772,1.2177608225618629e-05,0.0001127495245993,0.1353310567598053,3,False,False
distilbert,8,9,56.0,59.80952380952381,1161305350,5.771658233532245e-05,0.0094967187549863,0.0513108722444231,3,False,False
distilbert,8,10,53.90476190476191,59.42857142857143,1838533319,6.245739222597018e-05,0.0067485648435605,0.1402887233707014,4,False,False
distilbert,8,11,52.0,54.095238095238095,831055296,5.161235049845728e-06,0.0050817728507905,0.1949036122465918,3,False,False
distilbert,8,12,54.095238095238095,59.04761904761905,2116762865,1.0000115884254694e-05,0.0156861936393026,0.0747517229245473,9,False,False
distilbert,8,13,56.95238095238095,60.76190476190476,1761635949,4.378745773644947e-05,0.0365394589597065,0.1402112302137977,3,False,False
distilbert,8,14,54.66666666666666,58.47619047619048,2057445802,6.362306644922315e-06,2.0695956214509257e-05,0.1077097046262831,5,False,False
distilbert,8,15,57.90476190476191,60.0,202598804,4.5764795143676655e-05,7.426562340272176e-05,0.127451644196514,10,False,False
distilbert,8,16,59.61904761904762,60.57142857142857,1892751884,3.47312237327243e-05,0.0007558204642874,0.1923795252550658,5,True,False
distilbert,8,17,55.80952380952381,61.142857142857146,1262335329,1.2168655155362136e-05,4.30440047555347e-05,0.0436575484583453,10,False,False
distilbert,8,18,53.523809523809526,59.23809523809524,793856665,6.850131202783007e-05,0.0027181659582865,0.1817588818131233,10,False,False
distilbert,8,19,54.095238095238095,55.61904761904762,1979855972,7.71686455785291e-06,0.0011677592500512,0.0774322107242382,7,False,False
distilbert,8,20,52.38095238095238,55.42857142857143,782056529,7.213874499327488e-06,0.0071465575992953,0.079827120061248,4,False,False
distilbert,8,21,55.42857142857143,61.523809523809526,1963994289,8.450858653096133e-05,0.0008956846690538,0.0218183746061815,5,False,False
distilbert,8,22,56.0,55.61904761904762,1740651243,9.068537353840403e-06,0.0001701896540097,0.1937263794250902,8,False,False
distilbert,8,23,53.523809523809526,58.85714285714285,671515889,1.2344826909039254e-05,0.000213569779522,0.1515162328904473,5,False,False
distilbert,8,24,53.523809523809526,59.04761904761905,1185109951,4.49644061997711e-05,0.0005342516979878,0.0772211725892595,2,False,False
distilbert,8,25,57.333333333333336,61.523809523809526,261656942,9.153631514153396e-06,0.0409918822969033,0.1775387435400618,10,False,False
distilbert,8,26,57.333333333333336,60.38095238095238,1420641359,4.69114684919486e-05,0.0079273663186931,0.0785483102824394,8,False,False
distilbert,8,27,54.285714285714285,56.19047619047619,1620238982,5.674300222398156e-06,0.0015765026398538,0.1448087969594749,3,False,False
distilbert,8,28,54.285714285714285,57.523809523809526,1995443191,1.7070714395264314e-05,0.0254872353543732,0.1704339476773607,2,False,False
distilbert,8,29,56.95238095238095,60.57142857142857,138537605,7.985166627945162e-05,0.0001185637541969,0.0120959886464439,9,False,False
distilbert,9,0,52.03883495145631,53.48837209302326,961620532,5.214409908803865e-06,0.0002050538361877,0.0096224728871547,5,False,False
distilbert,9,1,56.310679611650485,60.65891472868217,1651918278,5.506931712785145e-05,0.0071859935583507,0.0769909536056127,6,False,False
distilbert,9,2,52.81553398058252,54.06976744186046,1187533226,9.02265142186266e-06,0.0002491305747632,0.0241043409631011,2,False,False
distilbert,9,3,53.20388349514563,60.07751937984496,1609173832,1.2494225799374093e-05,0.0318027889400785,0.1309595247119996,5,False,False
distilbert,9,4,55.53398058252427,62.7906976744186,822471432,4.174931839544462e-05,6.240613657341876e-05,0.1617134537410364,6,False,False
distilbert,9,5,53.592233009708735,55.23255813953488,1637952758,6.880794723754292e-06,0.0032402413899401,0.1864674579552114,4,False,False
distilbert,9,6,53.00970873786408,58.13953488372093,1613402135,5.744682811082666e-06,0.0001327550341655,0.1342547291184261,5,False,False
distilbert,9,7,53.980582524271846,63.565891472868216,855678415,1.5078781752495854e-05,0.0774236532129516,0.1127757615799052,6,False,True
distilbert,9,8,53.00970873786408,54.06976744186046,1250497863,7.001074407074354e-06,0.0003379577537811,0.1093566230641231,6,False,False
distilbert,9,9,52.81553398058252,57.17054263565891,454125435,7.027812860584951e-05,2.6367587391562965e-05,0.0279153921858235,6,False,False
distilbert,9,10,57.0873786407767,59.68992248062016,929596746,9.17875624363861e-05,6.133844843552378e-05,0.0914210947306181,5,False,False
distilbert,9,11,56.11650485436893,60.07751937984496,1911363091,1.109437040013538e-05,0.0199011399039584,0.0720642854749405,6,False,False
distilbert,9,12,56.50485436893204,59.88372093023256,648503038,1.2237667413097456e-05,3.9838164578631465e-05,0.0286502053377602,8,False,False
distilbert,9,13,53.20388349514563,54.26356589147287,1382284000,6.46699838318969e-06,1.2592855002103011e-05,0.1615917656939682,7,False,False
distilbert,9,14,55.33980582524272,58.52713178294574,779600424,3.164072065763374e-05,0.032998645192167,0.1911149188461384,7,False,False
distilbert,9,15,52.62135922330097,57.945736434108525,654386379,6.219958975369606e-06,0.0475357751494735,0.1954906921555123,6,False,False
distilbert,9,16,52.42718446601942,53.10077519379845,709183901,8.644556918699168e-06,3.192274744440654e-05,0.17207289620734,3,False,False
distilbert,9,17,55.728155339805824,58.72093023255814,523915146,1.3803980502448391e-05,0.0003661951069013,0.084810167854993,10,False,False
distilbert,9,18,54.95145631067961,57.75193798449613,605814536,8.423937309606415e-05,0.000169516167029,0.0538293805914076,3,False,False
distilbert,9,19,56.11650485436893,57.75193798449613,369293914,8.235855950212279e-06,0.0008392182707254,0.0964727347766902,8,False,False
distilbert,9,20,55.922330097087375,59.88372093023256,1203912847,6.393801187948158e-06,0.0480949249090464,0.1021526974120073,9,False,False
distilbert,9,21,56.89320388349515,59.49612403100775,74396093,2.447958218862321e-05,1.0399923244624651e-05,0.0228310715805226,10,False,False
distilbert,9,22,57.28155339805825,60.07751937984496,1862046888,6.618791369219725e-05,0.0007015799097451,0.1409033450501561,3,True,False
distilbert,9,23,53.980582524271846,55.42635658914729,303177662,6.026027872026046e-06,2.524934632596964e-05,0.1572540462221644,5,False,False
distilbert,9,24,57.28155339805825,56.97674418604651,1873762744,9.121848939424528e-05,6.471679085795598e-05,0.1347104228952678,3,False,False
distilbert,9,25,56.50485436893204,58.72093023255814,498967879,1.2126426413025826e-05,0.0101341993904232,0.1368778970911568,10,False,False
distilbert,9,26,50.48543689320388,56.395348837209305,1499648959,5.813630838455001e-06,0.0001059879698504,0.1763546904729761,7,False,False
distilbert,9,27,54.1747572815534,58.52713178294574,2095402387,1.8176656823162767e-05,0.0085043018872609,0.1656451104107434,3,False,False
distilbert,9,28,53.78640776699029,62.01550387596899,1237689784,3.126105273128771e-05,0.0030711123851872,0.1158422984064661,8,False,False
distilbert,9,29,54.95145631067961,60.27131782945737,1322128358,5.882650864552095e-05,0.0003381350207695,0.188817765963093,10,False,False
distilbert,10,0,58.12133072407045,61.328125,1186897573,2.9083644244519338e-05,0.0002194777493555,0.0066460352445621,7,False,False
distilbert,10,1,59.88258317025441,60.3515625,2145261763,4.499774455714251e-05,0.0001607706783563,0.0245488951843796,7,False,False
distilbert,10,2,59.49119373776908,59.5703125,984179634,8.52208975313102e-06,0.0013912482589049,0.0490365878243927,9,False,False
distilbert,10,3,56.16438356164384,57.421875,1064769070,2.298034493928163e-05,0.0120870726740696,0.1064719464493331,2,False,False
distilbert,10,4,55.38160469667319,51.5625,1101634660,2.4103197839716827e-05,0.0001656800118924,0.0242049393983943,2,False,False
distilbert,10,5,58.51272015655577,58.59375,713140997,3.7177582849261015e-05,0.0418253462206615,0.0769001508791868,10,False,False
distilbert,10,6,58.51272015655577,61.1328125,1473102245,9.282894725632644e-06,1.2607433142515896e-05,0.0178950067140034,9,False,False
distilbert,10,7,57.3385518590998,50.390625,1508590380,8.23089325960374e-06,7.647572379802686e-05,0.0723644389784826,3,False,False
distilbert,10,8,58.9041095890411,57.6171875,1363459785,1.2084822685219309e-05,0.0001434563373478,0.1263629639608964,5,False,False
distilbert,10,9,58.70841487279844,59.765625,307574245,3.999563167413407e-05,0.0813950890339131,0.0460114486279336,5,False,False
distilbert,10,10,57.142857142857146,56.25,766308724,2.5071005080584863e-05,0.0010204788778166,0.0602794812577634,2,False,False
distilbert,10,11,56.75146771037182,58.59375,1100921260,5.619865260740533e-06,0.0003559703007249,0.1916056257751628,9,False,False
distilbert,10,12,59.09980430528376,60.3515625,2081661179,1.5198314167671134e-05,0.0085772737454376,0.1542725010278273,10,False,False
distilbert,10,13,60.273972602739725,60.546875,182957351,3.1557967211126616e-05,0.0240574701800746,0.118083041956819,10,True,False
distilbert,10,14,60.273972602739725,61.1328125,971733651,3.0932855880051024e-05,4.691438246127059e-05,0.1951718115123712,8,False,False
distilbert,10,15,59.29549902152642,62.109375,546452451,3.880035959314388e-05,0.0233464797438986,0.1318269573795429,7,False,False
distilbert,10,16,53.62035225048923,49.4140625,346138340,1.2576565942205229e-05,0.0842430399799142,0.0714126545895293,2,False,False
distilbert,10,17,57.53424657534247,59.375,1616646915,1.855826132120496e-05,0.0047430211631677,0.0682708355661512,9,False,False
distilbert,10,18,59.68688845401174,58.984375,2040859071,2.211400358933864e-05,7.42863358569152e-05,0.1551364153508346,8,False,False
distilbert,10,19,58.51272015655577,59.9609375,112634109,1.5178689671106736e-05,9.753327622494136e-05,0.1343046629351716,8,False,False
distilbert,10,20,59.29549902152642,62.109375,1291883858,2.236619859326889e-05,0.0003203168517259,0.1179063910552959,7,False,False
distilbert,10,21,56.16438356164384,62.890625,565862819,3.262486124885266e-05,0.0001593146270126,0.1983029841875143,7,False,True
distilbert,10,22,55.57729941291585,50.0,935923321,1.8623404015799265e-05,0.0040106839787889,0.1657548694494362,2,False,False
distilbert,10,23,55.77299412915851,57.2265625,1731728699,1.2050831862868646e-05,0.0054115976230422,0.1589474734604253,7,False,False
distilbert,10,24,58.70841487279844,58.984375,260101963,8.98994409054735e-05,0.0071306954798036,0.150504069372058,4,False,False
distilbert,10,25,59.09980430528376,58.203125,1879331690,1.1537634327272027e-05,0.0032283735228358,0.1331155991200209,7,False,False
distilbert,10,26,59.88258317025441,60.9375,834064887,4.728744238171685e-05,0.0014613803194524,0.1682814937826287,9,False,False
distilbert,10,27,60.07827788649706,56.0546875,755610745,1.1364122425588234e-05,0.0022531962802015,0.1536038966210808,8,False,False
distilbert,10,28,59.49119373776908,60.15625,1077881341,2.5056182106091307e-05,0.0010867047101448,0.1584444790181984,6,False,False
distilbert,10,29,57.53424657534247,58.984375,631147565,2.5175018094694422e-05,1.2014716314520736e-05,0.0273825310861722,6,False,False
distilbert,11,0,56.14035087719298,55.16569200779727,354852715,2.828790482900508e-05,0.0668622556573324,0.0922202406810559,3,False,False
distilbert,11,1,51.65692007797271,53.606237816764136,2023864240,1.865853948834216e-05,0.0004177693455656,0.1949411359058396,2,False,False
distilbert,11,2,58.47953216374269,60.03898635477583,1397005781,5.723326235670805e-05,0.050458381582115,0.0377161934286713,8,False,False
distilbert,11,3,60.03898635477583,60.23391812865497,1282106210,6.546270175919517e-05,0.0986291150210946,0.1132919532739655,7,True,True
distilbert,11,4,54.3859649122807,55.360623781676416,1872594148,2.1824834021068865e-05,8.627428848811767e-05,0.0964664112112787,3,False,False
distilbert,11,5,54.3859649122807,56.33528265107213,1724059546,3.7888116496659406e-05,7.904473374189196e-05,0.0618286231057331,2,False,False
distilbert,11,6,58.86939571150098,56.53021442495127,1162364122,3.533399680438272e-05,1.385949687525895e-05,0.1669621591317933,7,False,False
distilbert,11,7,52.046783625731,56.33528265107213,1923789228,1.7452056492412848e-05,5.177025624892655e-05,0.0084915498177132,2,False,False
distilbert,11,8,58.67446393762183,58.67446393762183,2067701626,1.3784780275511868e-05,0.0032808910503601,0.0130352249592236,8,False,False
distilbert,11,9,55.360623781676416,58.67446393762183,2036506917,7.376800636654637e-06,4.330504001524339e-05,0.0028230616578585,6,False,False
distilbert,11,10,54.580896686159846,56.92007797270955,1115012350,1.8283321981678384e-05,2.427527009579194e-05,0.1389588804042849,4,False,False
distilbert,11,11,54.77582846003899,55.7504873294347,391329504,5.7408477809158026e-05,0.0004197387714576,0.1332934154445879,6,False,False
distilbert,11,12,47.56335282651072,55.16569200779727,1638604497,1.1856817695553949e-05,6.249958802852791e-05,0.1455592198200403,2,False,False
distilbert,11,13,60.03898635477583,60.03898635477583,1266195633,2.324017394604289e-05,0.000240680570822,0.0008240222733339,7,False,False
distilbert,11,14,59.06432748538012,56.92007797270955,2080420486,2.7190166897096887e-05,0.0194499095255276,0.1709802084503509,10,False,False
distilbert,11,15,49.902534113060426,56.33528265107213,153447626,1.5343759298396502e-05,0.0045872270300582,0.0659730381706769,2,False,False
distilbert,11,16,52.63157894736842,56.53021442495127,276793472,9.237739713769845e-06,0.0028083953593282,0.0203220060082799,5,False,False
distilbert,11,17,56.92007797270955,57.89473684210526,2086214075,3.062896719375183e-05,1.1032948865326496e-05,0.0945907228835786,6,False,False
distilbert,11,18,50.487329434697855,54.77582846003899,1917841831,2.8474358485525477e-05,0.0001931036588981,0.1482765584100529,2,False,False
distilbert,11,19,59.64912280701754,56.72514619883041,459352223,2.384327275602372e-05,0.0002626740930733,0.0001129622533777,7,False,False
distilbert,11,20,55.55555555555556,51.267056530214425,1926699797,6.375543310363564e-06,0.0011230096033149,0.1264044340336136,8,False,False
distilbert,11,21,58.28460038986355,58.28460038986355,184990238,2.2846113156213977e-05,0.0009763857187936,0.056916883760194,7,False,False
distilbert,11,22,53.80116959064328,54.77582846003899,1038625849,1.404237211599459e-05,0.0035103287069438,0.171907542893869,5,False,False
distilbert,11,23,55.16569200779727,58.28460038986355,1027872088,2.4442839083220996e-05,2.5115575026021695e-05,0.1947147393395542,3,False,False
distilbert,11,24,54.19103313840156,54.3859649122807,291860299,4.067494652052281e-05,0.0027641230029123,0.0531642262529007,2,False,False
distilbert,11,25,57.50487329434698,55.16569200779727,767836833,1.00027154484749e-05,0.0700188788642114,0.1324239806703365,5,False,False
distilbert,11,26,49.707602339181285,52.241715399610136,284305164,7.153367578335539e-06,1.2671973162375348e-05,0.1637795348903446,2,False,False
distilbert,11,27,51.851851851851855,52.826510721247566,499092735,8.193714653823733e-06,0.0016169125773819,0.1596997829217773,2,False,False
distilbert,11,28,50.87719298245614,53.41130604288499,203822913,5.912689751412083e-06,0.0002610784989714,0.0328651433775696,3,False,False
distilbert,11,29,57.69980506822612,57.89473684210526,885667914,3.164551346520433e-05,0.0121188364441131,0.1163531224632,3,False,False
distilbert,12,0,53.816046966731896,62.3046875,1599818748,6.466897103272651e-05,1.5222640042602449e-05,0.0657884114460603,4,False,False
distilbert,12,1,51.66340508806263,56.0546875,2052325017,5.608087661990455e-05,0.0070749133622371,0.113530282464206,2,False,False
distilbert,12,2,50.09784735812133,56.8359375,2045433872,6.91922627129453e-06,0.0005698674022355,0.1455343236669886,5,False,False
distilbert,12,3,54.7945205479452,59.9609375,914718018,5.095932378503937e-05,0.0001197154421704,0.032683680801494,5,False,False
distilbert,12,4,55.77299412915851,62.109375,1687919310,1.302936277513506e-05,0.0080004415425781,0.0319171492398727,8,False,False
distilbert,12,5,54.20743639921722,62.5,1430261523,4.0412957488282405e-05,0.0980132350662394,0.1244836729095674,3,False,True
distilbert,12,6,54.7945205479452,57.8125,1618954694,8.913544142107247e-05,0.0024788610908014,0.0226605119452678,6,False,False
distilbert,12,7,49.31506849315068,55.859375,1579374570,5.713892952484024e-06,0.0009153877294553,0.0422746335085827,2,False,False
distilbert,12,8,51.46771037181996,58.7890625,1082779131,4.91453095721771e-05,0.0001376925691874,0.1234678022715263,8,False,False
distilbert,12,9,51.85909980430528,60.9375,1892883758,9.808563982251447e-06,0.0011350622834919,0.1959604903001329,4,False,False
distilbert,12,10,55.18590998043053,61.1328125,1171276750,4.17552248933031e-05,1.2098850440985154e-05,0.1769709599628922,4,False,False
distilbert,12,11,55.38160469667319,59.9609375,558420949,4.48374688715673e-05,0.0070657169784674,0.1911997879521791,7,False,False
distilbert,12,12,53.42465753424658,55.859375,1037203968,4.171396290289272e-05,0.0041546809620556,0.1549876867996765,4,False,False
distilbert,12,13,56.75146771037182,59.375,441336037,3.694358551625224e-05,0.00060950855899,0.0484336125568607,9,False,False
distilbert,12,14,53.22896281800392,57.03125,1348530619,2.115243079517196e-05,3.747987563110647e-05,0.0771950384854184,2,False,False
distilbert,12,15,49.31506849315068,56.4453125,1006189570,1.9795271864622475e-05,0.0001739099697313,0.0447190875355274,5,False,False
distilbert,12,16,52.83757338551859,60.9375,1403799598,1.2420288880287684e-05,2.3300930151384437e-05,0.0634851207998953,4,False,False
distilbert,12,17,52.83757338551859,59.9609375,668266903,1.543296085896909e-05,7.795604126731091e-05,0.0281539066527528,4,False,False
distilbert,12,18,55.968688845401175,60.15625,628296087,2.5185943587708664e-05,0.0652328581314484,0.0029143981088415,4,False,False
distilbert,12,19,52.05479452054794,58.7890625,1818744613,1.2256570038397787e-05,0.0063538630608062,0.1540016985406618,4,False,False
distilbert,12,20,55.38160469667319,59.375,1848717641,5.634374196611414e-05,0.000789880239197,0.090174168125435,6,False,False
distilbert,12,21,57.72994129158513,59.9609375,1904961017,4.30374759896002e-05,0.0040544101855763,0.0567008448138208,4,False,False
distilbert,12,22,58.12133072407045,60.7421875,1639023474,1.764090313328976e-05,0.0751668143289227,0.0292135652744624,6,True,False
distilbert,12,23,55.968688845401175,61.5234375,1144121698,4.043423422695954e-05,0.0014106449759348,0.1582776439168057,7,False,False
distilbert,12,24,51.85909980430528,61.1328125,848776515,2.2954670358060607e-05,0.0110298493463138,0.1714275692302951,9,False,False
distilbert,12,25,50.489236790606654,56.0546875,1299737468,6.72957379910414e-06,0.0110528578300432,0.006466326019867,2,False,False
distilbert,12,26,53.03326810176125,59.9609375,259148452,8.103041548516555e-06,0.0795491195032203,0.1899725700129657,8,False,False
distilbert,12,27,53.03326810176125,58.3984375,418353526,1.5665797253317312e-05,0.0146290409576896,0.0037138646396315,8,False,False
distilbert,12,28,53.22896281800392,59.9609375,1450899684,1.4952767253325626e-05,0.0002297035852845,0.0213357937101407,7,False,False
distilbert,12,29,50.88062622309198,59.765625,1498384628,1.0696750339549265e-05,1.0866021886840184e-05,0.0964879571754694,4,False,False
distilbert,13,0,62.37816764132553,60.62378167641326,2075076114,3.1092684669334e-05,0.0069649447166285,0.0344741057902417,10,False,False
distilbert,13,1,57.50487329434698,57.30994152046784,959138165,1.2144090204033371e-05,0.0008869847589372,0.018044026620472,9,False,False
distilbert,13,2,58.67446393762183,58.28460038986355,849109270,4.476434136170652e-05,0.014330967010196,0.141109277381843,3,False,False
distilbert,13,3,57.69980506822612,53.21637426900585,1058290692,1.1211270027887076e-05,0.0031967620105684,0.1560796146271936,4,False,False
distilbert,13,4,55.7504873294347,57.89473684210526,31409607,8.230649812744417e-05,0.0023170778394065,0.0773743113862951,6,False,False
distilbert,13,5,62.18323586744639,61.20857699805068,7252198,1.920619634790256e-05,0.0001146606326201,0.0270852734636694,8,False,False
distilbert,13,6,57.1150097465887,55.7504873294347,975729673,7.448343822575979e-06,0.0012919511263884,0.1741912828581895,8,False,False
distilbert,13,7,60.8187134502924,60.62378167641326,417951286,9.303639998055152e-05,0.0003492172783313,0.0767535947023222,3,False,False
distilbert,13,8,56.92007797270955,55.16569200779727,1910252730,7.709687289802685e-06,0.0108156128420108,0.1914320103209432,8,False,False
distilbert,13,9,59.84405458089669,56.92007797270955,1049540287,2.366830152667097e-05,0.0694666060121971,0.089542399988187,4,False,False
distilbert,13,10,60.8187134502924,52.63157894736842,638985694,1.048237495755868e-05,0.0055977681744147,0.0591100526923049,4,False,False
distilbert,13,11,60.03898635477583,57.89473684210526,2146548156,1.726899284305207e-05,0.0023844460119911,0.1207353418042354,10,False,False
distilbert,13,12,60.23391812865497,59.64912280701754,2055416820,5.436593205159758e-05,0.0478373777004782,0.1884632265639119,2,False,False
distilbert,13,13,62.96296296296296,55.55555555555556,1406892377,7.085124604575383e-05,0.0957692400756,0.1020719837155215,3,True,False
distilbert,13,14,56.53021442495127,57.50487329434698,1578924734,5.888871955802421e-05,0.0300860005555255,0.0382825683613909,5,False,False
distilbert,13,15,59.25925925925926,57.89473684210526,101200680,3.2656450120430004e-05,0.0102848786905087,0.0291324860697161,9,False,False
distilbert,13,16,59.06432748538012,62.76803118908382,1261208175,6.687307838241244e-05,0.0001816402679147,0.1874172013932862,8,False,False
distilbert,13,17,57.30994152046784,52.046783625731,1748076853,9.665210843276223e-06,0.0090462337310853,0.0670522091920028,3,False,False
distilbert,13,18,60.42884990253411,57.89473684210526,88347677,2.2395104715710964e-05,1.547662836850175e-05,0.0321844284692812,6,False,False
distilbert,13,19,59.64912280701754,60.8187134502924,284145886,2.54129264282236e-05,0.0174838282544194,0.1209886233092967,6,False,False
distilbert,13,20,58.08966861598441,55.94541910331384,205843390,1.0896540987761933e-05,0.0002242785576157,0.109236405427331,5,False,False
distilbert,13,21,60.42884990253411,64.71734892787525,1109975432,7.143142989771084e-05,0.0114377049545246,0.0659147951116267,10,False,True
distilbert,13,22,60.62378167641326,56.53021442495127,644197312,9.418184914483572e-05,0.0024180118154142,0.0967447388844146,2,False,False
distilbert,13,23,59.4541910331384,62.57309941520468,224907743,9.749329171267498e-05,4.284036106133455e-05,0.1246059198465451,7,False,False
distilbert,13,24,57.50487329434698,53.80116959064328,1971973233,7.525088845833955e-06,0.0152930818746908,0.1568905235638601,6,False,False
distilbert,13,25,57.69980506822612,53.41130604288499,1185512412,6.667483572870286e-06,0.0020287949347375,0.1136206235815642,10,False,False
distilbert,13,26,58.67446393762183,56.72514619883041,1328341075,1.949961060444189e-05,0.011719220433723,0.1862926118819809,8,False,False
distilbert,13,27,57.89473684210526,53.606237816764136,956336473,5.042322575727166e-06,0.0001788727702711,0.0122000311501852,3,False,False
distilbert,13,28,62.76803118908382,60.23391812865497,1762615942,5.568614700530599e-05,0.0081964297640796,0.1442582863710853,4,False,False
distilbert,13,29,59.4541910331384,57.50487329434698,335270586,4.5365316785046434e-05,0.0042089271167905,0.052299127661278,8,False,False
distilbert,14,0,57.25646123260437,59.64214711729623,1811473801,3.655170607459264e-05,1.6005951288612458e-05,0.0655606517247204,10,False,False
distilbert,14,1,58.05168986083499,61.43141153081511,853890374,7.866804872013811e-05,0.0014529316122281,0.1728342394130684,8,False,False
distilbert,14,2,52.286282306163024,58.84691848906561,1624547912,2.428540298035359e-05,0.0067329663600168,0.1687716672868836,2,False,False
distilbert,14,3,58.25049701789264,59.24453280318092,883051532,6.111847107867515e-05,0.0027066621314812,0.1387025951445627,6,False,False
distilbert,14,4,58.05168986083499,59.24453280318092,1497639385,6.625307615530138e-06,0.0034956380917062,0.0918395894309045,10,False,False
distilbert,14,5,55.26838966202784,58.25049701789264,942943450,1.4873665315099449e-05,0.072605566242318,0.1234271573436772,4,False,False
distilbert,14,6,54.87077534791253,56.46123260437376,333517072,2.491769208125001e-05,1.729492790694582e-05,0.0077138196252524,2,False,False
distilbert,14,7,57.85288270377733,60.03976143141153,1940145374,8.159544683990732e-06,0.0055146430144918,0.1449495596632783,7,False,False
distilbert,14,8,61.0337972166998,55.66600397614314,228826747,9.96317385255463e-06,0.0111037588894369,0.1414864272404469,9,False,False
distilbert,14,9,54.87077534791253,58.05168986083499,727645289,3.891610391216266e-05,0.0001139990065746,0.1473951000903528,3,False,False
distilbert,14,10,59.44333996023857,58.05168986083499,837220069,3.8822477175179255e-05,0.0100994559742881,0.0593542627021583,10,False,False
distilbert,14,11,59.84095427435388,59.04572564612326,883880785,1.650593239253606e-05,0.0086783830979579,0.0003639189047372,8,False,False
distilbert,14,12,62.82306163021869,61.232604373757454,1058618029,1.634251560043633e-05,0.0993119617846538,0.1019832586691722,8,True,False
distilbert,14,13,54.27435387673956,51.29224652087475,1006137711,5.0710538315839085e-06,0.0001028576596429,0.0308023427560171,2,False,False
distilbert,14,14,58.84691848906561,58.84691848906561,1926724800,3.0606724631610987e-05,1.802008159305358e-05,0.1148153510858288,4,False,False
distilbert,14,15,58.4493041749503,59.64214711729623,477162792,8.312198563102786e-06,0.0244508181667726,0.040944008407679,8,False,False
distilbert,14,16,54.87077534791253,59.04572564612326,1446481569,8.82060076497787e-05,0.0006539874981656,0.003934095979127,7,False,False
distilbert,14,17,53.87673956262425,58.84691848906561,1600842048,2.0053119690146265e-05,0.0027306320564635,0.160785601199224,2,False,False
distilbert,14,18,56.46123260437376,59.04572564612326,201280654,5.689453329840547e-05,5.464235118274899e-05,0.1083503968437375,2,False,False
distilbert,14,19,54.27435387673956,60.636182902584494,1460055955,2.5888271092843645e-05,0.001129001012928,0.1459410845027269,2,False,False
distilbert,14,20,50.69582504970179,56.66003976143141,1200150457,1.0324005753502776e-05,3.656209204757689e-05,0.1841437563188496,3,False,False
distilbert,14,21,55.26838966202784,58.4493041749503,1743688045,6.110235409325149e-06,0.0686305457846035,0.1443861461614567,7,False,False
distilbert,14,22,60.23856858846919,59.84095427435388,767846144,9.070311353192502e-06,0.0010494503830446,0.0103426371109582,10,False,False
distilbert,14,23,59.64214711729623,63.220675944334,1949354391,6.007839162522074e-05,0.0023399627168395,0.0868410928056048,9,False,True
distilbert,14,24,60.03976143141153,60.03976143141153,1760967789,9.199367815024087e-06,3.694210707616629e-05,0.1403148705569898,10,False,False
distilbert,14,25,55.06958250497018,60.23856858846919,1192521286,8.438556769029377e-05,0.0114619858784936,0.0335172019879528,9,False,False
distilbert,14,26,59.84095427435388,56.66003976143141,451745682,1.3579182927044844e-05,0.0012352873362919,0.0889211497617566,10,False,False
distilbert,14,27,56.66003976143141,56.85884691848906,574526279,9.079206552196383e-06,2.0631004771940943e-05,0.0800109490890278,5,False,False
distilbert,14,28,56.06361829025845,59.24453280318092,605301176,1.52732273832903e-05,0.0005547441096767,0.1641458624027592,4,False,False
distilbert,14,29,54.47316103379722,55.46719681908549,733587744,6.246060330469661e-06,1.1664176052553007e-05,0.0162933644888586,7,False,False
distilbert,15,0,58.3011583011583,59.45945945945946,931983717,7.714168301480887e-05,2.7924635635260425e-05,0.1646353896498438,2,True,False
distilbert,15,1,56.17760617760618,55.5984555984556,661887747,1.3510009903041475e-05,1.065087222392812e-05,0.0850042642354423,4,False,False
distilbert,15,2,56.17760617760618,58.108108108108105,1654219988,2.0411889383139877e-05,0.0001093992526512,0.0126912371975141,7,False,False
distilbert,15,3,55.5984555984556,61.38996138996139,676792773,8.058997835637325e-05,0.0006704344685183,0.0860348235817381,4,False,False
distilbert,15,4,55.21235521235521,59.45945945945946,1290002722,7.857689539775669e-05,0.0820014432174526,0.0273701407321105,5,False,False
distilbert,15,5,57.142857142857146,61.38996138996139,1267634621,9.176918855361103e-05,0.0098865538613752,0.1658768954489944,9,False,False
distilbert,15,6,58.108108108108105,58.108108108108105,1795169305,1.3509455879218583e-05,0.0228643391189168,0.0138448909428714,9,False,False
distilbert,15,7,55.98455598455598,57.335907335907336,533013941,2.3837829738112178e-05,1.2845043651821752e-05,0.1756258887048312,6,False,False
distilbert,15,8,58.108108108108105,57.142857142857146,58280867,1.297104383041323e-05,0.0152949661302513,0.138491695111229,8,False,False
distilbert,15,9,55.5984555984556,55.4054054054054,110489890,1.72728232889751e-05,0.0148301162229087,0.0945207274322589,4,False,False
distilbert,15,10,57.142857142857146,58.108108108108105,255319030,1.99323156495934e-05,2.2706310544436387e-05,0.0755281281512402,9,False,False
distilbert,15,11,56.37065637065637,61.96911196911197,2066165609,5.838176988228562e-05,0.0217815006525737,0.1955901427726076,7,False,True
distilbert,15,12,55.21235521235521,56.17760617760618,1515617479,8.048215988871365e-06,0.0019987555984367,0.0879127303593783,6,False,False
distilbert,15,13,53.47490347490348,58.68725868725869,1095984411,8.780095578954424e-05,0.0450120278915715,0.0719969954275996,6,False,False
distilbert,15,14,55.4054054054054,54.24710424710425,1559122199,2.3336253619953355e-05,0.0003704690555609,0.0768219387254009,2,False,False
distilbert,15,15,55.21235521235521,53.08880308880309,797432938,5.292011741472308e-06,1.99626540232277e-05,0.1020382150807355,5,False,False
distilbert,15,16,56.94980694980695,58.88030888030888,1146401571,5.3167204143188256e-05,8.208427961898466e-05,0.0813561134343178,3,False,False
distilbert,15,17,56.94980694980695,56.56370656370656,1520227365,1.2254859751036602e-05,0.00709311251981,0.030320978261657,6,False,False
distilbert,15,18,58.108108108108105,58.88030888030888,1900187981,4.6774555551995794e-05,0.0003145324398938,0.1471619368058102,2,False,False
distilbert,15,19,57.72200772200773,57.91505791505792,1466803269,1.5927383981065922e-05,0.0529437125966238,0.0956670528813975,4,False,False
distilbert,15,20,55.98455598455598,57.142857142857146,1626794040,1.2272486323064214e-05,1.606009911742449e-05,0.1475831538344597,5,False,False
distilbert,15,21,53.47490347490348,55.79150579150579,1997509755,1.1517807614865922e-05,0.0024532605027689,0.1059443333364615,3,False,False
distilbert,15,22,56.75675675675676,58.49420849420849,467239024,8.524121419589713e-06,0.0091609309304581,0.1964155960027638,9,False,False
distilbert,15,23,56.75675675675676,58.49420849420849,1636575662,7.166825932308565e-06,0.0551818943971423,0.0242133720282793,7,False,False
distilbert,15,24,57.91505791505792,55.4054054054054,872615247,1.100455142744185e-05,5.13235806576302e-05,0.1760738354599108,5,False,False
distilbert,15,25,56.75675675675676,58.88030888030888,1146960820,1.4854031623331609e-05,1.0212282508420167e-05,0.0836846182116218,10,False,False
distilbert,15,26,56.37065637065637,57.335907335907336,192964439,1.7582135426350786e-05,5.501111375349455e-05,0.0152231811953684,10,False,False
distilbert,15,27,54.054054054054056,59.26640926640927,1904866676,1.5114704086771389e-05,5.71665827054644e-05,0.0164005269878782,9,False,False
distilbert,15,28,55.98455598455598,57.72200772200773,1146787977,3.20522029752465e-05,0.0003381228248709,0.0653878041899791,9,False,False
distilbert,15,29,57.72200772200773,58.88030888030888,1161574931,1.8657037188727606e-05,0.0390320661056005,0.0145547360772519,7,False,False
distilbert,16,0,60.0,58.69565217391305,2028708225,3.708106562171405e-05,0.0004091052061583,0.0578151076805278,4,False,False
distilbert,16,1,60.59405940594059,58.10276679841897,134211968,1.2734607751040624e-05,0.0007357709391666,0.0141494835681948,9,False,False
distilbert,16,2,56.63366336633664,56.32411067193676,880762416,1.6878606641450358e-05,0.0004643242744748,0.0752189944421031,4,False,False
distilbert,16,3,61.58415841584159,62.45059288537549,118412007,4.205433040429812e-05,0.0002210481849333,0.1957227913765805,10,False,True
distilbert,16,4,60.99009900990099,54.940711462450594,396076046,1.1119725554815472e-05,0.0095840247445154,0.0199130497780829,9,False,False
distilbert,16,5,59.20792079207921,58.10276679841897,858102376,2.6666143646253904e-05,4.07166680508548e-05,0.0635711239157063,8,False,False
distilbert,16,6,59.40594059405941,57.70750988142292,2145210364,7.586879037420696e-05,2.5560858347454548e-05,0.1314855854208311,9,False,False
distilbert,16,7,60.99009900990099,58.10276679841897,536685175,8.031697323489546e-05,0.0956863837510303,0.1548361236006869,7,False,False
distilbert,16,8,60.99009900990099,57.11462450592885,1504613413,4.719017618458652e-05,0.0002005226661941,0.1621587355445279,4,False,False
distilbert,16,9,59.00990099009901,56.91699604743083,2067673996,8.180739860134534e-06,0.0004944603860385,0.0504282301439549,10,False,False
distilbert,16,10,57.227722772277225,52.96442687747036,1719533640,1.2927702036257686e-05,0.001234139411098,0.1333551956513383,4,False,False
distilbert,16,11,56.43564356435643,50.39525691699605,760637524,1.3060756034484204e-05,1.325761511699886e-05,0.0506305430633384,2,False,False
distilbert,16,12,59.40594059405941,56.91699604743083,837737723,1.4741530874066322e-05,0.0504847866868474,0.1005587097426076,9,False,False
distilbert,16,13,60.99009900990099,59.48616600790514,1237173478,7.395926698807751e-05,0.0871729548364515,0.140930399176821,5,False,False
distilbert,16,14,61.18811881188119,57.31225296442688,705523299,6.044191035972525e-05,0.0122917025704064,0.1614544281951636,10,False,False
distilbert,16,15,58.81188118811881,59.48616600790514,963722379,9.474346032728336e-05,0.0001293386753762,0.1808278166320674,4,False,False
distilbert,16,16,61.18811881188119,55.73122529644269,376112030,2.611281239156181e-05,0.0651446356299409,0.129803147077155,5,False,False
distilbert,16,17,59.6039603960396,55.33596837944664,837880836,2.0192695267488357e-05,0.0209163550275369,0.0789252725889822,3,False,False
distilbert,16,18,59.801980198019805,60.47430830039526,1024641571,2.130862002109552e-05,7.306484391027173e-05,0.1438844645462732,6,False,False
distilbert,16,19,61.38613861386138,59.68379446640317,1892136778,7.121986135957215e-05,7.593338563404586e-05,0.1372053238416849,6,False,False
distilbert,16,20,59.40594059405941,55.92885375494071,1102451731,1.2623705569947207e-05,0.0379636582429811,0.1575765922699241,6,False,False
distilbert,16,21,60.0,56.719367588932805,1486575234,6.466448837528803e-05,0.0121758279201531,0.0376672294529117,9,False,False
distilbert,16,22,59.20792079207921,58.49802371541502,562813289,3.52030468389098e-05,1.3385156132442985e-05,0.1830380564820165,7,False,False
distilbert,16,23,60.59405940594059,58.30039525691699,493966329,3.975579064679343e-05,7.686311943898035e-05,0.1029714971557129,2,False,False
distilbert,16,24,63.56435643564357,57.70750988142292,170541926,1.5992164044994465e-05,0.0258861873447605,0.0557943951997522,8,True,False
distilbert,16,25,56.63366336633664,47.62845849802372,2116911452,6.976162132238528e-06,4.2821859818045845e-05,0.0657766525957527,2,False,False
distilbert,16,26,55.445544554455445,51.97628458498024,434019164,6.64687125777332e-06,0.0068432881629191,0.1843413536454456,2,False,False
distilbert,16,27,61.58415841584159,56.719367588932805,423396499,3.737096978409121e-05,0.0044668080142011,0.138686216037541,10,False,False
distilbert,16,28,62.17821782178218,56.32411067193676,1289369990,2.6461163523376016e-05,0.0262071083909873,0.0042424360032708,4,False,False
distilbert,16,29,57.82178217821782,54.940711462450594,1040720343,1.699264329156702e-05,0.0158335247358434,0.0361715445027819,3,False,False
distilbert,17,0,62.12424849699399,57.11422845691383,928844213,1.6562007538949095e-05,0.0180545318604095,0.1203873978467197,4,False,False
distilbert,17,1,51.70340681362725,49.6993987975952,1131483065,5.222644841920256e-06,0.0478416497827262,0.0906107476177091,3,False,False
distilbert,17,2,59.71943887775551,57.71543086172345,1154847415,5.6526917020239983e-05,0.0016726886003077,0.1208772384522344,6,False,False
distilbert,17,3,56.51302605210421,53.1062124248497,455060373,1.1328425802844715e-05,0.0029951197977896,0.1337257059488463,4,False,False
distilbert,17,4,54.10821643286573,56.312625250501,1769731492,9.826909187638428e-06,0.005504943377558,0.1877710880097238,2,False,False
distilbert,17,5,60.120240480961925,54.70941883767535,557318297,1.1374742293554578e-05,0.0003321810581506,0.1667008868375667,5,False,False
distilbert,17,6,57.91583166332666,57.91583166332666,405291289,7.979678734194776e-05,0.0031626197630436,0.0173116993719036,2,False,False
distilbert,17,7,59.51903807615231,53.90781563126252,1493450302,6.6148340901224144e-06,0.0002126689959053,0.0290935906652119,7,False,False
distilbert,17,8,53.90781563126252,54.10821643286573,1143458756,5.632855497373282e-06,0.0242124495270416,0.1774451285500534,6,False,False
distilbert,17,9,62.92585170340681,57.51503006012024,98521323,4.895985678961485e-05,0.0130084542392747,0.0967429025712283,7,False,False
distilbert,17,10,57.51503006012024,55.11022044088176,616695867,3.721143468786807e-05,0.0004174180985341,0.0691428081223876,2,False,False
distilbert,17,11,54.30861723446894,54.30861723446894,1730877763,2.0370384171623197e-05,6.275713151525509e-05,0.0601229955351974,2,False,False
distilbert,17,12,60.921843687374746,54.10821643286573,156476734,3.374991204666475e-05,0.0012813418918576,0.0166009170314055,3,False,False
distilbert,17,13,61.523046092184366,55.31062124248497,1850151899,5.300972485744389e-05,9.609263249425988e-05,0.0311189274841837,3,False,False
distilbert,17,14,58.51703406813628,56.51302605210421,1311557252,7.431758868455057e-05,0.0003359290952253,0.1778613541085526,6,False,False
distilbert,17,15,60.32064128256513,55.31062124248497,2109179975,1.09549955935492e-05,0.0003519062615785,0.1449748618133874,7,False,False
distilbert,17,16,58.51703406813628,58.51703406813628,1694752691,5.13437955123318e-05,0.0005381814910009,0.0171603641079422,10,False,False
distilbert,17,17,58.31663326653307,60.32064128256513,1012691047,7.36470391737344e-05,0.0002061296465893,0.1218196242813344,6,False,True
distilbert,17,18,63.72745490981964,58.31663326653307,503193111,7.868340031462747e-05,0.0001060455803579,0.0306306918122025,10,True,False
distilbert,17,19,60.721442885771545,54.90981963927856,745327258,4.149553311099912e-05,0.0038984321583565,0.1712482782148153,3,False,False
distilbert,17,20,59.91983967935872,59.71943887775551,1087494623,4.782196292238004e-05,2.478684179458744e-05,0.0573102986966209,6,False,False
distilbert,17,21,56.51302605210421,53.90781563126252,347938516,7.339601305389873e-06,0.003244411308164,0.0514168425251492,8,False,False
distilbert,17,22,59.91983967935872,54.30861723446894,1740788178,1.627482784984884e-05,0.0041260768516698,0.0455974360215698,7,False,False
distilbert,17,23,62.92585170340681,55.11022044088176,992913704,2.2137324905325885e-05,0.0062856927052911,0.0231058608574126,9,False,False
distilbert,17,24,58.91783567134269,57.31462925851704,1321475436,9.40960357723685e-05,0.0010933901576391,0.1293476511297761,5,False,False
distilbert,17,25,62.725450901803605,56.91382765531062,1632606942,5.603914662546863e-05,0.0014364871957527,0.0433927917824828,7,False,False
distilbert,17,26,56.312625250501,54.30861723446894,1507005485,5.214631927804802e-06,0.0899969339750986,0.0173656449169997,6,False,False
distilbert,17,27,58.71743486973948,58.91783567134269,2130377180,3.280239269061982e-05,0.0002425184749896,0.1315339658577531,8,False,False
distilbert,17,28,59.51903807615231,56.1122244488978,1974816093,4.4155941837540914e-05,0.0001007938184704,0.125714512813641,2,False,False
distilbert,17,29,59.91983967935872,57.51503006012024,469686668,6.459150152758859e-05,0.0190522450310045,0.1394874704671347,6,False,False
distilbert,18,0,58.333333333333336,51.68316831683168,234041807,8.779742873334974e-06,0.0021230947608752,0.1410635103264447,2,False,False
distilbert,18,1,57.93650793650794,52.47524752475248,2068848446,8.13529737798098e-06,0.0001319284475648,0.0632493406230515,4,False,False
distilbert,18,2,61.90476190476191,55.64356435643565,31430301,1.6445501563816863e-05,5.272406308517328e-05,0.0968478542629546,7,False,False
distilbert,18,3,63.888888888888886,55.64356435643565,1762049367,2.139535066408605e-05,0.0008149323511587,0.1181231409793152,6,False,False
distilbert,18,4,59.92063492063492,55.04950495049505,2016522560,8.335074854715358e-05,0.0010482168399546,0.0984241903699653,4,False,False
distilbert,18,5,59.92063492063492,57.42574257425743,969586002,5.758509863531805e-05,7.50423225192526e-05,0.121140759949384,5,False,False
distilbert,18,6,60.31746031746032,55.64356435643565,13720938,1.7427992261595173e-05,0.0919105065663689,0.1385439491351706,6,False,False
distilbert,18,7,54.96031746031746,54.45544554455446,37779081,2.789342516394053e-05,2.055268636653885e-05,0.068574208730192,2,False,False
distilbert,18,8,61.11111111111112,57.62376237623762,900900649,7.54894206886831e-05,0.0002182391143145,0.1050636031345595,6,False,False
distilbert,18,9,60.11904761904762,57.62376237623762,132238007,3.0385428836038028e-05,0.0113544420225063,0.027758921433138,4,False,False
distilbert,18,10,56.94444444444444,53.86138613861386,1192091305,5.139226494311592e-05,0.0001541869690969,0.0459170059475038,3,False,False
distilbert,18,11,62.5,59.801980198019805,1055907936,3.335266700568968e-05,0.0032480413483773,0.0697342218751651,4,False,True
distilbert,18,12,59.523809523809526,58.01980198019802,508869160,3.0023188476482885e-05,1.3033336700782447e-05,0.0970285859575814,10,False,False
distilbert,18,13,61.11111111111112,55.445544554455445,1279622576,7.590025085901811e-06,0.0072451562457995,0.1820487979297128,7,False,False
distilbert,18,14,57.73809523809524,54.85148514851485,1108635305,9.910939599259553e-06,0.0904847957968817,0.1268480218263313,7,False,False
distilbert,18,15,62.1031746031746,55.445544554455445,1880972094,3.24552149418405e-05,0.0004322858653611,0.1169502409738492,6,False,False
distilbert,18,16,57.93650793650794,54.05940594059406,803713012,7.132581631991721e-06,0.0592523739947511,0.0045622244925805,7,False,False
distilbert,18,17,60.51587301587302,54.257425742574256,1382174489,1.3079413943910007e-05,3.999652691145742e-05,0.1397387613852014,8,False,False
distilbert,18,18,59.32539682539682,56.23762376237624,1702060362,6.625474547468779e-05,0.0890006556903143,0.1661459059078728,3,False,False
distilbert,18,19,59.72222222222222,54.257425742574256,1070945769,4.801743569432996e-05,0.0049552704502585,0.0451771431169092,3,False,False
distilbert,18,20,59.32539682539682,54.85148514851485,96814387,8.78962631561056e-06,0.07126594395829,0.1532718313538809,6,False,False
distilbert,18,21,65.47619047619048,57.42574257425743,1830326649,2.594632887115824e-05,0.0001607813166401,0.0358116450530178,6,True,False
distilbert,18,22,60.91269841269841,55.445544554455445,2016118650,3.324604322828597e-05,0.0014335985691692,0.1909241011207546,9,False,False
distilbert,18,23,60.71428571428572,56.63366336633664,563180782,1.950265898630213e-05,1.968439084674884e-05,0.1974509810199431,5,False,False
distilbert,18,24,61.507936507936506,57.227722772277225,1890592615,8.84548935550245e-05,0.0269769765174192,0.0898228824718258,5,False,False
distilbert,18,25,62.8968253968254,57.227722772277225,849569638,5.150298331216549e-05,1.065723251369247e-05,0.1439409952316683,9,False,False
distilbert,18,26,62.1031746031746,57.02970297029703,1807974792,6.962208120986356e-05,1.3650793025903652e-05,0.1827448954476937,7,False,False
distilbert,18,27,62.8968253968254,59.801980198019805,1506019062,5.59339494169203e-05,8.923467613687188e-05,0.1194819492512562,10,False,False
distilbert,18,28,58.333333333333336,56.43564356435643,330077263,6.252668530491356e-05,0.0002600629466541,0.0966361944745074,7,False,False
distilbert,18,29,57.93650793650794,52.07920792079208,751280285,1.4570034640726591e-05,0.000256313259488,0.1278300054331001,3,False,False
distilbert,19,0,61.1439842209073,60.946745562130175,157684664,2.206975293402907e-05,0.0178349494781356,0.1051482741126259,9,False,False
distilbert,19,1,58.57988165680474,59.76331360946745,1662736573,8.230415994885856e-06,0.0005956543672011,0.0863553831729086,8,False,False
distilbert,19,2,58.57988165680474,60.35502958579882,1020185418,1.2437930831293886e-05,0.0001321531792162,0.1467540069500751,9,False,False
distilbert,19,3,59.171597633136095,61.341222879684416,1173101480,2.3233547296866663e-05,2.003605203065023e-05,0.1777565423837264,4,False,True
distilbert,19,4,55.62130177514793,55.81854043392505,1790740046,3.736428388384422e-05,2.1952900238788587e-05,0.0012932020219427,2,False,False
distilbert,19,5,56.21301775147929,58.97435897435897,369501754,2.7529134892327736e-05,2.9712112738531597e-05,0.1889349893235785,8,False,False
distilbert,19,6,58.57988165680474,55.81854043392505,909001333,6.618186386975716e-05,3.9336039223819e-05,0.0671463928015154,2,False,False
distilbert,19,7,56.41025641025641,60.35502958579882,88866511,1.9323078481302472e-05,0.0077330043278466,0.0477555709080263,7,False,False
distilbert,19,8,52.26824457593688,54.4378698224852,762196128,6.113253127733544e-06,0.0016084637671033,0.1762371736795207,5,False,False
distilbert,19,9,56.60749506903353,57.396449704142015,1702323649,7.094175777375625e-06,0.0701482728919881,0.1082678147468526,8,False,False
distilbert,19,10,59.171597633136095,58.38264299802761,1432914395,1.3924324360886294e-05,0.0019823377503296,0.1565549202195628,8,False,False
distilbert,19,11,56.01577909270217,60.15779092702169,1980950681,2.603433339654051e-05,0.0065599293513876,0.1002635490679151,5,False,False
distilbert,19,12,60.15779092702169,59.96055226824458,1737359716,2.6553923569660512e-05,5.757099915152041e-05,0.0551337135902105,6,False,False
distilbert,19,13,61.73570019723866,60.946745562130175,1102674612,8.863723544773059e-05,0.0040662115208031,0.1071386942021108,4,True,False
distilbert,19,14,57.396449704142015,58.777120315581854,1075306304,1.3647407857592944e-05,1.1474575573183111e-05,0.0494586933220515,5,False,False
distilbert,19,15,58.777120315581854,60.35502958579882,1526025070,3.026692417706787e-05,0.0157114772882951,0.1821635772264946,9,False,False
distilbert,19,16,58.185404339250496,60.946745562130175,1947760350,2.4667874132727664e-05,1.4517795457973537e-05,0.0454547464389429,7,False,False
distilbert,19,17,59.76331360946745,58.185404339250496,1892393826,7.48640718470072e-05,0.0289618411019766,0.1308882913338873,10,False,False
distilbert,19,18,56.60749506903353,55.81854043392505,2107452130,7.570338417820026e-06,0.0006686168741147,0.0982360320610172,9,False,False
distilbert,19,19,50.88757396449704,54.832347140039445,635425599,9.119591244186172e-06,0.0004306757636556,0.1118419762198529,3,False,False
distilbert,19,20,59.171597633136095,59.96055226824458,655957691,2.2676879015406583e-05,0.0002808864537275,0.0057003710813985,9,False,False
distilbert,19,21,57.98816568047337,60.74950690335306,1109898164,6.485117869851636e-05,0.0030860628520437,0.1640963023179216,7,False,False
distilbert,19,22,58.185404339250496,55.42406311637081,1038307251,7.768171517440526e-05,0.0010342052806461,0.0406462696110367,9,False,False
distilbert,19,23,58.97435897435897,60.74950690335306,878145745,3.038085983424076e-05,0.0871674355466091,0.1978205461055779,7,False,False
distilbert,19,24,56.01577909270217,57.790927021696255,1647666210,1.1433791444372028e-05,8.666333277851651e-05,0.1369335998720693,7,False,False
distilbert,19,25,55.02958579881657,57.001972386587774,678416206,1.0034290350295524e-05,0.0136167442748578,0.1259106794610212,5,False,False
distilbert,19,26,52.46548323471401,55.226824457593686,1221879665,1.6352275270024255e-05,0.0007269127606966,0.0767610467022188,2,False,False
distilbert,19,27,50.69033530571992,53.64891518737672,2001751425,6.951922596256596e-06,0.0001189561370788,0.056122812164371,3,False,False
distilbert,19,28,53.451676528599606,54.63510848126233,382444682,1.1527001306294814e-05,0.0010592911300922,0.1642697955698927,5,False,False
distilbert,19,29,54.04339250493096,55.226824457593686,1376396092,8.258938608140175e-06,0.0017490568392234,0.1043560563756424,5,False,False
distilbert,20,0,57.4,53.2,431456993,2.0605632432356244e-05,3.481232820398534e-05,0.0563848792096713,3,False,False
distilbert,20,1,61.6,61.6,1923381343,5.30062716769072e-05,4.346057447156243e-05,0.061501794504417,3,True,True
distilbert,20,2,58.0,57.2,807960668,2.9836288821442986e-05,0.0002151783192444,0.0258612062931924,4,False,False
distilbert,20,3,57.4,54.4,1973983072,7.450552972346973e-06,0.0557981453205835,0.0261087224674488,7,False,False
distilbert,20,4,57.0,57.4,1604062437,8.214693834293365e-05,4.229701384332912e-05,0.1489900538402867,4,False,False
distilbert,20,5,59.2,56.4,1255683987,6.10542662440519e-05,0.0160431296015904,0.0694530207084169,7,False,False
distilbert,20,6,59.8,58.4,1221259154,2.593428297821355e-05,1.6627817276081766e-05,0.1497800564645494,4,False,False
distilbert,20,7,58.0,57.4,249981349,2.42291231821504e-05,0.0253976572943679,0.0143330925363026,4,False,False
distilbert,20,8,58.2,57.0,582149701,2.077552898002812e-05,0.0020294093390022,0.1183309688775552,3,False,False
distilbert,20,9,58.4,55.8,1036572216,3.65009104374573e-05,0.0002228868370716,0.0559498328994222,10,False,False
distilbert,20,10,61.0,61.6,971443404,1.8698884224378626e-05,0.0016215254691484,0.1749864709675794,7,False,False
distilbert,20,11,60.0,55.8,1293872475,7.176691180713274e-05,0.01944471287569,0.1351567820984283,6,False,False
distilbert,20,12,60.6,59.2,1027267979,3.2980069956564365e-05,0.0001362632057953,0.1383333284495512,7,False,False
distilbert,20,13,59.6,60.2,586428505,2.6547133236732755e-05,0.000557859901034,0.1399578355456369,10,False,False
distilbert,20,14,60.8,61.0,2022683953,2.018113682251292e-05,0.0600281426884211,0.0013065244035492,7,False,False
distilbert,20,15,57.2,56.6,2045314747,8.245323083400373e-06,9.398326707631782e-05,0.0800698915785197,8,False,False
distilbert,20,16,60.0,61.4,2108614851,4.7862718957928304e-05,0.0047528001210298,0.0559209903154202,6,False,False
distilbert,20,17,61.0,58.8,1737640422,1.644377170059475e-05,0.0096790674323879,0.0425260587484037,8,False,False
distilbert,20,18,57.8,54.8,1622023242,7.083094450806457e-06,0.082822954995899,0.0556576283294783,9,False,False
distilbert,20,19,56.4,56.6,1796094989,5.994563007704954e-06,0.088141370773015,0.1495005522972682,9,False,False
distilbert,20,20,59.0,58.2,1041057326,1.7374942838183276e-05,0.010271942893292,0.0168169741838769,9,False,False
distilbert,20,21,61.0,59.6,96408023,1.6645802399769205e-05,0.0001737403933727,0.173782825588667,7,False,False
distilbert,20,22,53.2,54.6,879433223,5.033991098147288e-06,1.377732242320383e-05,0.1615925328987801,8,False,False
distilbert,20,23,61.4,55.2,1907055022,4.972166566809855e-05,0.0572877475817069,0.099454107901946,4,False,False
distilbert,20,24,58.6,57.4,231102629,7.322758686901487e-05,0.000194576013421,0.1541260337357616,4,False,False
distilbert,20,25,55.0,55.8,683591010,9.69523898562073e-06,0.0071242311977127,0.0723340014768967,5,False,False
distilbert,20,26,58.8,58.2,484404416,2.107373247605544e-05,0.0349394628200065,0.0657138532491692,9,False,False
distilbert,20,27,54.8,57.2,916414896,5.060240972671439e-06,4.143094998448861e-05,0.1943384399570524,10,False,False
distilbert,20,28,60.0,57.0,145637886,8.50354972738969e-05,3.283877533242048e-05,0.0292887291051349,4,False,False
distilbert,20,29,59.2,58.0,1486947839,3.888236443409307e-05,0.0014473889188212,0.0493123601722494,9,False,False
distilbert,21,0,56.77290836653386,55.179282868525895,1739477178,7.436630919185191e-06,0.0432635173445028,0.1106367912627341,6,False,False
distilbert,21,1,54.9800796812749,56.77290836653386,372757175,1.854043628390476e-05,0.0068166670799731,0.0549904145279306,3,False,False
distilbert,21,2,57.96812749003984,55.97609561752988,674750768,7.063834847000533e-05,0.0001241043482652,0.0188755624404754,2,False,False
distilbert,21,3,55.97609561752988,57.96812749003984,824991185,4.460929948068768e-05,0.0104586243792949,0.1132769478057676,8,False,False
distilbert,21,4,59.56175298804781,61.354581673306775,1548734652,2.146872241852172e-05,0.0014645317778391,0.001707645690734,7,False,False
distilbert,21,5,60.1593625498008,66.93227091633466,2139725230,8.107178828248412e-05,0.080827891582098,0.0574171806791074,10,False,True
distilbert,21,6,58.96414342629482,58.764940239043824,1019832904,2.727169395108341e-05,0.0011100445796227,0.0854713227629132,4,False,False
distilbert,21,7,60.35856573705179,56.374501992031874,660423207,4.427665943722752e-05,1.672729487943237e-05,0.1616281166752333,10,False,False
distilbert,21,8,59.9601593625498,61.354581673306775,913696967,8.377020449665506e-05,8.80013652440785e-05,0.1487784658338072,5,False,False
distilbert,21,9,56.57370517928287,56.97211155378486,763406967,8.086235595447487e-06,0.0015382274531877,0.0386936677160498,7,False,False
distilbert,21,10,56.77290836653386,58.16733067729084,1846859043,5.324249638062652e-06,0.0758659033854236,0.1310368561391867,9,False,False
distilbert,21,11,59.9601593625498,61.75298804780876,125024915,1.0395919071563508e-05,0.0351553373186005,0.0503405523635855,7,False,False
distilbert,21,12,49.800796812749006,54.78087649402391,777060899,1.814502553861717e-05,1.7338532479416943e-05,0.0836038403227038,2,False,False
distilbert,21,13,60.95617529880478,61.75298804780876,332251302,2.078257295835276e-05,0.0055207453552291,0.098796839781016,10,False,False
distilbert,21,14,58.764940239043824,61.55378486055777,1858575482,6.990176174444296e-06,0.0050237939073559,0.1457626228752103,9,False,False
distilbert,21,15,53.386454183266935,56.374501992031874,1181755056,5.711983142399824e-06,1.2792745214149157e-05,0.0914515648591366,6,False,False
distilbert,21,16,54.18326693227092,52.19123505976096,1133206247,8.961705011244618e-06,0.0003978682158971,0.0688365281694242,2,False,False
distilbert,21,17,55.97609561752988,55.37848605577689,279871320,7.829792944884815e-06,2.489728070075752e-05,0.022749375244877,5,False,False
distilbert,21,18,55.97609561752988,58.36653386454184,2126534937,9.286869878200378e-06,0.0333008657583242,0.1307331503642086,7,False,False
distilbert,21,19,53.18725099601593,54.38247011952191,388711374,5.849267333060028e-06,0.0012956275437334,0.1306267284496563,3,False,False
distilbert,21,20,60.55776892430279,57.37051792828685,423750999,4.26046836115093e-05,0.0030790322937778,0.1204840784801803,7,False,False
distilbert,21,21,54.581673306772906,56.17529880478088,178177686,6.299655642993015e-06,0.0005932129989969,0.1759142655405915,3,False,False
distilbert,21,22,61.354581673306775,58.764940239043824,415572443,3.533981498932988e-05,1.0737513630751016e-05,0.129067332272603,3,True,False
distilbert,21,23,55.57768924302789,57.76892430278885,83268474,1.0240527787047224e-05,0.029812499784993,0.106463751958783,3,False,False
distilbert,21,24,57.96812749003984,60.55776892430279,484914088,6.0772200973728186e-05,5.14539602615091e-05,0.0417971178067757,3,False,False
distilbert,21,25,56.57370517928287,60.55776892430279,1380180931,2.009897677202425e-05,2.195071336479143e-05,0.0483240005449623,5,False,False
distilbert,21,26,53.18725099601593,52.98804780876494,411988334,8.192939402880724e-06,0.0006608824005675,0.1769715817075366,2,False,False
distilbert,21,27,58.36653386454184,64.7410358565737,890563915,8.25054381910129e-05,0.0005064212183179,0.1797812741704899,2,False,False
distilbert,21,28,55.97609561752988,55.97609561752988,952294300,1.2923360838284963e-05,1.746296753309981e-05,0.0300215160181448,3,False,False
distilbert,21,29,59.36254980079681,60.55776892430279,266223824,2.4492361466375283e-05,0.0002271224731008,0.1669560711464084,7,False,False
distilbert,22,0,59.49612403100775,53.87596899224806,859866065,1.296979676969061e-05,5.034125997225944e-05,0.0460236385279854,7,False,False
distilbert,22,1,59.30232558139535,61.04651162790697,1287864203,1.734711428145394e-05,0.0046983015705887,0.0228595680390685,8,False,False
distilbert,22,2,62.4031007751938,62.2093023255814,491708513,4.200803018374909e-05,0.0639152793071537,0.1749040547610545,5,True,True
distilbert,22,3,60.27131782945737,58.91472868217054,390323562,2.166538330770429e-05,2.88281417599684e-05,0.0664061779941758,3,False,False
distilbert,22,4,58.72093023255814,59.30232558139535,1975646015,2.233402897044296e-05,2.992296997154878e-05,0.1188944640620796,3,False,False
distilbert,22,5,50.0,53.48837209302326,1294962635,2.469311664285752e-05,1.3906278688915316e-05,0.088745879141645,2,False,False
distilbert,22,6,61.627906976744185,56.78294573643411,824908426,2.1513214687305265e-05,0.0122291500466333,0.1513465895978686,4,False,False
distilbert,22,7,59.49612403100775,56.007751937984494,796832957,6.382948821637459e-06,1.612041737837884e-05,0.1668597713817917,9,False,False
distilbert,22,8,60.65891472868217,58.333333333333336,120148520,2.8068295349629237e-05,0.0101995373473023,0.0141330073097709,7,False,False
distilbert,22,9,58.13953488372093,57.36434108527132,2042724995,1.3841306572404204e-05,0.0020407852240793,0.0481992282094455,5,False,False
distilbert,22,10,56.007751937984494,54.84496124031008,974646461,5.450686227473494e-06,0.0026411718141026,0.1328383755286838,10,False,False
distilbert,22,11,60.27131782945737,59.49612403100775,839597671,1.5023168161055024e-05,8.986885437195101e-05,0.1551350569976756,10,False,False
distilbert,22,12,55.62015503875969,56.395348837209305,433637156,3.018182296617419e-05,0.027211305808036,0.061940096768164,3,False,False
distilbert,22,13,57.36434108527132,57.945736434108525,894196098,9.905089728515095e-06,0.0001482160207211,0.1452746440470242,8,False,False
distilbert,22,14,59.88372093023256,57.36434108527132,812777721,2.03560130933222e-05,0.0539436221988399,0.0390812856324932,5,False,False
distilbert,22,15,59.68992248062016,58.52713178294574,2105679520,1.673759722794327e-05,0.0001294049128325,0.150817606109522,10,False,False
distilbert,22,16,57.945736434108525,57.75193798449613,274847532,1.2017182541675684e-05,0.0368533392992606,0.0936806994955121,8,False,False
distilbert,22,17,56.007751937984494,53.48837209302326,557731705,4.880127286149015e-05,0.0017477660325937,0.0825286545008817,2,False,False
distilbert,22,18,61.627906976744185,57.945736434108525,170899146,1.2760057946372023e-05,0.0137549677401539,0.1138675695118694,8,False,False
distilbert,22,19,59.88372093023256,61.627906976744185,1381613307,5.237126412391608e-05,0.0001463172285468,0.0440731000632683,6,False,False
distilbert,22,20,53.29457364341085,52.325581395348834,853988809,1.9306039679897356e-05,0.0951254128494244,0.0113502594117915,2,False,False
distilbert,22,21,58.333333333333336,55.23255813953488,1098215897,1.2124789941217617e-05,5.204547009669068e-05,0.055008973617422,7,False,False
distilbert,22,22,57.55813953488372,57.75193798449613,1866935689,4.0880632377956384e-05,0.0057070562780658,0.1382553210747586,7,False,False
distilbert,22,23,56.97674418604651,58.52713178294574,1074006444,2.389518205240176e-05,0.0012013883690682,0.1206065852230346,6,False,False
distilbert,22,24,59.88372093023256,59.10852713178294,1650648893,1.2525045104236036e-05,0.0002573132797138,0.0405301247709357,6,False,False
distilbert,22,25,58.333333333333336,58.333333333333336,643674893,5.648229328210207e-05,0.0007267409332692,0.1112779019755256,7,False,False
distilbert,22,26,58.91472868217054,58.72093023255814,48382894,9.059785070736207e-06,0.0065744148575637,0.1857628204276669,6,False,False
distilbert,22,27,57.945736434108525,56.97674418604651,618077050,8.645787592482291e-06,0.0381836371759512,0.1897905936831717,8,False,False
distilbert,22,28,57.55813953488372,55.42635658914729,1790733014,1.3613390432954813e-05,0.0055937888197899,0.1059469730245417,5,False,False
distilbert,22,29,59.68992248062016,57.55813953488372,477846290,2.5233514066894183e-05,0.0005544584093471,0.0995640976449571,6,False,False
distilbert,23,0,58.267716535433074,55.11811023622048,1999266291,4.734556444616189e-05,0.0004802035952638,0.0594554252309127,5,False,False
distilbert,23,1,52.95275590551181,53.1496062992126,1403549168,6.144977154241273e-06,8.330253390104257e-05,0.1492672943980401,4,False,False
distilbert,23,2,57.48031496062992,56.10236220472441,158384427,6.616886398581258e-05,0.000353711661929,0.0927250104746965,8,False,False
distilbert,23,3,56.2992125984252,56.2992125984252,1447565007,6.138496914769082e-05,0.000927261521626,0.1611115354602781,9,False,False
distilbert,23,4,52.75590551181102,54.330708661417326,1829744633,3.772708518040182e-05,0.0206893689323978,0.0705269366438992,2,False,False
distilbert,23,5,58.66141732283464,56.49606299212599,1613168635,7.258330101128081e-05,4.185801136506977e-05,0.1290364294154048,4,False,False
distilbert,23,6,59.25196850393701,58.85826771653543,1648794892,2.807364013938316e-05,0.0014825529705312,0.1347157102717215,10,False,False
distilbert,23,7,58.66141732283464,58.267716535433074,745252428,2.5945051252475703e-05,0.0001857023055093,0.0266704188200711,9,False,False
distilbert,23,8,51.77165354330709,51.968503937007874,1841458348,1.3215076479623834e-05,4.587727517591417e-05,0.0664854282831882,2,False,False
distilbert,23,9,57.48031496062992,58.66141732283464,637905418,6.32820782750772e-05,4.623728008643154e-05,0.0722562443976172,3,False,False
distilbert,23,10,60.62992125984252,60.23622047244095,2070001523,2.7516733841462564e-05,0.0543502937869468,0.0490097791913589,9,False,False
distilbert,23,11,53.93700787401575,57.28346456692913,1590261812,2.1232115496698732e-05,0.0509686261486189,0.1181031327612883,3,False,False
distilbert,23,12,54.52755905511811,53.93700787401575,1168697434,1.2350948352326138e-05,8.723089636140808e-05,0.1401283656795127,7,False,False
distilbert,23,13,55.31496062992126,54.52755905511811,1216391921,6.36408270615978e-05,0.001099412410021,0.1171512776805616,7,False,False
distilbert,23,14,51.77165354330709,56.49606299212599,58555150,2.245347837769141e-05,0.0502685840217225,0.0556864334715947,3,False,False
distilbert,23,15,52.95275590551181,54.52755905511811,1766096705,5.46165138228639e-06,0.0353749994136156,0.0916145531077875,5,False,False
distilbert,23,16,61.023622047244096,61.81102362204725,715126562,5.465265807432147e-05,1.6728131366225416e-05,0.0631707332299279,8,True,True
distilbert,23,17,56.10236220472441,57.48031496062992,2142117521,7.584769585723423e-05,0.0004664352958135,0.0195918040809487,10,False,False
distilbert,23,18,52.55905511811024,51.37795275590551,521025156,6.514463485563658e-05,0.0746314989428057,0.0026507527559732,3,False,False
distilbert,23,19,58.07086614173228,57.28346456692913,1223526477,1.834378227206217e-05,0.0001358216173289,0.1518584284522114,10,False,False
distilbert,23,20,56.88976377952756,51.968503937007874,679323518,7.786287398436377e-06,0.0008776566818571,0.1619260778100635,10,False,False
distilbert,23,21,57.48031496062992,56.10236220472441,1292482597,1.750988543860816e-05,5.119404840705954e-05,0.0146937641470382,4,False,False
distilbert,23,22,52.36220472440945,57.28346456692913,1447966269,8.682597196143505e-06,0.0035208636702302,0.0060255984152416,9,False,False
distilbert,23,23,51.77165354330709,56.10236220472441,1260730063,5.517705905002347e-05,0.0820156564424351,0.0665955445020315,2,False,False
distilbert,23,24,56.49606299212599,58.267716535433074,732607696,7.83982864857609e-06,0.0189192346838262,0.0303426712512879,10,False,False
distilbert,23,25,56.10236220472441,57.48031496062992,1458178306,6.114394087707221e-05,0.0483103907944908,0.1831256059658055,8,False,False
distilbert,23,26,51.181102362204726,55.70866141732284,55212909,1.1099735977853871e-05,0.0002991610621215,0.0955091460853534,2,False,False
distilbert,23,27,54.13385826771653,58.07086614173228,469745253,5.669842551669447e-06,0.046026928403882,0.1521918333273897,10,False,False
distilbert,23,28,52.16535433070866,51.37795275590551,157917353,5.804031511446792e-06,0.0012435304872567,0.0873205193549465,4,False,False
distilbert,23,29,56.2992125984252,53.54330708661417,286587243,8.943611414493901e-06,0.0194522507854796,0.1242130824901084,8,False,False
distilbert,24,0,55.172413793103445,58.42911877394636,79995409,6.755282300953347e-05,0.0345136069306399,0.1625497634515028,5,False,False
distilbert,24,1,56.13026819923372,53.25670498084291,263058427,2.1362011557449e-05,0.0007265420289875,0.0900072835182073,2,False,False
distilbert,24,2,59.770114942528735,60.15325670498084,1402460322,2.670068762421307e-05,1.505159566043599e-05,0.0629527984372906,7,False,False
distilbert,24,3,55.55555555555556,57.27969348659004,496112161,2.628360455516688e-05,0.000189626922084,0.1771572005247657,3,False,False
distilbert,24,4,54.78927203065134,54.59770114942529,171694916,1.0708597288705896e-05,0.021507919746227,0.0616096127085435,3,False,False
distilbert,24,5,54.9808429118774,60.3448275862069,1351603554,6.053792399542992e-05,9.087954108004489e-05,0.018092143525529,7,False,False
distilbert,24,6,57.08812260536399,58.04597701149425,1809339963,7.371951057425327e-06,0.0316420938547127,0.042647451204431,7,False,False
distilbert,24,7,52.10727969348659,56.13026819923372,2145900957,7.276017300596632e-06,0.0014691366076917,0.1498427319001802,3,False,False
distilbert,24,8,55.172413793103445,56.13026819923372,1717968265,5.999595189517837e-06,0.0003984023752426,0.0255653835830411,6,False,False
distilbert,24,9,58.42911877394636,55.55555555555556,852418331,1.909789448112492e-05,0.0439344582679326,0.0924544847005837,3,False,False
distilbert,24,10,57.08812260536399,57.66283524904215,1353101574,3.353686413735048e-05,1.1644232154662689e-05,0.1636266677714566,7,False,False
distilbert,24,11,57.08812260536399,58.42911877394636,346127253,3.363246108346849e-05,1.1418431615088091e-05,0.1626703215934146,3,False,False
distilbert,24,12,54.78927203065134,61.49425287356322,1821252264,8.241977010616188e-05,0.0037466815587767,0.0522334765630072,7,False,False
distilbert,24,13,53.44827586206897,60.727969348659,1775500177,6.366660434650562e-05,0.0561830591610798,0.0791479826486176,6,False,False
distilbert,24,14,56.32183908045977,54.78927203065134,703075474,6.612638735268672e-06,0.0003067375385789,0.0726250460124375,6,False,False
distilbert,24,15,58.62068965517241,59.195402298850574,1974531450,2.442937881067994e-05,0.0105040191522592,0.0867193137859988,7,False,False
distilbert,24,16,57.47126436781609,61.11111111111112,619356912,2.2984166860514703e-05,0.0004162802049376,0.098077782572986,10,False,False
distilbert,24,17,57.08812260536399,59.38697318007663,363416078,5.092759510024136e-05,0.0013248035652306,0.1995555385480288,3,False,False
distilbert,24,18,57.8544061302682,58.62068965517241,1373483945,4.593153644154625e-05,0.0151633772960038,0.1863889771377322,5,False,False
distilbert,24,19,57.8544061302682,60.3448275862069,1829961677,9.6897604201742e-06,0.0939345375499877,0.057904130239628,10,False,False
distilbert,24,20,54.59770114942529,56.70498084291188,723639885,1.8770004222825223e-05,0.002436902004623,0.0252352178376922,3,False,False
distilbert,24,21,51.72413793103448,56.89655172413793,1267314483,1.556663722776511e-05,0.0002169344662951,0.011789086064051,2,False,False
distilbert,24,22,56.70498084291188,59.38697318007663,1758129416,1.3085696268703936e-05,0.0006713420158336,0.1390587183721942,5,False,False
distilbert,24,23,58.62068965517241,59.38697318007663,1689851681,1.6126285895674577e-05,5.101550396985489e-05,0.0285461897421457,4,False,False
distilbert,24,24,60.15325670498084,62.26053639846743,1467704699,1.8836983339162305e-05,0.0014210631396397,0.0852781081368796,7,True,True
distilbert,24,25,57.66283524904215,60.727969348659,923207542,8.498760383644804e-05,0.0015304802525027,0.013225391325926,6,False,False
distilbert,24,26,57.27969348659004,61.30268199233716,12309178,3.5780835900743934e-05,0.0037801571472889,0.1361360493515938,4,False,False
distilbert,24,27,59.00383141762452,61.11111111111112,1040629889,7.935819894034706e-05,0.0001703913595567,0.0236788716657817,2,False,False
distilbert,24,28,57.47126436781609,57.8544061302682,1387742791,3.33961064073846e-05,0.0447898260558385,0.1107685210460832,10,False,False
distilbert,24,29,58.23754789272031,57.47126436781609,1686043386,7.852245930117691e-06,0.0218293930877309,0.086172892859096,9,False,False
distilbert,25,0,61.2,54.4,1836670636,1.4171836884801134e-05,0.0016690726828713,0.0427732885376085,8,False,False
distilbert,25,1,55.6,51.6,975995094,5.383084452122978e-06,2.824520305979831e-05,0.1193235772365206,8,False,False
distilbert,25,2,60.4,56.6,1274860158,2.3150140938174255e-05,0.0001008450798504,0.1107332177131303,4,False,False
distilbert,25,3,60.8,51.6,669805523,9.778005017720128e-05,0.0021268449785134,0.0927218633797674,5,False,False
distilbert,25,4,57.4,54.6,1341729537,1.2105488773100496e-05,2.777881319340439e-05,0.1762635760700173,6,False,False
distilbert,25,5,62.4,59.2,1981952357,3.685938811122875e-05,9.761044052569364e-05,0.1542238643454244,8,False,False
distilbert,25,6,62.4,55.4,1609813311,8.230884834885168e-05,0.0001724300386279,0.0997411709584747,10,False,False
distilbert,25,7,58.0,57.6,1355760298,3.355591263381185e-05,0.0003304201567367,0.1076084146986112,3,False,False
distilbert,25,8,59.6,57.8,1466045723,2.237999620809098e-05,0.0031602602077334,0.0358211266615082,4,False,False
distilbert,25,9,54.6,54.4,657645713,5.368740077168344e-06,0.0173750218531893,0.1136552159429847,9,False,False
distilbert,25,10,62.8,58.4,269259476,6.065896455805877e-05,1.2826377525523908e-05,0.1776436789852253,9,False,False
distilbert,25,11,55.2,51.8,681792029,7.263254323652922e-05,0.0109796663869227,0.0485406506419485,2,False,False
distilbert,25,12,60.8,57.2,85155993,4.552770258854686e-05,4.0956368180541385e-05,0.1856119016608416,3,False,False
distilbert,25,13,54.6,49.6,178170913,1.801768978066124e-05,0.0024673750243083,0.0924854545827436,2,False,False
distilbert,25,14,54.8,51.4,575493201,1.4046629041308702e-05,0.0018319913025295,0.0408729653612342,3,False,False
distilbert,25,15,59.4,57.4,1144743682,1.826008016952779e-05,0.0005598380288238,0.0501011939400127,7,False,False
distilbert,25,16,52.2,50.2,1077081239,1.1433775086713425e-05,0.0001062361909178,0.0603239312916348,2,False,False
distilbert,25,17,54.8,52.6,769507471,8.41790789662284e-06,0.0010084612899888,0.0356381235836043,3,False,False
distilbert,25,18,58.8,59.4,1719688677,2.3168316556817352e-05,1.4820568601262842e-05,0.1445791747669454,4,False,False
distilbert,25,19,56.6,53.8,1454429340,6.340215831410404e-06,0.003759724442367,0.1939328942562988,8,False,False
distilbert,25,20,59.4,61.6,1292533786,6.446519851236814e-05,0.0020652856474274,0.0607773857081747,3,False,True
distilbert,25,21,53.4,50.0,269549878,9.434340295454452e-06,0.0005107199910095,0.0992151509847206,3,False,False
distilbert,25,22,58.6,57.0,522031233,4.059850556301315e-05,0.0002859376960792,0.1582313461539391,4,False,False
distilbert,25,23,59.0,55.6,1606582,3.1009643082556154e-05,2.060988487777262e-05,0.0751481010324098,5,False,False
distilbert,25,24,61.6,54.0,386587831,3.0083535839379778e-05,0.0377147160425556,0.0860125743479942,8,False,False
distilbert,25,25,62.0,58.2,2075616265,4.010950844013242e-05,0.0206189358038042,0.0767309517031782,8,False,False
distilbert,25,26,58.4,56.8,354634489,7.924960719119518e-05,0.0004148514543862,0.1847543695434124,2,False,False
distilbert,25,27,63.2,56.4,39343141,2.295807105454454e-05,0.0002250920289046,0.0647361534082916,10,True,False
distilbert,25,28,59.4,56.4,1280255712,1.9599580480603685e-05,3.060705651848712e-05,0.143656301671055,10,False,False
distilbert,25,29,58.4,57.0,1521899980,4.6674671806140056e-05,7.178665763530874e-05,0.0029172491735353,4,False,False
distilbert,26,0,57.03125,56.4453125,789428346,1.7925042623665938e-05,0.0038644460717911,0.1352945670376253,8,False,False
distilbert,26,1,56.25,59.1796875,309871033,1.819780510282565e-05,0.0453458443827424,0.0004211714761083,6,False,False
distilbert,26,2,50.9765625,57.2265625,349286880,9.159968364688265e-06,0.0015808859820301,0.0561974927908202,3,False,False
distilbert,26,3,54.6875,57.6171875,886841199,4.662081522404592e-05,0.0210256430785024,0.0032802098433103,8,False,False
distilbert,26,4,55.078125,56.25,1210663404,4.3175705000340346e-05,5.227697851036167e-05,0.1341480423249532,4,False,False
distilbert,26,5,56.25,56.0546875,892516438,1.2716460647641456e-05,0.0242222879687805,0.1692707682544882,9,False,False
distilbert,26,6,58.203125,58.0078125,2069549143,8.106792218101147e-05,0.000321692863587,0.0197910047884055,5,False,False
distilbert,26,7,58.984375,57.03125,1000505939,2.797076024812364e-05,0.0217599997651984,0.1305906751780189,7,True,False
distilbert,26,8,55.859375,54.8828125,1165573241,1.3106912759246011e-05,0.0007875043719202,0.0468926234838816,6,False,False
distilbert,26,9,58.0078125,58.0078125,2062879035,7.988500183920461e-05,0.0104736970562062,0.0519411765211643,10,False,False
distilbert,26,10,56.4453125,60.3515625,34324038,5.209492515553352e-05,1.4346962271172778e-05,0.0478677343093441,4,False,False
distilbert,26,11,54.1015625,53.90625,1167975422,5.682982502951861e-06,0.0009652247126947,0.0210248315737184,5,False,False
distilbert,26,12,57.8125,56.8359375,1686677614,3.586629377899525e-05,0.0013870683702682,0.0428869080754335,5,False,False
distilbert,26,13,51.7578125,57.421875,2076119925,1.1469690432062862e-05,0.0007296038420491,0.0840080862908681,3,False,False
distilbert,26,14,52.734375,56.640625,208320465,8.054317646176482e-06,0.0003107658584495,0.0322510425051208,5,False,False
distilbert,26,15,55.859375,57.6171875,2083634293,8.2502068882871e-06,1.205595678394604e-05,0.0145882371651695,7,False,False
distilbert,26,16,55.2734375,56.8359375,721127435,9.990570444002758e-06,7.301802251845302e-05,0.0462696177963395,6,False,False
distilbert,26,17,57.6171875,57.421875,963158016,6.665885818205694e-05,0.064806810513364,0.1653793436754832,3,False,False
distilbert,26,18,57.6171875,62.109375,1987788286,9.487628869017672e-05,0.0237580010825367,0.0918825257041539,6,False,True
distilbert,26,19,55.859375,57.6171875,559834922,1.0026790045183903e-05,0.0001892825028658,0.1069808868773284,8,False,False
distilbert,26,20,54.6875,55.6640625,1730258926,1.949319643627365e-05,0.0006497738071811,0.1174626449703461,3,False,False
distilbert,26,21,48.046875,51.953125,133301530,5.54600346046201e-06,6.260679928246129e-05,0.1539991460296488,2,False,False
distilbert,26,22,58.0078125,59.375,405171559,6.249441244935099e-05,0.0388472592045088,0.1582156703096965,9,False,False
distilbert,26,23,53.515625,54.6875,901744078,1.0213719431332752e-05,1.6890349351490268e-05,0.0766389383500378,4,False,False
distilbert,26,24,54.6875,53.7109375,1091704911,1.3866293254098695e-05,9.982078987801986e-05,0.1401002028056485,3,False,False
distilbert,26,25,54.4921875,54.6875,1240548472,7.366671740103264e-06,2.4146029609095465e-05,0.1366910598475035,10,False,False
distilbert,26,26,57.2265625,57.2265625,1442220736,6.104663163153578e-05,0.0005237904939585,0.1681716218025271,6,False,False
distilbert,26,27,56.4453125,57.8125,1291736129,5.00724309361715e-05,1.1104523741667828e-05,0.1829613850305064,10,False,False
distilbert,26,28,50.5859375,53.7109375,1328649191,9.99328377623343e-06,0.0002367388983622,0.1784484520357023,3,False,False
distilbert,26,29,52.34375,52.9296875,265143693,5.031836260964959e-06,0.0044605737143284,0.1706845624775559,2,False,False
distilbert,27,0,52.66272189349112,53.54330708661417,1386852727,6.623079341381584e-06,0.0272811623287817,0.1745801056829487,2,False,False
distilbert,27,1,53.84615384615385,54.330708661417326,637400360,3.259049009982249e-05,0.0009360104229513,0.110034341576684,2,False,False
distilbert,27,2,59.171597633136095,59.05511811023622,1526020365,6.16152310898154e-05,0.0003153679181254,0.1931386718879208,8,False,False
distilbert,27,3,57.98816568047337,56.69291338582677,1778991268,1.6892367814446683e-05,0.004339387818817,0.1367819357586136,5,False,False
distilbert,27,4,56.80473372781065,58.267716535433074,858699710,1.1741045810183383e-05,0.0264379231307177,0.1583897423532425,4,False,False
distilbert,27,5,58.777120315581854,58.267716535433074,1943006311,2.81427239894369e-05,0.021948783800676,0.0670912758644365,5,False,False
distilbert,27,6,56.80473372781065,58.85826771653543,386380326,3.043607226044989e-05,0.0018308095244582,0.0547499854129984,2,False,False
distilbert,27,7,56.80473372781065,57.08661417322835,1949680384,2.1739208617265325e-05,0.0594238613186653,0.0479286415551482,5,False,False
distilbert,27,8,56.21301775147929,57.28346456692913,668507241,6.164025922571351e-05,2.620413246877314e-05,0.1116281612144615,2,False,False
distilbert,27,9,58.777120315581854,56.88976377952756,791381776,2.99817370367115e-05,0.0122287789785056,0.0763199383717565,4,False,False
distilbert,27,10,57.19921104536489,56.88976377952756,1897579842,1.8200416749850407e-05,0.0013978211630665,0.1733424117625672,4,False,False
distilbert,27,11,57.59368836291913,55.70866141732284,1034124946,7.222663824925562e-06,7.298481461109871e-05,0.1654041893765329,8,False,False
distilbert,27,12,56.60749506903353,59.05511811023622,743338571,6.537015856758012e-05,0.0592474130424084,0.0177131503458911,8,False,False
distilbert,27,13,54.04339250493096,55.511811023622045,845929726,5.4439229604059625e-06,0.0101072643095907,0.1428627922254771,5,False,False
distilbert,27,14,59.76331360946745,62.20472440944882,2011407392,5.124803320604452e-05,0.0003865727964673,0.1212852058575846,10,False,True
distilbert,27,15,58.97435897435897,56.2992125984252,1676311112,2.1121412091760956e-05,0.0067859930362119,0.0180562979208597,4,False,False
distilbert,27,16,58.185404339250496,57.08661417322835,1357164285,4.9900110705365393e-05,0.0050227643906227,0.0656314447389742,8,False,False
distilbert,27,17,57.19921104536489,56.49606299212599,96146708,1.0737968590208989e-05,0.0003747041492379,0.1133914463320191,9,False,False
distilbert,27,18,52.66272189349112,57.67716535433071,1154129653,8.67331106072672e-06,1.269215407625577e-05,0.0961020195881289,2,False,False
distilbert,27,19,59.566074950690336,60.62992125984252,533377067,2.129216822919096e-05,0.0002107628926339,0.0438000832977114,6,False,False
distilbert,27,20,52.85996055226825,57.67716535433071,72131764,1.4021567445739858e-05,0.0455379053231447,0.1347523268856952,3,False,False
distilbert,27,21,53.25443786982248,56.49606299212599,1702415249,6.287507836672123e-06,8.655089294004136e-05,0.0320454289605737,4,False,False
distilbert,27,22,61.53846153846154,56.10236220472441,381114523,4.2263394273910414e-05,0.0001238798623617,0.0574654738293541,7,True,False
distilbert,27,23,58.57988165680474,58.46456692913386,1098213545,1.2311918539474628e-05,0.0002401125599485,0.0736551096130037,8,False,False
distilbert,27,24,57.98816568047337,58.07086614173228,791081455,1.4035985387388136e-05,7.287092003532491e-05,0.1794228914433551,6,False,False
distilbert,27,25,54.04339250493096,57.28346456692913,529811978,5.322586389493914e-06,0.0055810807558254,0.1211472924803418,3,False,False
distilbert,27,26,51.676528599605525,51.968503937007874,968840414,7.158599056258824e-06,0.002698341834014,0.1527789366340552,2,False,False
distilbert,27,27,58.57988165680474,57.28346456692913,247831471,2.558282040252884e-05,0.0003934659066042,0.1107703214013345,4,False,False
distilbert,27,28,57.98816568047337,57.48031496062992,495634520,1.1538302425032185e-05,0.0169568844907677,0.0829015572371824,8,False,False
distilbert,27,29,53.84615384615385,54.92125984251968,570040599,8.920268435152271e-06,0.0153064712085378,0.1723418567256064,6,False,False
distilbert,28,0,55.75396825396825,54.45544554455446,1221676589,8.031342237060768e-06,3.061307166558093e-05,0.0382305174277578,9,False,False
distilbert,28,1,60.91269841269841,55.445544554455445,478097658,3.960193759988319e-05,0.0138693795742039,0.1700165793356955,8,True,False
distilbert,28,2,56.15079365079365,56.63366336633664,521137711,9.049352550652062e-06,2.0796452218888755e-05,0.0468828169997943,8,False,False
distilbert,28,3,58.53174603174603,58.21782178217822,658900364,6.43159639697115e-05,1.1405823656738166e-05,0.1874322309953363,5,False,False
distilbert,28,4,55.15873015873016,58.613861386138616,888690673,1.1452075486674804e-05,0.0003522368794728,0.0013625690987215,7,False,False
distilbert,28,5,54.16666666666666,47.722772277227726,455465885,7.015951158554728e-06,0.0526719082502943,0.0726282192172054,3,False,False
distilbert,28,6,55.35714285714285,56.03960396039604,1565979319,4.02474826451402e-05,0.0149332495593663,0.0343507298485837,6,False,False
distilbert,28,7,53.96825396825397,58.81188118811881,707213330,2.1216166502647588e-05,0.0769823142362721,0.0755892554186918,5,False,False
distilbert,28,8,56.54761904761905,56.83168316831683,1696928305,4.194534077116248e-05,0.0011949250376125,0.0183587695406557,9,False,False
distilbert,28,9,53.76984126984127,57.82178217821782,1516725040,5.183267068265558e-05,0.0038958667180033,0.130112426218076,2,False,False
distilbert,28,10,57.142857142857146,53.66336633663367,196534511,1.8142811319638547e-05,1.3231269837955512e-05,0.0339778819209795,3,False,False
distilbert,28,11,56.15079365079365,53.06930693069307,1241005961,2.265525804206856e-05,0.0001108068502184,0.0528151971986429,5,False,False
distilbert,28,12,58.92857142857143,55.04950495049505,1066490061,5.934516886389028e-05,0.0002707341238846,0.1654728400174154,7,False,False
distilbert,28,13,57.53968253968254,58.415841584158414,1962089695,3.6091375986831205e-05,0.0001668489334216,0.1635638851557291,5,False,False
distilbert,28,14,58.13492063492063,59.00990099009901,364552104,1.648250076775372e-05,0.001218898745611,0.1258491555838924,10,False,False
distilbert,28,15,53.96825396825397,49.306930693069305,1610476966,5.777127888493784e-06,0.0006477039341145,0.0707956018850794,5,False,False
distilbert,28,16,59.32539682539682,56.83168316831683,1812879839,5.04032223149618e-05,0.000295702050669,0.043088186062275,8,False,False
distilbert,28,17,58.13492063492063,57.62376237623762,440795453,7.217272835484154e-05,0.0934507130623278,0.1060044795778821,8,False,False
distilbert,28,18,55.95238095238095,58.01980198019802,1281525604,3.024813173408299e-05,0.0004484226422618,0.1237759594464319,3,False,False
distilbert,28,19,52.57936507936508,51.48514851485149,1254646477,1.7833584780462616e-05,1.7843557675444284e-05,0.1303444393023196,2,False,False
distilbert,28,20,55.75396825396825,58.613861386138616,1735198002,2.001434422492856e-05,0.0005738738949419,0.0117874755076767,5,False,False
distilbert,28,21,59.12698412698413,60.1980198019802,248706899,1.3384800412457069e-05,0.0001573819423825,0.1744890765336523,8,False,False
distilbert,28,22,56.15079365079365,56.03960396039604,969244368,6.690602105458596e-05,0.0916959016932609,0.0041383276709201,2,False,False
distilbert,28,23,57.142857142857146,53.86138613861386,1151606288,1.198007034577044e-05,2.0007308437291085e-05,0.0168866238714535,4,False,False
distilbert,28,24,57.34126984126984,55.64356435643565,59959599,1.0623031713072648e-05,8.355448307019217e-05,0.1254736151534827,5,False,False
distilbert,28,25,55.75396825396825,55.445544554455445,936443904,8.730137516784682e-06,0.0008574246549745,0.0741478219538984,10,False,False
distilbert,28,26,57.142857142857146,58.81188118811881,1876687866,3.0615791684927587e-05,0.0025371938283476,0.1395772159157819,7,False,False
distilbert,28,27,57.93650793650794,55.64356435643565,145365627,5.69727233899732e-06,0.0017984632244318,0.1942888984307334,8,False,False
distilbert,28,28,56.74603174603175,54.45544554455446,2046421380,1.1749540547618634e-05,8.593342012801672e-05,0.1143970419519077,6,False,False
distilbert,28,29,58.73015873015873,61.18811881188119,1641291028,3.270156210096484e-05,0.0001788031086285,0.1688513021318838,5,False,True
distilbert,29,0,58.07086614173228,58.7426326129666,1623566350,1.5195042312188646e-05,8.25600056926908e-05,0.0337490144381993,4,False,False
distilbert,29,1,54.92125984251968,54.223968565815326,2114551298,1.24746642370408e-05,0.0457443880187646,0.0693639262652934,8,False,False
distilbert,29,2,55.31496062992126,57.56385068762279,937604723,1.2160871882410362e-05,0.0001729927772187,0.036647372223598,4,False,False
distilbert,29,3,58.85826771653543,58.7426326129666,1608481096,9.384629512520922e-05,0.0426951606125551,0.1736665005250909,4,False,False
distilbert,29,4,53.93700787401575,56.777996070726914,947542537,1.595354251982601e-05,0.0122391144872053,0.1999176131479656,2,False,False
distilbert,29,5,57.48031496062992,58.54616895874263,1837434683,4.2804865931036286e-05,0.0001474260269206,0.1732325738816652,5,False,False
distilbert,29,6,55.31496062992126,56.97445972495088,365561760,2.910258125872904e-05,0.036874550096295,0.1013433264005416,6,False,False
distilbert,29,7,54.13385826771653,56.18860510805501,1741199316,6.606069652015361e-06,0.0015105196846849,0.0720342970946579,7,False,False
distilbert,29,8,56.88976377952756,54.616895874263264,921120693,5.456627264009647e-06,0.0481011430307543,0.114270689109302,10,False,False
distilbert,29,9,56.69291338582677,56.58153241650295,583896818,3.160710157749684e-05,0.0004538590189488,0.0714852372846302,10,False,False
distilbert,29,10,50.98425196850393,57.56385068762279,158498083,1.4913034194578432e-05,0.0107390723900389,0.1743685342289454,2,False,False
distilbert,29,11,57.48031496062992,57.76031434184676,752548184,1.3212597046266205e-05,0.009095661069773,0.1988087267218388,5,False,False
distilbert,29,12,56.2992125984252,59.13555992141454,614990477,6.739297651163591e-05,1.547076573152496e-05,0.1649481791988313,7,False,False
distilbert,29,13,53.346456692913385,56.777996070726914,583230327,7.021292924160526e-06,0.0662482365954565,0.1776587030645416,9,False,False
distilbert,29,14,51.37795275590551,56.18860510805501,1826671388,5.723566820770618e-06,0.0005205117044773,0.0810094086888671,3,False,False
distilbert,29,15,53.1496062992126,55.20628683693517,299685955,6.576285900089055e-06,4.3439131497022224e-05,0.1084858318993313,4,False,False
distilbert,29,16,58.85826771653543,55.40275049115913,799990631,6.412532966051542e-06,0.0471511433338335,0.0025746969933442,8,False,False
distilbert,29,17,56.49606299212599,58.54616895874263,48098797,6.728837855091278e-05,0.00061328689502,0.0660037464695896,7,False,False
distilbert,29,18,55.11811023622048,57.76031434184676,506253609,2.123939239535857e-05,0.0006293637663414,0.1142700662817383,7,False,False
distilbert,29,19,57.08661417322835,58.349705304518665,1583040814,9.410493238862762e-05,0.0009261842749513,0.0640498567485386,2,False,False
distilbert,29,20,60.43307086614173,58.7426326129666,693114030,1.1543743733947129e-05,5.259228115803503e-05,0.0290506503995506,10,True,False
distilbert,29,21,57.08661417322835,54.616895874263264,1355077919,1.1197041448452046e-05,2.9486555423163773e-05,0.0951489265377171,5,False,False
distilbert,29,22,54.92125984251968,57.95677799607073,492881321,5.650478610934148e-05,4.671705770135708e-05,0.1680354052757632,3,False,False
distilbert,29,23,56.2992125984252,55.40275049115913,1361935,5.51550728691036e-05,0.0003029721827205,0.114474992846723,4,False,False
distilbert,29,24,54.330708661417326,55.40275049115913,1111175899,1.126769715819011e-05,0.0072344493764173,0.1876205638224987,8,False,False
distilbert,29,25,54.330708661417326,56.777996070726914,925650270,9.32813351856047e-06,0.0279607559171303,0.0258907774423541,2,False,False
distilbert,29,26,52.75590551181102,55.40275049115913,62632917,8.564940076725596e-06,0.0040817704608241,0.1201638021116761,6,False,False
distilbert,29,27,58.07086614173228,59.33202357563851,1428348469,9.580128716470972e-06,0.0004639241336568,0.1317159925678815,9,False,True
distilbert,29,28,57.67716535433071,57.17092337917485,1573680812,3.0570946354474535e-05,0.0093613250441444,0.1557896822957075,6,False,False
distilbert,29,29,55.11811023622048,56.97445972495088,1146611193,6.194419186736095e-06,0.0029691082303479,0.1560147888554939,8,False,False
bert-base,0,0,67.1875,65.234375,435223012,2.0643182757978356e-05,0.0217421017665159,0.1221957578543558,4,,
bert-base,0,1,63.4765625,62.6953125,1171297115,9.557774138025236e-06,0.0001560871341324,0.0562245892620863,10,,
bert-base,0,2,64.6484375,63.4765625,705689541,9.26953722427665e-05,0.0027656002720827,0.0692591476907915,2,,
bert-base,0,3,67.96875,65.4296875,874411816,4.030170756592104e-05,0.0003285576865027,0.1330406462126197,7,,
bert-base,0,4,68.1640625,66.796875,304083774,1.9948610198176654e-05,0.0031077322029739,0.149097944675125,9,,
bert-base,0,5,66.40625,65.0390625,1371700496,9.533784882135324e-05,0.0346115902277454,0.0601068751183519,6,,
bert-base,0,6,66.015625,64.0625,136962156,2.568569838495954e-05,0.0007818696713099,0.1916096552036865,9,,
bert-base,0,7,65.234375,64.0625,1886698757,7.638804074982343e-06,0.0128649541058577,0.1504380237727641,8,,
bert-base,0,8,66.015625,60.9375,1711902657,4.987126934379377e-05,0.0005341394342923,0.1814395023628413,3,,
bert-base,0,9,61.9140625,62.109375,736370458,6.911802019008813e-06,8.739989901787774e-05,0.0871052348614478,3,,
bert-base,0,10,63.28125,63.8671875,797752707,2.0794660784629635e-05,7.407994796366352e-05,0.0167692984780067,2,,
bert-base,0,11,60.546875,59.5703125,1514414950,8.410449225027652e-06,0.0101548908963675,0.1541858326204386,2,,
bert-base,0,12,63.0859375,62.890625,1395291528,4.101416707966478e-05,2.138733590813878e-05,0.1082666340114684,10,,
bert-base,0,13,69.140625,66.2109375,1792672999,1.934113698658046e-05,0.003272854732582,0.1306836151254138,7,,
bert-base,0,14,69.921875,66.40625,1634025304,6.534522612763896e-05,0.0002209230458726,0.1998486855222288,2,,
bert-base,0,15,67.7734375,66.2109375,712217141,6.309607360269213e-05,0.0050176386066617,0.1822203261731615,8,,
bert-base,0,16,64.84375,62.3046875,303919371,1.670733699586257e-05,0.0005936430198655,0.1750099173293442,2,,
bert-base,0,17,66.9921875,65.234375,1648115722,1.804531698942427e-05,0.0735252726828247,0.1281260297460691,3,,
bert-base,0,18,65.234375,65.4296875,1513609680,8.604472528827431e-05,0.0001051851852388,0.0681077583168592,10,,
bert-base,0,19,62.6953125,60.9375,1763949379,5.722081718914507e-06,0.0002373529565756,0.1006666501419147,4,,
bert-base,0,20,69.7265625,66.40625,396557844,8.929633830948816e-05,0.0004711703223103,0.1924307307636041,4,,
bert-base,0,21,66.40625,66.015625,1921036921,1.817497797524594e-05,5.605701818638966e-05,0.0941923600777745,3,,
bert-base,0,22,67.1875,66.015625,132347413,3.479065493129473e-05,0.0008921534295432,0.1634283987517553,8,,
bert-base,0,23,67.3828125,67.578125,1147883903,7.026720781948455e-06,0.0001308501803172,0.099570492239336,10,,
bert-base,0,24,65.234375,64.2578125,588176629,1.6762560450176305e-05,0.0001148724126149,0.0450357195766998,4,,
bert-base,0,25,66.015625,64.84375,1716438762,8.60826905131693e-06,0.0018896924988127,0.1396007316611812,8,,
bert-base,0,26,65.625,63.4765625,971142079,2.3067942066617503e-05,0.0004644745234418,0.1665948628885551,2,,
bert-base,0,27,66.9921875,65.234375,1905926168,1.8544750689419617e-05,0.0046892879319599,0.1036495173349702,3,,
bert-base,0,28,63.0859375,63.28125,1151720247,9.668604263393592e-05,0.000373334331158,0.0026849390359749,4,,
bert-base,0,29,67.578125,64.2578125,1447498301,2.7799565688470492e-05,0.0968114001239513,0.0265401805623721,2,,
bert-base,1,0,67.4,65.6,673753322,6.831026410900087e-06,0.0855705369803712,0.1991008113245121,10,,
bert-base,1,1,64.8,69.2,364056577,2.7988801167988305e-05,0.0858954628109943,0.1576378435900314,3,,
bert-base,1,2,59.6,62.2,1834688018,1.250558807583568e-05,0.0046397693005405,0.0474234902738926,8,,
bert-base,1,3,65.0,67.4,750441199,8.276698655057217e-05,0.0273654209200956,0.0452494291385858,4,,
bert-base,1,4,64.6,66.6,1093166873,8.813750778978344e-06,0.0217657690174514,0.0238452149275326,7,,
bert-base,1,5,62.8,63.8,472429146,1.0121526256628016e-05,6.259061119782027e-05,0.1653443040048708,9,,
bert-base,1,6,62.8,65.8,1747471673,1.237165114274551e-05,2.1417478278237166e-05,0.0778204872860165,7,,
bert-base,1,7,67.4,73.6,22066296,6.35081073411083e-05,0.0006322310628832,0.0808343695788824,7,,
bert-base,1,8,61.2,64.2,352842103,2.16517700560709e-05,0.0002144173036648,0.0043230561641989,10,,
bert-base,1,9,66.4,69.8,838532280,9.521143131430469e-05,0.0023363860492665,0.0862936063046989,3,,
bert-base,1,10,63.8,67.0,2114115948,9.714830192506848e-05,1.2539580283783555e-05,0.0644926994111162,2,,
bert-base,1,11,67.4,70.0,1246839365,6.008886611327947e-05,0.0029301111011352,0.0469137304407895,6,,
bert-base,1,12,62.6,62.2,1437262999,9.01476806991076e-06,0.0001295758334473,0.1605387823081867,2,,
bert-base,1,13,66.2,70.4,1449556687,2.2418955454941145e-05,0.0019711425823772,0.1766810603247887,10,,
bert-base,1,14,62.2,63.4,766568500,1.6950691654995795e-05,0.0002046719188409,0.1733324336202704,6,,
bert-base,1,15,64.6,66.4,1096540742,2.1829260941947063e-05,0.0716892111300372,0.0678727770072966,9,,
bert-base,1,16,65.6,68.6,1998781406,1.593092626711643e-05,0.0002641915803538,0.0057617221522425,6,,
bert-base,1,17,67.4,70.0,1610715981,7.005905752798033e-05,0.0003601096492047,0.1526025763769695,9,,
bert-base,1,18,63.6,66.8,1675325,1.7266841702287347e-05,0.0122615186107542,0.0171005971385563,9,,
bert-base,1,19,68.2,66.4,413166936,2.1017232836162587e-05,0.0004129362159185,0.0370376599539885,5,,
bert-base,1,20,63.0,66.2,1030778881,1.1143150258064576e-05,0.0006090987668272,0.1027499322075411,9,,
bert-base,1,21,69.0,68.8,1781615026,3.537616288757296e-05,1.4507439429586e-05,0.0519851872029163,9,,
bert-base,1,22,66.2,66.2,1188722521,9.566310949685073e-06,0.0008331872173301,0.1171664030704805,9,,
bert-base,1,23,61.0,63.8,136949552,2.0702520266388825e-05,0.0002989350464186,0.0269000121828689,4,,
bert-base,1,24,61.2,62.6,1552286539,8.946744222202386e-06,0.0061381404520259,0.1584097558468571,3,,
bert-base,1,25,67.2,69.4,931143254,2.377877240390462e-05,0.0139613669943571,0.0904005655068435,10,,
bert-base,1,26,65.6,70.4,604606818,2.2024634802964603e-05,2.0500245776526237e-05,0.0654896091263257,9,,
bert-base,1,27,61.6,62.6,623779102,5.142566292331802e-06,0.0202737172298551,0.1937018373031622,4,,
bert-base,1,28,65.4,67.4,1141853436,1.2944888611798936e-05,7.971315209347205e-05,0.0592295810869225,5,,
bert-base,1,29,64.8,68.0,918362180,7.893187004497553e-05,0.0466454485742868,0.0984526246787274,8,,
bert-base,2,0,68.84920634920636,66.86507936507937,2023703598,5.840395967843524e-05,0.0176456890590235,0.123797099051453,7,,
bert-base,2,1,65.47619047619048,63.888888888888886,520218072,6.448717152923554e-06,0.0005792918513559,0.1944388171987091,6,,
bert-base,2,2,63.888888888888886,65.27777777777777,760603378,1.3735898789452748e-05,0.0029955113773774,0.1709239543465647,10,,
bert-base,2,3,61.507936507936506,60.51587301587302,802939136,6.394407865112345e-06,0.0004044693642925,0.011534535241618,3,,
bert-base,2,4,64.88095238095238,61.70634920634921,1103492640,6.828283481523457e-06,1.3725064810988434e-05,0.0436007435152469,5,,
bert-base,2,5,64.48412698412699,60.11904761904762,43859947,5.926493129946454e-06,7.534588737156667e-05,0.0412082142617582,10,,
bert-base,2,6,66.26984126984127,65.27777777777777,1607178384,8.058044948521257e-06,0.0003187492759099,0.1760113092777886,9,,
bert-base,2,7,65.47619047619048,60.91269841269841,1061599998,1.918955238628395e-05,9.269905272896432e-05,0.1694150982431654,2,,
bert-base,2,8,67.26190476190476,67.26190476190476,1985586170,3.238997129489255e-05,0.0611889544613534,0.1793714377384258,3,,
bert-base,2,9,60.91269841269841,61.90476190476191,1457576137,7.690159519021821e-06,0.0042015606099125,0.0148990770804768,3,,
bert-base,2,10,67.65873015873017,69.24603174603175,322718973,5.0509335121887306e-05,0.0176155667184898,0.1885258789694677,5,,
bert-base,2,11,63.888888888888886,61.70634920634921,1353643824,5.552323736656562e-06,0.0283139368354118,0.1224516131227883,5,,
bert-base,2,12,67.65873015873017,67.26190476190476,357621009,1.8085081027282828e-05,0.000408571042914,0.0604074956944483,10,,
bert-base,2,13,63.29365079365079,62.5,1382292810,8.183828289744777e-06,0.0065433288587182,0.0652436806554392,5,,
bert-base,2,14,67.85714285714286,67.06349206349206,1604201479,3.212085913761735e-05,0.0536393737674323,0.1531824891771397,5,,
bert-base,2,15,62.8968253968254,62.3015873015873,881127838,6.150602688985208e-06,8.959723376429097e-05,0.1063660819639052,5,,
bert-base,2,16,65.87301587301587,67.46031746031746,1903948506,3.642528927822207e-05,0.0015412477708589,0.1410563698510075,8,,
bert-base,2,17,68.05555555555556,66.86507936507937,1420498102,6.133903750252312e-05,2.1012309476610145e-05,0.1618477471304605,3,,
bert-base,2,18,66.07142857142857,65.47619047619048,1719196909,3.448339982734883e-05,0.0119127944342063,0.0954263491173082,9,,
bert-base,2,19,68.65079365079364,68.65079365079364,1121252051,4.2159098335438216e-05,0.0085590358651174,0.1231976443870801,10,,
bert-base,2,20,68.25396825396825,67.46031746031746,1401144534,2.674861182633228e-05,0.0020800500196539,0.1966411058836874,10,,
bert-base,2,21,67.85714285714286,65.07936507936508,2031716393,4.342198981355594e-05,5.260151193827876e-05,0.1002160196245651,9,,
bert-base,2,22,63.095238095238095,60.51587301587302,1505409467,9.221422766706171e-06,0.0001803632786961,0.0397479231179381,3,,
bert-base,2,23,65.47619047619048,65.27777777777777,440805917,1.5826465459699542e-05,0.0011820348664744,0.0813201411955662,4,,
bert-base,2,24,68.45238095238095,65.27777777777777,1592096685,4.090652737718237e-05,0.0550868770361958,0.1221054993108105,6,,
bert-base,2,25,67.46031746031746,63.888888888888886,680743237,1.857408564714861e-05,0.0284605046497402,0.02976020847732,6,,
bert-base,2,26,62.8968253968254,67.46031746031746,614016788,3.261689769265311e-05,0.009618207893099,0.0239056616331506,8,,
bert-base,2,27,68.45238095238095,66.46825396825396,1740290082,5.253648385588737e-05,0.0845249979921333,0.0753107281719164,2,,
bert-base,2,28,66.46825396825396,63.888888888888886,1798506744,1.6656142868528302e-05,0.0001698743551017,0.1949372817219283,4,,
bert-base,2,29,69.04761904761905,65.67460317460318,63464768,7.939822376426153e-05,0.0011738886818335,0.0062191416448831,8,,
bert-base,3,0,66.33266533066133,64.12825651302605,47930728,7.06053640189069e-05,0.0508354888280396,0.1574313594619805,2,,
bert-base,3,1,64.32865731462925,63.52705410821643,1884006183,2.866434791699034e-05,0.0003979994907419,0.1033528620084929,6,,
bert-base,3,2,67.13426853707415,68.5370741482966,189048632,8.44713200796774e-05,0.0004041784978958,0.0654826478946356,2,,
bert-base,3,3,68.937875751503,68.5370741482966,1666179227,2.2151629465087484e-05,9.722375792274736e-05,0.0522466154593485,5,,
bert-base,3,4,69.73947895791584,63.32665330661322,1242852321,7.449296142241783e-06,0.0004087545291435,0.1627692836296362,8,,
bert-base,3,5,66.93386773547094,64.52905811623246,1886490537,9.675919079278154e-06,0.000689106687821,0.1799355471245614,6,,
bert-base,3,6,61.92384769539078,61.523046092184366,1221862149,9.381723512799337e-06,0.0188213143400566,0.1959606889481498,4,,
bert-base,3,7,68.33667334669339,67.73547094188376,1375942198,2.7494375808517147e-05,0.0108190241876256,0.1572778472638091,9,,
bert-base,3,8,63.32665330661322,63.12625250501002,188010348,9.519463717856184e-06,0.0117973492300853,0.1303185585039596,4,,
bert-base,3,9,69.73947895791584,68.937875751503,1024716862,2.015230657837462e-05,0.0002014160086862,0.1312042847519843,10,,
bert-base,3,10,67.53507014028057,66.73346693386773,274920516,2.8715208716656983e-05,0.0004173662136012,0.1941021154907453,3,,
bert-base,3,11,69.73947895791584,69.93987975951904,1040396396,3.500357235414615e-05,0.0004129987555037,0.1327715738025031,8,,
bert-base,3,12,69.33867735470942,68.33667334669339,461152848,9.32081223081816e-05,2.932356428087048e-05,0.1662900565270135,7,,
bert-base,3,13,57.31462925851704,59.91983967935872,7728447,1.376063256360326e-05,0.0438056770669227,0.177322207887654,2,,
bert-base,3,14,56.51302605210421,56.71342685370742,2133256292,7.189665348882355e-06,0.0404138702443755,0.0001572733137076,2,,
bert-base,3,15,64.12825651302605,65.7314629258517,181828852,9.905196935712332e-05,0.0074454444305273,0.1351269562359397,10,,
bert-base,3,16,59.91983967935872,62.725450901803605,1572775108,2.0366106234727647e-05,0.0062453292525229,0.1254957370535739,3,,
bert-base,3,17,63.52705410821643,60.921843687374746,662864480,1.976891853394706e-05,1.465750088112888e-05,0.0462258992953654,2,,
bert-base,3,18,60.521042084168336,64.52905811623246,763399101,5.654459882290545e-06,4.8252932918488505e-05,0.0421086128865493,9,,
bert-base,3,19,65.53106212424849,68.937875751503,94454076,4.6968925512910513e-05,7.728437331814226e-05,0.0006740379274039,3,,
bert-base,3,20,68.33667334669339,70.54108216432866,1154366850,9.644187493989878e-05,0.051502351798807,0.0458006624337128,4,,
bert-base,3,21,68.937875751503,66.13226452905812,859701730,2.815296659951157e-05,7.08447598020128e-05,0.1468114985529093,4,,
bert-base,3,22,69.53907815631263,70.54108216432866,2076909715,6.028735006741068e-05,5.6738712827542894e-05,0.0622016191543625,5,,
bert-base,3,23,65.7314629258517,64.32865731462925,951092496,5.024007850661524e-05,0.0028244410685858,0.0704063316964369,5,,
bert-base,3,24,66.13226452905812,68.7374749498998,709367376,8.577189378373926e-05,5.680964188130221e-05,6.42476155269467e-05,6,,
bert-base,3,25,70.94188376753507,67.73547094188376,1517378040,1.9297963854796868e-05,0.0009005270994853,0.1699817308358121,6,,
bert-base,3,26,64.12825651302605,66.13226452905812,665884557,8.407184296489273e-05,0.0023926067191087,0.0760305154679221,7,,
bert-base,3,27,65.13026052104209,63.52705410821643,1843160252,7.484919646748971e-06,0.0039013658967236,0.1917816662958357,6,,
bert-base,3,28,69.53907815631263,68.937875751503,224896802,2.054134483101324e-05,4.1595120048622224e-05,0.0478613594427478,8,,
bert-base,3,29,64.52905811623246,62.725450901803605,1936645121,5.346266528352379e-05,0.0009863526579833,0.1276173418510479,7,,
bert-base,4,0,67.13709677419355,71.22736418511066,389501567,5.824689583228048e-05,0.0030107330337908,0.1849641738874368,10,,
bert-base,4,1,61.08870967741935,62.37424547283703,616406677,7.471039617557136e-06,0.0542207143121808,0.1132636026615856,3,,
bert-base,4,2,64.11290322580645,68.2092555331992,745649438,1.1537237794157898e-05,0.0003731768074766,0.1870450568100417,5,,
bert-base,4,3,65.12096774193549,66.80080482897384,699497537,2.0709152212784428e-05,0.0040895044154811,0.1188316932603717,5,,
bert-base,4,4,65.5241935483871,67.80684104627767,882764382,3.0450925043254658e-05,0.0016376414998799,0.1415739795092303,7,,
bert-base,4,5,65.9274193548387,64.78873239436619,1540106264,3.3770203651720864e-05,0.0197380468533452,0.0291304581446066,9,,
bert-base,4,6,58.46774193548387,63.38028169014085,49725669,5.273733821093367e-06,0.0179100599462528,0.0090885565569049,5,,
bert-base,4,7,60.28225806451613,63.38028169014085,419115223,1.3522891440129711e-05,6.924496864049062e-05,0.19196663118124,2,,
bert-base,4,8,66.12903225806451,69.21529175050301,1701582740,9.997159174818276e-05,1.4731874573793255e-05,0.0764840952226679,8,,
bert-base,4,9,67.13709677419355,68.2092555331992,1600328574,4.5018301706715385e-05,0.000175278894778,0.1229796240740223,8,,
bert-base,4,10,65.5241935483871,67.00201207243461,1304355709,4.366886569785967e-05,0.0011020482935063,0.1404962372251096,5,,
bert-base,4,11,58.064516129032256,61.3682092555332,2056566579,5.116455440953192e-06,0.0015114162170607,0.0072081191573721,3,,
bert-base,4,12,65.5241935483871,65.99597585513078,1635158572,2.620474190346801e-05,0.0938129704223842,0.1819353439988447,7,,
bert-base,4,13,65.9274193548387,68.2092555331992,1663556591,1.969645972931888e-05,0.0004539410405753,0.0717549638823779,9,,
bert-base,4,14,62.903225806451616,65.99597585513078,1998568476,6.040472276795358e-06,0.0222231275982093,0.0027535059156916,7,,
bert-base,4,15,64.91935483870968,68.2092555331992,1920341812,1.6544658931788476e-05,0.0044612184979241,0.1708819141847272,8,,
bert-base,4,16,60.28225806451613,62.77665995975856,1190002531,5.228149489445853e-06,0.0117020107782262,0.044368453390652,6,,
bert-base,4,17,60.483870967741936,65.19114688128772,1047417576,1.1775068948763513e-05,1.410254835246279e-05,0.119978518575727,3,,
bert-base,4,18,64.31451612903226,67.80684104627767,845330029,1.615857260212183e-05,4.803459986846624e-05,0.050767881649964,10,,
bert-base,4,19,63.70967741935484,63.98390342052314,286999359,7.112787627119823e-05,0.0021272504847969,0.1068653045629906,7,,
bert-base,4,20,66.53225806451613,69.01408450704226,2129219751,4.8944910701703954e-05,4.162823225025711e-05,0.0301835564565788,9,,
bert-base,4,21,64.71774193548387,69.01408450704226,846903772,4.2867921735252056e-05,0.0047304921245432,0.1944310338071681,8,,
bert-base,4,22,65.12096774193549,67.00201207243461,1914397537,1.4325158347375542e-05,1.1691001992467144e-05,0.1947734373439956,8,,
bert-base,4,23,67.74193548387096,69.41649899396378,858512425,2.299587322734883e-05,6.064313468815659e-05,0.0430363538563584,10,,
bert-base,4,24,61.49193548387097,65.3923541247485,129168095,1.362430906186107e-05,1.3866371081327435e-05,0.0675142565222311,4,,
bert-base,4,25,65.3225806451613,65.79476861167002,511870967,1.1473106165761326e-05,2.4163695936028283e-05,0.1298017840600621,6,,
bert-base,4,26,66.33064516129032,69.61770623742454,1835017417,3.381296863498498e-05,0.0259421744071405,0.0226949903581119,10,,
bert-base,4,27,67.94354838709677,72.03219315895372,334268145,8.863835656520462e-05,1.5208063213910676e-05,0.0729229689736714,3,,
bert-base,4,28,64.11290322580645,69.01408450704226,2122179625,2.304037391654317e-05,0.0017776504018907,0.0623817267392832,5,,
bert-base,4,29,67.74193548387096,68.61167002012073,1657240927,5.152720862080036e-05,0.0130726674574762,0.0925352269370182,7,,
bert-base,5,0,71.93675889328063,62.52465483234714,169866002,8.131957953390818e-05,0.0065832992776863,0.0577472596247088,5,,
bert-base,5,1,66.79841897233202,61.53846153846154,1987405654,1.4012450126186356e-05,0.0002067481514932,0.1941010488842527,8,,
bert-base,5,2,66.40316205533597,65.08875739644971,1095174713,1.1945705668465427e-05,0.0314682170727001,0.1893795316518815,10,,
bert-base,5,3,69.96047430830039,61.1439842209073,1939579013,2.282397986422768e-05,0.0002693696464037,0.1737180810704807,4,,
bert-base,5,4,66.20553359683794,60.552268244575934,1723329381,9.657243038653277e-06,3.187669974872315e-05,0.1995155250967245,7,,
bert-base,5,5,66.40316205533597,60.552268244575934,827544746,1.0466505039925536e-05,0.0067071373239641,0.1666792049991138,3,,
bert-base,5,6,66.99604743083005,64.49704142011835,1017431084,3.11758760264005e-05,1.9010840193865784e-05,0.069670009792632,3,,
bert-base,5,7,64.03162055335969,58.38264299802761,2008859245,8.748449590470072e-06,0.0004164147956565,0.1878755857902124,3,,
bert-base,5,8,67.19367588932806,64.29980276134123,265572807,1.3212537175541977e-05,0.0016332373230868,0.1119153873994025,6,,
bert-base,5,9,67.58893280632411,62.91913214990138,2022262444,5.308354742658678e-05,0.0002307774613267,0.1288738570384534,2,,
bert-base,5,10,66.79841897233202,61.341222879684416,2040200676,7.710913133497245e-05,0.0230620718791262,0.1054992356257494,10,,
bert-base,5,11,66.79841897233202,63.70808678500986,411330863,9.889476284864771e-06,2.8503246270760517e-05,0.1272221555050324,8,,
bert-base,5,12,68.77470355731225,64.1025641025641,546289827,9.876738883221138e-05,1.289038190177462e-05,0.0353393172576447,3,,
bert-base,5,13,69.56521739130434,62.91913214990138,219113033,4.913733709557886e-05,5.0007515659084894e-05,0.1221539117277323,6,,
bert-base,5,14,67.19367588932806,61.73570019723866,1560643270,1.2734151832076594e-05,0.0004553606457106,0.0937716994877357,10,,
bert-base,5,15,69.1699604743083,61.53846153846154,1819564109,1.6664883496289062e-05,0.0068215377682792,0.1755253183743582,6,,
bert-base,5,16,67.98418972332016,63.905325443786985,1038381373,1.4123408507473866e-05,2.966429631706872e-05,0.0345400520983748,8,,
bert-base,5,17,66.40316205533597,60.552268244575934,483495749,3.128222151553665e-05,0.0002437085422136,0.0792332817337985,3,,
bert-base,5,18,70.35573122529644,65.28599605522682,776106230,9.35552884164234e-05,4.25477651292526e-05,0.0979173933472451,2,,
bert-base,5,19,65.0197628458498,58.777120315581854,1147224075,8.365782394662142e-06,0.0052857631058342,0.0136948079889693,7,,
bert-base,5,20,65.61264822134387,65.08875739644971,1758337763,1.1003847555442758e-05,0.0008283264350055,0.0226625843078325,7,,
bert-base,5,21,66.99604743083005,63.905325443786985,1908154734,4.756377749187471e-05,0.0058286348939743,0.0283423869734473,3,,
bert-base,5,22,70.15810276679842,65.68047337278107,1553797920,9.401456461724183e-05,0.0020934265688095,0.1454023667955038,4,,
bert-base,5,23,67.78656126482214,63.31360946745562,1053780273,3.792610265988626e-05,0.0048398786929723,0.0049078261884187,6,,
bert-base,5,24,67.19367588932806,63.51084812623274,603318483,6.710206427739637e-06,0.0016102007708423,0.1626150390331732,6,,
bert-base,5,25,65.41501976284584,60.74950690335306,1164316090,1.810831719847377e-05,0.0001396167645271,0.095498373138779,6,,
bert-base,5,26,67.19367588932806,63.70808678500986,2089772760,2.821632597499996e-05,0.01356304068593,0.0480493539730634,7,,
bert-base,5,27,66.60079051383399,62.91913214990138,1883606582,3.7819516863932125e-05,0.0005416724889514,0.0363925068475758,3,,
bert-base,5,28,66.60079051383399,62.72189349112426,2077449567,2.860929917138331e-05,0.0010463479926623,0.0304872053380528,5,,
bert-base,5,29,70.35573122529644,64.29980276134123,1938595760,7.80981656802542e-05,5.302820006606584e-05,0.1207836362761845,10,,
bert-base,6,0,67.77996070726915,62.94117647058823,1050007325,9.180122352147352e-05,0.0008118493898977,0.1783036889427154,6,,
bert-base,6,1,67.97642436149313,64.50980392156863,2061246545,1.632707402345949e-05,0.0113660274170351,0.1373337449931436,6,,
bert-base,6,2,66.99410609037328,62.94117647058823,1487553287,3.3235996172180826e-05,0.0001616357808207,0.1922879528495449,8,,
bert-base,6,3,63.06483300589391,61.76470588235294,218919850,5.699692262662013e-06,0.0003665848079584,0.0730676529008019,9,,
bert-base,6,4,65.81532416502947,64.70588235294117,2122560754,7.442407377336944e-05,0.0194763345667593,0.0823793164046459,6,,
bert-base,6,5,67.97642436149313,62.94117647058823,784444849,7.214620269605106e-06,0.0052502254481782,0.0579560688463564,7,,
bert-base,6,6,68.17288801571709,67.45098039215686,776835387,4.702584411636949e-05,0.0012233234342189,0.1650945638392593,5,,
bert-base,6,7,67.38703339882122,65.68627450980392,496759191,3.94300009441457e-05,0.0001945480759159,0.1978308923957035,4,,
bert-base,6,8,69.3516699410609,66.86274509803921,754783233,2.927250257871681e-05,0.0006022718972862,0.1327340234175866,6,,
bert-base,6,9,66.01178781925344,63.333333333333336,517227412,2.4645591011440697e-05,1.0386734310910045e-05,0.1449660134657426,10,,
bert-base,6,10,70.92337917485266,69.41176470588235,297936583,5.526086134910216e-05,0.0002470857576946,0.0763310557267027,7,,
bert-base,6,11,63.654223968565816,59.6078431372549,1769877535,1.659099109529708e-05,0.00101845231288,0.1630272393664219,2,,
bert-base,6,12,71.3163064833006,67.45098039215686,1644121413,5.3205725893836233e-05,0.0011741621189741,0.1490600664332379,3,,
bert-base,6,13,68.17288801571709,63.72549019607843,905920700,7.16638339968499e-05,7.535817141318648e-05,0.0240188137814398,10,,
bert-base,6,14,66.01178781925344,64.11764705882354,1202280892,2.3445195415558416e-05,1.5791072528379968e-05,0.1253352550120268,8,,
bert-base,6,15,67.19056974459725,64.50980392156863,1733052354,1.3636903863879148e-05,3.988732705995204e-05,0.0392195670359668,5,,
bert-base,6,16,66.01178781925344,65.68627450980392,1314082871,1.4850320770817132e-05,0.0058116653789348,0.1144544432180668,6,,
bert-base,6,17,68.17288801571709,63.72549019607843,1842269834,3.4381123768620124e-05,0.0155636629584046,0.1363258730903077,9,,
bert-base,6,18,68.76227897838899,65.29411764705883,2015136123,1.7132366144056502e-05,0.000128042399567,0.0542452727897331,4,,
bert-base,6,19,68.17288801571709,64.31372549019608,334178243,3.81785439859237e-05,0.0009047993943897,0.0543950799873704,8,,
bert-base,6,20,66.40471512770138,66.27450980392157,1541042159,9.332077032794196e-06,1.055549435928555e-05,0.1468386827883128,9,,
bert-base,6,21,67.38703339882122,63.92156862745098,1903508130,3.501049337604409e-05,0.0421714313055853,0.1115875386000498,4,,
bert-base,6,22,65.6188605108055,62.74509803921568,2108152079,1.5364270303536763e-05,0.0281947705369721,0.0027053647205026,3,,
bert-base,6,23,69.15520628683693,68.03921568627452,1370167974,4.077225042241987e-05,0.0026394910947504,0.1805188868020999,4,,
bert-base,6,24,69.3516699410609,66.86274509803921,762635047,3.9309187624451246e-05,2.844599777654299e-05,0.1630823344845484,3,,
bert-base,6,25,70.13752455795678,67.05882352941177,1167618971,3.986075508277136e-05,0.0002100472907764,0.1113516451462425,5,,
bert-base,6,26,68.36935166994107,67.05882352941177,1510888305,9.495125669952114e-06,9.309816806499335e-05,0.1624952240183024,6,,
bert-base,6,27,68.17288801571709,66.66666666666667,1428641306,8.282848897324736e-05,0.0012892743852696,0.1667509012539193,5,,
bert-base,6,28,61.10019646365422,55.68627450980392,1867716253,5.717898897718685e-06,0.0127209469640078,0.1602276160718896,3,,
bert-base,6,29,67.19056974459725,63.13725490196079,1789273073,9.450352129223068e-05,0.0177868675640031,0.1806527236510009,7,,
bert-base,7,0,63.54581673306773,63.618290258449306,1746189229,1.4768294495908875e-05,4.316977108420904e-05,0.1357435683684308,5,,
bert-base,7,1,68.32669322709164,63.220675944334,1978755954,6.801238486165108e-05,0.0616271610204046,0.0747533288123361,4,,
bert-base,7,2,65.33864541832669,60.43737574552684,837340994,1.5974109140388225e-05,8.378686557614094e-05,0.1839617464399697,6,,
bert-base,7,3,68.12749003984064,60.83499005964215,1292316836,9.674667187744916e-05,4.888047358122841e-05,0.0240102090919918,3,,
bert-base,7,4,57.17131474103586,55.66600397614314,1312439852,9.592940818511002e-06,0.0102494487053186,0.1395700910879707,2,,
bert-base,7,5,65.73705179282868,64.41351888667992,1916737807,2.9406431382412186e-05,1.9334522614939854e-05,0.1577672999536119,9,,
bert-base,7,6,69.12350597609561,63.220675944334,1605105602,7.965176686949363e-05,1.983888189669312e-05,0.1399775039684781,7,,
bert-base,7,7,64.14342629482071,60.23856858846919,263587183,2.513168421653478e-05,6.157837896623747e-05,0.0760891594169916,8,,
bert-base,7,8,68.52589641434263,65.60636182902584,1819212039,4.027602112891245e-05,0.0147236651340363,0.0194743523354938,4,,
bert-base,7,9,66.93227091633466,63.02186878727634,279218756,6.158708728650454e-05,3.700661660796693e-05,0.1247935722578848,7,,
bert-base,7,10,62.35059760956175,61.43141153081511,389287527,1.820331680659189e-05,5.757519767032047e-05,0.0254767890189848,3,,
bert-base,7,11,66.73306772908367,62.62425447316103,1816856585,2.098450269171732e-05,0.0039297688868869,0.0104796568011771,7,,
bert-base,7,12,58.56573705179283,57.05765407554672,15742058,7.147277694508858e-06,0.0008564622617754,0.1121960581942086,2,,
bert-base,7,13,61.155378486055774,59.24453280318092,280839849,9.808098285848047e-06,0.01129000128508,0.1353417952879538,3,,
bert-base,7,14,66.93227091633466,61.43141153081511,581403075,4.6056699119326986e-05,0.004020537636029,0.1005167522495966,3,,
bert-base,7,15,70.5179282868526,63.618290258449306,752708156,2.1121743136695934e-05,1.159316426195534e-05,0.1109924097721577,5,,
bert-base,7,16,67.33067729083665,65.40755467196819,848602213,5.806459561427021e-05,0.016556438641154,0.1127743534799282,10,,
bert-base,7,17,59.7609561752988,60.83499005964215,1425177831,1.0334082449181186e-05,0.0104881491990394,0.1443477879408967,2,,
bert-base,7,18,67.52988047808765,63.02186878727634,1777200948,1.6843244534824113e-05,0.0341926604775349,0.1323952085869937,7,,
bert-base,7,19,66.53386454183267,60.03976143141153,1994783550,1.736852982822778e-05,0.0071730973517061,0.0938704727208285,8,,
bert-base,7,20,65.13944223107569,60.83499005964215,439106059,2.0645840976125523e-05,7.892859868651738e-05,0.0857824811090911,2,,
bert-base,7,21,67.33067729083665,64.21471172962227,797876117,6.997257232857483e-05,0.0007243634624975,0.139565578672838,6,,
bert-base,7,22,68.92430278884463,65.8051689860835,2016966199,5.441230400906042e-05,0.0691173309785193,0.1540158242754023,4,,
bert-base,7,23,70.91633466135458,66.40159045725646,211993156,6.409143430404796e-05,0.0602028300889558,0.0899697025868324,6,,
bert-base,7,24,67.72908366533865,65.20874751491054,991055511,1.0441122223777286e-05,0.0065728733596131,0.1586319220162867,10,,
bert-base,7,25,68.32669322709164,63.618290258449306,1809515658,8.306513222383497e-05,0.000147434778954,0.1320172414180149,9,,
bert-base,7,26,68.12749003984064,64.21471172962227,1374434308,4.897433840862395e-05,0.0007014263823533,0.0022134278150316,10,,
bert-base,7,27,67.52988047808765,62.82306163021869,735027570,8.600469904589528e-05,0.0018996459130549,0.1652903534515604,2,,
bert-base,7,28,65.13944223107569,61.63021868787276,537436765,2.222723409171613e-05,0.0195631460152666,0.0575159739044673,5,,
bert-base,7,29,60.95617529880478,62.62425447316103,1112009009,5.681334225095525e-06,0.003451577780246,0.1720816990404102,5,,
bert-base,8,0,63.45776031434185,65.49019607843137,1919278022,1.568166520359286e-05,0.0001654083370068,0.0942753172717598,9,,
bert-base,8,1,67.19056974459725,66.27450980392157,294508946,6.362417250776625e-05,0.0009515146082386,0.1779426884326581,7,,
bert-base,8,2,63.06483300589391,66.47058823529412,118691230,3.33405449361723e-05,0.0037057200593117,0.1037892503888264,2,,
bert-base,8,3,64.83300589390963,63.72549019607843,2023636654,3.622259855772072e-05,0.0029924361130643,0.1720988748089094,2,,
bert-base,8,4,60.90373280943025,64.70588235294117,196553375,7.902965333279102e-06,1.946300885947664e-05,0.0927186680185962,3,,
bert-base,8,5,65.22593320235757,66.86274509803921,1526231064,1.7325118638306713e-05,0.0004329823273957,0.0868143066339138,9,,
bert-base,8,6,64.44007858546169,62.35294117647059,1571073523,8.64356767907698e-06,0.0037122943842279,0.1595694797203852,7,,
bert-base,8,7,64.83300589390963,66.66666666666667,1723576287,3.325814367714387e-05,2.2590464211067185e-05,0.1540641392353672,8,,
bert-base,8,8,65.02946954813359,66.07843137254902,1778881666,6.626362098248573e-05,0.0059087934642261,0.0151542156549196,4,,
bert-base,8,9,67.97642436149313,65.88235294117646,1828991956,3.667617979055517e-05,0.0008014474027122,0.0471902201846302,9,,
bert-base,8,10,64.24361493123772,63.333333333333336,577571223,7.991221439422937e-05,0.0021258124133592,0.0914739756806405,3,,
bert-base,8,11,65.81532416502947,64.11764705882354,1257468594,2.694983155875482e-05,1.0470787832020316e-05,0.1541496704250955,7,,
bert-base,8,12,62.86836935166994,61.76470588235294,1330344420,6.297853284109133e-06,0.0001440510600256,0.1010256699686395,6,,
bert-base,8,13,57.56385068762279,64.90196078431373,1984798700,9.079183687432712e-06,2.5552088010936763e-05,0.1330392938081677,2,,
bert-base,8,14,65.6188605108055,67.84313725490196,1900490713,1.9678893010638757e-05,1.260155371162242e-05,0.0409004182969559,5,,
bert-base,8,15,62.08251473477407,62.74509803921568,1132065489,8.20498641013963e-05,0.0002847292739987,0.0163619171867383,9,,
bert-base,8,16,65.81532416502947,63.92156862745098,929130855,9.697422295456282e-05,0.0081161544392896,0.0815301015358981,3,,
bert-base,8,17,63.850687622789785,64.11764705882354,1401214351,7.77203866953631e-05,0.000260907228085,0.183846091705964,3,,
bert-base,8,18,64.63654223968565,66.27450980392157,2117599220,7.697752110285189e-05,0.0002241569225124,0.1870271269114516,2,,
bert-base,8,19,65.42239685658153,65.09803921568627,2010060839,7.133378066268795e-05,0.0052656391329063,0.1747779891023875,7,,
bert-base,8,20,61.10019646365422,64.70588235294117,1940830179,1.11966250567306e-05,0.0720800233564702,0.0576496749036549,3,,
bert-base,8,21,63.850687622789785,66.07843137254902,1583345618,1.9890276603712893e-05,0.0072991175636164,0.1588674974886712,4,,
bert-base,8,22,64.83300589390963,65.49019607843137,689362935,1.49183960019382e-05,1.606074520650558e-05,0.0128121146904788,9,,
bert-base,8,23,61.49312377210216,65.49019607843137,527132841,7.023557736863516e-06,0.0106161030817809,0.1663377507749152,5,,
bert-base,8,24,69.15520628683693,64.70588235294117,1041818235,7.511505660785693e-05,0.0020368824576693,0.046627895265693,7,,
bert-base,8,25,61.49312377210216,65.68627450980392,937134789,2.0873416870063685e-05,0.0014343678105492,0.0628420607570028,2,,
bert-base,8,26,64.63654223968565,63.92156862745098,327932158,8.274515928723003e-06,0.0003038835210264,0.1604262943173944,10,,
bert-base,8,27,65.22593320235757,63.52941176470589,1296586065,6.060637507960267e-05,0.000102025405873,0.0086634989954625,9,,
bert-base,8,28,62.86836935166994,62.74509803921568,1234320676,6.221518885762905e-06,0.0012947439570287,0.0773176681700727,10,,
bert-base,8,29,60.51080550098232,66.47058823529412,287359570,6.931138746300055e-06,0.0002203828819734,0.0011951237381047,9,,
bert-base,9,0,67.32283464566929,63.18897637795276,310160187,3.6399614705924354e-05,0.0005574026976815,0.1468194244195137,5,,
bert-base,9,1,69.29133858267717,66.14173228346456,1698004276,7.542966879386413e-05,0.0135271512661751,0.0097628267439161,6,,
bert-base,9,2,65.55118110236221,60.8267716535433,491840216,7.21669963328976e-05,0.0124254926700107,0.0712260468483193,10,,
bert-base,9,3,62.79527559055118,62.59842519685039,1223790839,1.7981235483466188e-05,0.001731820126541,0.1741926330969029,3,,
bert-base,9,4,65.55118110236221,60.43307086614173,1716482729,1.9235413316425557e-05,1.4972952207866689e-05,0.193990313824197,10,,
bert-base,9,5,61.81102362204725,61.61417322834646,1233717059,5.851190156718211e-06,0.0006611196137418,0.1492305566923694,4,,
bert-base,9,6,62.00787401574803,62.99212598425197,855561020,1.581637810383448e-05,4.756033749758374e-05,0.1190275300728946,2,,
bert-base,9,7,61.61417322834646,59.645669291338585,662642198,8.740612985216024e-06,0.0025182049779519,0.0553427596884595,5,,
bert-base,9,8,68.50393700787401,64.96062992125984,1975377716,2.1883930592252888e-05,2.190202635919837e-05,0.1750345463910079,10,,
bert-base,9,9,65.35433070866142,59.84251968503937,1700786120,2.3532812700596515e-05,1.6187519287023087e-05,0.1042265287544887,7,,
bert-base,9,10,65.94488188976378,62.79527559055118,117623193,1.877168903759605e-05,0.0415114986701884,0.1722795220930778,6,,
bert-base,9,11,65.74803149606299,62.79527559055118,257382942,9.875140776486162e-05,4.678962296236455e-05,0.0805487321637783,4,,
bert-base,9,12,67.32283464566929,64.56692913385827,1706585203,2.353561287424632e-05,5.70315819399039e-05,0.0845807478681155,8,,
bert-base,9,13,63.976377952755904,62.99212598425197,567747603,2.5138023986003812e-05,0.0421130822195021,0.0203566099010056,5,,
bert-base,9,14,64.96062992125984,65.74803149606299,1768751465,2.701374387194968e-05,0.0055895131839494,0.0448490934135268,8,,
bert-base,9,15,63.976377952755904,61.023622047244096,1744370799,8.190178100497501e-05,0.0001859000358399,0.1267611161391775,8,,
bert-base,9,16,63.77952755905512,61.81102362204725,124378460,1.5081522386720844e-05,0.0079312931616053,0.1857552400703211,2,,
bert-base,9,17,61.22047244094488,62.20472440944882,1940950920,1.400065263539714e-05,0.0003755047208967,0.0694715249622073,6,,
bert-base,9,18,67.51968503937007,63.58267716535433,497473286,1.0658831221072193e-05,8.852841989148919e-05,0.135364279223693,10,,
bert-base,9,19,66.92913385826772,63.77952755905512,175283991,3.0111253442736924e-05,0.0104061280018923,0.1029548463530524,4,,
bert-base,9,20,67.1259842519685,65.55118110236221,1561855018,1.891168060139639e-05,0.0081672314421428,0.1128059523791104,5,,
bert-base,9,21,63.38582677165354,63.18897637795276,1328541144,6.9026434452583016e-06,0.0823410871121142,0.0289055607920174,6,,
bert-base,9,22,62.99212598425197,62.00787401574803,1837936245,9.658435857570713e-06,8.30906261349913e-05,0.0352584156544004,4,,
bert-base,9,23,68.7007874015748,64.76377952755905,1632491204,5.384683322085668e-05,0.0292928721678671,0.0433952862570791,5,,
bert-base,9,24,53.74015748031496,55.511811023622045,620284775,6.171097152730285e-06,1.0358121329691904e-05,0.0517781065921317,2,,
bert-base,9,25,60.43307086614173,59.645669291338585,671818886,7.760523593939881e-06,0.0147700575150752,0.0055350975792371,3,,
bert-base,9,26,68.7007874015748,64.76377952755905,884048955,4.574755902963898e-05,0.0144891487580522,0.146473258521443,10,,
bert-base,9,27,65.55118110236221,62.99212598425197,1134581511,8.995488326210671e-06,0.0015840357929009,0.0495805832397822,10,,
bert-base,9,28,68.50393700787401,66.14173228346456,742774008,3.3493501080637845e-05,0.0500651525176356,0.0626251361680513,9,,
bert-base,9,29,65.15748031496064,62.99212598425197,547954290,1.6040000659371784e-05,0.0037246133255221,0.0969756115493765,7,,
bert-base,10,0,71.484375,67.96875,1762152130,4.217961759221332e-05,0.0115527084016285,0.1922068700125347,5,,
bert-base,10,1,69.3359375,65.625,1030845811,3.600004116677546e-05,0.0716033405566654,0.1449518325071724,3,,
bert-base,10,2,68.359375,62.109375,1477055106,2.584545855836023e-05,0.0164423582943138,0.1999083391936917,10,,
bert-base,10,3,66.015625,65.234375,1582521573,6.955067647829239e-05,0.009765362069181,0.1020875132514766,4,,
bert-base,10,4,70.703125,66.015625,219491163,3.333124870501388e-05,0.0002744837248657,0.0892383635066666,7,,
bert-base,10,5,70.5078125,64.84375,1055007057,3.053747650881123e-05,1.3141883815217963e-05,0.1059075457901014,3,,
bert-base,10,6,67.96875,60.7421875,1762383267,3.1542592080662355e-05,0.0067483372671735,0.059172182070054,8,,
bert-base,10,7,70.5078125,63.28125,570704382,3.221341445486437e-05,0.0218739145020551,0.040267249009409,8,,
bert-base,10,8,62.109375,55.078125,509682225,6.312353934998652e-06,0.0004773052084544,0.0298851959319133,2,,
bert-base,10,9,63.0859375,60.546875,1140287932,7.472672251233763e-06,3.3739259297461686e-05,0.0156186882527326,2,,
bert-base,10,10,67.96875,61.328125,778990616,5.975512443654346e-06,0.0054127839845298,0.1998280549663876,10,,
bert-base,10,11,66.2109375,61.9140625,131866341,1.616671517589387e-05,1.251166562278236e-05,0.0943103697113063,3,,
bert-base,10,12,66.2109375,64.2578125,1984990213,9.858318114938206e-05,0.0489892799865687,0.0080557959223565,4,,
bert-base,10,13,69.53125,65.8203125,1904259854,9.904777947816286e-06,0.0010474323188478,0.1884921626980884,10,,
bert-base,10,14,70.8984375,65.0390625,1568705471,5.983774555974308e-05,0.0169978408424519,0.1684185874734598,8,,
bert-base,10,15,68.9453125,64.6484375,747445737,7.498711860265788e-05,0.0028853471377308,0.0347214015712431,10,,
bert-base,10,16,71.484375,64.0625,1285868907,1.163897501263834e-05,0.0211536640299442,0.0645343419164163,8,,
bert-base,10,17,69.921875,62.109375,824160625,3.088674586569932e-05,0.0039518655095132,0.1921951282440959,10,,
bert-base,10,18,66.015625,59.5703125,951269788,5.967935770367569e-06,0.0004635069798859,0.0313747591272031,8,,
bert-base,10,19,69.3359375,63.671875,882954360,1.6387771828542496e-05,0.0038384261821275,0.0459704019096351,6,,
bert-base,10,20,59.9609375,55.859375,1694495556,7.759466748881557e-06,0.0001474276265881,0.0189015656601166,2,,
bert-base,10,21,59.765625,56.4453125,933500819,5.753662490195444e-06,0.0150298085463677,0.1066463166562827,2,,
bert-base,10,22,68.5546875,62.5,202866303,2.1449043888095876e-05,9.53893300462521e-05,0.0374067089052026,8,,
bert-base,10,23,69.921875,67.7734375,2090237314,9.588371842358896e-05,0.014151543364626,0.0731576014769623,5,,
bert-base,10,24,69.921875,66.015625,1948695730,9.492481907652736e-05,0.0056334643952797,0.0427748033180261,8,,
bert-base,10,25,66.796875,62.890625,339293055,1.3125659930309505e-05,0.0967287933176825,0.1982631819056306,7,,
bert-base,10,26,65.8203125,59.9609375,631807642,9.22609175694682e-06,0.0598294728251687,0.0863628412045381,2,,
bert-base,10,27,69.140625,66.6015625,532339597,8.54571030360493e-05,2.7749991492577047e-05,0.0570341269449439,3,,
bert-base,10,28,66.796875,60.9375,2147095891,1.458601307570813e-05,0.0094311636161284,0.0842028443645814,3,,
bert-base,10,29,68.359375,60.9375,1887090849,1.1709899077686188e-05,1.2728435932731305e-05,0.0927397197715644,6,,
bert-base,11,0,57.72200772200773,63.706563706563706,249178409,6.236048002378391e-06,0.0005387265557917,0.1099847303589646,6,,
bert-base,11,1,66.40926640926641,66.40926640926641,290112036,2.3953013541781384e-05,0.0004796805349499,0.1587801506054961,7,,
bert-base,11,2,69.11196911196912,69.3050193050193,179951467,7.244430747199445e-05,0.0091940902499445,0.1734168012827608,5,,
bert-base,11,3,64.0926640926641,64.0926640926641,2021161906,5.470984608989652e-05,0.0029487360551392,0.0804447579384986,4,,
bert-base,11,4,65.05791505791505,67.76061776061776,1050546632,4.559785738106477e-05,0.0895948990219366,0.0478554659005333,3,,
bert-base,11,5,68.72586872586872,68.53281853281854,1304352815,1.4687390767993611e-05,0.0003672051509741,0.1771428371985112,8,,
bert-base,11,6,64.67181467181467,67.18146718146718,870909394,1.268763762752395e-05,0.0044618918085749,0.0525272559121388,10,,
bert-base,11,7,66.02316602316603,68.72586872586872,1201471600,1.136116407465133e-05,0.0053695935966727,0.1865094504153203,7,,
bert-base,11,8,62.54826254826255,64.86486486486487,335187905,1.3081444415350116e-05,1.0774067549359976e-05,0.052534764271819,3,,
bert-base,11,9,63.12741312741313,65.83011583011583,507579890,9.808753478195198e-06,0.0225734467048737,0.1519362529191432,8,,
bert-base,11,10,66.02316602316603,68.53281853281854,786026763,5.246101406852641e-05,6.965440812036978e-05,0.1566365228023042,3,,
bert-base,11,11,62.93436293436294,66.98841698841699,1466121590,1.0087692952410466e-05,0.0002047284841064,0.1382944800469957,7,,
bert-base,11,12,64.0926640926641,66.98841698841699,926951676,2.1239998430744424e-05,2.3636107711727536e-05,0.0093474887166003,7,,
bert-base,11,13,64.28571428571429,66.40926640926641,500029547,2.537214851900846e-05,0.0003691013986114,0.1618039252541445,9,,
bert-base,11,14,64.67181467181467,67.76061776061776,404832366,1.2977320025245436e-05,0.0075713814541501,0.1496951550207701,10,,
bert-base,11,15,61.1969111969112,62.74131274131274,1862650621,4.08475578951681e-05,0.0003707497237702,0.1024595638623379,5,,
bert-base,11,16,62.93436293436294,67.95366795366796,1362566896,7.657383304838872e-05,0.0908307633827558,0.0963917377423279,4,,
bert-base,11,17,58.108108108108105,62.54826254826255,237429581,7.410143400332437e-06,0.0004114873224545,0.1325260669554386,2,,
bert-base,11,18,60.424710424710426,63.51351351351352,1208551560,5.0367063017650735e-06,0.047302274923017,0.1131940744372057,7,,
bert-base,11,19,66.21621621621621,66.02316602316603,396261656,3.615245877754595e-05,0.00078048933772,0.1037372544872076,8,,
bert-base,11,20,67.76061776061776,69.11196911196912,2015393778,3.645376468158723e-05,5.815831686236441e-05,0.0691465043326567,3,,
bert-base,11,21,58.88030888030888,61.003861003861005,2143827135,9.273959067424604e-06,0.0001234968579651,0.1443130400119329,2,,
bert-base,11,22,69.4980694980695,65.83011583011583,1628317701,4.577231155987773e-05,0.0014821653495226,0.0515108150507286,10,,
bert-base,11,23,66.40926640926641,66.6023166023166,1450700387,1.6971910826257577e-05,0.0095993148638779,0.0732378177352431,8,,
bert-base,11,24,65.25096525096525,66.79536679536679,1160927170,3.47865991482381e-05,0.0010835586166608,0.0671994444436978,8,,
bert-base,11,25,58.68725868725869,65.44401544401545,1043443905,5.4601517125299445e-06,0.0004767917238415,0.0997758795118962,8,,
bert-base,11,26,62.54826254826255,66.79536679536679,379909120,2.1372504846951903e-05,0.0001527537124024,0.0003619694296113,8,,
bert-base,11,27,64.0926640926641,69.11196911196912,1057345467,2.749499408631789e-05,0.0123883953142205,0.0101374014687101,2,,
bert-base,11,28,66.21621621621621,66.02316602316603,1874191906,5.729424054732854e-05,4.97518119728173e-05,0.1920835846387594,10,,
bert-base,11,29,63.706563706563706,66.40926640926641,2050388025,2.5263185632334345e-05,0.0252782327612127,0.0682642003258923,9,,
bert-base,12,0,71.70542635658914,65.57059961315281,168202162,5.3347485485331945e-05,0.0010683105461459,0.1024921111107142,6,,
bert-base,12,1,68.21705426356588,65.95744680851064,1793390834,5.85308131310318e-05,1.732612672938651e-05,0.0488720453341505,6,,
bert-base,12,2,72.48062015503876,66.15087040618955,1772727780,3.4598476473506785e-05,0.0008509114434326,0.074987430702409,7,,
bert-base,12,3,63.17829457364341,58.02707930367505,955070780,7.793286812226553e-06,1.2906352092774176e-05,0.0195062322373164,2,,
bert-base,12,4,71.12403100775194,64.21663442940039,1034571988,1.907219362163087e-05,0.0692494001140503,0.0791048585265707,7,,
bert-base,12,5,72.09302325581395,65.57059961315281,1311561077,2.985804365037532e-05,0.0116598776589921,0.1494019872544289,3,,
bert-base,12,6,64.72868217054264,58.6073500967118,796730582,5.901439805614447e-06,7.544033953222373e-05,0.0570003252690351,4,,
bert-base,12,7,68.21705426356588,64.21663442940039,1004721957,3.160027486136058e-05,0.0038897354881136,0.0424429075344775,8,,
bert-base,12,8,67.63565891472868,62.66924564796905,1574560770,5.891543302989372e-06,0.0581656963357681,0.1910782964592168,7,,
bert-base,12,9,70.15503875968992,61.31528046421664,1939782337,6.448840937139443e-06,9.579570449337844e-05,0.1864714904074907,8,,
bert-base,12,10,64.53488372093024,65.18375241779498,1499227703,9.198854425528833e-06,0.0199552784105274,0.1374236374898368,8,,
bert-base,12,11,67.63565891472868,62.86266924564797,1413367651,6.200799522983332e-05,0.0124095912489955,0.050835177180766,3,,
bert-base,12,12,66.86046511627907,65.37717601547389,710055334,6.016146609159323e-06,9.037142885751056e-05,0.0468810243885343,5,,
bert-base,12,13,71.31782945736434,67.69825918762089,432717357,5.6871510630410525e-05,0.0001533680675258,0.0817388732744713,9,,
bert-base,12,14,68.9922480620155,63.44294003868472,2020187556,1.1257008874087704e-05,5.857360155045951e-05,0.1678859042270676,5,,
bert-base,12,15,66.47286821705427,65.95744680851064,298861401,1.403052631509636e-05,0.0699041357193522,0.0067356610033954,10,,
bert-base,12,16,68.6046511627907,62.86266924564797,1399072951,1.8643592764267142e-05,0.0781780835101137,0.1514952422010702,2,,
bert-base,12,17,67.24806201550388,64.99032882011605,493534745,9.991251903506466e-05,9.46817553458333e-05,0.1231877133556033,3,,
bert-base,12,18,63.372093023255815,58.99419729206964,65179388,6.428543464329339e-06,0.0012179825259531,0.007728475056793,3,,
bert-base,12,19,70.93023255813954,64.21663442940039,1199165923,8.454196704910399e-05,0.0121068200409893,0.113659782981185,9,,
bert-base,12,20,67.24806201550388,65.57059961315281,774171311,5.146958744784274e-05,1.3899974856623044e-05,0.0400674957071259,9,,
bert-base,12,21,69.96124031007751,65.95744680851064,1710008473,8.834698625487651e-05,0.0713987683828362,0.0172391879566814,5,,
bert-base,12,22,71.70542635658914,65.37717601547389,771948888,2.955519533322896e-05,3.892849700651353e-05,0.1167381967346108,7,,
bert-base,12,23,63.17829457364341,67.50483558994198,671843429,6.809155121622752e-06,8.383246848828685e-05,0.0191391273089508,8,,
bert-base,12,24,66.08527131782945,67.11798839458415,1722973235,1.0088030588401633e-05,2.158710026612488e-05,0.1710814969334229,10,,
bert-base,12,25,72.09302325581395,66.7311411992263,767693031,4.954967151267357e-05,7.784994312462219e-05,0.0405853738595244,10,,
bert-base,12,26,65.50387596899225,64.4100580270793,1911944601,1.2597875223245066e-05,0.0008478964400183,0.0017832302256696,2,,
bert-base,12,27,70.34883720930233,62.47582205029013,700100395,2.086613550285952e-05,0.0002115292256346,0.1517944054756085,10,,
bert-base,12,28,70.93023255813954,64.60348162475822,864508023,7.308902874662309e-05,0.002684882819293,0.0886382281959978,9,,
bert-base,12,29,69.18604651162791,64.60348162475822,768932694,9.623234957800743e-05,0.0002076061099967,0.1385666659529924,9,,
bert-base,13,0,66.14481409001957,63.20939334637965,1432811207,5.932619899437202e-05,0.0008861111842616,0.1648553189593769,9,,
bert-base,13,1,65.55772994129158,64.38356164383562,1497965214,9.8366044275107e-06,8.647756045460278e-05,0.1809690272272286,5,,
bert-base,13,2,67.31898238747554,68.4931506849315,400797768,1.8082496417039888e-05,0.0015385439133185,0.1245901494540038,10,,
bert-base,13,3,59.09980430528376,58.9041095890411,973969945,9.771946628863524e-06,1.0327513112523212e-05,0.0998819054436732,2,,
bert-base,13,4,66.73189823874755,64.9706457925636,1113944664,1.5184121829103167e-05,0.0367937345373105,0.032152984113473,10,,
bert-base,13,5,65.94911937377691,65.75342465753425,1750767462,2.1484858719413485e-05,0.0488001843210282,0.1544754414631843,3,,
bert-base,13,6,61.839530332681015,58.70841487279844,1016331728,5.035100558521171e-06,1.0125710542411022e-05,0.0155148691024151,4,,
bert-base,13,7,67.12328767123287,64.38356164383562,1527294160,1.3552363869582702e-05,0.0010614500602999,0.0001246015870964,5,,
bert-base,13,8,62.62230919765166,65.94911937377691,1920297462,8.771134688747796e-05,0.0177011622679609,0.1588854515919192,9,,
bert-base,13,9,69.86301369863014,66.14481409001957,1194315349,8.659290590537814e-05,0.0077968184080191,0.0043953708978297,9,,
bert-base,13,10,66.92759295499022,63.60078277886497,14870883,1.7537385982216148e-05,0.0013217113679659,0.1520300298452283,3,,
bert-base,13,11,67.90606653620353,65.55772994129158,637043544,2.742151499823932e-05,0.0946372338536725,0.1583227609794347,7,,
bert-base,13,12,63.40508806262231,64.18786692759295,979679828,8.355544937410296e-06,0.0068082926098337,0.1010314628498729,8,,
bert-base,13,13,66.14481409001957,67.90606653620353,294548058,5.789186995508909e-05,0.0498343390599416,0.156273089685423,2,,
bert-base,13,14,68.68884540117416,65.55772994129158,633419478,3.053717135629455e-05,0.0042779753058889,0.1010793782445876,8,,
bert-base,13,15,65.94911937377691,63.99217221135029,663026336,1.168238697212331e-05,0.0071504875951598,0.1228990301288251,8,,
bert-base,13,16,65.75342465753425,63.40508806262231,197431029,6.397984274602877e-05,0.0138802422581407,0.1247417770180425,6,,
bert-base,13,17,70.0587084148728,66.14481409001957,1461608580,4.9022014944660126e-05,0.0022132699886726,0.1829116984251279,7,,
bert-base,13,18,68.68884540117416,65.16634050880626,1154909129,1.3657749996548994e-05,2.6373416524413698e-05,0.1877269688730948,6,,
bert-base,13,19,66.14481409001957,67.12328767123287,927819518,3.41855513141085e-05,5.732335445402506e-05,0.1535367190507945,3,,
bert-base,13,20,67.12328767123287,61.839530332681015,1450031758,3.0657479780012006e-05,0.0001726820757157,0.0694494860562285,2,,
bert-base,13,21,67.71037181996086,64.18786692759295,1881740420,7.196094957251972e-06,1.5831363724386115e-05,0.0085579639003856,10,,
bert-base,13,22,65.16634050880626,63.20939334637965,1820534943,6.3664346076968765e-06,5.260453712635452e-05,0.1294836348906577,6,,
bert-base,13,23,68.10176125244618,65.16634050880626,1004432396,2.5385217501860792e-05,0.0038676249970153,0.1422132160073319,8,,
bert-base,13,24,67.5146771037182,60.66536203522505,727024567,6.497483110263115e-06,0.0014184490597196,0.1837534611935281,7,,
bert-base,13,25,68.4931506849315,66.14481409001957,422207640,1.6484157607051948e-05,0.0017940766949251,0.0225428157789419,5,,
bert-base,13,26,63.40508806262231,61.448140900195696,726066491,9.52518196073056e-06,0.0465266482426804,0.0432333959837187,4,,
bert-base,13,27,66.73189823874755,65.16634050880626,2046191807,2.5076677620973796e-05,0.0034104574562038,0.035565920229474,7,,
bert-base,13,28,61.64383561643836,60.46966731898239,725763019,5.637551641345206e-06,6.868540963774512e-05,0.0907823638344511,4,,
bert-base,13,29,67.12328767123287,64.57925636007828,239219790,8.514863942438922e-05,0.0087579259523465,0.1045669182367477,5,,
bert-base,14,0,62.26053639846743,63.09751434034417,1829814338,5.889193187332997e-06,0.0210441140649937,0.1195128482708216,9,,
bert-base,14,1,61.877394636015325,65.39196940726578,512226043,2.7401807144143047e-05,0.0010936208220846,0.0165236661731642,2,,
bert-base,14,2,63.793103448275865,62.90630975143404,1121394567,5.7003480147518825e-06,0.0118847607881764,0.1621366734993477,8,,
bert-base,14,3,66.47509578544062,65.00956022944551,178654899,9.410731128956844e-06,0.0400888416750175,0.1629021197968453,6,,
bert-base,14,4,63.98467432950192,65.20076481835564,1367760350,3.5525951458715576e-05,9.504366789810452e-05,0.0340386921771107,2,,
bert-base,14,5,60.15325670498084,60.80305927342256,1193656643,5.536478072147989e-06,0.0429260126332153,0.1649086409468931,4,,
bert-base,14,6,64.75095785440612,64.24474187380497,328943718,7.983023418277357e-06,0.0001048511738117,0.0248977617813302,6,,
bert-base,14,7,60.53639846743295,59.08221797323136,1939294083,8.423841251620315e-06,0.0007284226253394,0.0341863597296798,9,,
bert-base,14,8,63.40996168582375,65.77437858508604,471666379,4.253625310846222e-05,0.0037366382738398,0.1019555214185313,8,,
bert-base,14,9,62.452107279693486,63.09751434034417,1215299210,3.581564884708653e-05,0.0011793265196151,0.0650878850233516,3,,
bert-base,14,10,65.51724137931035,65.39196940726578,1284598848,2.3484807481129268e-05,0.0001491121618387,0.151959035398568,5,,
bert-base,14,11,61.68582375478927,63.67112810707457,1450147156,2.930835798899995e-05,0.0086892301680843,0.0199368981420293,2,,
bert-base,14,12,61.68582375478927,63.67112810707457,1459790205,9.207943873956482e-05,0.0003204226833914,0.0331639129253413,6,,
bert-base,14,13,45.97701149425287,47.9923518164436,1212486042,6.511897039341415e-06,0.0093778984314972,0.140348912661355,2,,
bert-base,14,14,65.13409961685824,65.00956022944551,283971965,1.0220293032036804e-05,0.0003200774447412,0.1479352941177389,9,,
bert-base,14,15,65.13409961685824,65.96558317399618,411997204,9.593057755933767e-05,0.0240990789294934,0.1109375521311174,4,,
bert-base,14,16,62.452107279693486,62.33269598470363,1726581877,5.909909024748757e-06,0.0005515650064411,0.0560536689924549,7,,
bert-base,14,17,61.877394636015325,66.34799235181644,781305645,3.903269636282412e-05,0.0014043575811246,0.1584507387504742,3,,
bert-base,14,18,63.40996168582375,65.00956022944551,417349073,6.391614291039896e-06,8.997154123279138e-05,0.0677375069014804,8,,
bert-base,14,19,64.17624521072797,66.34799235181644,716002100,1.387863631747192e-05,0.0071775745249372,0.1734685350468684,8,,
bert-base,14,20,67.43295019157088,65.77437858508604,1361035136,8.802252531565692e-05,0.0016721547431117,0.1775180308323211,10,,
bert-base,14,21,63.98467432950192,62.90630975143404,2040662897,1.5069230528695704e-05,2.9007088703203987e-05,0.1659220078634744,9,,
bert-base,14,22,63.40996168582375,63.47992351816443,1610229010,1.0987764277201642e-05,0.0013315450238886,0.1212649052568586,4,,
bert-base,14,23,63.2183908045977,63.09751434034417,1680720048,1.6273977138136007e-05,0.0831918287233267,0.1675870440400106,5,,
bert-base,14,24,66.47509578544062,70.74569789674952,1394187243,6.679324059641827e-05,0.0564181497716851,0.023078688580579,10,,
bert-base,14,25,61.877394636015325,65.00956022944551,1538410531,8.778584261455215e-05,0.0006252518370262,0.1015661991873712,8,,
bert-base,14,26,65.7088122605364,68.06883365200765,1099679637,4.789552993413194e-05,0.0003710005546153,0.0647706584483218,6,,
bert-base,14,27,60.91954022988506,62.7151051625239,553882267,8.816162163307828e-06,0.0019086842093719,0.0427059745858648,8,,
bert-base,14,28,64.75095785440612,65.96558317399618,81605393,1.9044445189354185e-05,0.0014979579380851,0.1693255755308078,5,,
bert-base,14,29,61.877394636015325,63.86233269598471,686611422,3.590962307903336e-05,0.0414738391297502,0.1096404554149403,4,,
bert-base,15,0,63.31360946745562,56.2992125984252,1487961349,8.353234710874838e-06,0.0297629645168316,0.003129981396464,2,,
bert-base,15,1,66.46942800788955,68.7007874015748,1046659737,7.951245750581697e-05,0.0001622269118111,0.1926852409663862,7,,
bert-base,15,2,62.32741617357002,57.28346456692913,229897276,6.26671786591744e-06,0.0101876254786872,0.0315965580283201,3,,
bert-base,15,3,66.0749506903353,64.96062992125984,129922834,3.601641859124116e-05,0.0002152549446084,0.147809392532447,5,,
bert-base,15,4,61.341222879684416,60.62992125984252,1345703991,5.378210054784567e-06,0.0046559326650315,0.0304459715443129,9,,
bert-base,15,5,66.86390532544378,64.96062992125984,1370294451,8.756476272002649e-05,0.0010009528806764,0.0321718095008432,7,,
bert-base,15,6,66.66666666666667,63.38582677165354,114114469,1.8268020605710377e-05,0.0137480599976704,0.154696783379632,4,,
bert-base,15,7,65.48323471400394,66.14173228346456,1172955630,4.803517468104528e-05,0.0035784657194803,0.0246991944661223,4,,
bert-base,15,8,63.70808678500986,65.15748031496064,390008570,3.169766778526403e-05,3.552208983797088e-05,0.1262068972386538,7,,
bert-base,15,9,64.69428007889546,64.37007874015748,1929105220,8.349327477984964e-05,0.0254492018013726,0.1474659200664104,9,,
bert-base,15,10,64.1025641025641,62.00787401574803,1290558888,5.783793858462979e-05,0.0006283946553439,0.1105955462044109,4,,
bert-base,15,11,62.91913214990138,66.53543307086615,273345171,7.963438950532729e-05,0.0001368166204827,0.1902989895850031,8,,
bert-base,15,12,63.31360946745562,66.33858267716535,329850983,9.20186510096662e-05,0.0986694231115988,0.1308160924263836,6,,
bert-base,15,13,61.1439842209073,55.90551181102362,1223202242,5.115193435427391e-06,0.0027525847937596,0.1691217535931467,3,,
bert-base,15,14,64.69428007889546,62.20472440944882,2074092047,8.84314566555665e-06,0.0027904323799899,0.032261410677845,6,,
bert-base,15,15,63.905325443786985,60.43307086614173,1004050948,1.1325948554298077e-05,2.3178900863835624e-05,0.0126753006147723,10,,
bert-base,15,16,62.72189349112426,60.62992125984252,1174271728,8.316521333505586e-06,0.0011349992016982,0.1310028201133598,3,,
bert-base,15,17,67.85009861932939,62.40157480314961,946369973,1.7655193600035352e-05,0.0005870432035266,0.0885150732120365,3,,
bert-base,15,18,68.44181459566074,66.53543307086615,1333823374,5.436608068277304e-05,6.542882853428863e-05,0.1562035814859269,7,,
bert-base,15,19,70.41420118343196,67.71653543307086,1126508983,9.85679406301728e-05,0.0043021117274532,0.0156173396018849,7,,
bert-base,15,20,66.0749506903353,63.58267716535433,1764341532,1.93760625513948e-05,3.185564632296977e-05,0.1090121241886987,4,,
bert-base,15,21,67.85009861932939,64.76377952755905,1199458535,1.155323147432246e-05,0.0170123266364849,0.0169947993418102,9,,
bert-base,15,22,64.69428007889546,59.44881889763779,1100516255,6.713310621893168e-06,4.0820829368409845e-05,0.074564629576659,4,,
bert-base,15,23,64.29980276134123,60.62992125984252,2090700575,5.226252978577434e-06,0.0005326446367533,0.0357690895751472,10,,
bert-base,15,24,64.29980276134123,64.76377952755905,90479968,5.965059366002924e-05,0.0006360695112336,0.0884587148773672,5,,
bert-base,15,25,64.1025641025641,63.976377952755904,986503666,2.130351125881592e-05,0.0641976890447678,0.1897024526649612,10,,
bert-base,15,26,67.0611439842209,65.35433070866142,856442780,6.367138837519024e-05,0.0176766084485936,0.1023047514876251,8,,
bert-base,15,27,61.341222879684416,58.66141732283464,175013033,6.146385409352434e-06,0.0002679533534151,0.1284563712604765,4,,
bert-base,15,28,64.69428007889546,65.94488188976378,13385159,7.127188506412834e-05,0.0911444139896215,0.0322475038793209,10,,
bert-base,15,29,63.51084812623274,60.03937007874016,1659195792,1.1374781826056078e-05,0.0008381814513182,0.1022671777357753,2,,
bert-base,16,0,63.372093023255815,70.98646034816248,427916147,2.096534122936545e-05,0.0002149134492324,0.0486440881982011,10,,
bert-base,16,1,61.24031007751938,69.63249516441006,2120196535,5.832116626009029e-06,0.000786044898281,0.0823032100263647,7,,
bert-base,16,2,67.05426356589147,70.40618955512572,1447266364,5.638966246562173e-05,0.0013459290226472,0.1238738293091318,6,,
bert-base,16,3,64.34108527131782,69.63249516441006,1645408102,9.43272409214072e-05,0.0554008810088267,0.0393223751606838,3,,
bert-base,16,4,62.2093023255814,66.15087040618955,965005569,2.201997932612279e-05,2.8417235396491117e-05,0.0671278784316156,2,,
bert-base,16,5,64.14728682170542,66.53771760154739,1547706133,4.3427280649514576e-05,5.148996552575166e-05,0.0386028711033841,5,,
bert-base,16,6,62.2093023255814,67.50483558994198,237343618,5.602000656210165e-05,0.0451778465377111,0.0886455411269098,3,,
bert-base,16,7,65.11627906976744,69.24564796905223,1573271019,3.663121569364212e-05,2.775313209132686e-05,0.1655297648062198,2,,
bert-base,16,8,64.92248062015504,68.85880077369438,590325329,8.700515102952757e-06,0.0762619603983284,0.1635659590654174,9,,
bert-base,16,9,62.5968992248062,67.8916827852998,1279184949,1.2581928241917842e-05,0.000998807407052,0.1454609052366878,7,,
bert-base,16,10,67.05426356589147,70.59961315280464,436042908,1.918854947294165e-05,0.0186667070666919,0.1321548366011526,10,,
bert-base,16,11,63.565891472868216,69.05222437137331,689026028,2.750952960861197e-05,1.0077157541035347e-05,0.1876954216929638,4,,
bert-base,16,12,62.4031007751938,65.57059961315281,1581347458,2.0958428668530897e-05,1.8012170266102737e-05,0.1264790243832818,3,,
bert-base,16,13,67.63565891472868,68.47195357833655,1709657148,7.526144403039781e-05,0.0022467439471747,0.1671313076923619,4,,
bert-base,16,14,56.007751937984494,59.38104448742747,1114409511,5.306221786852869e-06,0.0006351977589832,0.1384988808346361,2,,
bert-base,16,15,62.01550387596899,66.15087040618955,919679463,9.030563834795054e-06,2.097589696475209e-05,0.1110706774399855,7,,
bert-base,16,16,65.31007751937985,67.69825918762089,1401167690,9.1720003123521e-06,0.0933905651953637,0.072249322380209,8,,
bert-base,16,17,64.92248062015504,69.05222437137331,1234866663,2.2572851812414807e-05,0.0005893262903373,0.1226626403897341,7,,
bert-base,16,18,67.44186046511628,69.43907156673114,1024979454,3.5171634689008265e-05,0.0051867758454799,0.0571812393516967,3,,
bert-base,16,19,64.72868217054264,67.31141199226306,326506858,1.093861097264141e-05,0.0003741254856158,0.0572290978369538,10,,
bert-base,16,20,67.63565891472868,70.98646034816248,844640984,4.172389977941999e-05,8.452267915560802e-05,0.1669779560643236,9,,
bert-base,16,21,62.2093023255814,66.92456479690522,882312884,7.928137499877921e-06,0.0295869312379833,0.1682951054080319,5,,
bert-base,16,22,65.50387596899225,70.59961315280464,1390152348,1.9711180877093005e-05,4.376615875968974e-05,0.1971208230381431,4,,
bert-base,16,23,67.82945736434108,72.34042553191489,303091194,2.2790507568747283e-05,0.0010234925017008,0.0262743381411973,9,,
bert-base,16,24,56.58914728682171,59.57446808510638,331259497,1.0082713567775898e-05,0.0006067061006964,0.0431226106111521,2,,
bert-base,16,25,66.47286821705427,68.66537717601547,1930999173,6.155833301140594e-05,0.0038699660718293,0.105168728671723,10,,
bert-base,16,26,65.11627906976744,70.01934235976789,1224124066,4.798696697173307e-05,0.0042022750891258,0.1615654116393744,7,,
bert-base,16,27,65.50387596899225,68.47195357833655,1210697568,2.221871086074544e-05,0.0002139743182089,0.1050830018075129,4,,
bert-base,16,28,53.29457364341085,58.80077369439071,206359298,6.449737064376063e-06,0.0010913805944236,0.1469572102703056,2,,
bert-base,16,29,60.07751937984496,66.53771760154739,582035675,6.100951563807219e-06,0.0010435566603471,0.1368933798470907,5,,
bert-base,17,0,64.49136276391555,68.52207293666027,999589433,9.483762792106449e-06,0.0151683172986831,0.0610397097573593,4,,
bert-base,17,1,62.57197696737044,70.82533589251439,660429816,6.543692955698111e-05,0.0253374132885535,0.17832844418839,8,,
bert-base,17,2,63.14779270633397,70.24952015355086,558210265,3.4702766772094854e-05,0.0004984617754406,0.1061459372737446,2,,
bert-base,17,3,61.42034548944338,68.13819577735124,46733431,1.628511857018624e-05,0.0035522030859132,0.1991920920609654,2,,
bert-base,17,4,62.57197696737044,68.52207293666027,2090034948,6.813268480879184e-06,0.0009114280624444,0.1481756951273902,8,,
bert-base,17,5,62.76391554702495,66.41074856046065,1990117470,1.918105247733015e-05,0.0001157584563264,0.1386618745457249,2,,
bert-base,17,6,64.29942418426104,67.94625719769674,1975874204,1.5506164078965394e-05,0.0025737243715199,0.1356590533749022,7,,
bert-base,17,7,68.90595009596929,71.78502879078695,1787156738,4.018478277421474e-05,0.0004256335407262,0.0382384979174205,6,,
bert-base,17,8,56.046065259117086,60.26871401151632,98191620,7.566018623258678e-06,0.0030484976623913,0.0100997183920571,3,,
bert-base,17,9,59.69289827255278,66.41074856046065,69974280,1.1368748380133516e-05,4.440693307068757e-05,0.1544393109915979,2,,
bert-base,17,10,65.83493282149712,71.20921305182341,1186534653,7.676617049266684e-05,4.8367152974343485e-05,0.1843210467577636,4,,
bert-base,17,11,64.87523992322457,64.68330134357005,1428127544,6.384589161936362e-06,1.3834908111748724e-05,0.1038679705523479,9,,
bert-base,17,12,61.99616122840691,67.17850287907869,879803169,1.4281550781795634e-05,0.0031976734343765,0.1200483120308372,4,,
bert-base,17,13,66.21880998080614,73.32053742802303,1152714985,6.269604150124314e-05,0.0017104816456149,0.1385645523286149,10,,
bert-base,17,14,62.57197696737044,68.71401151631478,421564087,6.78011142375098e-06,0.0115496098639293,0.0962444219972635,8,,
bert-base,17,15,65.06717850287907,68.90595009596929,710984731,9.441477422957964e-05,5.344082317404316e-05,0.096072551748504,5,,
bert-base,17,16,65.83493282149712,64.87523992322457,954006931,6.360565885890839e-05,1.129558930623582e-05,0.1585616354575701,9,,
bert-base,17,17,65.4510556621881,72.16890595009598,1140225556,4.2890963068476975e-05,0.0557559025668409,0.0868039968497444,7,,
bert-base,17,18,60.65259117082534,67.75431861804222,359362442,1.9837636264700337e-05,0.0011664115008443,0.1026801878927688,4,,
bert-base,17,19,64.49136276391555,65.4510556621881,814787803,1.4277846434148252e-05,0.0021538524762324,0.0069808319501379,7,,
bert-base,17,20,66.79462571976967,69.86564299424184,1901749125,2.1455261236789725e-05,0.0001032034155517,0.1237965001574633,6,,
bert-base,17,21,66.79462571976967,72.16890595009598,2079972949,7.873565169361895e-05,0.0016253949739382,0.1273150101691334,4,,
bert-base,17,22,64.29942418426104,69.28982725527831,1525076637,3.0225351425897825e-05,0.0001841785757822,0.0459074209423769,10,,
bert-base,17,23,57.77351247600768,59.30902111324376,1430977045,5.309938298085483e-06,0.0025165238750874,0.0406940144607409,2,,
bert-base,17,24,66.79462571976967,71.20921305182341,529940011,5.252116472036166e-05,0.0084205676075056,0.1572463412163679,10,,
bert-base,17,25,66.79462571976967,70.24952015355086,294461888,8.860321648315213e-05,0.0186964116648507,0.0294630325560647,8,,
bert-base,17,26,63.72360844529751,68.13819577735124,1546520432,8.459321842573659e-05,0.0200236085359875,0.1412652973404952,8,,
bert-base,17,27,65.25911708253359,70.05758157389636,1459926369,2.0053430214941145e-05,0.0002341020907843,0.0949985432188787,9,,
bert-base,17,28,65.4510556621881,71.0172744721689,1609640890,7.363202074254088e-05,8.190537028342356e-05,0.0795162780970667,7,,
bert-base,17,29,65.4510556621881,68.52207293666027,1195513815,4.693840679004824e-05,2.429801258883558e-05,0.0997331006138148,4,,
bert-base,18,0,61.05675146771037,63.40508806262231,464246797,5.87784344871055e-06,0.0040031771377693,0.1721120932672445,4,,
bert-base,18,1,65.55772994129158,64.77495107632095,1819915571,1.1974847244945152e-05,5.102158352705485e-05,0.0894599393184339,4,,
bert-base,18,2,65.75342465753425,65.16634050880626,141986586,1.5408554291939413e-05,0.0081162132824902,0.0857612893330561,3,,
bert-base,18,3,63.99217221135029,67.31898238747554,509460452,8.882374273314781e-05,0.0040082472886468,0.0765439058773691,10,,
bert-base,18,4,64.18786692759295,67.31898238747554,161176848,2.7045479070695324e-05,0.0032119802066854,0.1128401845150321,3,,
bert-base,18,5,69.66731898238747,71.62426614481409,254026379,6.188648520433779e-05,6.221712075806403e-05,0.0537888507138875,10,,
bert-base,18,6,65.16634050880626,67.12328767123287,1370496809,9.446535841215344e-05,3.239304678621286e-05,0.1785770142253847,10,,
bert-base,18,7,64.18786692759295,66.92759295499022,980524651,6.989584132195168e-06,1.537853892481271e-05,0.1012046214036963,6,,
bert-base,18,8,68.10176125244618,67.71037181996086,1888812481,2.6370240001357024e-05,0.0005104843312343,0.0079425027735982,3,,
bert-base,18,9,68.88454011741683,70.84148727984345,54239192,3.4615110455968746e-05,0.0012618780324606,0.0913525677493385,10,,
bert-base,18,10,68.29745596868885,70.0587084148728,352567493,2.695289342630812e-05,3.173446503621679e-05,0.1747104523559299,7,,
bert-base,18,11,61.64383561643836,63.20939334637965,381791635,5.600953839982293e-06,0.0001323902044448,0.0710953438852654,3,,
bert-base,18,12,69.08023483365949,70.0587084148728,1409319123,3.749791429332921e-05,4.757729090745722e-05,0.063186121972959,7,,
bert-base,18,13,61.05675146771037,63.40508806262231,1859707411,1.3627819388212492e-05,0.0009476621549202,0.1107661694568881,2,,
bert-base,18,14,67.5146771037182,71.23287671232876,1471115655,7.087727401051979e-05,3.587061765910077e-05,0.133958342340182,9,,
bert-base,18,15,65.55772994129158,65.16634050880626,1419711463,1.4133753770488225e-05,0.0002668319902429,0.172817523634724,7,,
bert-base,18,16,61.64383561643836,63.20939334637965,138743149,8.81637896129987e-06,0.0264882080220232,0.1238942201249427,2,,
bert-base,18,17,70.45009784735812,70.84148727984345,1122510226,5.622205568693168e-05,0.0001744699969019,0.1445633417213719,9,,
bert-base,18,18,65.36203522504893,66.14481409001957,254758530,1.2231832972765376e-05,0.0253593473159483,0.1662435494091571,3,,
bert-base,18,19,68.68884540117416,66.53620352250489,825765810,2.8750339499646712e-05,0.0010817339707355,0.1669781385939127,3,,
bert-base,18,20,64.57925636007828,67.12328767123287,1082879711,8.006483300084357e-05,4.546233693171622e-05,0.0801774013340215,5,,
bert-base,18,21,69.47162426614481,67.90606653620353,1583599294,7.861000489375453e-06,0.0132148572853984,0.1101462643774577,9,,
bert-base,18,22,64.38356164383562,64.57925636007828,190508851,1.0098436673485083e-05,0.0256147781042689,0.0973530365791349,7,,
bert-base,18,23,63.40508806262231,63.79647749510763,1302898724,5.5925659939266e-06,1.8022400297340534e-05,0.1179979478519237,6,,
bert-base,18,24,65.16634050880626,66.73189823874755,1129553851,1.5530268379053405e-05,7.378269507339436e-05,0.0028461513736088,4,,
bert-base,18,25,68.68884540117416,72.6027397260274,819654686,4.4736446029119e-05,0.004555825497499,0.1025298370299107,10,,
bert-base,18,26,69.47162426614481,71.81996086105676,1830194560,4.2741606935197504e-05,0.0036780157283358,0.0082990561750519,4,,
bert-base,18,27,64.18786692759295,65.75342465753425,1941999379,1.0318251190468594e-05,0.0028452206743429,0.1736231463765569,7,,
bert-base,18,28,66.34050880626224,65.94911937377691,937360191,2.1951002256667235e-05,0.0001950648626579,0.0874282774111036,10,,
bert-base,18,29,66.14481409001957,69.27592954990216,1971595964,1.18242706268391e-05,0.0001138500056055,0.0902302512175717,7,,
bert-base,19,0,62.62042389210019,62.88461538461539,1172596241,1.404794461656756e-05,1.1642412210718988e-05,0.1122735459976057,9,,
bert-base,19,1,62.23506743737958,65.57692307692308,1200981481,3.058275015164922e-05,3.906589222057446e-05,0.0051655649959665,10,,
bert-base,19,2,59.53757225433526,66.34615384615384,1834250293,5.418222819572378e-06,0.0002852530774448,0.0258565801180589,7,,
bert-base,19,3,64.16184971098266,65.76923076923077,1264784382,7.39733249239152e-06,0.0017601914054285,0.0171047855244592,9,,
bert-base,19,4,57.41811175337187,65.1923076923077,188030208,5.678205786153238e-06,3.86336091639681e-05,0.1548723621215874,4,,
bert-base,19,5,61.46435452793834,66.92307692307692,1431647945,2.9984616686290845e-05,0.008792828486245,0.1603120669773712,7,,
bert-base,19,6,57.99614643545279,62.88461538461539,394006025,5.4459545536111705e-06,0.0020214475733686,0.1766419255922024,3,,
bert-base,19,7,56.45472061657033,62.5,1668052026,1.0920885156199928e-05,1.1569192690165934e-05,0.0006823106755831,2,,
bert-base,19,8,63.969171483622354,69.61538461538461,462838781,1.8534400414681832e-05,0.0086736701642901,0.0973436814311455,9,,
bert-base,19,9,53.94990366088632,56.73076923076923,723523077,6.131180281379272e-06,7.484184276191011e-05,0.0081025926807402,2,,
bert-base,19,10,60.69364161849711,67.3076923076923,1639994453,9.021932496652215e-06,2.9207559297700445e-05,0.1556512212435593,7,,
bert-base,19,11,64.16184971098266,68.07692307692308,887659652,1.700020547785301e-05,0.0273609661068374,0.086651658366639,3,,
bert-base,19,12,60.5009633911368,65.96153846153847,844642370,6.35680460332137e-06,0.0047800996973995,0.0823852115194574,10,,
bert-base,19,13,64.16184971098266,65.76923076923077,2088251766,5.0431835395645e-05,0.0056624299399883,0.17834064606481,8,,
bert-base,19,14,53.17919075144509,60.76923076923077,1530947859,5.327562747534191e-06,0.0001658532930749,0.0888055039620539,2,,
bert-base,19,15,64.54720616570327,67.11538461538461,468928478,2.073486899598608e-05,0.0029034764610338,0.1627267120135322,9,,
bert-base,19,16,63.19845857418112,69.23076923076923,1244321840,1.5041922088501085e-05,0.0557167679883292,0.1340680033108197,6,,
bert-base,19,17,62.62042389210019,68.65384615384616,634055475,7.973214625128776e-05,0.01887384868149,0.1458901735037287,8,,
bert-base,19,18,64.54720616570327,64.61538461538461,639785981,2.5288137867324828e-05,0.0086468138698577,0.113692433628653,8,,
bert-base,19,19,67.2447013487476,71.53846153846153,176523429,6.022054888843025e-05,0.0012705860364491,0.1968893286755081,7,,
bert-base,19,20,63.969171483622354,65.96153846153847,157303098,9.58411854738108e-06,0.0003903504427898,0.1078833946927632,5,,
bert-base,19,21,63.58381502890173,67.3076923076923,1446601931,6.057518349509394e-05,0.0283286737351612,0.1441718003836871,10,,
bert-base,19,22,61.65703275529865,65.0,1692207699,7.789399930543714e-05,2.80337683900311e-05,0.1190034234589739,8,,
bert-base,19,23,65.89595375722543,70.76923076923077,878904054,4.023884080587762e-05,0.0734646398622838,0.0788178825930376,8,,
bert-base,19,24,61.27167630057804,65.76923076923077,2010669371,6.744515390737348e-06,0.0003358740178827,0.1175474531500073,6,,
bert-base,19,25,61.84971098265896,62.30769230769231,1238456119,2.0596257528254758e-05,0.0085671947554643,0.1997480820609928,3,,
bert-base,19,26,66.66666666666667,67.88461538461539,1881819491,2.9747087626856128e-05,2.500083488065794e-05,0.198998313785396,3,,
bert-base,19,27,58.959537572254334,61.73076923076923,671764630,6.44105675589706e-06,0.0001028137697802,0.0739703174518272,2,,
bert-base,19,28,62.42774566473989,67.11538461538461,1379834742,9.3822225246726e-06,0.000331875662586,0.1940107361435776,9,,
bert-base,19,29,65.1252408477842,67.3076923076923,1634382131,3.890489045664937e-05,0.0077596068850033,0.1513904771452079,2,,
bert-base,20,0,70.90558766859345,70.76923076923077,1889491029,6.649298970868438e-05,0.0087714061822356,0.1271943348131139,2,,
bert-base,20,1,68.78612716763006,67.5,397495272,9.845286580148874e-05,0.0003605079028925,0.1591900853972685,10,,
bert-base,20,2,66.08863198458575,65.38461538461539,1659672751,7.606598453522236e-06,0.0572780524074369,0.0108733822000102,7,,
bert-base,20,3,70.13487475915221,67.5,1450646956,7.752127627816628e-05,0.0176716816938227,0.0630533244404466,6,,
bert-base,20,4,67.6300578034682,64.23076923076923,675960469,1.0995137859849076e-05,9.865931528887426e-05,0.0393368911659427,10,,
bert-base,20,5,66.66666666666667,61.73076923076923,1784942520,5.60644476196402e-06,0.0010368462383882,0.0517419199894447,5,,
bert-base,20,6,68.78612716763006,66.53846153846153,293971321,8.952301255951447e-05,0.0031780440903889,0.1752468281471969,9,,
bert-base,20,7,67.82273603082852,68.84615384615384,1744859196,3.746339838916265e-05,5.444116741860371e-05,0.1718455746177804,3,,
bert-base,20,8,69.94219653179191,65.38461538461539,1223375341,9.257529633348205e-05,2.1858670560320496e-05,0.0192248374973305,7,,
bert-base,20,9,68.01541425818883,67.3076923076923,992128516,5.128529359747256e-05,0.0002664032763069,0.0441620481720602,7,,
bert-base,20,10,63.969171483622354,64.03846153846153,1279040673,1.1916655986310354e-05,0.0004767082906679,0.1987423817666729,2,,
bert-base,20,11,69.94219653179191,70.38461538461539,979447670,6.799449827083787e-05,0.001186905376865,0.1601692740827871,6,,
bert-base,20,12,66.08863198458575,63.46153846153846,1015219209,1.327768372807518e-05,1.1273049459776956e-05,0.0454931828132265,9,,
bert-base,20,13,67.6300578034682,62.5,1438844793,1.868836204254389e-05,2.765692775501936e-05,0.0668756397426285,9,,
bert-base,20,14,66.08863198458575,66.92307692307692,1041957579,8.710415227085188e-06,0.0850988747583196,0.1097549946433321,10,,
bert-base,20,15,69.17148362235068,68.07692307692308,1308613534,3.034345805133892e-05,0.0007960187139018,0.1203437675765227,6,,
bert-base,20,16,65.70327552986512,62.11538461538461,620997970,3.592039285817831e-05,0.0008874455480421,0.1342477350410449,6,,
bert-base,20,17,69.55684007707129,68.07692307692308,123931894,8.004126874818396e-05,2.244050921585678e-05,0.1994230303064468,9,,
bert-base,20,18,61.078998073217726,60.38461538461539,1299316652,6.680671808872058e-06,0.0355676761123945,0.1965570075440149,2,,
bert-base,20,19,64.35452793834297,66.73076923076923,1789506198,8.27760535960475e-06,0.0016188154850422,0.1546005791631222,9,,
bert-base,20,20,65.3179190751445,64.8076923076923,2129534634,1.676538410922976e-05,0.0661466424331755,0.1578368110768209,2,,
bert-base,20,21,68.78612716763006,64.8076923076923,152976863,6.291313017795952e-05,0.000326544508866,0.0016121733888813,8,,
bert-base,20,22,67.05202312138728,63.46153846153846,1477820514,1.802758497156789e-05,0.0001034613347709,0.1937302402814649,5,,
bert-base,20,23,66.85934489402698,61.92307692307692,1441949167,8.045312127945233e-06,0.0009813633972736,0.0777677424988842,9,,
bert-base,20,24,70.90558766859345,68.46153846153847,1001488945,6.778866545545366e-05,0.0021679046523313,0.0772707954345608,4,,
bert-base,20,25,62.8131021194605,62.5,1385159747,1.1685923732743492e-05,0.0001061604906774,0.0928817953956353,3,,
bert-base,20,26,63.969171483622354,61.92307692307692,1890597598,6.470210774323275e-06,1.6412735026339278e-05,0.1797878219059387,3,,
bert-base,20,27,66.28131021194605,63.84615384615385,2124588807,1.422600829437086e-05,0.0159921724471387,0.1299352709742776,3,,
bert-base,20,28,64.16184971098266,63.84615384615385,1384250863,1.685562467788025e-05,3.02463766266192e-05,0.1879765180819892,4,,
bert-base,20,29,65.1252408477842,62.69230769230769,1750028678,5.9033584491758096e-05,0.0061007077078021,0.0094259070966646,9,,
bert-base,21,0,65.94911937377691,67.12328767123287,2146405703,2.9835071327137262e-05,5.128133690533595e-05,0.1950164995382216,9,,
bert-base,21,1,66.92759295499022,66.73189823874755,1632005350,2.209824160835045e-05,0.0084136527686198,0.118226313745509,5,,
bert-base,21,2,67.90606653620353,63.013698630136986,870470379,4.932265573476912e-05,0.0015315358850518,0.0932789161148536,7,,
bert-base,21,3,64.38356164383562,60.46966731898239,1390706566,6.659284233853341e-06,0.0598568011567923,0.1577286903520726,4,,
bert-base,21,4,66.34050880626224,61.25244618395303,892079502,1.208318131188357e-05,0.070333459089693,0.1160912316181864,8,,
bert-base,21,5,71.81996086105676,64.38356164383562,1242973722,8.405292002972499e-05,0.0956932527496165,0.173206420766509,10,,
bert-base,21,6,70.84148727984345,64.9706457925636,1004047673,3.0732778258789306e-05,0.0072394533446128,0.0342963489134188,4,,
bert-base,21,7,68.68884540117416,67.5146771037182,1665635282,5.236614421802322e-05,1.853808839221136e-05,0.0631350004541226,4,,
bert-base,21,8,65.55772994129158,66.53620352250489,1126358644,3.6173924138444935e-05,2.1663355263268835e-05,0.1340910101915298,2,,
bert-base,21,9,66.73189823874755,64.57925636007828,2111576910,2.12665945512312e-05,0.0356888576240188,0.1714380775065754,6,,
bert-base,21,10,68.29745596868885,66.53620352250489,1452778291,2.1162888925546838e-05,3.986307527837203e-05,0.148903962911947,10,,
bert-base,21,11,64.9706457925636,60.273972602739725,1996578144,6.156789377425571e-06,4.866905978378594e-05,0.1354838747402872,4,,
bert-base,21,12,66.73189823874755,65.16634050880626,1306727458,5.504420314954453e-05,0.0023569846084591,0.1138703291036092,2,,
bert-base,21,13,69.27592954990216,63.79647749510763,2095899054,2.8404479919134135e-05,1.078198001912756e-05,0.0564214337251884,10,,
bert-base,21,14,63.40508806262231,59.29549902152642,1295319187,5.351446091833123e-06,4.107531358866327e-05,0.1195472555823009,3,,
bert-base,21,15,70.0587084148728,68.29745596868885,554237738,4.102007773867951e-05,0.0010868790845259,0.0332322608771557,3,,
bert-base,21,16,69.47162426614481,67.5146771037182,552227701,5.7050095857372574e-05,0.0595470591897709,0.0631509725918491,3,,
bert-base,21,17,65.16634050880626,63.99217221135029,649897747,1.6202289388837477e-05,0.0027239899024113,0.1564023147156374,8,,
bert-base,21,18,62.03522504892368,56.16438356164384,1932703968,6.846731675505311e-06,0.0006522001216775,0.0791974914999666,2,,
bert-base,21,19,62.23091976516634,60.46966731898239,980350938,7.215098659712335e-06,5.154689260804002e-05,0.0097478366776522,3,,
bert-base,21,20,63.20939334637965,61.05675146771037,710131915,6.514115771303228e-06,0.0007935747363899,0.0940253621405863,3,,
bert-base,21,21,67.12328767123287,64.18786692759295,1202554765,1.6708556643680975e-05,4.581811315555103e-05,0.0748492946239896,9,,
bert-base,21,22,64.18786692759295,63.20939334637965,213993713,6.965934453897028e-06,0.00140626321078,0.1561731549892109,5,,
bert-base,21,23,70.0587084148728,64.57925636007828,200297273,9.586273228365252e-05,0.0816232187526203,0.0269220627765375,3,,
bert-base,21,24,64.9706457925636,62.42661448140901,1858184580,2.9337511968932605e-05,0.0008079620103238,0.0797040265171626,5,,
bert-base,21,25,64.9706457925636,64.18786692759295,171600294,2.2221041515358936e-05,0.0250075568855845,0.1686903375783304,10,,
bert-base,21,26,69.08023483365949,67.71037181996086,953504666,8.38802648347483e-05,3.464024070888592e-05,0.0959419765234507,5,,
bert-base,21,27,66.53620352250489,63.20939334637965,359233706,1.760023770242717e-05,1.241079783816188e-05,0.0031794923690803,10,,
bert-base,21,28,68.4931506849315,62.62230919765166,476161115,4.522993461484037e-05,0.0010138397178155,0.0386716769189571,2,,
bert-base,21,29,69.27592954990216,64.77495107632095,799580878,1.3910154743672946e-05,0.0900278656714353,0.0249712193594692,5,,
bert-base,22,0,70.1171875,68.1640625,426738926,8.932389227633155e-05,0.0226142439848314,0.105855188897668,2,,
bert-base,22,1,66.9921875,64.2578125,1980653653,9.1770318263311e-06,0.0002529991675306,0.1255872755242648,5,,
bert-base,22,2,66.2109375,67.1875,439527941,1.6617275272046186e-05,0.0624230528745769,0.046037817363039,10,,
bert-base,22,3,66.9921875,66.40625,1003504019,2.208330466630733e-05,0.0571264692771393,0.0010065172439353,6,,
bert-base,22,4,63.0859375,61.9140625,351509595,9.085825560856678e-06,0.0648235222884765,0.102833953972972,5,,
bert-base,22,5,62.109375,60.7421875,1475771397,7.076009147699201e-06,0.0008590133276548,0.0240504233119595,7,,
bert-base,22,6,62.890625,64.84375,1058157975,7.877508117476718e-06,0.0069629926288735,0.1557337088990613,5,,
bert-base,22,7,65.625,66.6015625,1406003664,2.641102281838608e-05,2.2897688888021895e-05,0.1203339403605056,8,,
bert-base,22,8,67.1875,60.9375,1352889452,7.263555805762833e-05,0.0002182629314781,0.1344000096839972,8,,
bert-base,22,9,66.40625,65.234375,791226448,2.573577277964895e-05,0.0001635951844193,0.1547763095375673,9,,
bert-base,22,10,63.28125,61.71875,41670450,1.0637741578857976e-05,0.005171134621127,0.0326369737156645,4,,
bert-base,22,11,67.1875,66.6015625,840907556,4.6029279469821e-05,0.0001436556729581,0.1835135597987083,2,,
bert-base,22,12,67.1875,68.1640625,1368028599,1.5181887191705756e-05,0.0005313392038369,0.0730939870664949,8,,
bert-base,22,13,67.96875,67.1875,1024495952,2.284266944139459e-05,0.0003545982938243,0.1890162847106707,6,,
bert-base,22,14,59.5703125,55.6640625,742916130,5.240856666675646e-06,0.0017878976072018,0.1748204090464691,2,,
bert-base,22,15,55.2734375,56.25,1020295922,6.93731489871613e-06,0.0074031169878084,0.1446439011845154,2,,
bert-base,22,16,64.0625,65.234375,1955138730,9.171530665427991e-06,0.0005806892423318,0.1655804749508064,6,,
bert-base,22,17,66.6015625,65.8203125,1266892653,2.236424868278907e-05,0.0092665093091623,0.0903038135821232,4,,
bert-base,22,18,67.3828125,68.9453125,2099529629,7.687301898739706e-05,3.2828939623585425e-05,0.0988534365243054,6,,
bert-base,22,19,66.9921875,63.0859375,1961089056,5.789031471448267e-05,0.0003521657712857,0.0646385542690556,8,,
bert-base,22,20,64.6484375,60.9375,176308669,1.005024669649002e-05,0.0687887148149975,0.0903830976151374,6,,
bert-base,22,21,62.890625,64.2578125,1127571904,7.283147315131174e-06,0.0004636325972931,0.1747031874703118,5,,
bert-base,22,22,62.890625,66.796875,1154612427,8.02467656840482e-06,0.000903836573179,0.0876730148174755,8,,
bert-base,22,23,64.6484375,66.2109375,1609110844,1.1534858805241248e-05,0.0269990367747485,0.1104817391062815,6,,
bert-base,22,24,67.1875,67.578125,1329261601,1.6886769232244905e-05,0.0003995559819376,0.065841247259423,4,,
bert-base,22,25,68.5546875,66.9921875,1009356564,2.013007978797505e-05,1.6075913957190987e-05,0.0810886727238177,4,,
bert-base,22,26,67.96875,65.8203125,1331227630,3.5591042948833074e-05,0.0013454877087124,0.0025019030708086,7,,
bert-base,22,27,66.015625,64.6484375,372238130,2.054063574294476e-05,0.0043249377145336,0.0296494283502395,3,,
bert-base,22,28,58.0078125,56.4453125,359572085,7.350411605585381e-06,0.0124210705562422,0.0428384423719981,2,,
bert-base,22,29,67.1875,65.4296875,1840548636,2.17514744402781e-05,0.000150865832587,0.119559964712987,6,,
bert-base,23,0,64.01590457256461,66.2027833001988,11280139,2.0994666855608168e-05,0.000184866904421,0.1582947157241275,3,,
bert-base,23,1,60.03976143141153,64.21471172962227,1070896217,1.1674120101414437e-05,0.0004782513041558,0.159523799240467,4,,
bert-base,23,2,51.29224652087475,55.66600397614314,180607440,5.034351317936663e-06,0.00507128550197,0.0419218551771109,2,,
bert-base,23,3,66.00397614314116,66.99801192842942,1228714117,9.912186973366728e-05,0.000191077624605,0.1964715495685782,8,,
bert-base,23,4,60.83499005964215,64.41351888667992,1120662925,7.881095811339903e-06,0.0001743530096352,0.1640567841875429,3,,
bert-base,23,5,62.62425447316103,65.20874751491054,281993285,1.1585763798615443e-05,2.632514695367227e-05,0.1934771239890909,5,,
bert-base,23,6,64.21471172962227,63.81709741550696,616453939,5.112119541613439e-05,0.0895205701987258,0.0194341110873959,3,,
bert-base,23,7,57.05765407554672,55.46719681908549,1357731453,5.88068019147522e-06,0.0016041923987323,0.0143531799559833,2,,
bert-base,23,8,65.00994035785288,66.79920477137176,1633791282,2.629356045250903e-05,1.821230890756756e-05,0.1390978659618141,7,,
bert-base,23,9,66.00397614314116,69.18489065606362,271650227,5.037248483832268e-05,0.0064324827237654,0.0403200592511699,8,,
bert-base,23,10,67.39562624254474,67.39562624254474,1553282752,6.429717515201985e-05,0.0044203238465357,0.0729398379312874,6,,
bert-base,23,11,64.01590457256461,66.99801192842942,2120087558,1.3130733657284512e-05,0.036192518158477,0.0342378259012995,8,,
bert-base,23,12,66.79920477137176,66.00397614314116,988234892,2.160902021885809e-05,0.005926071410913,0.1064708191427642,5,,
bert-base,23,13,61.82902584493042,65.60636182902584,587475090,2.8373779692578985e-05,0.0332612194705625,0.0944002944997455,9,,
bert-base,23,14,59.64214711729623,64.81113320079523,1794473469,5.383875780569177e-06,0.0064462761299221,0.1411308297245691,10,,
bert-base,23,15,61.82902584493042,65.20874751491054,425232192,1.0046949756074485e-05,0.0002520128877001,0.0711804797041048,4,,
bert-base,23,16,63.41948310139165,64.61232604373757,138851723,4.528862909605489e-05,5.008141317613488e-05,0.1256696917954059,5,,
bert-base,23,17,66.79920477137176,64.21471172962227,762791575,9.341878660306784e-05,0.0643490602056567,0.0320263583641591,5,,
bert-base,23,18,60.636182902584494,64.21471172962227,1268416132,3.1300181753389434e-05,0.0033407328674119,0.0086164778983945,4,,
bert-base,23,19,64.81113320079523,68.19085487077535,1785367227,2.0499551485822867e-05,0.0021009358264955,0.1773727139663149,7,,
bert-base,23,20,66.00397614314116,67.59443339960238,136540156,2.0406348374233918e-05,0.0006473719238842,0.1177752887966453,10,,
bert-base,23,21,66.79920477137176,67.39562624254474,201902791,4.075964726489093e-05,1.2521186255677794e-05,0.178273300007208,3,,
bert-base,23,22,64.41351888667992,67.79324055666004,566307865,3.881948990511596e-05,0.0006064795519374,0.0578660554803569,9,,
bert-base,23,23,62.22664015904572,66.79920477137176,1409215992,1.6458385085601916e-05,0.0021332324155469,0.122458614848472,4,,
bert-base,23,24,64.41351888667992,66.99801192842942,1429200183,1.6140306021989346e-05,0.0125957897503478,0.1700694778398581,8,,
bert-base,23,25,62.82306163021869,63.618290258449306,2033006926,1.9519715577506145e-05,0.0003685331268465,0.101768565611947,2,,
bert-base,23,26,64.81113320079523,66.60039761431412,25747977,2.7923023165255437e-05,0.0374566126232426,0.0801877705094893,9,,
bert-base,23,27,63.81709741550696,64.41351888667992,845313719,1.0459429214169578e-05,8.845354157579048e-05,0.0529728745604907,9,,
bert-base,23,28,66.00397614314116,67.39562624254474,1321259294,5.591302362421987e-05,0.0216828057000191,0.0588968546649156,7,,
bert-base,23,29,67.19681908548708,68.98608349900596,1824849460,7.825816426393848e-05,0.0048588437364315,0.0261512077034079,3,,
bert-base,24,0,63.16793893129771,66.22137404580153,1627422228,6.382275607684236e-06,0.0007264031462988,0.1145361169039444,7,,
bert-base,24,1,66.03053435114504,64.31297709923665,1206657702,3.757880650930524e-05,0.0184162910378985,0.0968120370713928,4,,
bert-base,24,2,66.79389312977099,67.74809160305344,1707151242,8.666354314271863e-06,0.0001637411966794,0.0140916863173701,8,,
bert-base,24,3,65.45801526717557,63.16793893129771,1658790011,7.320350667164373e-06,0.0015611172190527,0.0492371935326412,3,,
bert-base,24,4,66.6030534351145,62.97709923664122,2024139972,4.432829200412544e-05,0.023118563161815,0.1522233147476987,2,,
bert-base,24,5,66.41221374045801,63.54961832061068,1962072142,9.070912558738766e-05,0.0257654644844481,0.1736029913691197,8,,
bert-base,24,6,71.56488549618321,67.93893129770993,1721121413,7.204529821757663e-05,6.921232639822461e-05,0.0904688847083001,7,,
bert-base,24,7,66.98473282442748,66.79389312977099,1074984175,5.352080095195042e-06,0.0011985381558076,0.1139735591130474,7,,
bert-base,24,8,67.17557251908397,65.64885496183206,1950683576,5.025809388531271e-05,1.3512330413353296e-05,0.0512348467116556,7,,
bert-base,24,9,67.74809160305344,67.74809160305344,570181542,2.308773824331332e-05,2.574929871055381e-05,0.1899294660130495,9,,
bert-base,24,10,67.36641221374046,66.03053435114504,936070584,1.2646824976672198e-05,0.0013067501681719,0.1862862021856395,10,,
bert-base,24,11,67.55725190839695,68.89312977099236,1412586322,3.255538363227079e-05,0.0004955759160104,0.1295993045989771,4,,
bert-base,24,12,67.17557251908397,66.79389312977099,2064753461,1.0076335164620948e-05,0.0002860306960425,0.1414698162409774,7,,
bert-base,24,13,65.64885496183206,67.55725190839695,332883346,2.006362280357169e-05,4.237400079231568e-05,0.1997645880702534,9,,
bert-base,24,14,67.93893129770993,65.83969465648855,1237142394,3.159747173375758e-05,0.0023425116020385,0.0193701935734861,3,,
bert-base,24,15,67.74809160305344,67.17557251908397,455359921,8.433921577789171e-05,0.064385716851695,0.1510961151601286,9,,
bert-base,24,16,67.17557251908397,66.03053435114504,614483781,9.359342167818352e-05,0.0007627971889002,0.0118447923680504,6,,
bert-base,24,17,65.45801526717557,67.17557251908397,1228939420,2.1161631153148384e-05,0.0145829460590297,0.0974275996572559,4,,
bert-base,24,18,65.64885496183206,65.83969465648855,1007055307,7.094354837309261e-06,0.0043233712204495,0.0151816346525276,5,,
bert-base,24,19,66.98473282442748,67.55725190839695,640672382,1.5891554821593688e-05,0.0008308600042666,0.1985470467614573,9,,
bert-base,24,20,67.74809160305344,66.79389312977099,1930432273,6.123623518806592e-05,1.517930329924632e-05,0.0592698448313493,10,,
bert-base,24,21,65.83969465648855,66.79389312977099,454579551,6.775277296837006e-06,0.0016454596646468,0.1964937272216831,9,,
bert-base,24,22,58.20610687022901,61.83206106870229,986892264,5.490590855364526e-06,0.0046840673841249,0.1407201122610623,2,,
bert-base,24,23,68.5114503816794,67.36641221374046,968192,5.433996892982823e-05,1.547961516306884e-05,0.133920262368694,5,,
bert-base,24,24,67.55725190839695,66.22137404580153,1955709219,2.709781212379772e-05,0.0001953512155323,0.1703645754920652,7,,
bert-base,24,25,67.74809160305344,65.64885496183206,845231708,1.6823721157026465e-05,0.0880264061984924,0.1071855308334594,4,,
bert-base,24,26,69.27480916030534,69.65648854961832,1745979845,5.120741948749424e-05,0.0001256390748376,0.1454157028014527,2,,
bert-base,24,27,67.17557251908397,66.03053435114504,1079254453,8.975204292624046e-06,0.0002359511968528,0.1335279562766485,5,,
bert-base,24,28,66.41221374045801,66.22137404580153,2096138124,1.1886434588353291e-05,0.0059313669307246,0.1839796207425477,9,,
bert-base,24,29,67.36641221374046,68.5114503816794,27169369,1.690331862725069e-05,0.0049847162703449,0.0244822874324286,3,,
bert-base,25,0,66.27906976744185,65.31007751937985,473678698,7.465934786502268e-06,0.0002308936472125,0.0620314704520952,4,,
bert-base,25,1,64.34108527131782,60.85271317829457,235221256,1.3588128200356612e-05,0.0132458208502318,0.1831361825529778,10,,
bert-base,25,2,72.48062015503876,69.18604651162791,187251998,2.97945304596603e-05,0.0938639927374862,0.1051864128173493,6,,
bert-base,25,3,72.86821705426357,70.15503875968992,169379642,2.755308361230141e-05,0.0568230898494947,0.0259912062482732,6,,
bert-base,25,4,69.57364341085271,68.02325581395348,149240402,7.880546592272114e-05,0.0006290376253154,0.1170141772327386,7,,
bert-base,25,5,65.89147286821705,66.08527131782945,1442903394,9.264326245835882e-06,0.0001385065967118,0.1939522189479874,3,,
bert-base,25,6,64.53488372093024,66.47286821705427,1850553423,1.863294227733486e-05,5.614429837038753e-05,0.1273372017768043,2,,
bert-base,25,7,69.57364341085271,67.05426356589147,1401145342,5.348664566054577e-05,1.6092034433005368e-05,0.1575254459496299,9,,
bert-base,25,8,64.92248062015504,61.43410852713178,163432436,7.873377868731131e-06,0.0007674923312117,0.1509755273843782,7,,
bert-base,25,9,70.93023255813954,66.86046511627907,838179809,2.4757922734499737e-05,0.0014122573213973,0.0296791285813945,3,,
bert-base,25,10,70.15503875968992,68.02325581395348,24996891,1.063642701715566e-05,0.0141403902242052,0.1796065794209206,5,,
bert-base,25,11,72.48062015503876,69.96124031007751,1670981845,5.0024728155536485e-05,1.4739128067680264e-05,0.0779270804588261,9,,
bert-base,25,12,67.44186046511628,65.50387596899225,1482914629,9.075220944244151e-05,0.0001105783648123,0.0902435302105368,4,,
bert-base,25,13,68.21705426356588,64.92248062015504,413370992,5.952472446632075e-06,0.0273588221049692,0.1181085286249506,7,,
bert-base,25,14,57.17054263565891,59.49612403100775,400033986,5.55512239198408e-06,8.279212366660792e-05,0.0604197777077351,3,,
bert-base,25,15,64.72868217054264,60.85271317829457,1062437102,2.179195905595056e-05,0.004006454380946,0.1373292573269283,4,,
bert-base,25,16,72.28682170542636,66.86046511627907,2074789048,3.2689539491313654e-05,3.030940025626589e-05,0.1938824236643055,4,,
bert-base,25,17,68.6046511627907,66.08527131782945,1034398203,8.680356117449165e-06,1.0261403399217844e-05,0.0541258745057821,6,,
bert-base,25,18,67.24806201550388,66.86046511627907,145126150,5.213248610163949e-06,8.431006890287711e-05,0.055297854004732,7,,
bert-base,25,19,68.4108527131783,65.89147286821705,976438999,4.034815724107495e-05,0.0169823701882663,0.139140093631303,7,,
bert-base,25,20,67.82945736434108,62.98449612403101,1792383826,5.383332420359467e-05,0.0004508461797348,0.1232635570377202,4,,
bert-base,25,21,70.15503875968992,68.4108527131783,1784955413,1.444227529478776e-05,1.67412105273008e-05,0.07388238285468,8,,
bert-base,25,22,64.72868217054264,62.2093023255814,1893811773,4.141894209073758e-05,0.0029685446405481,0.1628600769736059,2,,
bert-base,25,23,72.09302325581395,68.7984496124031,617259433,3.543025455012084e-05,0.0242918119136898,0.0695996921552439,3,,
bert-base,25,24,72.28682170542636,68.6046511627907,1516274275,8.4465229121898e-05,8.38004715384869e-05,0.1354254442839426,3,,
bert-base,25,25,68.6046511627907,63.75968992248062,1354206949,5.970062204343226e-05,0.0043692781715115,0.117468101255163,3,,
bert-base,25,26,66.47286821705427,65.69767441860465,1609516388,1.0675205852724076e-05,0.0016412835081728,0.0405956274507391,4,,
bert-base,25,27,69.57364341085271,65.11627906976744,1048863667,1.4175040434616691e-05,0.0406415590486128,0.173893836530596,3,,
bert-base,25,28,69.76744186046511,65.69767441860465,1553117707,2.540291474937877e-05,9.746756415297436e-05,0.1720305052478088,4,,
bert-base,25,29,68.4108527131783,65.50387596899225,637520632,1.858423787603125e-05,0.0004440741014132,0.006066822996145,7,,
bert-base,26,0,66.92456479690522,68.85880077369438,1057394487,1.3582640259028898e-05,1.4007346483842653e-05,0.1529174684157723,10,,
bert-base,26,1,68.27852998065764,65.76402321083172,1607094741,4.802402980633242e-05,0.0009497298765937,0.1179438076555584,10,,
bert-base,26,2,63.44294003868472,63.63636363636363,1288385751,7.232509005931065e-06,0.0007386242003519,0.1230367808553824,4,,
bert-base,26,3,66.7311411992263,66.15087040618955,1192579497,2.314003019899406e-05,0.005738130708976,0.1544755731682227,3,,
bert-base,26,4,66.15087040618955,65.95744680851064,1592675107,5.993713444711058e-06,0.0056988335330661,0.1328773290736521,10,,
bert-base,26,5,70.01934235976789,68.66537717601547,1916138394,4.236819112120346e-05,9.579384975204376e-05,0.1788950907309701,3,,
bert-base,26,6,67.8916827852998,66.53771760154739,1816665161,5.269340855601011e-05,3.646704270677147e-05,0.0439999326835636,7,,
bert-base,26,7,69.05222437137331,71.37330754352031,912960825,4.8477152364901874e-05,0.0001890206093277,0.0208738985158708,10,,
bert-base,26,8,62.47582205029013,64.99032882011605,1165382734,6.145187848449195e-06,0.0169568971314011,0.1462575136529418,7,,
bert-base,26,9,64.60348162475822,63.44294003868472,877482678,1.5953101895758064e-05,0.0048128870296604,0.1035846724114152,3,,
bert-base,26,10,65.18375241779498,64.4100580270793,1266122228,9.927094696440556e-06,0.012466869360827,0.0486054715540853,3,,
bert-base,26,11,70.59961315280464,69.43907156673114,1877126959,7.101560196027588e-05,5.564854024945399e-05,0.0286927020584877,10,,
bert-base,26,12,64.02321083172147,66.53771760154739,1804973303,1.4767241033814106e-05,0.046506128006619,0.0524725204563616,5,,
bert-base,26,13,70.59961315280464,64.99032882011605,140733261,1.2343039428360982e-05,1.070991131192983e-05,0.0400889628007778,9,,
bert-base,26,14,70.01934235976789,70.2127659574468,1746108140,2.110958295913304e-05,0.002188764756086,0.1930697136258105,3,,
bert-base,26,15,70.2127659574468,66.7311411992263,1117725689,9.266600282579672e-06,0.0003140279137339,0.1288991772610749,7,,
bert-base,26,16,67.8916827852998,68.85880077369438,579096871,2.621045354144855e-05,0.0112239357861715,0.0437621985961192,6,,
bert-base,26,17,69.24564796905223,65.95744680851064,2027655984,8.358788738341636e-06,0.0022992905479705,0.0694625133431479,8,,
bert-base,26,18,67.69825918762089,67.8916827852998,1471991086,8.281819293311392e-05,0.0038871987034765,0.0540836449331164,4,,
bert-base,26,19,64.60348162475822,65.18375241779498,1991561285,1.042540021040655e-05,1.7878122413650425e-05,0.1380030969849289,7,,
bert-base,26,20,59.57446808510638,59.38104448742747,479058917,1.088242381494708e-05,0.0089007143590375,0.166282572042699,2,,
bert-base,26,21,66.34429400386847,65.76402321083172,130513298,1.4011165936868582e-05,0.0102524243546728,0.1424782499029159,3,,
bert-base,26,22,67.31141199226306,64.99032882011605,1123986362,1.5569420237676214e-05,0.000235194111265,0.0112298130929471,4,,
bert-base,26,23,64.4100580270793,63.63636363636363,206341596,5.545842362782045e-06,0.0007301726288773,0.1899616456331643,4,,
bert-base,26,24,64.02321083172147,65.37717601547389,29187908,7.177969385695556e-06,7.897762545084933e-05,0.0633890434983981,5,,
bert-base,26,25,70.40618955512572,68.85880077369438,1159355086,1.6506087339225307e-05,0.0119424685798134,0.1821707461026251,10,,
bert-base,26,26,67.11798839458415,64.21663442940039,86589856,6.969846271034161e-06,0.0012639457498137,0.1237015563906244,9,,
bert-base,26,27,66.7311411992263,64.4100580270793,1479860667,5.877273096152282e-05,2.1879822188163403e-05,0.0332022882088191,4,,
bert-base,26,28,64.21663442940039,66.15087040618955,1616936028,6.319842717952309e-06,1.0088977988720571e-05,0.1217703460733939,4,,
bert-base,26,29,67.50483558994198,68.08510638297872,519240209,1.1525298296016174e-05,0.0025930300451597,0.016626270340065,7,,
bert-base,27,0,58.777120315581854,57.396449704142015,7527925,5.11760491646766e-06,0.0001146059098232,0.1585980998644799,2,,
bert-base,27,1,62.72189349112426,63.1163708086785,746443965,5.352304161437596e-06,0.0224009406798625,0.0660224851235276,9,,
bert-base,27,2,64.89151873767258,65.68047337278107,2131504790,1.3233988358113991e-05,0.0179555481471932,0.0284889916255935,8,,
bert-base,27,3,67.45562130177515,67.85009861932939,848465007,2.297580346484444e-05,0.0093915018227603,0.0430805851820252,10,,
bert-base,27,4,60.946745562130175,61.341222879684416,158269675,5.33664682797893e-06,0.019772481123273,0.0080772201235391,5,,
bert-base,27,5,65.08875739644971,66.86390532544378,336815256,2.951417947659728e-05,0.000160837310484,0.1804810720688549,6,,
bert-base,27,6,67.25838264299803,67.45562130177515,1360682209,6.171396826843354e-05,0.0002517129527428,0.0141789560877424,2,,
bert-base,27,7,65.08875739644971,64.89151873767258,628160495,1.8821034108938304e-05,0.0627709120196831,0.1937056189557714,4,,
bert-base,27,8,67.45562130177515,67.25838264299803,366120048,1.5223819104195529e-05,0.0019674735219534,0.014754404618577,8,,
bert-base,27,9,69.42800788954635,67.45562130177515,917183892,6.983507190091342e-05,0.0102718235333094,0.1790352033035019,7,,
bert-base,27,10,65.28599605522682,65.87771203155819,1934057483,1.0728875370915072e-05,0.0134072225842688,0.0749168126056059,9,,
bert-base,27,11,61.73570019723866,62.91913214990138,2004803179,1.0245971336117827e-05,6.876089452630722e-05,0.1668864356790535,4,,
bert-base,27,12,57.790927021696255,56.41025641025641,86843233,5.408731323716631e-06,0.0856614084287905,0.1396953663009555,2,,
bert-base,27,13,66.0749506903353,64.89151873767258,1585168570,1.4455542573456368e-05,0.0010537034725265,0.0916627279084413,9,,
bert-base,27,14,65.68047337278107,65.68047337278107,1193320930,9.844809402147607e-05,0.0025015799371517,0.1739509155322595,2,,
bert-base,27,15,61.73570019723866,64.49704142011835,1978275882,1.287563210835622e-05,0.0011068700585331,0.1282554645013571,5,,
bert-base,27,16,64.69428007889546,63.905325443786985,1937821124,1.2024938750913549e-05,0.0014644583422669,0.0968846015171173,7,,
bert-base,27,17,65.08875739644971,65.08875739644971,301708980,1.566558379042518e-05,0.0015590998446712,0.0270677675295236,7,,
bert-base,27,18,66.0749506903353,67.45562130177515,1951622507,2.2289203174874348e-05,0.0005902320658045,0.0116589075461825,7,,
bert-base,27,19,64.1025641025641,64.49704142011835,1272495527,8.207871925909156e-06,0.0073930145618642,0.0975878987002867,7,,
bert-base,27,20,61.1439842209073,63.70808678500986,1801798485,7.682350816634779e-06,0.0014537865541592,0.1923730739374602,4,,
bert-base,27,21,62.1301775147929,63.905325443786985,87313888,1.5677507258173544e-05,2.6814463473532967e-05,0.1949202944042954,8,,
bert-base,27,22,65.28599605522682,63.905325443786985,1872332743,3.574019872729125e-05,0.023149066250803,0.1476215849341083,6,,
bert-base,27,23,65.48323471400394,64.29980276134123,2029815656,9.848997322715665e-05,0.0002025379063327,0.0881159245128496,5,,
bert-base,27,24,66.46942800788955,63.905325443786985,1697737232,3.080052990364303e-05,0.000299149761266,0.1013431715560094,6,,
bert-base,27,25,63.31360946745562,63.905325443786985,938345375,7.430720711797192e-05,0.0036080998027053,0.0056839288488801,5,,
bert-base,27,26,64.1025641025641,64.89151873767258,1174810386,2.262824351246994e-05,5.865307520419461e-05,0.0926239081090754,8,,
bert-base,27,27,63.31360946745562,64.89151873767258,91967974,1.614406967027646e-05,1.026472371641668e-05,0.1396659209112001,6,,
bert-base,27,28,65.87771203155819,66.66666666666667,845632525,2.4194223085238276e-05,0.0027605631525118,0.1014596027636452,8,,
bert-base,27,29,69.03353057199212,66.0749506903353,713794187,8.546881622912894e-05,1.1853560521962946e-05,0.1455701027095838,2,,
bert-base,28,0,62.72189349112426,64.1025641025641,183490694,8.589574998983731e-06,0.0001694882842934,0.0698372874582491,5,,
bert-base,28,1,67.45562130177515,69.03353057199212,1424777930,6.909842091342457e-05,2.5234618204790405e-05,0.0581733600448612,9,,
bert-base,28,2,63.905325443786985,62.91913214990138,1538823117,1.2395939093721354e-05,0.0078577940716417,0.1556277998601247,2,,
bert-base,28,3,66.86390532544378,68.83629191321499,728452497,3.957917064698167e-05,1.386446032461303e-05,0.0192799886838223,4,,
bert-base,28,4,62.91913214990138,64.69428007889546,263022785,8.688248457179828e-06,0.0008624023008281,0.1887063234786899,7,,
bert-base,28,5,63.70808678500986,63.70808678500986,1710874211,8.143035759001386e-06,1.768493171099606e-05,0.1075614248379841,10,,
bert-base,28,6,65.08875739644971,70.41420118343196,2064092251,6.635087444807428e-05,0.0010480449884478,0.1100020833753834,3,,
bert-base,28,7,67.0611439842209,69.23076923076923,80078331,6.236821667191433e-05,3.035786967835395e-05,0.0600960706407566,7,,
bert-base,28,8,63.70808678500986,65.68047337278107,1407221252,1.560325312778737e-05,3.2554596846856016e-05,0.1867584960633373,3,,
bert-base,28,9,66.86390532544378,69.62524654832347,2043314707,4.36515004954804e-05,1.878687413627584e-05,0.1936048442161293,6,,
bert-base,28,10,64.1025641025641,62.72189349112426,356933309,8.133873382771493e-06,0.0004831238943982,0.0779138949046154,5,,
bert-base,28,11,63.70808678500986,64.1025641025641,2019700739,7.342238510872533e-06,0.0006628333051788,0.0540904065837772,9,,
bert-base,28,12,61.1439842209073,59.96055226824458,1604855314,9.12847268108665e-06,0.0018774021365547,0.1920191090491601,2,,
bert-base,28,13,59.566074950690336,57.396449704142015,1944583036,8.328574407729286e-06,0.0017655643945277,0.1560908720884994,2,,
bert-base,28,14,61.53846153846154,63.31360946745562,1093788851,1.9328408307145227e-05,0.0004041825010591,0.047860168449783,5,,
bert-base,28,15,63.51084812623274,65.87771203155819,637645308,5.71460839004679e-05,0.0667727910075971,0.0959735697434905,3,,
bert-base,28,16,63.905325443786985,61.53846153846154,1875079769,1.02455512801224e-05,6.554675552717924e-05,0.0028724947762653,6,,
bert-base,28,17,63.70808678500986,66.27218934911242,1343645895,2.312376974149535e-05,0.0001093293369439,0.150110291859662,5,,
bert-base,28,18,58.97435897435897,53.84615384615385,1476975042,6.274228217330581e-06,0.0001286713920461,0.0901927046993063,2,,
bert-base,28,19,65.68047337278107,65.08875739644971,1608289626,6.07062314743148e-05,0.0040403343405836,0.1946805931852963,8,,
bert-base,28,20,64.1025641025641,62.52465483234714,629772560,1.1356671678182232e-05,0.0008422335304357,0.1046616825044951,8,,
bert-base,28,21,65.28599605522682,67.65285996055226,614800032,2.7606272284158317e-05,0.0012339664112691,0.1893374715303556,4,,
bert-base,28,22,62.72189349112426,63.905325443786985,1378965674,2.487577909019555e-05,3.537374254342322e-05,0.0201634615043837,2,,
bert-base,28,23,63.70808678500986,62.52465483234714,1211253286,9.831979195482e-06,0.0012205181580924,0.019067918731827,7,,
bert-base,28,24,68.83629191321499,68.63905325443787,1637979948,9.754749865193008e-05,0.0734175947200403,0.1065320689395734,5,,
bert-base,28,25,63.31360946745562,60.946745562130175,450436316,1.768779953487829e-05,1.7688089937016335e-05,0.1976154307867798,4,,
bert-base,28,26,65.87771203155819,65.08875739644971,1618573739,7.141511403461341e-05,0.0109321157203053,0.184236636155579,2,,
bert-base,28,27,65.48323471400394,66.86390532544378,1178684226,2.1690472348076702e-05,0.0016967855999896,0.129997347764926,3,,
bert-base,28,28,65.87771203155819,65.87771203155819,1638844301,4.503863738782764e-05,0.0001743059076388,0.1443028600697345,4,,
bert-base,28,29,68.63905325443787,68.44181459566074,98669088,6.757032399897719e-05,0.0848290493167887,0.0309287807533911,10,,
bert-base,29,0,66.47058823529412,64.57925636007828,451821821,1.717486110301674e-05,0.04385603175974,0.0009726630560894,9,,
bert-base,29,1,66.86274509803921,68.88454011741683,187692332,3.631902795441546e-05,0.0004854827373958,0.1287322349767878,8,,
bert-base,29,2,66.07843137254902,65.16634050880626,1497845515,3.644645581391634e-05,0.0002527840345757,0.0845229560815696,2,,
bert-base,29,3,64.70588235294117,60.86105675146771,1843251683,5.3749427703176966e-06,0.000267159952133,0.1987059702904028,8,,
bert-base,29,4,68.23529411764706,66.92759295499022,516887665,2.90777864925441e-05,3.684680393730296e-05,0.1488211542473834,10,,
bert-base,29,5,66.66666666666667,67.12328767123287,1147188495,2.3559861116916616e-05,0.017456288682254,0.1451563049868841,7,,
bert-base,29,6,63.72549019607843,63.013698630136986,1146661730,5.504625511629263e-06,4.17103010233971e-05,0.0409336104631452,10,,
bert-base,29,7,65.09803921568627,63.60078277886497,68995903,2.364288438716841e-05,0.0414604073027286,0.0324902226048935,7,,
bert-base,29,8,60.98039215686274,60.86105675146771,1931178455,8.96281676658385e-06,0.0004977401303981,0.0861268891499069,5,,
bert-base,29,9,64.90196078431373,64.77495107632095,226778336,3.071499797859608e-05,0.000237233717787,0.1596938435872207,10,,
bert-base,29,10,66.07843137254902,60.66536203522505,1049425865,5.936562247636277e-06,0.0075421811042925,0.1093617450051004,7,,
bert-base,29,11,66.47058823529412,64.57925636007828,1531226897,3.442905203111856e-05,0.0032795977538734,0.1528804659610818,2,,
bert-base,29,12,64.70588235294117,59.68688845401174,1102901298,4.044711828651304e-05,8.490973238768263e-05,0.1082982476214419,3,,
bert-base,29,13,64.31372549019608,60.46966731898239,1867121267,1.1052203841133204e-05,0.0006324885788916,0.0784909973022128,10,,
bert-base,29,14,65.09803921568627,66.53620352250489,1373589888,2.745007538210144e-05,0.0010351503519069,0.0619554334652006,3,,
bert-base,29,15,62.35294117647059,55.968688845401175,614859657,8.563915621857385e-06,8.074243695453139e-05,0.0986490881001638,3,,
bert-base,29,16,65.88235294117646,65.94911937377691,204881072,5.306440917176639e-05,0.000658383602316,0.0699047754149782,2,,
bert-base,29,17,65.09803921568627,64.77495107632095,1242366514,1.2297374700570043e-05,0.0001575094296614,0.0027521322207203,9,,
bert-base,29,18,67.84313725490196,64.77495107632095,1324268523,6.454742202939599e-05,2.6623952109271265e-05,0.0986401669651391,9,,
bert-base,29,19,68.82352941176471,67.12328767123287,1556974238,2.404799935795142e-05,0.0061233553619996,0.0927401836142479,6,,
bert-base,29,20,63.52941176470589,57.53424657534247,774734871,7.665528052483557e-06,2.3371404510002622e-05,0.071809909260457,3,,
bert-base,29,21,66.07843137254902,61.839530332681015,1553204005,2.7019876492546867e-05,0.0108151646473706,0.0669049596080532,6,,
bert-base,29,22,67.05882352941177,66.92759295499022,451571546,3.7964659046570814e-05,0.0033189987408882,0.1760102259979697,4,,
bert-base,29,23,67.84313725490196,70.0587084148728,1712569986,7.599732404489828e-05,0.0001326671267801,0.0196720677645321,6,,
bert-base,29,24,64.50980392156863,63.99217221135029,841118533,1.121857369278714e-05,0.0011277030862147,0.0776642417781178,5,,
bert-base,29,25,66.27450980392157,68.10176125244618,764592897,6.041666281228437e-05,0.0124608848807879,0.1792034918020506,10,,
bert-base,29,26,66.86274509803921,65.55772994129158,369051113,1.7131855838786917e-05,0.0004628073095882,0.0906020723915129,5,,
bert-base,29,27,67.84313725490196,66.53620352250489,180843590,9.582959216928992e-05,0.0007368199319156,0.1279662263841999,2,,
bert-base,29,28,67.45098039215686,69.08023483365949,1218245550,7.279504819071289e-05,0.0058620816344597,0.1489387513913938,4,,
bert-base,29,29,65.49019607843137,64.57925636007828,1509339972,1.1675177550338958e-05,1.0674232095977796e-05,0.0297337772119574,9,,
xlnet-base,0,0,58.01980198019802,59.40594059405941,287391331,1.4934282519573863e-05,0.0861277162272173,0.1634518223928525,3,,
xlnet-base,0,1,57.227722772277225,59.801980198019805,646487624,6.274705978455728e-05,0.0707101815590349,0.1409046060822378,2,,
xlnet-base,0,2,68.7128712871287,72.07920792079207,460257811,5.304910212313264e-05,5.156870607570365e-05,0.1888665154689066,10,,
xlnet-base,0,3,63.16831683168317,66.13861386138613,1703221429,3.8155927535367255e-05,1.6784853379161638e-05,0.1427100056073323,8,,
xlnet-base,0,4,62.97029702970297,64.15841584158416,194700052,6.604182796810276e-06,0.0004729708370854,0.1691691558005484,8,,
xlnet-base,0,5,51.08910891089109,49.50495049504951,1929050656,4.968691800247823e-05,0.0005822442145337,0.1064143120697324,3,,
xlnet-base,0,6,56.23762376237624,58.21782178217822,1219824770,1.2667867587376e-05,3.155660960138342e-05,0.0442121269926801,2,,
xlnet-base,0,7,66.53465346534654,69.70297029702971,588562543,1.0202946082892483e-05,0.0007589724790641,0.1353810971498161,8,,
xlnet-base,0,8,67.12871287128714,71.48514851485149,463425535,6.09200520723159e-05,0.0001772088854252,0.0489220626946142,7,,
xlnet-base,0,9,65.94059405940594,67.52475247524752,1873335660,9.64995685315706e-06,0.0002100700203455,0.0245434365408739,10,,
xlnet-base,0,10,61.18811881188119,63.366336633663366,1832855749,9.625506579791828e-05,0.0887666488061418,0.1560226687455646,3,,
xlnet-base,0,11,62.37623762376238,62.37623762376238,116209183,1.61232099022099e-05,5.327307947976491e-05,0.1387213516871604,2,,
xlnet-base,0,12,59.00990099009901,54.85148514851485,953998815,2.8384328633706865e-05,0.0462175328251432,0.0667566584757958,2,,
xlnet-base,0,13,66.33663366336634,70.4950495049505,1151441155,2.686359847291169e-05,5.223296559805504e-05,0.1024817491978059,8,,
xlnet-base,0,14,64.75247524752476,63.366336633663366,357994019,7.153233396312506e-06,0.0001557902925664,0.0306747914246675,10,,
xlnet-base,0,15,65.74257425742574,66.33663366336634,507508023,2.458326717268252e-05,2.3870522822667046e-05,0.1740177932947852,5,,
xlnet-base,0,16,63.56435643564357,62.57425742574257,1655865346,5.30407580704664e-06,0.0448444627108472,0.0629358520205624,10,,
xlnet-base,0,17,65.74257425742574,69.10891089108911,1228204260,3.997984180448368e-05,5.713435221477103e-05,0.1677440366502584,8,,
xlnet-base,0,18,63.16831683168317,67.12871287128714,901096136,1.8519986942347336e-05,0.0025740434588819,0.0846442071151599,5,,
xlnet-base,0,19,69.10891089108911,70.6930693069307,1339539422,2.1079596971950327e-05,0.0011703202584443,0.1183940173316034,8,,
xlnet-base,0,20,62.17821782178218,69.10891089108911,623225601,8.319693741953591e-05,1.0295365179353652e-05,0.1166629037380144,5,,
xlnet-base,0,21,67.32673267326733,68.91089108910892,328972721,2.800930941621189e-05,9.53352842426422e-05,0.0013220182366254,8,,
xlnet-base,0,22,61.58415841584159,62.97029702970297,273346663,2.161146687392855e-05,0.009826834596872,0.0965533884082931,3,,
xlnet-base,0,23,60.59405940594059,60.59405940594059,1328704139,2.7548567357286966e-05,0.0067869901704095,0.1015463681324491,2,,
xlnet-base,0,24,49.10891089108911,49.9009900990099,690728799,6.8332081122352e-05,0.0001769184789528,0.0274310856474753,8,,
xlnet-base,0,25,57.227722772277225,54.45544554455446,1999184826,1.1114731210663232e-05,0.0797935300914711,0.0541158077468224,2,,
xlnet-base,0,26,60.59405940594059,59.801980198019805,173627401,5.50218059989711e-06,2.766734672401348e-05,0.1487286146493027,6,,
xlnet-base,0,27,67.12871287128714,68.51485148514851,1110497582,4.90429176022124e-05,0.0001710305860483,0.1012169206460378,3,,
xlnet-base,0,28,68.7128712871287,71.2871287128713,30092207,1.7586934459791438e-05,0.0036050915232595,0.1980434695852325,6,,
xlnet-base,0,29,60.0,62.17821782178218,1602604504,3.1394001168544114e-05,0.0790423950877414,0.1602495624879978,2,,
xlnet-base,1,0,64.2570281124498,63.32665330661322,1497767595,7.459760765987578e-06,0.0082937757211438,0.0662160599000658,10,,
xlnet-base,1,1,69.67871485943775,65.93186372745491,1715887752,8.953922389652746e-06,0.0094292136233979,0.1262469589825549,10,,
xlnet-base,1,2,66.06425702811245,65.33066132264528,1337642682,7.088198424878722e-06,0.0010931196826298,0.0985549055432184,5,,
xlnet-base,1,3,66.86746987951807,65.13026052104209,1855506051,8.715960442675967e-06,0.0065239131728594,0.0436180861012995,9,,
xlnet-base,1,4,65.06024096385542,65.53106212424849,1049947674,2.4739390843548665e-05,0.0287145310448833,0.0112631643626726,4,,
xlnet-base,1,5,68.27309236947791,66.73346693386773,910778780,6.066665484961226e-05,5.15843000438195e-05,0.1215584107674544,8,,
xlnet-base,1,6,54.41767068273092,54.70941883767535,1787042141,9.497323286615123e-06,0.0160644145661589,0.0891584330807882,2,,
xlnet-base,1,7,64.2570281124498,63.72745490981964,274632219,1.415370032480646e-05,4.141106214055926e-05,0.1444054376419175,7,,
xlnet-base,1,8,65.26104417670683,66.13226452905812,2085856539,7.080670082138213e-05,0.0011951701957407,0.1778477568582397,6,,
xlnet-base,1,9,67.8714859437751,64.72945891783567,166593385,7.896660387510044e-05,0.0014825469336616,0.1694392568398735,5,,
xlnet-base,1,10,66.26506024096386,65.33066132264528,1992670873,2.186101678051245e-05,0.002364494496954,0.0502133198439944,4,,
xlnet-base,1,11,59.83935742971887,60.120240480961925,562497799,3.3036150251021165e-05,0.0439526756992923,0.0211772261656488,3,,
xlnet-base,1,12,68.87550200803213,65.93186372745491,289982404,7.60958496430185e-05,2.2652205178897207e-05,0.1914512622006065,8,,
xlnet-base,1,13,65.86345381526104,63.52705410821643,988439787,5.291198646741294e-05,0.0022754689665282,0.0399164207848137,2,,
xlnet-base,1,14,67.8714859437751,68.13627254509018,1845505887,4.1430134518538135e-05,0.0029442287702117,0.1296010628725106,4,,
xlnet-base,1,15,68.27309236947791,67.73547094188376,579714458,3.2395639144159206e-05,0.0023100994271487,0.0705336414175391,8,,
xlnet-base,1,16,67.46987951807229,65.93186372745491,32883061,7.561686241990665e-06,0.072720903760517,0.048102344862886,9,,
xlnet-base,1,17,67.06827309236948,65.33066132264528,1927239143,2.7506713464458744e-05,0.0002441984253628,0.0984910792205907,8,,
xlnet-base,1,18,66.46586345381526,70.34068136272545,1357120991,2.1350429271641837e-05,5.298512208523876e-05,0.0666399569859858,9,,
xlnet-base,1,19,69.07630522088354,64.72945891783567,291665748,6.66980244511613e-06,0.053177815777282,0.0193599347365148,6,,
xlnet-base,1,20,61.84738955823293,63.12625250501002,1893694913,9.50664397427315e-05,0.0002701533064966,0.0653430969537224,7,,
xlnet-base,1,21,64.4578313253012,63.32665330661322,165877623,1.4364072331634013e-05,0.005809058684325,0.0196835578122774,4,,
xlnet-base,1,22,66.06425702811245,65.33066132264528,1799746161,6.568166267808486e-05,0.0016574329069926,0.1525898316382292,8,,
xlnet-base,1,23,66.66666666666667,63.72745490981964,1419264267,7.510363336854011e-05,0.0028431249515364,0.1919381241912149,10,,
xlnet-base,1,24,68.07228915662651,67.73547094188376,519488384,9.50753406062787e-06,0.0006049438332551,0.0443828016357457,9,,
xlnet-base,1,25,67.6706827309237,67.33466933867736,662236289,3.77998975375292e-05,0.0073442316842775,0.1507976648638914,6,,
xlnet-base,1,26,64.65863453815261,64.32865731462925,558047966,1.522709702196596e-05,1.2441894363028682e-05,0.177480329380953,9,,
xlnet-base,1,27,64.4578313253012,65.33066132264528,1220755508,4.846887972006717e-05,0.0306080843097328,0.1020355931472829,6,,
xlnet-base,1,28,69.27710843373494,67.73547094188376,1130876499,5.725030442464231e-05,0.0056294887278035,0.1998670059450741,10,,
xlnet-base,1,29,64.65863453815261,67.53507014028057,939904342,4.345361722479416e-05,0.0002818055844324,0.0160977748185062,10,,
xlnet-base,2,0,63.42412451361868,65.95330739299611,2124015605,3.369013732758567e-05,2.629197123966832e-05,0.0758516631182798,2,,
xlnet-base,2,1,57.19844357976654,58.94941634241245,243787021,5.832045665938582e-06,0.0019382257962256,0.1537219195181968,3,,
xlnet-base,2,2,63.42412451361868,66.73151750972762,885226855,6.75108454110987e-05,3.8197100172796944e-05,0.0169410760793282,6,,
xlnet-base,2,3,67.70428015564202,68.09338521400778,2074307990,1.760150476618258e-05,0.0001132852285685,0.1324594712302618,9,,
xlnet-base,2,4,65.75875486381322,65.95330739299611,1434465729,1.236454763205799e-05,3.4705653303719845e-05,0.1328946200403064,7,,
xlnet-base,2,5,64.2023346303502,64.78599221789884,1771853416,9.891705253955328e-05,0.000178143894851,0.1467219084110475,4,,
xlnet-base,2,6,68.09338521400778,67.12062256809338,1497970010,6.729292371995904e-06,0.0501171753405157,0.0313959659374487,9,,
xlnet-base,2,7,50.0,48.249027237354085,1047755121,5.769240681066581e-05,7.887187253828564e-05,0.1570680550528737,2,,
xlnet-base,2,8,67.31517509727627,67.50972762645914,670169829,1.084092765699914e-05,0.0041854730893223,0.0762598692800098,7,,
xlnet-base,2,9,57.39299610894942,59.92217898832685,1762750522,1.3878322001472476e-05,2.094750212152574e-05,0.0326180721971355,3,,
xlnet-base,2,10,50.0,48.249027237354085,2126276753,4.9546891988514006e-05,2.181368849682355e-05,0.1252312817255639,8,,
xlnet-base,2,11,66.92607003891051,65.75875486381322,1641854642,8.492703127615211e-06,0.0008754303035388,0.192107752523028,9,,
xlnet-base,2,12,64.98054474708171,65.36964980544747,282037779,3.834047935046543e-05,0.0001096472071169,0.0171523374180019,4,,
xlnet-base,2,13,57.5875486381323,61.478599221789885,1015127827,1.1188395990085171e-05,0.0013157625042562,0.0806148595873767,3,,
xlnet-base,2,14,70.8171206225681,68.67704280155642,333325021,7.88515087298659e-05,0.0656284433003164,0.1582417153523833,7,,
xlnet-base,2,15,67.50972762645914,68.28793774319067,1014022850,1.0352187098810822e-05,0.0317690730131123,0.1646305309681081,7,,
xlnet-base,2,16,50.0,48.249027237354085,108438348,5.9132720873410114e-05,0.0017895699587594,0.0653190306562521,8,,
xlnet-base,2,17,70.23346303501945,71.20622568093385,84628664,5.100697356102792e-05,1.6530876444663724e-05,0.0683410634625027,6,,
xlnet-base,2,18,67.8988326848249,69.06614785992218,1388216279,1.578492098410047e-05,0.000285053821444,0.1828353880098258,5,,
xlnet-base,2,19,65.75875486381322,65.75875486381322,535518337,3.1958329843665844e-05,0.0429760194730252,0.1453007137767916,6,,
xlnet-base,2,20,64.78599221789884,67.70428015564202,1553695525,7.588611704280091e-06,3.139903159530477e-05,0.1078030411653656,9,,
xlnet-base,2,21,55.05836575875487,53.30739299610895,1856025987,5.147430713094228e-06,0.083113249431424,0.1942640957207813,2,,
xlnet-base,2,22,63.42412451361868,66.34241245136187,1664097421,7.785217213308274e-06,1.0914032915455584e-05,0.1517948147820501,4,,
xlnet-base,2,23,69.64980544747081,69.06614785992218,655975414,3.109788636643571e-05,0.0067117845218691,0.1397519062357858,4,,
xlnet-base,2,24,67.12062256809338,68.67704280155642,182048762,4.1565389311462746e-05,0.0352467018784789,0.0586257673492605,10,,
xlnet-base,2,25,67.12062256809338,66.73151750972762,261368642,1.6362653786325486e-05,0.0373487034892825,0.1512027799131634,7,,
xlnet-base,2,26,66.53696498054475,65.56420233463035,373952589,4.719209683123714e-05,0.0017036865324965,0.1640716990139117,8,,
xlnet-base,2,27,67.8988326848249,68.67704280155642,474530800,2.4024383542202405e-05,0.0003760608403124,0.1553313642967174,9,,
xlnet-base,2,28,63.81322957198444,66.73151750972762,208464783,2.7726839273849357e-05,0.0003891784047371,0.1105374319916037,2,,
xlnet-base,2,29,64.39688715953308,67.8988326848249,496526730,1.0743254067879142e-05,0.0005810994077195,0.1651650217550894,7,,
xlnet-base,3,0,67.32673267326733,64.95049504950495,2059915205,7.622374254888407e-06,0.0005685014085237,0.1732026950145702,8,,
xlnet-base,3,1,62.57425742574257,65.54455445544555,271222912,7.023448467723919e-05,0.004769655133772,0.1001877763462546,7,,
xlnet-base,3,2,66.33663366336634,65.74257425742574,668389871,2.9804706048062742e-05,2.4032962250441386e-05,0.0559047407768263,7,,
xlnet-base,3,3,68.11881188118812,68.7128712871287,878484008,2.1328258335038687e-05,4.490070711095499e-05,0.0531600884837925,7,,
xlnet-base,3,4,64.55445544554455,66.53465346534654,1975268663,1.1697401404580024e-05,0.0010162901826356,0.1755087883329726,7,,
xlnet-base,3,5,56.83168316831683,56.03960396039604,692214616,3.2732002862484736e-05,0.0003861039797118,0.1952712460653949,2,,
xlnet-base,3,6,67.32673267326733,68.11881188118812,2018791220,1.2841459913579108e-05,0.001728387648521,0.0774780869130668,10,,
xlnet-base,3,7,63.76237623762376,62.97029702970297,8777931,7.257436569222063e-06,0.0004412726658312,0.0577470767307952,7,,
xlnet-base,3,8,65.14851485148515,66.53465346534654,1156972524,4.213366608033839e-05,0.0001374542678094,0.1171407374049234,8,,
xlnet-base,3,9,64.35643564356435,63.366336633663366,1258013139,9.584346397298624e-06,3.506644887135609e-05,0.0102384316614244,6,,
xlnet-base,3,10,57.227722772277225,56.23762376237624,1178198413,1.1686650915157137e-05,0.074366425402819,0.1823617675307091,3,,
xlnet-base,3,11,59.6039603960396,50.89108910891089,419381633,2.11305066436781e-05,2.3673837655132115e-05,0.0912898724059957,3,,
xlnet-base,3,12,63.56435643564357,63.16831683168317,476759068,2.761107207524089e-05,0.0048804081554522,0.175416882422765,7,,
xlnet-base,3,13,59.6039603960396,61.78217821782178,614223438,6.266699058284931e-06,0.001969435173937,0.1428003139241495,3,,
xlnet-base,3,14,66.73267326732673,64.15841584158416,1840088018,3.145055195418212e-05,0.0003358329804573,0.1422554849426689,3,,
xlnet-base,3,15,60.59405940594059,61.18811881188119,1422932273,8.39822075217285e-06,0.0384519011918697,0.1856456389873336,4,,
xlnet-base,3,16,66.53465346534654,67.32673267326733,1954597456,7.379408764894877e-06,0.0637710330642872,0.0847750836214802,10,,
xlnet-base,3,17,55.24752475247525,56.63366336633664,287173907,6.68139316331406e-06,0.0117506135013399,0.1008792399975035,2,,
xlnet-base,3,18,64.15841584158416,62.772277227722775,2004187692,8.65700433221641e-05,0.000625183900936,0.0815795882824494,7,,
xlnet-base,3,19,64.15841584158416,65.54455445544555,314936182,1.335373108899572e-05,0.0017747311010958,0.1479789530050818,8,,
xlnet-base,3,20,65.54455445544555,68.11881188118812,1968613070,3.7312634860784736e-05,0.0018908632085473,0.1169939891041131,3,,
xlnet-base,3,21,63.96039603960397,63.96039603960397,118498366,7.669155069171132e-05,0.0486487378547909,0.1124370641932801,2,,
xlnet-base,3,22,62.57425742574257,61.98019801980198,1085466563,2.273227099631261e-05,5.042631895358029e-05,0.1360568139031601,3,,
xlnet-base,3,23,57.227722772277225,62.772277227722775,1434459811,9.439280765159864e-06,0.0004169725207347,0.0271015787562773,2,,
xlnet-base,3,24,60.99009900990099,59.6039603960396,2083740121,1.1202276726434257e-05,0.072615923988207,0.0058481357528597,3,,
xlnet-base,3,25,64.55445544554455,61.78217821782178,1948821447,7.104147266282612e-06,0.0011600900886626,0.1128903180994598,8,,
xlnet-base,3,26,65.34653465346534,64.55445544554455,242545146,6.452275949283114e-05,0.0169976315924664,0.0235693197802997,9,,
xlnet-base,3,27,62.57425742574257,60.1980198019802,2139879999,1.350645461917772e-05,0.0020962660154257,0.1744868344123953,4,,
xlnet-base,3,28,63.16831683168317,62.97029702970297,1812545696,6.543882113925321e-05,3.577206312521093e-05,0.0232036618123485,10,,
xlnet-base,3,29,64.95049504950495,64.15841584158416,914681645,1.929707782932793e-05,1.0808833511197636e-05,0.1577884246888775,4,,
xlnet-base,4,0,68.58846918489066,60.51587301587302,648619264,8.31667262340994e-06,0.0729272696856494,0.1283813823553355,8,,
xlnet-base,4,1,73.1610337972167,62.8968253968254,1562781809,4.428107070141053e-05,0.0040116249144377,0.047728583581541,6,,
xlnet-base,4,2,60.03976143141153,54.16666666666666,1878638037,6.952730322425907e-06,0.0003816632725383,0.104207552723545,3,,
xlnet-base,4,3,69.18489065606362,61.30952380952381,1829554740,2.504175028232413e-05,1.0889725403126658e-05,0.0017183766328878,10,,
xlnet-base,4,4,67.79324055666004,56.54761904761905,1995346800,5.165696253107201e-06,0.0091676951635808,0.1641125910794804,6,,
xlnet-base,4,5,69.78131212723657,62.1031746031746,741128682,1.0890238365129978e-05,0.0003834248699732,0.0163227368884875,9,,
xlnet-base,4,6,74.15506958250496,61.11111111111112,1691681265,2.7444512857629256e-05,0.0012048690096991,0.1202133190972302,5,,
xlnet-base,4,7,70.37773359840955,61.70634920634921,1813565000,2.388151854155269e-05,0.0407874119683397,0.1560017023045988,4,,
xlnet-base,4,8,69.18489065606362,61.30952380952381,45149098,9.320117007859358e-06,0.0363393454457164,0.031412678306541,5,,
xlnet-base,4,9,68.19085487077535,59.32539682539682,1759988097,7.525861756777629e-05,0.0011350777275088,0.1374988969703288,2,,
xlnet-base,4,10,68.19085487077535,62.5,1022328683,3.944808583485331e-05,0.0016428289487566,0.1140379630406903,4,,
xlnet-base,4,11,68.389662027833,60.51587301587302,1554503977,7.59153000348844e-05,0.0225884813816945,0.0410047321287573,4,,
xlnet-base,4,12,71.57057654075547,62.3015873015873,623986505,8.294858660495172e-06,0.0499510897702182,0.0449841274821123,6,,
xlnet-base,4,13,70.37773359840955,63.69047619047619,2095763205,2.822660434286334e-05,0.0002550365537714,0.0637174461977492,6,,
xlnet-base,4,14,67.19681908548708,64.08730158730158,1383059550,2.9289350330027426e-05,7.99487052394559e-05,0.1858511921881315,7,,
xlnet-base,4,15,73.75745526838966,65.67460317460318,1540535888,3.515534071876147e-05,0.0012956152706918,0.0297361622856428,8,,
xlnet-base,4,16,71.76938369781313,62.8968253968254,1965554836,1.268916239409321e-05,5.303092825610552e-05,0.1893646126017525,10,,
xlnet-base,4,17,71.76938369781313,60.31746031746032,225696068,7.3024369703126736e-06,0.000307696839283,0.0854842700378618,8,,
xlnet-base,4,18,69.98011928429423,60.71428571428572,775974139,9.1909557317855e-06,0.0260084370674618,0.0590923976625826,8,,
xlnet-base,4,19,70.17892644135189,64.48412698412699,927581869,5.811464863372407e-05,0.0044792732227136,0.0713823443844185,9,,
xlnet-base,4,20,61.232604373757454,57.34126984126984,1173662854,8.881701866635454e-06,0.0024272522161201,0.0836639898935894,2,,
xlnet-base,4,21,74.75149105367794,65.27777777777777,55285005,2.9254691282869816e-05,0.0416292870121385,0.0753699442451018,9,,
xlnet-base,4,22,64.21471172962227,56.15079365079365,1555539963,6.168913730858904e-05,1.0428152671412183e-05,0.1224757326504204,5,,
xlnet-base,4,23,72.56461232604374,64.88095238095238,1881667639,2.5541474547603197e-05,0.0024002469635197,0.1340361533129145,8,,
xlnet-base,4,24,71.76938369781313,63.888888888888886,1997180245,7.358533765266418e-05,0.0001811865031238,0.1702524829539122,6,,
xlnet-base,4,25,69.38369781312127,61.507936507936506,532430646,1.1457840296015098e-05,0.0105190406053593,0.1934989844461246,4,,
xlnet-base,4,26,74.75149105367794,64.28571428571429,1779366856,1.2168978523332216e-05,0.0032291298546405,0.0608987208729304,8,,
xlnet-base,4,27,62.22664015904572,53.37301587301587,567553832,7.73461893415904e-06,0.0019755002336767,0.0720177157986651,3,,
xlnet-base,4,28,60.83499005964215,55.15873015873016,795969628,7.815049332672559e-06,0.0002357584878779,0.0858178600031491,2,,
xlnet-base,4,29,71.57057654075547,62.8968253968254,610686613,1.6300075376630203e-05,8.982204993307473e-05,0.0794502030142994,4,,
xlnet-base,5,0,49.90403071017275,49.80842911877394,735324129,9.14462405088948e-05,0.0788954779108485,0.0068205317517479,8,,
xlnet-base,5,1,67.37044145873321,67.04980842911877,1936082144,6.552919580519712e-05,4.705489243936753e-05,0.1932935930277115,2,,
xlnet-base,5,2,55.08637236084453,56.89655172413793,1709049480,6.329107923493521e-06,0.0001397910584329,0.1535552888640278,2,,
xlnet-base,5,3,58.73320537428023,60.15325670498084,886561942,7.473544039591978e-06,0.000781223301962,0.0418813896261957,3,,
xlnet-base,5,4,66.60268714011517,64.55938697318008,582010666,2.190047198339879e-05,0.0001297686797737,0.0547295947881478,6,,
xlnet-base,5,5,65.83493282149712,67.43295019157088,402834936,3.584091745106401e-05,0.0014355595844314,0.0690112503537377,6,,
xlnet-base,5,6,70.24952015355086,68.00766283524904,481170179,3.460208903002499e-05,0.0053799946946835,0.1445365927120358,8,,
xlnet-base,5,7,68.13819577735124,67.62452107279694,937336939,2.095195014938573e-05,2.62065168364942e-05,0.1503487681401459,4,,
xlnet-base,5,8,68.90595009596929,67.43295019157088,1510424553,7.011080718155836e-05,0.0246914074063501,0.1677133728235377,5,,
xlnet-base,5,9,68.71401151631478,68.96551724137932,904900002,4.461553469096475e-05,0.0619611374147781,0.0680225456902881,7,,
xlnet-base,5,10,69.48176583493282,67.04980842911877,1130240873,9.10493954642463e-06,3.3507479981794513e-05,0.0171810568764725,7,,
xlnet-base,5,11,67.56238003838772,67.04980842911877,349191393,1.8361576241604495e-05,0.0623942378932062,0.1041324654723693,5,,
xlnet-base,5,12,64.10748560460652,65.90038314176245,189190107,1.397892807405391e-05,5.5367298523466885e-05,0.015446169052244,7,,
xlnet-base,5,13,66.98656429942419,64.94252873563218,165839037,1.7445632157137814e-05,1.9354062885191173e-05,0.1025284593154067,9,,
xlnet-base,5,14,67.94625719769674,68.5823754789272,1015759532,5.044183193792898e-05,0.0002368463639501,0.0970882872231395,9,,
xlnet-base,5,15,67.56238003838772,67.43295019157088,957489738,2.379433193980974e-05,0.0096706185353796,0.1649356487795525,4,,
xlnet-base,5,16,64.29942418426104,62.26053639846743,451018139,1.8097629192523877e-05,0.0005993820960702,0.1800368478602081,4,,
xlnet-base,5,17,67.17850287907869,68.77394636015326,1222593726,7.425588811220583e-06,2.26054016304014e-05,0.0106680332199982,9,,
xlnet-base,5,18,67.94625719769674,68.39080459770115,749087660,1.7168559571725763e-05,1.2225862096534084e-05,0.1890306020235452,9,,
xlnet-base,5,19,61.61228406909789,63.02681992337165,807409135,7.828390279309116e-06,0.0097026679804897,0.104940170072907,3,,
xlnet-base,5,20,64.87523992322457,66.47509578544062,1231728515,1.3253854898258055e-05,3.0199907150508262e-05,0.1259178411926091,7,,
xlnet-base,5,21,68.71401151631478,67.43295019157088,561292766,3.39698313118357e-05,6.017700263841505e-05,0.0934160847957299,6,,
xlnet-base,5,22,65.06717850287907,68.96551724137932,1456937661,1.3870187062881614e-05,0.0194351097502802,0.1357198978579053,5,,
xlnet-base,5,23,68.13819577735124,68.77394636015326,1449007056,1.6483289693380512e-05,0.0151217909876669,0.1270663237563539,7,,
xlnet-base,5,24,66.21880998080614,67.43295019157088,1947561355,4.419880432377213e-05,1.0485370042550028e-05,0.1976982450443912,6,,
xlnet-base,5,25,67.17850287907869,69.73180076628353,126183371,2.085991722731159e-05,0.0001250125698184,0.0811473787786856,5,,
xlnet-base,5,26,65.64299424184262,67.62452107279694,1712460480,2.267375894433864e-05,0.000194360484536,0.077171010720726,4,,
xlnet-base,5,27,66.21880998080614,64.75095785440612,1733269309,8.759267899274566e-06,1.792960462475101e-05,0.0049399073063606,5,,
xlnet-base,5,28,56.046065259117086,57.8544061302682,1985620563,8.062210817908756e-06,0.0003361211660045,0.0165212725381301,2,,
xlnet-base,5,29,64.68330134357005,65.32567049808429,1650777113,6.060403796241912e-06,0.0002263679228835,0.0634775023433352,7,,
xlnet-base,6,0,67.06349206349206,68.05555555555556,1152885357,2.6258170890374356e-05,0.0074701934880665,0.1658766759446341,3,,
xlnet-base,6,1,70.03968253968254,70.63492063492063,315339014,1.3363594625883237e-05,1.666341360627453e-05,0.1431821777315532,9,,
xlnet-base,6,2,69.04761904761905,70.83333333333333,734788303,2.6836582463462216e-05,1.0217934693078562e-05,0.0896545650741412,10,,
xlnet-base,6,3,67.26190476190476,65.87301587301587,1442677669,7.273715008520711e-06,0.0203503397500672,0.1839813899584965,7,,
xlnet-base,6,4,68.65079365079364,68.05555555555556,1913448186,9.802457146671463e-06,0.0137772902536835,0.0224397366489454,6,,
xlnet-base,6,5,70.03968253968254,69.64285714285714,1776778919,6.075506455051139e-05,2.270946124633516e-05,0.1770989222600048,10,,
xlnet-base,6,6,69.84126984126983,66.86507936507937,1015565329,6.087039000036678e-06,0.0037410298296631,0.0202680320080019,7,,
xlnet-base,6,7,60.71428571428572,60.91269841269841,1026105699,7.291366781587156e-05,1.3291416910755873e-05,0.0881538676070693,4,,
xlnet-base,6,8,70.83333333333333,67.46031746031746,1371959852,4.645719730437509e-05,0.0003767079586828,0.1833879859165509,3,,
xlnet-base,6,9,68.25396825396825,70.63492063492063,22774582,1.1535592958113991e-05,0.0014415125622089,0.1111814755466315,7,,
xlnet-base,6,10,68.65079365079364,68.84920634920636,1051025468,3.257998001857264e-05,0.0001906652898938,0.1457288601717727,9,,
xlnet-base,6,11,71.23015873015873,71.42857142857143,1331258420,5.577586772669816e-05,3.0827653477253614e-05,0.060014809058372,4,,
xlnet-base,6,12,71.42857142857143,71.03174603174604,300134645,3.0266838768248184e-05,1.7449041673544195e-05,0.1464764044082811,7,,
xlnet-base,6,13,68.65079365079364,68.45238095238095,874155659,5.9204720426766594e-05,0.0447898989836732,0.1023920587773811,3,,
xlnet-base,6,14,70.23809523809524,71.82539682539682,660156003,2.3725098589914885e-05,0.0394249386536923,0.1288405430851185,4,,
xlnet-base,6,15,64.48412698412699,65.27777777777777,790126216,5.289802847718278e-06,0.0008859978896638,0.1878794744785432,4,,
xlnet-base,6,16,68.25396825396825,68.84920634920636,1338813009,5.006106693187545e-05,0.0023821374280491,0.1611775806449551,8,,
xlnet-base,6,17,71.82539682539682,69.84126984126983,1411772399,6.120344286200427e-05,1.1093348632318564e-05,0.181960087902149,8,,
xlnet-base,6,18,69.64285714285714,67.26190476190476,1435908992,9.565359975707024e-06,0.0119657536552912,0.1707182591672237,9,,
xlnet-base,6,19,67.26190476190476,65.67460317460318,46429920,6.445469838182943e-06,0.0024900802573532,0.0465192902166121,6,,
xlnet-base,6,20,70.63492063492063,71.03174603174604,778216214,2.970063015725259e-05,0.0003485999598837,0.1526266730290652,10,,
xlnet-base,6,21,62.1031746031746,62.8968253968254,836081966,5.972486436759575e-06,0.0390695463461808,0.1416579393797503,4,,
xlnet-base,6,22,50.0,47.42063492063492,458833552,4.941468020503334e-05,4.604530288882069e-05,0.0853698981844149,2,,
xlnet-base,6,23,68.84920634920636,72.42063492063492,803207504,2.914249404642516e-05,0.0009839495664903,0.0287430294983115,8,,
xlnet-base,6,24,70.63492063492063,70.63492063492063,1916206690,2.419220286521122e-05,0.0052525656872998,0.1264697663949099,8,,
xlnet-base,6,25,50.0,52.57936507936508,1332974293,9.966476591136982e-05,0.0009438498721966,0.0171818132158988,4,,
xlnet-base,6,26,65.67460317460318,67.85714285714286,1057045525,2.9313660505881623e-05,0.0003831927037768,0.1485501466827959,7,,
xlnet-base,6,27,63.69047619047619,64.28571428571429,1188636463,5.079925401789009e-06,0.0005859356589468,0.0968806876393253,5,,
xlnet-base,6,28,70.03968253968254,71.03174603174604,1439269157,1.272291374021607e-05,4.1508289427258144e-05,0.156676782469318,9,,
xlnet-base,6,29,71.03174603174604,71.03174603174604,774687259,2.4358324672047544e-05,3.0555140903976497e-05,0.1687542143685654,8,,
xlnet-base,7,0,49.70986460348163,52.61121856866538,1636953537,9.854035848549577e-05,3.907608076507116e-05,0.0729576139320874,3,,
xlnet-base,7,1,50.29013539651837,47.38878143133462,1565343621,8.978672985744069e-05,6.657992169073152e-05,0.0626543318738117,2,,
xlnet-base,7,2,66.34429400386847,61.31528046421664,961161532,6.54296701671116e-06,1.2188525081520218e-05,0.12555188445871,5,,
xlnet-base,7,3,64.79690522243713,62.47582205029013,58357112,5.352728822271102e-06,9.364738032743028e-05,0.1055551185639162,7,,
xlnet-base,7,4,66.53771760154739,63.63636363636363,969393214,6.093416938092163e-06,0.0004387498041425,0.0312213867801372,10,,
xlnet-base,7,5,65.95744680851064,61.50870406189555,1747526747,9.13033298641681e-05,0.0017396672868514,0.1741557288217573,10,,
xlnet-base,7,6,66.7311411992263,67.11798839458415,1932945651,4.406252875065395e-05,0.0036519597966364,0.0090511481909365,9,,
xlnet-base,7,7,66.92456479690522,63.82978723404256,1084543772,8.898763916935279e-06,0.0197948120064229,0.0270580081447589,6,,
xlnet-base,7,8,64.79690522243713,60.541586073500966,1124961404,6.448261824511262e-06,0.0973311533158628,0.0357836331871431,7,,
xlnet-base,7,9,65.76402321083172,64.4100580270793,1163092192,2.3221661366176668e-05,0.0006556680985215,0.0292366895159508,8,,
xlnet-base,7,10,67.11798839458415,67.69825918762089,167534317,3.476640686479947e-05,0.0012638127494382,0.1660835214204087,6,,
xlnet-base,7,11,68.27852998065764,66.15087040618955,1115856994,1.228564274709962e-05,0.0145252237685364,0.0383631798731793,8,,
xlnet-base,7,12,66.7311411992263,66.15087040618955,1261637580,4.764435770898729e-05,9.788997111984934e-05,0.0447374434709836,6,,
xlnet-base,7,13,67.50483558994198,69.05222437137331,387408802,7.344941453520477e-05,0.0010173735132475,0.0920620269123533,9,,
xlnet-base,7,14,66.34429400386847,65.18375241779498,1990770722,2.4072672579158114e-05,0.0208694617790631,0.1387190280341526,10,,
xlnet-base,7,15,68.08510638297872,69.24564796905223,516994574,6.174331631899614e-05,0.0083664991488279,0.1716364408109808,6,,
xlnet-base,7,16,65.18375241779498,62.28239845261122,1472441682,8.166211594898039e-06,0.0003915543397276,0.0315224382833181,8,,
xlnet-base,7,17,66.53771760154739,65.57059961315281,806128611,2.1410919498488018e-05,0.0064127929489026,0.054955601620783,9,,
xlnet-base,7,18,67.11798839458415,65.76402321083172,1135646210,4.705272928937581e-05,0.0816739754284281,0.1361633704605233,6,,
xlnet-base,7,19,66.7311411992263,67.31141199226306,687594693,7.77809157686263e-05,1.8730366661710625e-05,0.1181133503351413,4,,
xlnet-base,7,20,62.28239845261122,60.73500967117988,1384492455,1.6755093541569796e-05,0.0006934888986035,0.1991571641968109,2,,
xlnet-base,7,21,68.47195357833655,66.15087040618955,1874417242,5.510835736414046e-05,1.924831203120376e-05,0.1214518725290119,10,,
xlnet-base,7,22,60.154738878143135,58.22050290135397,1680596958,7.395979449072702e-05,0.0085320394409625,0.0375316301910979,2,,
xlnet-base,7,23,66.15087040618955,61.50870406189555,969719493,1.0124121274123004e-05,0.0108569530884894,0.0095550340842138,9,,
xlnet-base,7,24,63.44294003868472,59.18762088974855,221588903,9.178380732682192e-05,0.0004022351255461,0.1750663163884717,4,,
xlnet-base,7,25,50.483558994197296,47.38878143133462,181823342,8.503516806723171e-05,0.0510605908650931,0.0002562100906769,6,,
xlnet-base,7,26,66.7311411992263,64.99032882011605,1087265773,3.542624906489663e-05,0.000608847374372,0.0920748023508836,9,,
xlnet-base,7,27,65.76402321083172,63.63636363636363,191532035,1.2556656987168285e-05,0.0037930166854157,0.1548655134247859,7,,
xlnet-base,7,28,62.86266924564797,62.86266924564797,1490952276,4.160746525530012e-05,1.0679768218733533e-05,0.0407744051006028,10,,
xlnet-base,7,29,67.69825918762089,65.57059961315281,258978544,3.971222784975311e-05,0.0106095137588245,0.1422838770842539,7,,
xlnet-base,8,0,73.12252964426878,71.7948717948718,921538233,2.151184108622775e-05,2.1398709391834677e-05,0.1824963921009147,8,,
xlnet-base,8,1,66.40316205533597,64.29980276134123,1325745745,3.3975164081800805e-05,8.916280633188947e-05,0.1225463918376632,9,,
xlnet-base,8,2,67.19367588932806,67.25838264299803,1475848642,8.259945752684002e-06,0.0141437922927592,0.1640521778919233,8,,
xlnet-base,8,3,64.03162055335969,63.31360946745562,961842687,3.644716186535686e-05,0.0002137018782041,0.0213902034035804,6,,
xlnet-base,8,4,66.00790513833992,65.87771203155819,83094341,4.872427566226778e-05,0.0323562686231748,0.1518176944066918,7,,
xlnet-base,8,5,64.42687747035573,64.69428007889546,1763411509,1.1723249517054936e-05,7.295730203275071e-05,0.0542013708009873,3,,
xlnet-base,8,6,66.79841897233202,66.0749506903353,1014023121,7.899450850259671e-06,3.59398456798496e-05,0.0731336461014571,9,,
xlnet-base,8,7,67.58893280632411,68.63905325443787,1003896479,6.12211190292621e-05,0.0032605036003849,0.0321467430949295,10,,
xlnet-base,8,8,63.63636363636363,60.552268244575934,827822977,7.796064124866695e-06,1.2394512068082268e-05,0.133513014093355,4,,
xlnet-base,8,9,65.41501976284584,65.48323471400394,768983705,3.437110945051295e-05,0.0008077348069151,0.1515284273027712,2,,
xlnet-base,8,10,69.1699604743083,69.03353057199212,483959516,1.2188482346148927e-05,0.0002434924929524,0.0593598496164157,10,,
xlnet-base,8,11,66.99604743083005,64.49704142011835,1716303516,7.93819027265203e-06,2.195186825652244e-05,0.0712913468852197,7,,
xlnet-base,8,12,69.56521739130434,69.23076923076923,453470024,5.219632625751873e-05,6.588655580710695e-05,0.1555659796631492,4,,
xlnet-base,8,13,71.73913043478261,66.27218934911242,735933073,3.5915894326124845e-05,0.0038877720319817,0.1318945249419081,4,,
xlnet-base,8,14,67.19367588932806,65.28599605522682,647241311,1.4302290942139126e-05,0.0687495664615715,0.120203752525445,4,,
xlnet-base,8,15,61.85770750988142,62.32741617357002,509177743,4.47203207634498e-05,0.0021070149745518,0.0003268743504049,2,,
xlnet-base,8,16,68.57707509881423,70.41420118343196,1235987724,1.4661351379214685e-05,0.0037061900532335,0.1959679073828473,7,,
xlnet-base,8,17,69.36758893280633,69.42800788954635,1687137357,6.602692500363966e-05,0.0157556608169329,0.0931225945322495,5,,
xlnet-base,8,18,69.36758893280633,66.66666666666667,1832889103,1.556192301694002e-05,2.58383160675351e-05,0.0915585596528831,6,,
xlnet-base,8,19,61.6600790513834,59.36883629191321,2118732231,8.773364935700801e-06,0.000813140485312,0.1817456738687305,6,,
xlnet-base,8,20,65.0197628458498,63.1163708086785,1912568755,1.0997508585736584e-05,4.747702298557626e-05,0.183130445898464,3,,
xlnet-base,8,21,68.97233201581028,67.25838264299803,1698006049,2.795727135578204e-05,0.0003638143852866,0.0266051155035593,9,,
xlnet-base,8,22,69.76284584980237,65.08875739644971,878923620,2.176277856020983e-05,0.0952378199752833,0.1976351672160465,3,,
xlnet-base,8,23,65.41501976284584,63.51084812623274,287825854,2.7569204459465e-05,0.0001065924360603,0.116624872820175,2,,
xlnet-base,8,24,67.19367588932806,66.27218934911242,183827384,4.003979165775536e-05,0.0558269448000805,0.0437366927804998,5,,
xlnet-base,8,25,62.45059288537549,65.28599605522682,613703093,9.383342854098289e-05,1.4652357922902172e-05,0.0111166056770066,4,,
xlnet-base,8,26,60.276679841897234,57.001972386587774,1507102712,9.70225275659025e-06,0.085513500585162,0.0924041174903299,3,,
xlnet-base,8,27,68.3794466403162,69.03353057199212,1724146417,3.805033267207725e-05,4.8443871814568674e-05,0.1454148081399348,9,,
xlnet-base,8,28,63.43873517786561,57.98816568047337,1570222945,3.158666047987482e-05,0.0194875694632929,0.0353111119848475,2,,
xlnet-base,8,29,70.94861660079052,67.65285996055226,993530065,6.743122969249542e-06,0.0004186411410381,0.0720114362793789,9,,
xlnet-base,9,0,65.50387596899225,65.50387596899225,1950884125,1.5515450213528126e-05,0.0093315195501498,0.1802525150525426,8,,
xlnet-base,9,1,57.17054263565891,60.46511627906977,2106961238,9.918212205208286e-06,1.804825245016569e-05,0.0425357293949958,2,,
xlnet-base,9,2,66.86046511627907,69.37984496124031,1104790739,3.920437011502566e-05,1.0437724006175184e-05,0.171670870946584,10,,
xlnet-base,9,3,56.78294573643411,59.10852713178294,828230383,5.484240134725194e-06,8.184871414983236e-05,0.0014600971925577,4,,
xlnet-base,9,4,62.2093023255814,61.04651162790697,1702882604,4.527639019965783e-05,0.0017809122673368,0.1790156208105923,2,,
xlnet-base,9,5,66.47286821705427,67.63565891472868,1743815514,1.868407730552724e-05,0.037368347228927,0.0686250662847118,9,,
xlnet-base,9,6,65.89147286821705,66.86046511627907,778049751,1.3567836509405964e-05,0.0051733007060983,0.1189235217894766,10,,
xlnet-base,9,7,67.63565891472868,67.44186046511628,188963645,1.63135330753608e-05,0.0642047974869986,0.0774075865273906,10,,
xlnet-base,9,8,62.4031007751938,61.04651162790697,1702374075,1.4004081194307805e-05,0.0672211607507006,0.0081141849377297,3,,
xlnet-base,9,9,62.01550387596899,62.4031007751938,1980042261,5.291390687996309e-06,0.0061375929064863,0.051182957745336,8,,
xlnet-base,9,10,65.69767441860465,66.27906976744185,1963494589,2.199787967545401e-05,0.0020719109573779,0.0363665194676217,5,,
xlnet-base,9,11,68.02325581395348,65.69767441860465,1903326034,8.505361051833618e-05,0.0001036534245004,0.1342598743428112,6,,
xlnet-base,9,12,66.27906976744185,69.76744186046511,2027158049,1.899507815645637e-05,1.2487108682408568e-05,0.0890197890998131,8,,
xlnet-base,9,13,60.07751937984496,61.627906976744185,2080324226,9.857939242737812e-06,0.001536909382665,0.0650708403662415,4,,
xlnet-base,9,14,68.21705426356588,66.47286821705427,1930440141,9.978801452791544e-06,0.0048617251265271,0.1996886873449745,10,,
xlnet-base,9,15,66.27906976744185,64.34108527131782,539637523,5.703775388873778e-06,0.0011773610356209,0.0303668263610283,10,,
xlnet-base,9,16,67.82945736434108,68.4108527131783,658497321,5.995046962489709e-06,3.113164665820464e-05,0.0049263789695059,10,,
xlnet-base,9,17,57.75193798449613,58.52713178294574,1405847155,8.204578218386884e-06,0.000607353232116,0.0333176260005201,2,,
xlnet-base,9,18,67.24806201550388,66.47286821705427,2002144579,4.045482687944645e-05,0.0595337018577802,0.1219567371632945,4,,
xlnet-base,9,19,63.17829457364341,62.98449612403101,1130520630,9.588015061689496e-06,0.0297752097639925,0.1676184694175051,4,,
xlnet-base,9,20,53.87596899224806,56.201550387596896,1104419653,9.42909861999356e-05,1.0334641584911336e-05,0.1650250053898997,2,,
xlnet-base,9,21,63.565891472868216,61.04651162790697,516667808,8.361755167607197e-06,7.315223090746869e-05,0.1040395914435993,5,,
xlnet-base,9,22,65.89147286821705,66.47286821705427,192894317,2.7686208991132284e-05,4.239951762496275e-05,0.1558538824819403,8,,
xlnet-base,9,23,65.69767441860465,69.18604651162791,727359209,7.375938818693218e-05,0.0002217113465779,0.0810327718824959,4,,
xlnet-base,9,24,67.44186046511628,68.6046511627907,693244990,5.2165555587087685e-06,0.0079430049502564,0.0601858945313119,8,,
xlnet-base,9,25,66.66666666666667,64.53488372093024,1880077207,9.13832392590415e-06,6.10411241386429e-05,0.0195893713182749,6,,
xlnet-base,9,26,57.55813953488372,60.07751937984496,612094632,8.010145493530363e-05,0.0052986535659888,0.0173564991152399,9,,
xlnet-base,9,27,63.75968992248062,64.34108527131782,1471292779,5.716163829567484e-06,1.1794663567009306e-05,0.0277433235064155,7,,
xlnet-base,9,28,65.50387596899225,66.08527131782945,1819955157,6.799259820645576e-05,0.0007653892963097,0.182930087042464,10,,
xlnet-base,9,29,66.86046511627907,66.86046511627907,95726892,2.6896920353748475e-05,0.0046733591319662,0.0531224650490742,7,,
xlnet-base,10,0,68.92430278884463,65.00994035785288,1276066561,1.1750285722237376e-05,1.8534099038680024e-05,0.1375262689704614,7,,
xlnet-base,10,1,59.56175298804781,55.46719681908549,1666129127,6.794658535387513e-06,0.0031725060690797,0.0090663590842045,3,,
xlnet-base,10,2,64.7410358565737,65.8051689860835,702763871,1.7293169640447518e-05,0.0536307855584247,0.0281763892911311,3,,
xlnet-base,10,3,67.33067729083665,61.43141153081511,737657584,8.979552943213345e-05,1.3043201570140006e-05,0.0887705107901576,9,,
xlnet-base,10,4,67.33067729083665,65.40755467196819,2013078889,2.9143361837579043e-05,3.37021298743279e-05,0.173878017801696,3,,
xlnet-base,10,5,65.13944223107569,65.40755467196819,1445849196,1.4867863067387592e-05,0.0010684341799346,0.0196955750113171,7,,
xlnet-base,10,6,69.7211155378486,65.60636182902584,792120619,4.540586829432401e-05,0.0189140639031577,0.0010478853615291,9,,
xlnet-base,10,7,69.7211155378486,67.59443339960238,1336485742,4.470386782900042e-05,0.0024404330984708,0.1470069680161098,6,,
xlnet-base,10,8,67.52988047808765,65.00994035785288,1403601488,8.846386797817416e-06,0.0011450422374845,0.000583602756668,10,,
xlnet-base,10,9,69.12350597609561,66.00397614314116,2050105499,2.3978311719126423e-05,0.005245807856378,0.1198384156047969,10,,
xlnet-base,10,10,67.72908366533865,64.81113320079523,504435810,9.816596218213135e-06,5.6309391259422375e-05,0.1005413166351997,9,,
xlnet-base,10,11,66.93227091633466,65.20874751491054,935080209,6.284984021263015e-06,0.0018211501953064,0.1368559759575433,8,,
xlnet-base,10,12,68.92430278884463,67.79324055666004,632330861,8.667555758901903e-06,0.0126318677552205,0.0699019042018866,10,,
xlnet-base,10,13,66.93227091633466,66.40159045725646,1498844083,1.131414967331063e-05,1.2038566959723736e-05,0.05247420033096,7,,
xlnet-base,10,14,62.15139442231076,65.00994035785288,394134352,5.24778767945808e-06,1.07067178374544e-05,0.1524650180492639,6,,
xlnet-base,10,15,64.9402390438247,64.21471172962227,860906337,6.123057698446392e-06,6.200920341117404e-05,0.1056047224367712,7,,
xlnet-base,10,16,66.73306772908367,63.81709741550696,1855041077,1.0441225051069711e-05,0.0004323503928482,0.011818108413472,9,,
xlnet-base,10,17,67.52988047808765,65.20874751491054,1513064916,1.1464597210243658e-05,0.0026458321661397,0.0864369770424262,6,,
xlnet-base,10,18,55.57768924302789,51.68986083499006,975601851,5.318039306197204e-06,0.0040354315550816,0.1505357780028632,2,,
xlnet-base,10,19,63.34661354581673,64.21471172962227,245692160,3.6656281557471344e-05,0.0001010990667162,0.0323183311787492,3,,
xlnet-base,10,20,65.5378486055777,65.40755467196819,361665261,5.955992989305981e-05,0.0004392826084262,0.1717608148571376,8,,
xlnet-base,10,21,69.12350597609561,68.19085487077535,443664622,2.6916903718288965e-05,0.0001324666856978,0.147725866299318,3,,
xlnet-base,10,22,69.32270916334662,62.42544731610338,1920828361,8.241544639734003e-05,3.4221543113384794e-05,0.1859669705610516,10,,
xlnet-base,10,23,65.33864541832669,65.20874751491054,834113167,3.8644465451843495e-05,0.0001990015811026,0.0597311000171877,2,,
xlnet-base,10,24,69.9203187250996,66.99801192842942,2089276235,2.718864914506124e-05,0.0008002567616285,0.1501029825829521,10,,
xlnet-base,10,25,67.92828685258964,65.20874751491054,1238744891,1.8438807222145683e-05,0.0010774473596352,0.1231756050869656,8,,
xlnet-base,10,26,59.16334661354582,59.84095427435388,1914251648,1.0244529507077412e-05,0.0001168825905767,0.0475340890352508,2,,
xlnet-base,10,27,69.32270916334662,66.00397614314116,848641849,1.311001243380626e-05,0.002916913321454,0.1982598877290035,8,,
xlnet-base,10,28,66.13545816733068,65.20874751491054,529795780,9.748540542953244e-05,0.0001046542917711,0.1913362299390603,4,,
xlnet-base,10,29,67.33067729083665,63.618290258449306,1871902853,8.792352107291728e-06,0.0577873254802815,0.1823628946528074,7,,
xlnet-base,11,0,70.5050505050505,63.50806451612903,13077322,2.2581981380958424e-05,0.0465647015237301,0.046075112585846,5,,
xlnet-base,11,1,70.9090909090909,64.71774193548387,1808819762,2.343647940167344e-05,0.0005494415119774,0.0671544212819089,8,,
xlnet-base,11,2,64.24242424242425,60.483870967741936,1829971905,8.168897282973606e-05,0.0010140837578509,0.0943710718340271,4,,
xlnet-base,11,3,69.8989898989899,66.93548387096774,1748991515,2.7695543550020845e-05,0.0119731280873801,0.0886073919236247,7,,
xlnet-base,11,4,51.31313131313132,54.03225806451613,2014950973,8.157535880668057e-06,0.0006092171351945,0.0058276974656939,2,,
xlnet-base,11,5,72.32323232323232,65.5241935483871,1761955098,7.390019624720477e-06,0.0013776215614952,0.1891468597655005,10,,
xlnet-base,11,6,70.9090909090909,66.73387096774194,86026338,3.123889655088485e-05,0.0025476818757451,0.0037154420156852,8,,
xlnet-base,11,7,72.72727272727273,66.33064516129032,1438901532,2.118820591675976e-05,0.0340335473870012,0.1726283272753171,10,,
xlnet-base,11,8,62.82828282828283,59.07258064516129,999006919,9.3508885065117e-06,0.0003633750691371,0.0027023384965851,3,,
xlnet-base,11,9,64.84848484848484,60.483870967741936,1565526106,1.3390619947354702e-05,3.233535342451828e-05,0.0535044357032209,3,,
xlnet-base,11,10,68.28282828282828,64.71774193548387,520067964,7.224052704246489e-05,0.0006119555473378,0.0862989499369697,4,,
xlnet-base,11,11,71.31313131313131,65.12096774193549,437402234,4.080912007741177e-05,0.0003821058893236,0.157097082201151,9,,
xlnet-base,11,12,70.9090909090909,64.11290322580645,2039909097,5.7506035406607504e-05,0.0020626774663931,0.0158659945675428,10,,
xlnet-base,11,13,65.05050505050505,59.67741935483871,2028433792,8.106737185035558e-06,7.369853696865762e-05,0.0487659922770645,8,,
xlnet-base,11,14,62.42424242424242,60.483870967741936,154413117,8.425393471048883e-06,0.0202425082020364,0.0647865216301465,4,,
xlnet-base,11,15,71.11111111111111,63.91129032258065,1624629,2.715312477254824e-05,0.0001694364607447,0.0079764377454964,5,,
xlnet-base,11,16,66.26262626262626,62.70161290322581,487614659,9.892797037529288e-05,0.0001816422449917,0.0574454599079186,7,,
xlnet-base,11,17,60.0,56.25,2062648198,8.671970055231214e-06,0.0033696548492222,0.0360723963946591,3,,
xlnet-base,11,18,63.83838383838384,61.49193548387097,420786088,9.536619337414592e-06,0.0508593010136319,0.1947864184941402,3,,
xlnet-base,11,19,63.83838383838384,58.064516129032256,996291912,4.1113023121037695e-05,0.0192852621432614,0.0028912027717066,10,,
xlnet-base,11,20,67.87878787878788,63.70967741935484,208904821,4.650177635203567e-05,0.0002092596972404,0.1555886694441634,6,,
xlnet-base,11,21,69.4949494949495,66.33064516129032,2037616094,5.2725108424294805e-05,0.0013878781890895,0.154634230936635,5,,
xlnet-base,11,22,64.64646464646465,59.67741935483871,681565510,1.5746134450813138e-05,0.0022473632630357,0.1922158382731445,4,,
xlnet-base,11,23,62.82828282828283,56.854838709677416,222134938,7.1842665328702765e-06,0.033044225077419,0.1833719631785688,4,,
xlnet-base,11,24,67.67676767676768,62.5,1991919368,1.7017929700600928e-05,0.0082647940861028,0.0766637454740514,3,,
xlnet-base,11,25,70.9090909090909,64.11290322580645,238450595,1.5279112279982824e-05,2.59783660187553e-05,0.044681336087418,7,,
xlnet-base,11,26,68.88888888888889,63.70967741935484,405534330,1.864007572478999e-05,4.06074915663924e-05,0.0031743410686948,9,,
xlnet-base,11,27,71.31313131313131,65.7258064516129,2081493823,1.4121940018066788e-05,0.0274026906449168,0.1161842898829034,10,,
xlnet-base,11,28,69.6969696969697,67.94354838709677,1758161782,7.398440772277624e-05,2.2837771566500125e-05,0.1971989984481922,7,,
xlnet-base,11,29,62.82828282828283,59.4758064516129,872172876,8.504057304251908e-05,0.0050171987938281,0.0103961831294475,2,,
xlnet-base,12,0,71.6,67.6,1477924658,2.6846398711439536e-05,5.179725754016548e-05,0.0058846257770417,9,,
xlnet-base,12,1,70.2,68.4,1625428549,4.853955928363325e-05,0.0001329485295357,0.1962514324460004,4,,
xlnet-base,12,2,66.6,64.4,1878504067,1.5702458757515977e-05,0.0044466741791047,0.0182206470263988,4,,
xlnet-base,12,3,58.2,58.8,1923596,5.770896689562538e-06,0.0012203337040872,0.0385844904987805,3,,
xlnet-base,12,4,65.6,66.0,1715928211,1.5743995297547184e-05,0.0001013043166796,0.1452204067631256,9,,
xlnet-base,12,5,64.6,63.8,806913514,3.816986621651817e-05,0.0058681147563008,0.1344028375888703,3,,
xlnet-base,12,6,71.0,68.0,1074615887,3.9986549878065336e-05,2.241263371027196e-05,0.1446553596516041,8,,
xlnet-base,12,7,67.6,65.4,649870764,1.2321510868697276e-05,0.0003831471149701,0.1713709295334741,8,,
xlnet-base,12,8,56.2,57.4,75996021,1.1068078433329924e-05,0.0007159027825069,0.1115695616846279,2,,
xlnet-base,12,9,70.4,67.6,750921900,3.734195012686824e-05,0.0075131320528758,0.0029839662819763,10,,
xlnet-base,12,10,68.4,66.6,706897402,6.204688025363038e-05,1.3127962477384286e-05,0.1551379917651381,5,,
xlnet-base,12,11,65.4,64.2,1220267370,6.121242723248471e-05,0.0061085482356451,0.1653123428843429,10,,
xlnet-base,12,12,64.6,61.4,394798351,5.725536592207699e-06,0.0013882300929656,0.0838107619976145,9,,
xlnet-base,12,13,64.8,66.0,1258893367,5.9734680939431964e-06,1.0916261888765707e-05,0.1789097640631893,9,,
xlnet-base,12,14,68.2,68.0,701137445,4.955527505575961e-05,5.3391770092941534e-05,0.0712983903362195,10,,
xlnet-base,12,15,63.8,62.2,1647418631,5.797889810576154e-06,4.286657440402263e-05,0.1411802142915245,5,,
xlnet-base,12,16,62.0,62.4,240273328,7.928475885208052e-06,0.0002074136013611,0.1735709705831639,5,,
xlnet-base,12,17,70.6,69.0,463805015,4.756640016799949e-05,0.0024770664895816,0.1573866087836936,8,,
xlnet-base,12,18,69.2,66.8,168755654,4.69735446720771e-05,0.000802384017103,0.1870468906312038,7,,
xlnet-base,12,19,66.6,64.8,26729334,8.044126164573536e-05,2.9913162797121944e-05,0.0187395145011481,8,,
xlnet-base,12,20,65.6,64.6,906499662,6.961648587480902e-05,0.0007144391683404,0.054545620532492,9,,
xlnet-base,12,21,67.6,65.4,1543460327,2.2994110100497245e-05,0.0915078741520305,0.0965093998807863,6,,
xlnet-base,12,22,67.2,68.6,1417147280,3.978501331005343e-05,0.0003017320308291,0.1619874553902426,6,,
xlnet-base,12,23,66.2,65.2,1068487899,9.079865026225294e-06,3.4105049920841976e-05,0.050953591887278,9,,
xlnet-base,12,24,68.8,65.0,589679975,8.525064046827934e-05,1.0665414861588153e-05,0.1148102004246077,8,,
xlnet-base,12,25,68.2,66.6,627469938,1.4948091955774953e-05,0.0027715080990178,0.0747035409060773,8,,
xlnet-base,12,26,55.6,56.4,2125602024,3.467093965962763e-05,0.0683427496504272,0.0922410569893973,3,,
xlnet-base,12,27,63.4,63.4,1365949605,4.722020103658337e-05,0.0136255873376735,0.1674317732619583,2,,
xlnet-base,12,28,66.8,64.2,847675556,5.6851891496346805e-05,0.0011442452268693,0.0212895334937112,8,,
xlnet-base,12,29,70.0,68.4,1959768536,5.906870718654646e-05,0.0061503908349259,0.0625518822589501,10,,
xlnet-base,13,0,66.33466135458167,67.13147410358566,1953518078,3.254531646528101e-05,0.0002669973252973,0.0637442276023713,7,,
xlnet-base,13,1,67.13147410358566,67.72908366533865,1684804903,3.5568866015555385e-05,0.0001181402374851,0.1352981562262088,10,,
xlnet-base,13,2,61.95219123505976,66.93227091633466,2115062207,8.479034933228114e-05,0.057169093478213,0.1798746922145723,4,,
xlnet-base,13,3,60.55776892430279,61.354581673306775,1180023806,1.3934235543341036e-05,0.0814744890891021,0.1134869488523977,2,,
xlnet-base,13,4,62.15139442231076,66.73306772908367,1879857842,8.527735859103737e-05,0.0044783145420489,0.1209963747257869,8,,
xlnet-base,13,5,61.95219123505976,66.93227091633466,1564116661,1.9225716010437728e-05,0.0003512274830795,0.1408433684513326,3,,
xlnet-base,13,6,66.33466135458167,66.73306772908367,877441767,3.466958469888195e-05,2.5411368747728317e-05,0.0259325497528174,9,,
xlnet-base,13,7,64.34262948207171,68.12749003984064,2128790407,9.337669376501395e-06,0.0001245651680584,0.1806333653891427,8,,
xlnet-base,13,8,61.354581673306775,65.33864541832669,1156656016,1.5470384023044083e-05,0.0054851651487504,0.134854473284763,4,,
xlnet-base,13,9,62.94820717131474,67.52988047808765,744796335,2.752837462579912e-05,0.0001568284288442,0.1774126132478025,5,,
xlnet-base,13,10,63.34661354581673,66.13545816733068,1964641117,1.3139012388633016e-05,9.817004201220504e-05,0.0365768796691233,4,,
xlnet-base,13,11,66.53386454183267,69.5219123505976,1987264180,2.2544968466308244e-05,0.0195326711472243,0.17429761788189,3,,
xlnet-base,13,12,63.34661354581673,67.33067729083665,778674783,1.0434482468676729e-05,0.0298250103819616,0.0798286502707038,9,,
xlnet-base,13,13,63.94422310756972,65.33864541832669,87787507,2.117341707606475e-05,0.0003153023262751,0.0742230160791892,10,,
xlnet-base,13,14,63.34661354581673,67.33067729083665,36924149,3.932903878482532e-05,0.0379751476702525,0.1804724771442118,4,,
xlnet-base,13,15,65.93625498007968,68.32669322709164,1280899281,1.7016986694811933e-05,0.0416813939591148,0.1753701833930447,6,,
xlnet-base,13,16,60.1593625498008,64.54183266932272,1549740055,9.490819547524776e-05,0.0008242178674206,0.1357915801377897,8,,
xlnet-base,13,17,51.79282868525896,58.764940239043824,1208644903,9.53738679621716e-06,0.0001468759573784,0.1553799127743705,2,,
xlnet-base,13,18,65.93625498007968,68.92430278884463,1476593947,3.038567734059047e-05,0.0090770121373062,0.1340304447884029,3,,
xlnet-base,13,19,65.5378486055777,67.52988047808765,934904025,3.96438435716309e-05,2.041093625822476e-05,0.05472070533874,6,,
xlnet-base,13,20,61.55378486055777,65.13944223107569,1988709359,1.4406329682848196e-05,0.0038337829889112,0.0078683106712496,4,,
xlnet-base,13,21,65.13944223107569,67.33067729083665,1659336280,3.257644576968852e-05,0.0016667564200469,0.1113925874022853,5,,
xlnet-base,13,22,60.1593625498008,62.74900398406375,594307039,5.491054651760772e-06,0.0004791304203536,0.1914586005085297,5,,
xlnet-base,13,23,64.54183266932272,68.92430278884463,2125744195,8.798580124205065e-06,0.0001087562127333,0.0996242082569284,5,,
xlnet-base,13,24,61.75298804780876,64.34262948207171,516508304,8.854559498280833e-05,6.0481284764009206e-05,0.0001887659197657,2,,
xlnet-base,13,25,69.32270916334662,67.52988047808765,125027920,3.977395804121248e-05,0.0759186994703988,0.0590462824612405,7,,
xlnet-base,13,26,65.73705179282868,65.73705179282868,297248928,4.958151675695822e-05,0.0569238503671999,0.0367201906518809,9,,
xlnet-base,13,27,64.34262948207171,63.94422310756972,656868742,6.282124634771042e-05,9.17432339053259e-05,0.0623083216667032,5,,
xlnet-base,13,28,64.7410358565737,66.33466135458167,1778370840,1.8565957326959424e-05,4.929586493498073e-05,0.1903860589397315,9,,
xlnet-base,13,29,60.55776892430279,67.52988047808765,734606508,8.120098547551493e-05,0.000122670904694,0.1749695519937909,5,,
xlnet-base,14,0,66.34799235181644,74.04580152671755,1335949853,3.9061537388196114e-05,0.0011896048781486,0.1916936855683732,9,,
xlnet-base,14,1,64.62715105162523,67.55725190839695,1584418993,9.02469618129408e-06,0.0001080091644302,0.1161674272950847,5,,
xlnet-base,14,2,66.92160611854685,74.61832061068702,1523253351,5.26741645515119e-05,0.0244322035029599,0.0694722325400836,7,,
xlnet-base,14,3,65.96558317399618,71.56488549618321,896365633,2.4319976848018967e-05,0.0012966045527596,0.0531797007065693,9,,
xlnet-base,14,4,52.58126195028681,57.63358778625954,967565985,8.993018252197998e-06,0.0089672311063166,0.1198648586311195,3,,
xlnet-base,14,5,56.78776290630975,59.35114503816794,740637176,6.40726232609137e-06,0.0042604908824358,0.1591242240753083,2,,
xlnet-base,14,6,61.75908221797323,66.41221374045801,300449135,1.3503230395799182e-05,0.0001853886422198,0.0173873064390821,6,,
xlnet-base,14,7,65.96558317399618,70.99236641221374,1261301947,3.169101617381498e-05,5.900367416292453e-05,0.0881366470049473,10,,
xlnet-base,14,8,66.92160611854685,71.56488549618321,437451757,4.021586968740997e-05,0.0045863477090911,0.1631481308073573,5,,
xlnet-base,14,9,66.34799235181644,70.61068702290076,1654342851,1.102753116874634e-05,2.202477761423024e-05,0.1161057054728227,6,,
xlnet-base,14,10,62.7151051625239,68.12977099236642,1372163413,1.3668493835974302e-05,0.0034541313227093,0.0224972592862647,5,,
xlnet-base,14,11,63.09751434034417,69.46564885496183,864011929,7.841785020735078e-06,0.0327123995716113,0.1802526503997166,7,,
xlnet-base,14,12,66.92160611854685,70.80152671755725,1474009638,1.3183093292680554e-05,7.519816087754266e-05,0.0974476618073353,6,,
xlnet-base,14,13,63.47992351816443,65.83969465648855,466643425,1.134754833039365e-05,0.0095189513302498,0.1777328446687056,3,,
xlnet-base,14,14,58.50860420650096,60.49618320610687,892120191,5.174393516766838e-06,1.728706531918273e-05,0.0836165603728884,3,,
xlnet-base,14,15,64.24474187380497,70.41984732824427,1670440737,5.885796962511947e-06,0.0233595793871334,0.0798178575622284,9,,
xlnet-base,14,16,67.87762906309752,73.66412213740458,1362879539,4.856074839603676e-05,0.0019163446225749,0.105015229104781,9,,
xlnet-base,14,17,59.46462715105162,64.12213740458016,1615006396,1.607867349674224e-05,0.0109848030113779,0.0700524999270736,4,,
xlnet-base,14,18,65.77437858508604,70.80152671755725,1899068381,2.51045759297444e-05,0.0017923910861872,0.0457657328866209,5,,
xlnet-base,14,19,56.97896749521989,62.02290076335878,1817183419,3.211134391105031e-05,0.0173929082703447,0.0201321765545619,2,,
xlnet-base,14,20,66.73040152963671,69.8473282442748,1515028061,1.0964329896003016e-05,0.0020336977593582,0.0206817042748161,8,,
xlnet-base,14,21,56.78776290630975,60.49618320610687,286429393,7.782433655473648e-06,0.0006696826131656,0.1046670311577716,3,,
xlnet-base,14,22,64.62715105162523,71.56488549618321,1988418047,7.344371032394878e-05,0.0159216512855277,0.1642156624286873,9,,
xlnet-base,14,23,65.20076481835564,68.12977099236642,1527323376,2.787184484700339e-05,0.0101778162162081,0.0539588852881293,2,,
xlnet-base,14,24,63.2887189292543,66.79389312977099,1384944726,1.0221775260386404e-05,0.0002803139469439,0.0744344485955675,7,,
xlnet-base,14,25,62.7151051625239,69.27480916030534,17130488,5.074470251304205e-05,0.0008394545970058,0.1008311127996231,2,,
xlnet-base,14,26,67.49521988527725,70.61068702290076,2049624543,5.766561940062215e-05,1.2409492603462569e-05,0.1543202690143907,2,,
xlnet-base,14,27,60.038240917782026,64.12213740458016,697041876,7.913811806205314e-06,9.657769800847724e-05,0.0334135375433797,3,,
xlnet-base,14,28,59.27342256214149,56.10687022900763,619212801,1.000006796114724e-05,0.038714057496922,0.0759228966043446,2,,
xlnet-base,14,29,67.30401529636711,71.37404580152672,999224166,9.2204583658661e-06,0.0002252181999888,0.1579186985600252,9,,
xlnet-base,15,0,63.10679611650485,63.95348837209303,622804002,2.9019439781156893e-05,0.0121903059986197,0.0850641233668441,2,,
xlnet-base,15,1,61.74757281553398,62.7906976744186,732758257,8.442699071866036e-06,0.0002395886250824,0.1643616192835423,4,,
xlnet-base,15,2,59.22330097087379,61.24031007751938,1300167241,6.349912153506972e-06,2.141622801508873e-05,0.1584830859315887,3,,
xlnet-base,15,3,65.4368932038835,68.9922480620155,1738235496,7.9002945682123e-06,0.0464575288296283,0.1663848779488578,5,,
xlnet-base,15,4,66.01941747572816,68.02325581395348,825385785,9.148087839002896e-06,0.0004999690100191,0.1965464646345245,9,,
xlnet-base,15,5,60.19417475728155,67.82945736434108,956150552,7.722489498655166e-06,0.0017096573933741,0.1825031651213162,8,,
xlnet-base,15,6,56.11650485436893,59.49612403100775,688265157,2.011233255248612e-05,1.943883486526617e-05,0.0408045210140693,3,,
xlnet-base,15,7,65.4368932038835,66.27906976744185,907855328,7.486034844529985e-06,0.0054657632498446,0.1565980121935353,6,,
xlnet-base,15,8,66.01941747572816,67.05426356589147,1638022655,1.4418732490263307e-05,2.5675053637726436e-05,0.0961572994116735,8,,
xlnet-base,15,9,66.01941747572816,67.63565891472868,1995008619,7.638693445991564e-05,0.0019332401187177,0.1129244912900617,10,,
xlnet-base,15,10,66.60194174757281,66.27906976744185,243833952,6.386896196881867e-05,0.0065704887887857,0.173863787916901,10,,
xlnet-base,15,11,67.76699029126213,68.02325581395348,1132470210,3.396785417339837e-05,0.0018288827619819,0.0559715589611534,5,,
xlnet-base,15,12,56.50485436893204,59.49612403100775,1729009540,8.85734804132161e-05,0.0011550369679918,0.0306870034853203,4,,
xlnet-base,15,13,68.93203883495146,69.18604651162791,111463561,2.66235716458421e-05,0.0069405496437592,0.1771647593310129,7,,
xlnet-base,15,14,61.94174757281554,64.14728682170542,308269647,2.03463708610884e-05,0.0030856025962339,0.0827087929859788,3,,
xlnet-base,15,15,65.4368932038835,68.4108527131783,1860035087,1.2032479431246044e-05,9.059975690092128e-05,0.0847781743229067,9,,
xlnet-base,15,16,64.46601941747574,66.47286821705427,106868198,9.02225688782851e-05,0.0009541837793998,0.1086116658483212,10,,
xlnet-base,15,17,64.27184466019418,64.34108527131782,484419153,6.111401439703728e-05,0.0002038291363424,0.0056403536441307,10,,
xlnet-base,15,18,66.60194174757281,66.47286821705427,933476939,8.715482232264985e-05,0.018977135536371,0.1930785478421748,5,,
xlnet-base,15,19,68.3495145631068,68.6046511627907,1333126747,2.558851830545976e-05,0.0001038379816105,0.1935581277590198,10,,
xlnet-base,15,20,61.55339805825243,62.7906976744186,2045787144,1.2002144448195433e-05,0.0011154990877063,0.091751748214396,3,,
xlnet-base,15,21,64.85436893203884,65.89147286821705,1325245148,7.458943236713469e-05,0.0214403827764006,0.0153130925301644,8,,
xlnet-base,15,22,63.300970873786405,69.18604651162791,1607725928,3.774428332039e-05,2.6979338531885555e-05,0.1435113366476759,2,,
xlnet-base,15,23,65.24271844660194,68.7984496124031,762939365,1.9762472086658825e-05,0.0027866265491306,0.1576213351866386,4,,
xlnet-base,15,24,64.85436893203884,67.82945736434108,397349398,1.0672722558542904e-05,1.0826306694029196e-05,0.1283040147400245,5,,
xlnet-base,15,25,66.60194174757281,71.51162790697674,428355634,1.9136202334693197e-05,0.0408749222349018,0.1383002845122816,7,,
xlnet-base,15,26,62.9126213592233,67.24806201550388,327005705,1.4835867765116546e-05,0.006183037041574,0.1184107402085309,5,,
xlnet-base,15,27,67.57281553398059,70.15503875968992,1291294996,1.0201260818831657e-05,0.0012137908429382,0.1652945292254481,10,,
xlnet-base,15,28,68.15533980582525,71.70542635658914,170813721,1.1139976362671516e-05,0.0001419195272943,0.1317197594405838,8,,
xlnet-base,15,29,61.94174757281554,63.75968992248062,1433793508,1.783209463370183e-05,1.6494689990797914e-05,0.0110707173605431,2,,
xlnet-base,16,0,63.976377952755904,65.15748031496064,336932907,3.0251351815012136e-05,0.0012099495108455,0.0046777700159929,6,,
xlnet-base,16,1,66.53543307086615,66.14173228346456,1848672779,1.5425833921832832e-05,0.0459762553480093,0.1684112890470157,4,,
xlnet-base,16,2,64.37007874015748,67.51968503937007,1552890575,2.5438441990574744e-05,0.0002362447092904,0.0691472545778788,10,,
xlnet-base,16,3,61.023622047244096,59.25196850393701,1241904377,6.994138503203983e-05,0.000740335638775,0.0894304407294196,5,,
xlnet-base,16,4,65.94488188976378,65.55118110236221,1521474002,7.681687460128686e-05,0.0048026894218336,0.1795193212536625,6,,
xlnet-base,16,5,65.55118110236221,67.32283464566929,503363136,3.876105906334313e-05,0.0007039504477522,0.0749219111023881,5,,
xlnet-base,16,6,66.33858267716535,65.15748031496064,680632776,3.243902662161614e-05,1.5832405133112215e-05,0.133763339189891,3,,
xlnet-base,16,7,64.1732283464567,65.15748031496064,1918582283,1.6360292660651917e-05,0.0041851130249268,0.1241508551725324,4,,
xlnet-base,16,8,61.81102362204725,62.79527559055118,618216085,1.420836270197294e-05,0.00447113198473,0.1799061586464615,5,,
xlnet-base,16,9,50.59055118110236,44.881889763779526,267904726,9.754117008016484e-05,3.1669476728235865e-05,0.0470162934538364,6,,
xlnet-base,16,10,62.99212598425197,65.74803149606299,372657974,1.4666454504236208e-05,1.0476841135423765e-05,0.1646006372678624,3,,
xlnet-base,16,11,65.35433070866142,71.45669291338582,1717623883,5.494852501485776e-05,0.073605219840964,0.121036098801196,4,,
xlnet-base,16,12,58.267716535433074,60.62992125984252,400822755,9.83806511867413e-05,7.57089410314111e-05,0.0263318695108668,8,,
xlnet-base,16,13,64.1732283464567,66.14173228346456,909991489,7.880363396601506e-06,0.0074521563712126,0.1029597201512847,8,,
xlnet-base,16,14,50.59055118110236,44.881889763779526,1708381482,8.747610416109365e-05,0.0022795415165833,0.0730758118746716,6,,
xlnet-base,16,15,66.92913385826772,68.11023622047244,930480549,5.1203434024800005e-05,0.0042825095166435,0.0520497508424153,5,,
xlnet-base,16,16,50.59055118110236,44.881889763779526,575670852,9.453376486829756e-05,2.7583932098051568e-05,0.07560827921326,6,,
xlnet-base,16,17,63.58267716535433,66.14173228346456,1888460677,9.383555107037764e-06,4.164731292393646e-05,0.0754930654911866,8,,
xlnet-base,16,18,61.22047244094488,59.84251968503937,308143061,5.109514407187371e-06,9.72235949596615e-05,0.1992367088825515,5,,
xlnet-base,16,19,65.94488188976378,68.7007874015748,164922241,3.191522949071749e-05,0.0701336226156976,0.047353125241879,7,,
xlnet-base,16,20,67.51968503937007,72.04724409448819,1242384267,9.196934038474772e-05,0.0029081164680883,0.1671000071439508,8,,
xlnet-base,16,21,67.71653543307086,69.48818897637796,2126801148,2.643175029086009e-05,0.0175206124116968,0.1905489519357533,7,,
xlnet-base,16,22,58.267716535433074,62.99212598425197,1655095144,9.910518403348162e-05,1.8782190561230835e-05,0.1281635765335829,8,,
xlnet-base,16,23,64.1732283464567,67.1259842519685,1453925559,2.252498252674562e-05,0.0020356580629347,0.0335065962596319,8,,
xlnet-base,16,24,64.96062992125984,64.56692913385827,207522487,2.186240904635095e-05,4.578954625673165e-05,0.0775654602323572,4,,
xlnet-base,16,25,49.40944881889764,55.11811023622048,735908239,4.5454830258911415e-05,0.0003479355952577,0.0158309971763904,10,,
xlnet-base,16,26,69.48818897637796,69.88188976377953,1075669583,3.200456511335813e-05,0.0066454388581108,0.1494468891471384,4,,
xlnet-base,16,27,66.73228346456693,71.25984251968504,1733297864,7.188182498072413e-05,0.0561313164180302,0.0563051379938903,6,,
xlnet-base,16,28,55.90551181102362,57.28346456692913,1465189835,1.0483183280786054e-05,0.000843189212151,0.0698032458167317,2,,
xlnet-base,16,29,61.61417322834646,62.20472440944882,47183014,8.211342321751844e-06,0.0122278756299603,0.0487637056591541,4,,
xlnet-base,17,0,70.6,66.2,737250236,2.824432928071097e-05,0.0108081085162568,0.0673865608446395,2,,
xlnet-base,17,1,69.0,68.2,284280938,1.441111376520495e-05,0.0001794066876772,0.0602057195889389,5,,
xlnet-base,17,2,63.8,60.0,1899633888,9.595606288316128e-05,0.0004128633105497,0.1248973436233572,4,,
xlnet-base,17,3,68.6,69.0,1997712213,1.4187022886359684e-05,0.0846135202809999,0.1336644982355882,5,,
xlnet-base,17,4,70.6,66.6,896448121,6.0293551836343386e-05,0.0109443895979758,0.1750589069418769,5,,
xlnet-base,17,5,68.8,66.8,840042069,1.3303671891816645e-05,0.0055179592318911,0.1867790348350857,7,,
xlnet-base,17,6,72.4,65.0,1633718627,6.965260056027985e-05,0.008293120544921,0.1365344308406729,6,,
xlnet-base,17,7,65.0,66.0,478824318,9.872883624812444e-05,0.0034470689585666,0.0455416212465722,4,,
xlnet-base,17,8,67.8,63.8,250592001,6.451524863598394e-06,0.0157035748844757,0.1988810151719652,4,,
xlnet-base,17,9,65.4,62.2,996848182,1.930884677500305e-05,0.0002302848440844,0.0880960767663425,2,,
xlnet-base,17,10,69.6,66.8,393840798,8.21435865030043e-06,9.205775681552548e-05,0.195617450380892,6,,
xlnet-base,17,11,60.4,55.6,903066528,5.132975796997564e-06,0.000545257019607,0.1615468911092179,2,,
xlnet-base,17,12,69.0,67.4,1378822064,9.834317583804675e-06,2.8067019687534173e-05,0.0654336311016961,7,,
xlnet-base,17,13,67.6,65.4,414842371,1.1573542504838864e-05,0.0002747020402586,0.089500562762552,3,,
xlnet-base,17,14,68.2,63.2,1328151887,7.719330565626296e-05,0.0003262342079746,0.0263215223996152,5,,
xlnet-base,17,15,66.2,64.2,1495111838,1.4947588393444948e-05,0.0005374252680752,0.0912164925298492,4,,
xlnet-base,17,16,67.4,66.0,877146537,2.939882957432635e-05,0.0033992808211599,0.0836512219187157,2,,
xlnet-base,17,17,69.4,66.4,623323612,2.604348135738756e-05,8.712513615529678e-05,0.1525055510031375,10,,
xlnet-base,17,18,68.6,62.8,1580959431,8.897330180042402e-05,0.0044764794052946,0.1765117884346803,10,,
xlnet-base,17,19,66.8,63.0,432667325,1.2254040206249044e-05,0.0003484166081151,0.1666167738197509,3,,
xlnet-base,17,20,67.6,61.8,987802355,4.960826688420711e-05,0.0026425258475233,0.0333833322573961,7,,
xlnet-base,17,21,59.2,57.0,850041845,1.3994835102291486e-05,5.321350656717149e-05,0.0971645500785821,2,,
xlnet-base,17,22,68.4,67.8,800157398,1.2560789358196142e-05,6.901739939135367e-05,0.0175096143440171,10,,
xlnet-base,17,23,55.6,51.8,2107520623,7.281017573724326e-05,0.0212755810126502,0.0946354167061739,2,,
xlnet-base,17,24,68.2,64.8,30493981,5.649209196833396e-05,0.0254279532447965,0.1116820693146686,10,,
xlnet-base,17,25,67.2,65.6,1854668408,1.858329357158669e-05,0.0003871547542787,0.1346819587855646,3,,
xlnet-base,17,26,69.2,66.8,1569352416,1.2815781642413802e-05,2.826789104485085e-05,0.0979211136076721,9,,
xlnet-base,17,27,65.2,64.6,463269834,7.983168804721106e-05,0.0038512415661891,0.1246915374191407,3,,
xlnet-base,17,28,66.2,62.6,188451511,8.754754449125472e-06,0.081242186114563,0.1920586293448888,5,,
xlnet-base,17,29,68.0,66.8,1554642588,8.889467056072207e-05,0.0008067870761884,0.1185397161769543,4,,
xlnet-base,18,0,62.86266924564797,63.32046332046332,2124357903,2.390608086829076e-05,0.0019254664574996,0.0544671435684772,2,,
xlnet-base,18,1,65.57059961315281,68.33976833976834,1913049552,2.7242588411634315e-05,0.0006099889584937,0.158275712734429,7,,
xlnet-base,18,2,48.93617021276596,51.737451737451735,385602608,7.746441916268641e-05,1.097533502612016e-05,0.0369654018789764,9,,
xlnet-base,18,3,60.541586073500966,64.28571428571429,511273130,2.4270418188668857e-05,0.0030041055230482,0.0728248275932099,3,,
xlnet-base,18,4,64.60348162475822,66.98841698841699,1709093242,1.308502846927696e-05,0.0004063421805344,0.065852791597262,10,,
xlnet-base,18,5,61.70212765957447,65.83011583011583,584141697,1.1066234616919256e-05,4.4975775601997655e-05,0.1185277543121651,10,,
xlnet-base,18,6,60.9284332688588,63.32046332046332,1723092314,6.052465521524923e-06,0.0028487548283607,0.1579561082777066,5,,
xlnet-base,18,7,61.12185686653772,64.0926640926641,783507162,5.294974098992284e-06,1.118337590305542e-05,0.1089146758438075,7,,
xlnet-base,18,8,64.02321083172147,66.21621621621621,950825778,1.7856833644781234e-05,5.069986187807426e-05,0.075525658640367,6,,
xlnet-base,18,9,53.191489361702125,52.12355212355212,58284733,1.2712640848671758e-05,0.0012907322605417,0.0705964212427538,2,,
xlnet-base,18,10,63.82978723404256,67.37451737451738,1258849034,1.3324482191604838e-05,0.0007958675217581,0.0987171662622816,7,,
xlnet-base,18,11,58.80077369439071,62.16216216216216,1065650238,7.111271716531587e-06,0.0001643374884886,0.072673260552604,5,,
xlnet-base,18,12,65.76402321083172,65.44401544401545,1458503463,2.228305623696621e-05,5.378416047701368e-05,0.1787770082191391,5,,
xlnet-base,18,13,62.28239845261122,66.21621621621621,1265504113,1.4417864135911687e-05,0.0010032087503754,0.1747392738712574,7,,
xlnet-base,18,14,63.63636363636363,67.95366795366796,916193486,2.604418483098844e-05,3.55096569617321e-05,0.0532188175014511,9,,
xlnet-base,18,15,62.28239845261122,64.67181467181467,500703635,1.665906218219069e-05,0.0146101367546703,0.0539013400610578,4,,
xlnet-base,18,16,54.73887814313346,60.23166023166023,1050015387,1.4549634401407304e-05,1.7963784105111448e-05,0.1118958988344087,2,,
xlnet-base,18,17,60.9284332688588,65.83011583011583,2019636859,3.459232841749367e-05,2.769793521066468e-05,0.1272317707674966,2,,
xlnet-base,18,18,60.9284332688588,66.79536679536679,1971291152,5.833846862004212e-06,0.0002508581409198,0.0565583603788046,10,,
xlnet-base,18,19,62.47582205029013,66.40926640926641,1326925142,1.259776795101685e-05,0.0066412168508084,0.0593497647023362,7,,
xlnet-base,18,20,64.02321083172147,66.02316602316603,122889217,4.509401514844734e-05,0.0723621656962169,0.1129749475680332,4,,
xlnet-base,18,21,60.541586073500966,64.28571428571429,280880274,1.0512756266666174e-05,0.0631920991684422,0.160059898702584,3,,
xlnet-base,18,22,63.82978723404256,66.21621621621621,1755035217,4.267057371007157e-05,5.78634880585725e-05,0.0417148830092782,10,,
xlnet-base,18,23,54.73887814313346,57.335907335907336,449611240,9.387146398567946e-05,1.7127088060018757e-05,0.1077123220662629,9,,
xlnet-base,18,24,62.47582205029013,66.21621621621621,1693700706,1.4993940984559227e-05,0.0632953303980876,0.1182062170407959,8,,
xlnet-base,18,25,61.12185686653772,65.25096525096525,1332831758,4.395255095123079e-05,0.0009596432336388,0.0830238235144344,3,,
xlnet-base,18,26,61.50870406189555,62.93436293436294,1318759158,1.0433953924657744e-05,3.1734618874965e-05,0.1130676991089948,5,,
xlnet-base,18,27,63.63636363636363,65.25096525096525,797787390,4.2870740487226015e-05,0.0268736194648678,0.0755939471154532,5,,
xlnet-base,18,28,53.191489361702125,55.21235521235521,1615450290,2.353994765554059e-05,0.0608489322352042,0.1255707910874595,2,,
xlnet-base,18,29,61.50870406189555,66.6023166023166,2094710985,3.3293460891950914e-05,1.9287619004111976e-05,0.0287033867240219,2,,
xlnet-base,19,0,67.18146718146718,69.4980694980695,1651361537,6.899618162142938e-05,0.0005155029035685,0.103288581279962,3,,
xlnet-base,19,1,63.12741312741313,64.28571428571429,525435774,6.983816295569877e-05,1.0896623720547765e-05,0.0615950467221587,5,,
xlnet-base,19,2,67.95366795366796,74.13127413127413,1702219744,3.185881220851959e-05,0.0355348475709099,0.1041265480500065,7,,
xlnet-base,19,3,67.37451737451738,73.55212355212355,1518575786,1.995773561966266e-05,0.0007081978141292,0.1085696631887217,8,,
xlnet-base,19,4,67.76061776061776,73.16602316602317,779860774,5.974515772636951e-05,0.0259531041444347,0.0709703023409369,5,,
xlnet-base,19,5,61.38996138996139,63.706563706563706,1690514138,4.930308350205958e-05,0.0008341532118254,0.1692999654944872,3,,
xlnet-base,19,6,61.77606177606177,65.44401544401545,1957229567,7.765330984373413e-06,2.864392972135841e-05,0.164135069180116,4,,
xlnet-base,19,7,64.0926640926641,67.95366795366796,1881401640,7.917644010555015e-05,0.0014295412825724,0.1391733833521958,4,,
xlnet-base,19,8,57.335907335907336,59.65250965250965,1283045426,2.9281855125564664e-05,0.0005175073631705,0.1028696258376008,2,,
xlnet-base,19,9,65.25096525096525,67.37451737451738,1408845028,1.1620279571568036e-05,0.0001272593997482,0.1274017369837889,4,,
xlnet-base,19,10,63.8996138996139,68.91891891891892,12344677,3.3811534274979285e-05,3.601337745130031e-05,0.0167191556052975,10,,
xlnet-base,19,11,67.76061776061776,69.88416988416988,1719695036,5.6844723240644463e-05,5.993358727768923e-05,0.0838185218715168,4,,
xlnet-base,19,12,70.65637065637065,73.35907335907336,1062418893,2.907760771870285e-05,2.853070825854633e-05,0.1290590083706292,8,,
xlnet-base,19,13,59.26640926640927,58.88030888030888,160504481,1.2741231115390305e-05,0.0019941706157386,0.0779723780227163,2,,
xlnet-base,19,14,66.21621621621621,66.98841698841699,1717210098,7.130315952223032e-06,0.0167159979552289,0.0625887961397242,9,,
xlnet-base,19,15,62.93436293436294,68.72586872586872,1054683976,9.532459341232774e-05,0.0045413982655693,0.0598452721851377,3,,
xlnet-base,19,16,64.0926640926641,67.37451737451738,1172574956,2.285747118608707e-05,0.000172514227287,0.164693321863351,7,,
xlnet-base,19,17,65.63706563706563,69.4980694980695,1942743971,3.819714305586223e-05,2.0377153224770923e-05,0.1299403394067464,8,,
xlnet-base,19,18,66.02316602316603,67.56756756756756,1143450490,9.237831359077178e-06,0.076227158558982,0.0986848934081196,4,,
xlnet-base,19,19,70.27027027027027,72.58687258687259,1484969680,1.4680163397434114e-05,0.0051514863731313,0.0756761278379759,7,,
xlnet-base,19,20,65.63706563706563,70.07722007722008,302228243,3.192482961542158e-05,0.0005099926645964,0.0423019513819676,8,,
xlnet-base,19,21,63.8996138996139,69.88416988416988,197879724,3.708870768202436e-05,6.89202027216262e-05,0.1783114394150921,9,,
xlnet-base,19,22,60.810810810810814,65.25096525096525,683007347,8.765171954777776e-05,1.8259825705992552e-05,0.1146863373034637,3,,
xlnet-base,19,23,64.0926640926641,66.6023166023166,1081717303,3.419984476572489e-05,0.0081718514632281,0.0693943251903494,2,,
xlnet-base,19,24,66.40926640926641,70.46332046332046,1255937624,6.998461837423453e-05,7.151928749853579e-05,0.0931773862213897,9,,
xlnet-base,19,25,66.6023166023166,70.27027027027027,141464854,4.0261972817736834e-05,1.082403541337332e-05,0.0527986937559547,3,,
xlnet-base,19,26,58.68725868725869,57.91505791505792,1785136576,5.479144894116229e-06,0.0004920906948165,0.0481379378618029,2,,
xlnet-base,19,27,63.706563706563706,66.21621621621621,1566177781,1.460653905137019e-05,7.461506659844375e-05,0.0529010118337404,5,,
xlnet-base,19,28,66.98841698841699,74.32432432432432,1592576749,5.233673865244829e-05,0.0001663875376344,0.1006867144091803,8,,
xlnet-base,19,29,60.23166023166023,61.003861003861005,104861168,1.2133626594641105e-05,0.0392233201885127,0.0163966681307896,3,,
xlnet-base,20,0,63.793103448275865,64.36781609195403,1432742438,6.15331209071559e-05,8.28933076556229e-05,0.1464059216489479,4,,
xlnet-base,20,1,67.04980842911877,67.816091954023,716285510,1.1565572278933325e-05,0.0083378076032115,0.0643743098499806,9,,
xlnet-base,20,2,63.40996168582375,62.83524904214559,960647346,1.5029539573629424e-05,0.0004566275193111,0.1766300841878504,2,,
xlnet-base,20,3,68.00766283524904,68.39080459770115,1948919913,5.8009752348833645e-06,1.979908259359011e-05,0.057754263106269,10,,
xlnet-base,20,4,66.47509578544062,67.62452107279694,1725859618,1.5562183715402955e-05,0.0018150057942262,0.094555122592176,6,,
xlnet-base,20,5,64.55938697318008,68.77394636015326,1032026949,3.9922321737134034e-05,1.917587518586332e-05,0.059591452235653,4,,
xlnet-base,20,6,63.98467432950192,63.60153256704981,1702271299,1.1570181542566242e-05,4.494901468553872e-05,0.0376032727718379,3,,
xlnet-base,20,7,67.24137931034483,68.00766283524904,925092342,5.310397414843076e-06,0.0127171765685209,0.1033616673419553,9,,
xlnet-base,20,8,60.91954022988506,62.26053639846743,782317924,2.425184536178405e-05,0.0001024686116713,0.0159812067132072,2,,
xlnet-base,20,9,64.55938697318008,64.55938697318008,907429626,8.281725276331205e-05,0.0085861294397733,0.1998631885337473,5,,
xlnet-base,20,10,68.00766283524904,70.11494252873563,19318782,1.1805396209648106e-05,0.0045456738564382,0.0460022397986253,7,,
xlnet-base,20,11,68.77394636015326,68.96551724137932,478688417,3.356575764014071e-05,0.0001739193669931,0.1483755156065228,3,,
xlnet-base,20,12,67.04980842911877,71.64750957854406,796791665,2.7166581912031857e-05,0.0258738575319615,0.132678759121069,10,,
xlnet-base,20,13,69.73180076628353,69.34865900383141,1067642367,2.5090775328169385e-05,0.0053095261256496,0.1171148305634452,9,,
xlnet-base,20,14,66.0919540229885,67.24137931034483,874239704,7.869907211583346e-06,0.000148523133786,0.0549717158705206,5,,
xlnet-base,20,15,66.85823754789271,70.30651340996168,109529678,1.6834986638768547e-05,0.0920672109056817,0.0574761122496789,7,,
xlnet-base,20,16,68.77394636015326,70.88122605363985,1649713122,8.856416291454843e-06,0.0664424257421883,0.0528073484841635,9,,
xlnet-base,20,17,57.8544061302682,57.8544061302682,2063289576,5.882905832195034e-06,0.0054199126616469,0.1406587124135308,3,,
xlnet-base,20,18,65.13409961685824,62.64367816091954,915702409,6.987318204558425e-06,0.0061651754547618,0.1992230551952183,4,,
xlnet-base,20,19,63.2183908045977,60.727969348659,1817710611,1.0404804571127274e-05,6.453136792881054e-05,0.0654330414833527,2,,
xlnet-base,20,20,66.66666666666667,66.28352490421456,653692178,2.937539206330821e-05,1.3186398693711746e-05,0.1896118902954209,5,,
xlnet-base,20,21,66.85823754789271,66.28352490421456,891150202,2.7140099512452228e-05,0.0177582142173686,0.0140294565996093,9,,
xlnet-base,20,22,63.02681992337165,61.877394636015325,1332385831,9.99762694874349e-05,0.0120667374559779,0.0376629915181174,10,,
xlnet-base,20,23,68.5823754789272,68.19923371647509,209081087,1.1206882962811443e-05,1.831479920685193e-05,0.155943568609116,10,,
xlnet-base,20,24,66.85823754789271,66.47509578544062,2061035818,2.549985771837997e-05,0.0016247958574741,0.1192891833133652,4,,
xlnet-base,20,25,70.6896551724138,69.73180076628353,1256449856,1.0093407501258318e-05,0.062291078491846,0.1433754266037203,7,,
xlnet-base,20,26,65.32567049808429,65.32567049808429,1805367858,5.0960737674643e-06,0.0001354185337518,0.0689672825200102,9,,
xlnet-base,20,27,63.60153256704981,62.83524904214559,1578510867,7.629793275756669e-05,0.0149975007231939,0.0976286608356304,3,,
xlnet-base,20,28,65.51724137931035,65.13409961685824,1325613064,7.266969652083928e-06,0.0070618969761507,0.0496576026078275,10,,
xlnet-base,20,29,67.04980842911877,69.73180076628353,1008572912,8.535138853307198e-05,6.543818988097967e-05,0.1760179904914917,6,,
xlnet-base,21,0,67.33067729083665,71.76938369781313,414877084,3.936662781742473e-05,0.0004158717611516,0.1053815794723891,4,,
xlnet-base,21,1,66.53386454183267,68.78727634194831,1730956175,7.399877631696502e-05,0.0001146233660987,0.1858901522520391,4,,
xlnet-base,21,2,67.33067729083665,70.37773359840955,1416248250,6.277378386504338e-05,0.0060425723746623,0.1060662460798364,6,,
xlnet-base,21,3,59.9601593625498,63.02186878727634,238325026,3.1150428485739984e-05,0.0009799215850375,0.0361172756507756,2,,
xlnet-base,21,4,66.93227091633466,71.96819085487077,10161499,4.021022232410466e-05,4.230276299599789e-05,0.1298340343659868,4,,
xlnet-base,21,5,52.98804780876494,58.64811133200795,118255028,1.6766366423790746e-05,0.0011393926206102,0.0024941951541949,2,,
xlnet-base,21,6,67.72908366533865,70.17892644135189,1966995240,2.041622490016609e-05,3.3105176232906065e-05,0.0519837633796162,4,,
xlnet-base,21,7,63.34661354581673,70.37773359840955,1749934033,1.8330654360566037e-05,0.0401983282269494,0.141405945068437,2,,
xlnet-base,21,8,58.36653386454184,60.43737574552684,692520038,5.26773142828704e-06,0.0036609092272211,0.0185684259194262,5,,
xlnet-base,21,9,65.33864541832669,70.77534791252485,1027157659,3.791102211234969e-05,0.0001187887946425,0.1274350648531124,8,,
xlnet-base,21,10,67.33067729083665,70.17892644135189,2097716416,2.505065132258177e-05,0.0006663735775596,0.0700111973348056,10,,
xlnet-base,21,11,61.55378486055777,65.60636182902584,342624521,5.7029435753192304e-05,1.6815090843221747e-05,0.0097756649385717,6,,
xlnet-base,21,12,67.52988047808765,72.96222664015905,1358298948,2.6332085304321e-05,7.033784892968946e-05,0.0725221768798003,7,,
xlnet-base,21,13,64.9402390438247,68.78727634194831,56220226,5.940537976794452e-06,0.0013501827771027,0.1909967936741279,10,,
xlnet-base,21,14,63.34661354581673,66.79920477137176,1383994596,6.6918644231102765e-06,1.0434871319215274e-05,0.0384797425741599,7,,
xlnet-base,21,15,61.354581673306775,64.21471172962227,1478348000,5.013702002020657e-06,0.0336862867079432,0.1136249827821112,6,,
xlnet-base,21,16,61.75298804780876,67.39562624254474,1424386910,6.814501853756871e-06,0.0033586116552457,0.1841071169502756,9,,
xlnet-base,21,17,66.93227091633466,73.1610337972167,1180444039,1.7556062555627757e-05,0.0007198525160684,0.0355740741153961,8,,
xlnet-base,21,18,69.32270916334662,72.36580516898609,80632727,1.7460306943638186e-05,0.0015579101261466,0.0931970049665641,7,,
xlnet-base,21,19,63.34661354581673,66.00397614314116,1751188033,1.4145270406961538e-05,4.723474061165623e-05,0.1297498266964342,7,,
xlnet-base,21,20,61.155378486055774,63.81709741550696,593032652,2.3174332591031297e-05,0.0018589200697707,0.1895988663689375,2,,
xlnet-base,21,21,68.12749003984064,72.56461232604374,2010246975,4.163098981083516e-05,0.0049307223332137,0.1444704434277708,10,,
xlnet-base,21,22,63.147410358565736,65.20874751491054,169938680,8.207352855550306e-05,3.377027335463531e-05,0.1351488972275398,7,,
xlnet-base,21,23,63.34661354581673,66.2027833001988,1210071674,3.86399224230996e-05,2.329464653962757e-05,0.0012798475091015,5,,
xlnet-base,21,24,62.74900398406375,67.79324055666004,1620252079,5.433887923006463e-05,0.0584412388761628,0.1150577308574986,5,,
xlnet-base,21,25,64.9402390438247,69.18489065606362,261382629,2.436588909238801e-05,0.0003140467316484,0.0743498007295065,4,,
xlnet-base,21,26,69.32270916334662,72.16699801192843,1521312486,1.0623919842531918e-05,0.007512663955342,0.1117988799807167,10,,
xlnet-base,21,27,67.92828685258964,71.96819085487077,1536247034,3.122847695340508e-05,0.0212109739422397,0.0099855033409182,4,,
xlnet-base,21,28,65.13944223107569,69.98011928429423,263106675,1.9824887587922087e-05,0.000293102693916,0.1069256075233314,5,,
xlnet-base,21,29,58.764940239043824,61.63021868787276,1329220304,9.944202353248092e-05,2.7507484569833036e-05,0.0476640887136872,7,,
xlnet-base,22,0,65.47619047619048,68.7128712871287,1589424954,4.853237665987728e-05,0.0187861673501284,0.0021104745617148,7,,
xlnet-base,22,1,62.3015873015873,69.9009900990099,794053652,2.771291795987681e-05,0.0061388635793005,0.0983309373080922,3,,
xlnet-base,22,2,67.85714285714286,66.93069306930693,272104793,1.098677646643376e-05,0.0003554766308589,0.1760484122485028,10,,
xlnet-base,22,3,57.53968253968254,59.20792079207921,1412428622,1.4615538137895691e-05,0.0002166088423786,0.1788702403314477,2,,
xlnet-base,22,4,67.06349206349206,67.12871287128714,176368830,1.354306552840215e-05,2.4856953654984104e-05,0.1034024219923547,5,,
xlnet-base,22,5,67.06349206349206,67.32673267326733,1288032476,4.033747242488688e-05,0.0149789070833474,0.0458788513569849,8,,
xlnet-base,22,6,63.888888888888886,65.14851485148515,676309270,5.320772234206865e-05,0.002847840586779,0.0743142474208886,2,,
xlnet-base,22,7,68.05555555555556,66.13861386138613,1469952595,1.530341107040823e-05,0.0527197040437318,0.159597435080717,6,,
xlnet-base,22,8,58.333333333333336,66.33663366336634,857114510,5.828010957315549e-06,0.0001395309504202,0.1593187955097112,4,,
xlnet-base,22,9,67.06349206349206,66.13861386138613,1984780183,2.14327277035966e-05,0.0505945863954357,0.1326957637577418,3,,
xlnet-base,22,10,62.698412698412696,62.97029702970297,796609485,8.393025173957493e-06,8.310979173029507e-05,0.1804806016784144,9,,
xlnet-base,22,11,67.06349206349206,68.7128712871287,328280973,2.668589359716088e-05,0.0004404515010322,0.0220605792375652,8,,
xlnet-base,22,12,65.27777777777777,67.12871287128714,847903100,2.690475405644841e-05,1.0178925223847938e-05,0.158441458689442,9,,
xlnet-base,22,13,67.26190476190476,70.89108910891089,1356539194,2.620403367236662e-05,0.0008380504786479,0.0799473288129851,7,,
xlnet-base,22,14,63.69047619047619,62.37623762376238,1187851010,1.5686324903753843e-05,0.0001190655895248,0.066218384826758,5,,
xlnet-base,22,15,58.73015873015873,63.16831683168317,1144741703,6.2876143587426695e-06,0.0001819644624566,0.120520371825495,5,,
xlnet-base,22,16,60.51587301587302,64.15841584158416,1941814372,7.44119158497048e-06,0.0069019370305647,0.0039121242675695,6,,
xlnet-base,22,17,57.93650793650794,62.97029702970297,1224504303,5.198504790756001e-06,0.0008400371734868,0.0150168790420138,4,,
xlnet-base,22,18,65.07936507936508,66.73267326732673,179366990,1.9286751649389063e-05,0.0001143284914924,0.0507501655627611,2,,
xlnet-base,22,19,67.65873015873017,68.7128712871287,1764903229,1.7798100142884783e-05,0.0006374734603644,0.0884518274637374,5,,
xlnet-base,22,20,65.67460317460318,65.74257425742574,1187982420,9.188302529422492e-06,0.000911768770044,0.0861797048750847,6,,
xlnet-base,22,21,65.07936507936508,63.76237623762376,654219597,4.265172011353191e-05,0.0019852813741032,0.0006030845295903,7,,
xlnet-base,22,22,66.26984126984127,67.92079207920793,1495024664,7.99591371179792e-06,0.0758415648611753,0.1511174586174541,10,,
xlnet-base,22,23,66.86507936507937,66.53465346534654,910582899,1.938742385598658e-05,0.0010045744014214,0.0964238569560753,5,,
xlnet-base,22,24,63.888888888888886,68.91089108910892,195783072,8.782499904112242e-05,0.0007988487195553,0.1439451821786703,6,,
xlnet-base,22,25,59.92063492063492,64.35643564356435,1319444739,6.334235251092656e-06,0.0001247138041781,0.1378389739778436,4,,
xlnet-base,22,26,68.45238095238095,66.93069306930693,1359280796,1.395935953613822e-05,1.6609534965301587e-05,0.0293465185674875,6,,
xlnet-base,22,27,70.43650793650794,71.08910891089108,335797145,1.1676428185780682e-05,0.0050286762764968,0.0469612121164666,10,,
xlnet-base,22,28,58.13492063492063,61.18811881188119,295460394,1.2725507613813052e-05,0.0243875162150385,0.1116002946356991,2,,
xlnet-base,22,29,65.07936507936508,65.54455445544555,1333025808,5.211238370645172e-06,0.00044678517162,0.0198725348449736,8,,
xlnet-base,23,0,66.92160611854685,68.3206106870229,1061696174,1.987310906108385e-05,0.0252447235677295,0.035096146676771,4,,
xlnet-base,23,1,68.64244741873804,70.41984732824427,1291445958,3.042740617698373e-05,0.0188655061600358,0.049195835357618,5,,
xlnet-base,23,2,66.34799235181644,66.6030534351145,2101497658,6.36964305779041e-05,1.806822471743414e-05,0.0597890346508628,10,,
xlnet-base,23,3,65.20076481835564,62.786259541984734,1041314681,9.218728839124276e-05,3.1432423307642824e-05,0.1034316276604612,8,,
xlnet-base,23,4,70.36328871892925,65.45801526717557,1866696607,9.52419378689379e-06,0.0283318525865196,0.1986614141062694,5,,
xlnet-base,23,5,68.26003824091778,69.65648854961832,767749835,4.850041825755789e-05,0.0006850638981061,0.051972859357993,10,,
xlnet-base,23,6,68.45124282982792,68.70229007633588,254044462,2.9503590322876484e-05,1.0497176251828282e-05,0.1163200698299154,5,,
xlnet-base,23,7,65.96558317399618,69.27480916030534,1117859114,2.3446948282601872e-05,0.0064723463370166,0.1926498935388644,9,,
xlnet-base,23,8,62.7151051625239,57.06106870229008,1644941619,8.45003409784322e-05,0.0004039460506445,0.1563126212385474,2,,
xlnet-base,23,9,66.92160611854685,68.70229007633588,1377421698,5.585748630550848e-05,0.0007082322698275,0.1116351952478092,10,,
xlnet-base,23,10,64.05353728489484,62.40458015267176,107550913,8.023944257717279e-05,1.5651582270742e-05,0.0375021035848311,5,,
xlnet-base,23,11,64.62715105162523,63.54961832061068,2010341499,1.45943469445894e-05,9.276983432018098e-05,0.1346209709721335,4,,
xlnet-base,23,12,63.67112810707457,65.64885496183206,1794584110,5.636027787339452e-06,1.3598770321636591e-05,0.1979485772552427,9,,
xlnet-base,23,13,65.96558317399618,65.64885496183206,223404374,1.065843942264253e-05,8.469769442177763e-05,0.1398579134478899,7,,
xlnet-base,23,14,68.83365200764818,67.74809160305344,1922083380,5.624913805642248e-05,0.0124549146627118,0.0960707732845392,4,,
xlnet-base,23,15,66.92160611854685,65.64885496183206,1666809416,1.286804496137674e-05,0.0251517130733612,0.1831189326716821,6,,
xlnet-base,23,16,69.78967495219885,71.37404580152672,228212309,8.742781520875976e-05,0.0038905859932936,0.0549842751064441,7,,
xlnet-base,23,17,66.53919694072658,64.50381679389314,1080899805,9.782841177320796e-05,6.497114629058804e-05,0.1064575155133137,10,,
xlnet-base,23,18,68.45124282982792,67.74809160305344,803071933,3.332138674952389e-05,3.738537392694463e-05,0.1962037991081082,7,,
xlnet-base,23,19,60.038240917782026,58.77862595419848,283158345,8.792762337344678e-05,0.001279906859214,0.0274474935936672,7,,
xlnet-base,23,20,51.05162523900574,50.76335877862596,439306136,8.544137284761182e-05,0.0007702795305018,0.004718139175141,4,,
xlnet-base,23,21,64.81835564053537,63.54961832061068,985471112,6.54826004050185e-06,0.0935385499360373,0.0910521927017664,4,,
xlnet-base,23,22,68.26003824091778,69.27480916030534,1839981550,3.05845657473268e-05,0.0007317936341053,0.1222129521274814,6,,
xlnet-base,23,23,65.77437858508604,64.8854961832061,1885516208,2.3294354190196586e-05,0.000122396323424,0.120797984484766,5,,
xlnet-base,23,24,70.17208413001912,70.80152671755725,927826747,6.533628825949985e-06,8.153653374235206e-05,0.0617547290778732,10,,
xlnet-base,23,25,65.20076481835564,63.3587786259542,1793429497,6.619355763839006e-06,1.580742360157237e-05,0.1328483596818797,6,,
xlnet-base,23,26,64.81835564053537,62.786259541984734,1236255367,9.666032525497915e-06,0.0525479264976794,0.0132076986904736,3,,
xlnet-base,23,27,66.34799235181644,66.03053435114504,1479292730,3.1719714443921564e-05,9.01327731155928e-05,0.0303907415123456,6,,
xlnet-base,23,28,58.50860420650096,58.01526717557252,1201605565,1.8288877538843923e-05,0.0034765556183103,0.0694166243780159,2,,
xlnet-base,23,29,65.96558317399618,64.8854961832061,1195408669,1.3505956231333057e-05,8.107833922927916e-05,0.0846291688311185,4,,
xlnet-base,24,0,63.1578947368421,63.03501945525292,984263438,3.9491444509909335e-05,0.0005666005161158,0.1720896570848937,2,,
xlnet-base,24,1,70.37037037037037,69.26070038910505,1048002022,4.324127969458617e-05,0.0005516270904034,0.1636576437879612,6,,
xlnet-base,24,2,67.64132553606238,66.92607003891051,1281508731,4.821353232444092e-05,0.0003642384478405,0.1653176470093199,3,,
xlnet-base,24,3,60.42884990253411,62.45136186770428,1205834402,6.320186305879035e-06,0.048440584586002,0.1708681590399413,4,,
xlnet-base,24,4,64.32748538011695,65.56420233463035,863845342,1.921544443916101e-05,0.0001511540655279,0.1981706010815991,5,,
xlnet-base,24,5,63.35282651072125,64.39688715953308,1673661224,5.080238490494125e-06,0.0128063277530319,0.1027585628582575,5,,
xlnet-base,24,6,69.00584795321637,67.31517509727627,1924977367,5.459071684695088e-05,0.0003791322415254,0.0458168212164888,7,,
xlnet-base,24,7,63.93762183235867,65.36964980544747,1382208295,5.578114970910952e-05,9.91481229891256e-05,0.0230339233696901,3,,
xlnet-base,24,8,69.5906432748538,67.31517509727627,50992199,6.509163501298306e-05,0.0281944502315346,0.0898546752867159,5,,
xlnet-base,24,9,65.8869395711501,66.53696498054475,1765137178,9.529705010381097e-06,0.0003108351841403,0.1619918108197691,9,,
xlnet-base,24,10,67.83625730994152,66.147859922179,2055640518,4.745037095244438e-05,0.0063302069975393,0.0275170885775979,4,,
xlnet-base,24,11,66.66666666666667,65.36964980544747,537375473,6.52667174337616e-05,0.0187146990823178,0.06452432791448,4,,
xlnet-base,24,12,64.71734892787525,64.39688715953308,731162552,6.171503550320808e-06,0.0054134281839111,0.1033718981153108,5,,
xlnet-base,24,13,52.826510721247566,53.89105058365759,305791383,9.865842567140118e-05,9.885165236230178e-05,0.0528742885492,4,,
xlnet-base,24,14,64.71734892787525,63.61867704280156,1601241575,7.218090692636528e-06,0.0829090608805571,0.0007562115290118,5,,
xlnet-base,24,15,65.10721247563353,64.98054474708171,476828225,8.256009076129443e-05,8.729332542732587e-05,0.1257094137415766,9,,
xlnet-base,24,16,56.72514619883041,57.39299610894942,813156612,6.562767572047938e-06,1.605204643197434e-05,0.1736834753634174,2,,
xlnet-base,24,17,64.5224171539961,65.1750972762646,1981657068,5.310007101553432e-06,0.0021887834687797,0.1687073743780708,10,,
xlnet-base,24,18,65.49707602339181,66.34241245136187,738149887,1.314468985773e-05,0.02654278619913,0.0237221056085427,6,,
xlnet-base,24,19,67.44639376218323,68.28793774319067,911755660,3.8176260243895486e-05,0.0004834839132905,0.1623340185133848,8,,
xlnet-base,24,20,63.54775828460039,64.00778210116732,800712883,8.034196982758609e-06,3.6832595617487225e-05,0.0121435880766205,4,,
xlnet-base,24,21,67.25146198830409,65.95330739299611,1883579935,4.298870246646839e-05,0.0231284675136631,0.0786584518967192,4,,
xlnet-base,24,22,67.25146198830409,66.34241245136187,243910605,1.7964321427344714e-05,0.0041038435630868,0.0125998779817685,7,,
xlnet-base,24,23,71.15009746588694,70.42801556420234,1702605680,1.7830769736420047e-05,0.0005238007650988,0.1319562659783785,10,,
xlnet-base,24,24,67.44639376218323,66.92607003891051,1258495172,3.108884068845379e-05,0.0004091662570114,0.0142597555936516,6,,
xlnet-base,24,25,66.47173489278752,66.92607003891051,550728694,9.21034167252229e-06,0.0086653643829486,0.1584999244584327,7,,
xlnet-base,24,26,67.05653021442495,68.48249027237354,1673820310,1.9191452228289836e-05,0.0040068079288872,0.1641950257754628,9,,
xlnet-base,24,27,67.83625730994152,69.64980544747081,889286827,1.413172600847368e-05,0.0717687380833315,0.0568372870828435,8,,
xlnet-base,24,28,63.93762183235867,66.92607003891051,1112673767,6.512816973114788e-06,0.0045365416056474,0.0498830050016309,10,,
xlnet-base,24,29,64.32748538011695,63.03501945525292,723559809,1.3097111126906088e-05,0.0119139564798734,0.1400249290948868,3,,
xlnet-base,25,0,65.36203522504893,68.9453125,715110326,4.248872190190049e-05,0.0198981731955919,0.1823829127095438,10,,
xlnet-base,25,1,63.99217221135029,68.75,1505613532,5.663491927103389e-06,0.0001302355899353,0.0528801707133919,7,,
xlnet-base,25,2,62.03522504892368,66.015625,1474230105,1.3893858175475715e-05,2.4174481763170148e-05,0.0028425529590859,8,,
xlnet-base,25,3,57.72994129158513,60.3515625,209902352,1.226876009073175e-05,0.0003510894008767,0.129771497150812,2,,
xlnet-base,25,4,58.51272015655577,64.0625,111009271,5.521943754467528e-05,1.9316158248823618e-05,0.0267110946692891,2,,
xlnet-base,25,5,69.66731898238747,68.359375,814465676,5.122599689459945e-05,0.0049335999276245,0.1131580306369688,4,,
xlnet-base,25,6,67.5146771037182,69.140625,300039208,1.0805519816804276e-05,0.0066870741203233,0.0885305460510512,6,,
xlnet-base,25,7,67.71037181996086,68.75,1276465382,1.3566937243489057e-05,1.033614094291574e-05,0.1036084782965823,7,,
xlnet-base,25,8,66.73189823874755,68.359375,692549615,4.540379035289463e-05,0.0017100269407591,0.0497426270722456,5,,
xlnet-base,25,9,67.71037181996086,70.703125,484370703,1.5097680344056008e-05,0.0147099518844104,0.0575373894384148,5,,
xlnet-base,25,10,62.23091976516634,67.3828125,340741755,1.4072810522767995e-05,2.069206865625061e-05,0.0735943634780565,7,,
xlnet-base,25,11,63.60078277886497,66.6015625,273910487,2.0676825537433e-05,4.8245452697911536e-05,0.0637574817091898,5,,
xlnet-base,25,12,61.839530332681015,67.1875,921918871,8.849747719362023e-05,0.0002492242006011,0.0096717683422598,3,,
xlnet-base,25,13,51.46771037181996,48.6328125,431624146,6.112383872678569e-05,0.003613983260284,0.0445012209148763,3,,
xlnet-base,25,14,62.42661448140901,67.3828125,503274172,1.1483441601908288e-05,0.0897574528288994,0.1798914415390255,10,,
xlnet-base,25,15,67.31898238747554,72.0703125,74724448,6.969858602086459e-05,0.0040708183514242,0.1621891836355659,8,,
xlnet-base,25,16,51.2720156555773,48.046875,539794093,6.743670367212153e-05,0.0001390454177792,0.00741614673813,2,,
xlnet-base,25,17,68.10176125244618,70.703125,868750629,4.026847932646391e-05,0.0015666246040178,0.133945345636964,7,,
xlnet-base,25,18,64.77495107632095,69.3359375,1933395337,6.070360293943066e-05,4.502654106488929e-05,0.1367655311139587,10,,
xlnet-base,25,19,54.59882583170254,59.375,660219080,9.452170035210496e-05,0.0667620236037948,0.0227155598672044,4,,
xlnet-base,25,20,60.46966731898239,63.671875,1546913970,8.891570402404284e-05,0.0021564693705363,0.0649287119080068,2,,
xlnet-base,25,21,48.7279843444227,51.953125,1378041394,9.709451752971448e-05,0.0015971891830543,0.1355612217630547,2,,
xlnet-base,25,22,64.38356164383562,66.6015625,717816135,8.196103957660493e-05,1.3372066109520153e-05,0.1407259350101848,8,,
xlnet-base,25,23,64.18786692759295,67.578125,667302904,2.7830852704523567e-05,5.932956687513259e-05,0.1619004554599133,3,,
xlnet-base,25,24,67.5146771037182,71.484375,67187106,6.104016329058103e-05,0.0001342471830026,0.1222457699864425,10,,
xlnet-base,25,25,62.03522504892368,66.9921875,2140429751,8.26710714870755e-05,0.0002469517883615,0.1840693236297731,2,,
xlnet-base,25,26,62.62230919765166,66.6015625,608439683,4.346832347031833e-05,0.0014890432283336,0.0516772350208229,5,,
xlnet-base,25,27,66.34050880626224,68.75,1236667639,3.777117817544786e-05,0.0018238462344263,0.0943052576834994,9,,
xlnet-base,25,28,62.03522504892368,68.9453125,1328303311,2.3934506839345977e-05,1.558614775253603e-05,0.0158124981444659,4,,
xlnet-base,25,29,67.90606653620353,70.5078125,295715422,2.3244804749555697e-05,1.0232672462219928e-05,0.0961387261193425,7,,
xlnet-base,26,0,69.96047430830039,68.44181459566074,1217185650,2.1897284952381885e-05,0.0021722299913163,0.1937399865191122,7,,
xlnet-base,26,1,61.462450592885375,61.53846153846154,1871505521,6.213552003996477e-06,5.40351107170841e-05,0.072639193995336,3,,
xlnet-base,26,2,68.77470355731225,65.28599605522682,1299815463,2.275653901562164e-05,0.0037611780655355,0.0026400164072499,7,,
xlnet-base,26,3,64.62450592885375,63.905325443786985,1407849777,5.98104780803345e-06,0.0005061756671376,0.1968692823264888,9,,
xlnet-base,26,4,59.09090909090909,61.73570019723866,482115967,1.5105002579774748e-05,0.0013602007142885,0.0480206648117398,4,,
xlnet-base,26,5,64.82213438735178,64.89151873767258,2016084718,1.1552087630205742e-05,0.0163500901785194,0.1532927795955543,5,,
xlnet-base,26,6,67.98418972332016,64.89151873767258,953428700,1.4790341268527103e-05,0.0235313251806372,0.1169630260132826,4,,
xlnet-base,26,7,65.61264822134387,65.68047337278107,916615764,6.309187377091884e-05,0.0846453304773507,0.1682955337172911,3,,
xlnet-base,26,8,67.19367588932806,63.905325443786985,1103152954,1.0338681183229884e-05,0.0654224320523807,0.0645812619346982,10,,
xlnet-base,26,9,69.1699604743083,66.46942800788955,1891449178,1.7398016602289335e-05,0.0003525055969324,0.1796134115599505,10,,
xlnet-base,26,10,67.78656126482214,66.27218934911242,475183958,3.5788631917261435e-05,0.0989160452062371,0.0722170203333791,3,,
xlnet-base,26,11,68.3794466403162,66.86390532544378,1449927845,1.4416122293945796e-05,5.876866818652103e-05,0.0681967168521952,4,,
xlnet-base,26,12,60.869565217391305,59.36883629191321,972853503,5.172257329781589e-06,0.0053986870722373,0.1550124801987659,3,,
xlnet-base,26,13,65.0197628458498,62.1301775147929,394795893,9.74094352911388e-06,2.9553137809568248e-05,0.0511968508196687,6,,
xlnet-base,26,14,69.56521739130434,66.0749506903353,600981455,3.9381730826477895e-05,0.0002499949813889,0.1642534850582004,4,,
xlnet-base,26,15,66.60079051383399,64.69428007889546,1057214368,9.460392674419428e-06,0.0001398588228686,0.1606716328997577,7,,
xlnet-base,26,16,66.40316205533597,67.25838264299803,1351767402,1.1265681457694406e-05,0.0013179267692965,0.1900020458534534,8,,
xlnet-base,26,17,66.40316205533597,65.48323471400394,506029767,5.787113546401294e-05,0.0170094420673888,0.1122127593348784,7,,
xlnet-base,26,18,68.3794466403162,65.48323471400394,877459203,2.0151605518278392e-05,2.754958242121286e-05,0.1111136716611557,4,,
xlnet-base,26,19,66.60079051383399,64.69428007889546,1798798552,1.7488890424874116e-05,0.0010919386347068,0.0491365979766853,10,,
xlnet-base,26,20,63.24110671936759,62.32741617357002,1576023229,4.067676731510906e-05,0.0027676587328906,0.0205284787144188,8,,
xlnet-base,26,21,67.3913043478261,65.68047337278107,2101244863,5.536115165713855e-05,2.9192822305539946e-05,0.1152171925990135,9,,
xlnet-base,26,22,70.15810276679842,65.08875739644971,1822040238,7.8010753987839e-06,0.0001876929595079,0.0755686394882894,7,,
xlnet-base,26,23,66.60079051383399,62.91913214990138,831680162,1.4114430898785571e-05,4.07040704992401e-05,0.1772973163488103,8,,
xlnet-base,26,24,67.78656126482214,66.46942800788955,170381143,9.532459648537316e-05,0.0023439410766888,0.1412093267652711,6,,
xlnet-base,26,25,69.1699604743083,67.0611439842209,621997117,1.6780929251692547e-05,0.0001869482288647,0.0279363100228466,5,,
xlnet-base,26,26,66.00790513833992,65.68047337278107,2107494239,1.7685698131445775e-05,0.0004746107491292,0.0480869493535901,8,,
xlnet-base,26,27,65.41501976284584,64.89151873767258,1375236285,3.369899645123235e-05,0.014364642196027,0.0080228616018523,5,,
xlnet-base,26,28,67.58893280632411,65.48323471400394,745969677,7.639222797169376e-05,2.4504350342469697e-05,0.1375112779908499,6,,
xlnet-base,26,29,61.6600790513834,61.93293885601578,728073782,8.892186785145418e-05,0.0001561888167631,0.063823315515311,7,,
xlnet-base,27,0,60.9284332688588,56.2862669245648,1840231617,1.0419152761639182e-05,0.001936414410274,0.1628468919582032,2,,
xlnet-base,27,1,66.92456479690522,64.21663442940039,2021627475,1.168772360395644e-05,0.0045102264649322,0.009431356651858,5,,
xlnet-base,27,2,68.85880077369438,64.02321083172147,1896655051,7.617095170901674e-05,8.777904712888119e-05,0.0938840313965542,2,,
xlnet-base,27,3,71.56673114119923,68.08510638297872,1309277090,6.051526231187855e-05,0.0005546915589337,0.1007682274769768,4,,
xlnet-base,27,4,65.95744680851064,61.70212765957447,856070063,2.4848624727688533e-05,0.0002006839427968,0.1963700800467462,2,,
xlnet-base,27,5,69.82591876208897,67.8916827852998,1543411838,6.666229340459422e-05,0.0038781445490837,0.1549959376657671,8,,
xlnet-base,27,6,69.43907156673114,63.63636363636363,1595318991,2.978341081020642e-05,6.437653286536499e-05,0.1481305996605952,8,,
xlnet-base,27,7,68.08510638297872,65.57059961315281,710795246,5.4071311353789896e-05,7.421021436870922e-05,0.0547406071398306,7,,
xlnet-base,27,8,68.66537717601547,64.21663442940039,1280502227,2.112877830477079e-05,1.4646493481071326e-05,0.03007417093776,4,,
xlnet-base,27,9,69.63249516441006,62.47582205029013,1896153460,1.37634870196276e-05,0.0001409289643427,0.1283651547089137,7,,
xlnet-base,27,10,61.31528046421664,55.89941972920696,660989945,1.0058560017970073e-05,0.0088012827361717,0.0210155115164365,2,,
xlnet-base,27,11,62.28239845261122,59.18762088974855,568197768,9.539211910848372e-05,3.3528686222604126e-05,0.0996256790923094,7,,
xlnet-base,27,12,66.53771760154739,64.21663442940039,1779539232,2.9187612391014743e-05,0.0011174458457294,0.0153208915815219,8,,
xlnet-base,27,13,71.1798839458414,68.27852998065764,419114728,4.856205547711665e-05,0.0229337221728476,0.1511089976030903,8,,
xlnet-base,27,14,69.63249516441006,64.02321083172147,2083034541,1.7973353230553496e-05,0.0442359516625663,0.0824137872327587,10,,
xlnet-base,27,15,59.18762088974855,57.83365570599613,1959634553,7.506926323399152e-06,0.0067960336709184,0.1650319564352084,2,,
xlnet-base,27,16,68.85880077369438,63.2495164410058,1295591175,6.590973933117936e-05,0.0001068969531629,0.0543448852585532,4,,
xlnet-base,27,17,67.8916827852998,64.21663442940039,813507588,3.138108495417313e-05,0.0814555560000562,0.000300158388747,6,,
xlnet-base,27,18,69.63249516441006,63.82978723404256,1819954722,6.387727666197661e-05,1.225518932962203e-05,0.1821169964376996,2,,
xlnet-base,27,19,70.40618955512572,65.37717601547389,226868075,2.672789227274823e-05,0.0356081994132986,0.0233585411003382,5,,
xlnet-base,27,20,70.01934235976789,67.11798839458415,136297874,5.579134936134799e-05,2.5524762765019425e-05,0.1913415035070188,9,,
xlnet-base,27,21,64.79690522243713,57.640232108317214,1319142087,5.6542106460750014e-05,0.0022288818577221,0.0283167227750389,2,,
xlnet-base,27,22,67.31141199226306,57.83365570599613,195956862,1.6925630995462025e-05,0.0141585955925956,0.1692879179270044,2,,
xlnet-base,27,23,68.08510638297872,65.57059961315281,1882533235,4.467298749284754e-05,1.1099742194354366e-05,0.1747176485553798,4,,
xlnet-base,27,24,67.11798839458415,61.31528046421664,681415074,8.924129305003372e-06,0.0013448063897632,0.1219155970968478,5,,
xlnet-base,27,25,69.82591876208897,65.18375241779498,566092366,3.3813667471146974e-05,0.0022740516802393,0.1195119807524996,3,,
xlnet-base,27,26,67.50483558994198,63.05609284332689,503691987,1.751157268338046e-05,0.0098034482682672,0.0959841226030085,4,,
xlnet-base,27,27,68.08510638297872,65.95744680851064,1237029732,7.474033744465935e-05,1.1136616883009557e-05,0.1041568153413238,9,,
xlnet-base,27,28,63.05609284332689,58.6073500967118,545901764,1.179529007490484e-05,2.8003832246813663e-05,0.083109816273011,2,,
xlnet-base,27,29,63.82978723404256,58.6073500967118,623886146,1.2121973974951212e-05,6.502090017902916e-05,0.0741050174099509,3,,
xlnet-base,28,0,68.20809248554913,65.76923076923077,829937519,3.42790544102626e-05,0.0013677276747185,0.166013624864585,4,,
xlnet-base,28,1,67.6300578034682,65.1923076923077,179232790,1.8577907125605563e-05,2.600345955737508e-05,0.1509746613831026,10,,
xlnet-base,28,2,60.5009633911368,59.03846153846154,2061807814,1.060951786648501e-05,0.0006032825752923,0.0625270325882895,3,,
xlnet-base,28,3,67.4373795761079,63.26923076923077,834294749,6.234888720448773e-05,7.988892014671215e-05,0.1204643787360867,5,,
xlnet-base,28,4,53.75722543352601,50.0,971471157,5.3366324076215066e-05,0.0449892193791498,0.1624049548237708,4,,
xlnet-base,28,5,66.28131021194605,60.96153846153846,1398274637,2.7625914251802378e-05,0.0080534238031103,0.0853232184379941,3,,
xlnet-base,28,6,61.46435452793834,58.46153846153846,1599367696,8.930049759724026e-05,0.0009303036621067,0.0290204672869522,9,,
xlnet-base,28,7,67.6300578034682,60.76923076923077,323741680,1.8621434797893863e-05,0.0527001008136527,0.1066586167186307,9,,
xlnet-base,28,8,70.71290944123314,67.5,390056219,2.190241872502749e-05,0.0074646945367555,0.1438139799109386,5,,
xlnet-base,28,9,68.01541425818883,63.07692307692308,942573121,5.922589464554394e-06,0.0241784585154429,0.1865333498904013,6,,
xlnet-base,28,10,68.40077071290943,63.46153846153846,148222242,3.294731022056742e-05,0.0648271055798304,0.0078382551637491,3,,
xlnet-base,28,11,64.73988439306359,65.0,79179965,7.966670987209139e-05,0.0546477826752836,0.0482698868385191,5,,
xlnet-base,28,12,68.40077071290943,65.57692307692308,82064068,1.958452515521468e-05,0.005031679357426,0.020790863377551,9,,
xlnet-base,28,13,68.59344894026975,64.03846153846153,1624105961,2.6688910736404747e-05,0.0250630766180729,0.0052529244488256,6,,
xlnet-base,28,14,68.40077071290943,65.0,201698363,1.2192480298081778e-05,0.0003356905702127,0.0030571620587014,9,,
xlnet-base,28,15,65.89595375722543,62.88461538461539,968882318,7.783963584528713e-06,0.0006427650790309,0.180125645462476,6,,
xlnet-base,28,16,68.97880539499036,65.76923076923077,150752118,2.003938175122824e-05,0.0305150742228614,0.0673497864088243,10,,
xlnet-base,28,17,67.4373795761079,63.26923076923077,725885663,2.126063562957249e-05,0.0008471828818377,0.0068030875687036,3,,
xlnet-base,28,18,68.59344894026975,62.30769230769231,170885595,2.6346997134987936e-05,0.0002721726927679,0.0510331675107025,2,,
xlnet-base,28,19,69.17148362235068,66.53846153846153,297120112,5.550622752457728e-05,6.813870476716664e-05,0.160428879042642,4,,
xlnet-base,28,20,63.39113680154143,57.5,1541446393,2.3277955275438248e-05,0.058665025493954,0.0312487686741855,2,,
xlnet-base,28,21,60.115606936416185,56.34615384615385,881235072,6.014608442299191e-06,0.0562283537625131,0.1331513874768701,3,,
xlnet-base,28,22,69.36416184971098,68.07692307692308,1353811677,9.974537787713358e-05,0.0001313858818305,0.1379962130796348,2,,
xlnet-base,28,23,70.90558766859345,67.88461538461539,1654708084,3.0243747562993555e-05,4.588150811262033e-05,0.0648384117033797,7,,
xlnet-base,28,24,66.28131021194605,63.26923076923077,858886519,3.0056223326817463e-05,0.0011133375232491,0.198098713349401,2,,
xlnet-base,28,25,63.19845857418112,62.88461538461539,940301605,7.537238193860189e-05,0.086958721144197,0.0629212209238371,7,,
xlnet-base,28,26,55.49132947976879,51.92307692307692,1542378631,7.173227453172316e-06,0.0875965652432296,0.048051940902954,2,,
xlnet-base,28,27,67.82273603082852,65.57692307692308,298839133,7.130463441525054e-05,0.006269343510017,0.070529468563675,8,,
xlnet-base,28,28,65.51059730250482,63.84615384615385,97355261,9.532057036011614e-05,0.0010071427665879,0.0535570714330402,9,,
xlnet-base,28,29,65.51059730250482,57.11538461538461,1401288978,1.2273091541280162e-05,0.0122143339989536,0.1325091809027721,3,,
xlnet-base,29,0,66.26506024096386,69.73947895791584,15678781,2.315052153477626e-05,0.0358738577127958,0.0361634895382118,10,,
xlnet-base,29,1,68.87550200803213,70.74148296593187,1496917131,2.615368350427566e-05,1.2221098173559058e-05,0.0518703714738888,7,,
xlnet-base,29,2,68.67469879518072,73.14629258517034,1244361305,5.198914210806986e-05,0.0156856942095689,0.1026813205924806,9,,
xlnet-base,29,3,64.05622489959839,64.92985971943888,161836239,5.94370246604222e-06,0.0226467874233537,0.0016812216578607,7,,
xlnet-base,29,4,59.036144578313255,61.723446893787575,1261382199,2.4762696155504605e-05,0.0094302121097792,0.105910676357436,2,,
xlnet-base,29,5,60.8433734939759,64.72945891783567,146016844,5.803333725700529e-06,0.0070604472934916,0.0912856384807524,9,,
xlnet-base,29,6,65.86345381526104,68.5370741482966,1908664226,3.264348781677991e-05,0.0049360235752553,0.1039492191177505,10,,
xlnet-base,29,7,62.44979919678715,66.53306613226452,1713654587,7.739128208987794e-05,2.2183707731374615e-05,0.1237551138121585,3,,
xlnet-base,29,8,65.06024096385542,70.14028056112224,1936225537,4.2558915939117895e-05,2.7706407473194745e-05,0.0120044557653959,4,,
xlnet-base,29,9,67.8714859437751,68.33667334669339,836418829,1.0821725547273368e-05,8.116945354956544e-05,0.1546004069248963,7,,
xlnet-base,29,10,51.60642570281125,47.69539078156313,1719806574,5.741193745061546e-05,0.0307302521617686,0.0418657618984414,8,,
xlnet-base,29,11,66.26506024096386,67.73547094188376,1085996283,8.19739250222944e-05,0.0031018496612721,0.078783798130592,5,,
xlnet-base,29,12,65.46184738955823,69.33867735470942,785327978,2.8907920237814816e-05,1.57024539203379e-05,0.1258973218972559,3,,
xlnet-base,29,13,66.66666666666667,67.73547094188376,1042759221,7.583132490575379e-05,3.771000915246948e-05,0.0954490314068776,7,,
xlnet-base,29,14,63.05220883534137,64.72945891783567,1565286917,2.635254524165331e-05,0.0060695858157212,0.129128959806186,2,,
xlnet-base,29,15,68.47389558232932,72.34468937875752,343160357,9.657116725983354e-05,0.080149347767981,0.1527983562417493,7,,
xlnet-base,29,16,65.46184738955823,66.53306613226452,1052244319,5.433852045411637e-06,6.676917582225337e-05,0.093601625600582,10,,
xlnet-base,29,17,60.44176706827309,65.93186372745491,1721145601,2.761881437611097e-05,0.0021990917252515,0.0415992187805143,3,,
xlnet-base,29,18,55.82329317269076,60.32064128256513,1861750287,9.383841243630855e-06,0.003652241677115,0.071528100756189,2,,
xlnet-base,29,19,68.87550200803213,69.13827655310621,1611516652,1.4794946225463229e-05,0.0508577475903549,0.1273475963818644,9,,
xlnet-base,29,20,63.05220883534137,64.92985971943888,744007633,1.035248886114214e-05,0.0066620691959372,0.1739335806870766,5,,
xlnet-base,29,21,66.26506024096386,69.13827655310621,802542282,8.922910946747105e-06,0.0004288408043884,0.0462851993220122,7,,
xlnet-base,29,22,65.26104417670683,68.5370741482966,402830761,1.6421550832321217e-05,1.810367453915981e-05,0.050303399082252,10,,
xlnet-base,29,23,55.42168674698795,58.91783567134269,1643608050,9.91738754911824e-05,0.0001588804930504,0.0357664001070638,6,,
xlnet-base,29,24,66.06425702811245,67.13426853707415,1557038646,8.02091285041927e-05,0.007947822433868,0.0933558352312269,5,,
xlnet-base,29,25,59.437751004016064,62.3246492985972,1505483740,7.917577818939438e-06,0.0023258971905753,0.1027414001791232,5,,
xlnet-base,29,26,68.47389558232932,68.937875751503,1620526265,3.968652300334234e-05,0.0005170992873877,0.1924743176743742,10,,
xlnet-base,29,27,60.44176706827309,63.52705410821643,354695934,1.1315748602008417e-05,0.0035409971550569,0.0076152716201976,6,,
xlnet-base,29,28,64.2570281124498,64.92985971943888,162800431,5.5425130316717685e-06,0.0024910650569796,0.1332904409739601,5,,
xlnet-base,29,29,63.25301204819277,62.3246492985972,1950229108,5.295384541432194e-06,0.0348813502105719,0.1907847474979552,4,,
roberta-base,0,0,57.94768611670021,59.758551307847085,1649993000,8.913576024204785e-06,7.852551423484093e-05,0.1778995487829815,2,,
roberta-base,0,1,74.84909456740442,77.46478873239437,1083665581,5.080016020120493e-05,0.0015762986314893,0.0730454806195645,3,,
roberta-base,0,2,74.24547283702213,75.25150905432595,546722235,7.562628545296064e-06,0.0235976918867548,0.0512002608771847,10,,
roberta-base,0,3,73.03822937625755,72.63581488933602,1314831362,7.723855080407392e-06,0.0116316832514862,0.1259753080184214,5,,
roberta-base,0,4,73.44064386317908,73.64185110663983,1348530425,1.5368639343482784e-05,5.337205486114797e-05,0.1857204746567013,4,,
roberta-base,0,5,72.63581488933602,73.2394366197183,1996371160,3.911879582498064e-05,0.002162064883955,0.1316960008716381,7,,
roberta-base,0,6,66.19718309859155,65.19114688128772,1733450698,1.2673700624282224e-05,0.0138476471604047,0.1493828109327767,2,,
roberta-base,0,7,72.03219315895372,76.65995975855131,344183767,4.365467974231241e-05,0.0039158515813279,0.070449142938273,9,,
roberta-base,0,8,71.62977867203219,73.44064386317908,1590382038,6.224901780370691e-06,0.0182529519262282,0.1770559029505262,10,,
roberta-base,0,9,71.83098591549296,73.03822937625755,692746660,5.2911537655094405e-05,0.0021272343120001,0.1472381092593814,5,,
roberta-base,0,10,49.496981891348085,48.89336016096579,940399278,9.6383446491059e-05,0.0134222169088733,0.087594753470412,8,,
roberta-base,0,11,76.25754527162978,75.85513078470825,603879378,2.8249453318198917e-05,0.0226811055280179,0.0972414622989188,5,,
roberta-base,0,12,72.03219315895372,74.44668008048289,1674950303,1.568799753054439e-05,3.08355502523573e-05,0.0858742712467372,4,,
roberta-base,0,13,73.2394366197183,74.84909456740442,1460477592,3.054435718815529e-05,0.0438292342849469,0.1653026169082245,8,,
roberta-base,0,14,72.83702213279678,76.65995975855131,1116022619,1.597075327953473e-05,5.226910263104327e-05,0.1918420313543476,6,,
roberta-base,0,15,77.2635814889336,76.65995975855131,1724458520,2.120364086552329e-05,0.0193987021981191,0.0336416109138862,8,,
roberta-base,0,16,76.65995975855131,74.64788732394366,1109129838,3.531586385784713e-05,0.0006140358575635,0.1930926891562177,9,,
roberta-base,0,17,49.496981891348085,48.89336016096579,1625988883,6.0084775772620245e-05,0.0330679303722661,0.05317787101845,2,,
roberta-base,0,18,75.45271629778672,74.84909456740442,1309036674,1.8267718079175684e-05,0.0068472266900675,0.0432677268700906,10,,
roberta-base,0,19,75.0503018108652,76.05633802816901,248985315,1.3790531307716596e-05,0.0700974358851085,0.087864768521977,10,,
roberta-base,0,20,73.03822937625755,76.25754527162978,2035664670,2.2194546317107826e-05,0.0089483002681661,0.1150995393306207,8,,
roberta-base,0,21,49.496981891348085,48.89336016096579,1116051389,9.435255762657968e-05,0.0009597485902046,0.1598792177520845,3,,
roberta-base,0,22,69.61770623742454,71.0261569416499,230161896,5.777258023331152e-05,2.0667463789388574e-05,0.0098832732889956,7,,
roberta-base,0,23,73.03822937625755,74.44668008048289,995307729,3.395192859545281e-05,0.0010378080068034,0.0491167013601644,8,,
roberta-base,0,24,73.64185110663983,77.06237424547284,1405215220,2.4035741907585323e-05,0.0018104366596467,0.1471058524479777,6,,
roberta-base,0,25,73.64185110663983,74.24547283702213,1846401421,5.3258074235457216e-05,0.0003660464258106,0.1667561834606099,10,,
roberta-base,0,26,50.50301810865192,51.10663983903421,1626628840,6.23490735034452e-05,0.0065833103929598,0.0351312259432459,8,,
roberta-base,0,27,71.42857142857143,70.4225352112676,423038706,1.5700647724105846e-05,1.1015568845154829e-05,0.1245658849292686,6,,
roberta-base,0,28,72.63581488933602,74.24547283702213,747633713,6.631056866350761e-05,0.023109337558969,0.1873986377009021,7,,
roberta-base,0,29,67.00201207243461,67.20321931589537,1220447927,4.198386769266968e-05,0.0090045378250069,0.05421660575231,3,,
roberta-base,1,0,50.98425196850393,51.77165354330709,1758684388,8.552111368008828e-05,0.0001555668750221,0.0036170225010229,7,,
roberta-base,1,1,55.31496062992126,58.85826771653543,508386928,6.251449425035256e-06,0.0279463649277727,0.0367934239453086,2,,
roberta-base,1,2,74.01574803149606,70.86614173228347,1807268802,1.091010507031366e-05,0.0906391405500051,0.0739088599847394,6,,
roberta-base,1,3,61.22047244094488,59.84251968503937,169036015,7.959637509392199e-05,0.0002351055639357,0.0202423320786106,6,,
roberta-base,1,4,76.18110236220473,72.04724409448819,8587530,1.6037828866320278e-05,1.0925577805372595e-05,0.161891904819212,5,,
roberta-base,1,5,73.4251968503937,68.30708661417323,298621707,1.2570210265128203e-05,0.001674002693828,0.1501025214400532,8,,
roberta-base,1,6,62.59842519685039,63.38582677165354,698806235,5.564789787741657e-06,0.0100785772545204,0.1565941769857793,3,,
roberta-base,1,7,73.4251968503937,69.48818897637796,1331093894,8.780961988516817e-06,0.0262851277171524,0.1262990253867212,5,,
roberta-base,1,8,76.77165354330708,72.04724409448819,707534492,3.953522470107184e-05,0.0827741772701931,0.1725393907671815,4,,
roberta-base,1,9,72.83464566929133,67.71653543307086,1173071323,7.540599024287752e-05,0.0038669449034035,0.134862252026994,5,,
roberta-base,1,10,71.45669291338582,67.91338582677166,39024136,7.461697555472512e-05,0.0006470788543278,0.1361825390921507,5,,
roberta-base,1,11,73.4251968503937,65.35433070866142,2126232381,5.026749064648639e-05,2.243272936084037e-05,0.1450298719808778,6,,
roberta-base,1,12,75.0,71.45669291338582,1019895666,4.319797546429186e-05,0.002123196729957,0.1851258674256947,7,,
roberta-base,1,13,74.80314960629921,71.65354330708661,1465870236,2.8016137733378248e-05,6.000361113498507e-05,0.0247163390684293,9,,
roberta-base,1,14,72.44094488188976,72.04724409448819,1284631159,2.4106094758401117e-05,0.0018311757885064,0.1818397254779371,6,,
roberta-base,1,15,72.63779527559055,70.07874015748031,2036122265,3.833679469584847e-05,0.0202591621046802,0.0560522772660314,8,,
roberta-base,1,16,49.01574803149607,48.22834645669291,1112043226,9.953911530931194e-05,0.001019639232343,0.1595826230823952,2,,
roberta-base,1,17,73.4251968503937,68.50393700787401,1453427470,5.2558066762244734e-05,0.0200937190793501,0.0158977432386899,9,,
roberta-base,1,18,72.04724409448819,67.51968503937007,2056587603,7.586208106812362e-05,1.269294084816052e-05,0.1870192284912337,10,,
roberta-base,1,19,75.59055118110236,70.86614173228347,1186991539,1.1891882794859e-05,0.0526577949143392,0.0316380870457212,6,,
roberta-base,1,20,75.59055118110236,72.83464566929133,1620153378,7.445652065704883e-06,0.0010314303856618,0.0958630953203631,10,,
roberta-base,1,21,72.63779527559055,71.06299212598425,49424008,1.522162643858102e-05,0.0007070750506235,0.1967493608655551,3,,
roberta-base,1,22,74.60629921259843,71.25984251968504,673097255,4.410602292995277e-05,0.0062956513485579,0.0108569894822893,4,,
roberta-base,1,23,67.91338582677166,67.1259842519685,1447897814,5.6606519250363655e-06,6.662685231507648e-05,0.1070152838217944,5,,
roberta-base,1,24,75.59055118110236,73.4251968503937,1166896563,6.315877024770851e-06,0.0595661455267976,0.1289914096367496,9,,
roberta-base,1,25,76.96850393700787,73.62204724409449,552216661,2.3446376540773603e-05,0.0099674515669987,0.1889897835542303,8,,
roberta-base,1,26,70.86614173228347,65.55118110236221,902897377,8.661949138588572e-05,7.676784050799506e-05,0.1136981588307471,8,,
roberta-base,1,27,75.59055118110236,69.09448818897638,1350534847,3.526933823539482e-05,0.0497880404088722,0.1574310775868112,7,,
roberta-base,1,28,75.59055118110236,69.68503937007874,695899827,1.8474157077452292e-05,6.512938907769662e-05,0.1463980717962741,7,,
roberta-base,1,29,73.81889763779527,73.81889763779527,1998683962,3.238217325372272e-05,0.0019183425598048,0.1344798226731191,3,,
roberta-base,2,0,68.44181459566074,70.61143984220907,246122470,1.2752281078245696e-05,0.0008858553889664,0.13386161313283,3,,
roberta-base,2,1,61.73570019723866,65.28599605522682,554417052,6.454465109184467e-06,0.0180662439027414,0.0119987922570179,3,,
roberta-base,2,2,66.0749506903353,67.85009861932939,1084081294,1.4530413237463916e-05,0.0008332696104515,0.1751144972267036,3,,
roberta-base,2,3,49.11242603550296,48.12623274161736,1665017282,8.347026308619554e-05,0.0012291286321168,0.0219933175295378,3,,
roberta-base,2,4,49.11242603550296,48.12623274161736,1950578572,9.876196542401266e-05,0.0001137103495679,0.006616422210981,9,,
roberta-base,2,5,74.35897435897436,72.7810650887574,497641122,1.925493648203481e-05,0.0008502239101141,0.1152892471996024,8,,
roberta-base,2,6,74.55621301775147,73.17554240631164,1744411387,1.6121843476616017e-05,0.0539760696427613,0.1119058637773877,8,,
roberta-base,2,7,70.41420118343196,71.99211045364892,911804001,2.0336382939733115e-05,0.0093836726820242,0.0114834383671123,5,,
roberta-base,2,8,66.86390532544378,68.83629191321499,2142223059,6.421397095046999e-05,0.0007294486093395,0.0712627853013789,8,,
roberta-base,2,9,66.27218934911242,67.85009861932939,785022572,5.963293506069969e-06,0.0796161995831443,0.1443398846637857,5,,
roberta-base,2,10,67.65285996055226,70.61143984220907,515337058,3.311861369536876e-05,0.0012685590015743,0.155889162266563,2,,
roberta-base,2,11,52.85996055226825,52.66272189349112,862198422,5.147535822185167e-06,0.0265782356220074,0.1828335477990288,2,,
roberta-base,2,12,73.57001972386588,69.8224852071006,1216419095,9.682958679738772e-06,0.0431858182748019,0.0026730417918907,10,,
roberta-base,2,13,69.23076923076923,68.04733727810651,1268536159,1.1279418635287252e-05,0.0001194281747947,0.0166775063549566,9,,
roberta-base,2,14,74.95069033530572,73.96449704142012,421070028,2.3761177106616416e-05,4.132348005457225e-05,0.0658457980830981,10,,
roberta-base,2,15,69.8224852071006,69.23076923076923,2079945721,5.570225715681527e-06,0.0158116142681585,0.1694037762176454,8,,
roberta-base,2,16,69.42800788954635,67.65285996055226,85945501,7.117880109995783e-06,4.19910368429986e-05,0.0652288292664528,6,,
roberta-base,2,17,69.42800788954635,70.21696252465483,41849813,3.37611179774775e-05,0.0009807721155024,0.1112332777400913,6,,
roberta-base,2,18,49.11242603550296,48.12623274161736,1232378884,8.965254459552794e-05,5.389893367893436e-05,0.0773344182248036,8,,
roberta-base,2,19,65.87771203155819,68.24457593688363,722665672,6.68455774845204e-05,0.0420562254999931,0.0719970894080807,3,,
roberta-base,2,20,73.37278106508876,70.61143984220907,1658506766,2.764768666995789e-05,2.076431323434024e-05,0.1037348466483299,10,,
roberta-base,2,21,69.23076923076923,71.20315581854044,231820444,1.9118840598983797e-05,0.0001039168964806,0.0252917371251084,6,,
roberta-base,2,22,72.58382642998028,71.40039447731755,270760452,3.620817063491163e-05,0.0004942023412521,0.0615325634127473,9,,
roberta-base,2,23,73.37278106508876,72.18934911242603,1923817697,6.765401237293848e-05,1.3058571823380251e-05,0.0125561051734143,7,,
roberta-base,2,24,71.00591715976331,72.7810650887574,1573294235,1.6922081810619573e-05,0.0037491820655244,0.1157900889157145,10,,
roberta-base,2,25,71.00591715976331,70.21696252465483,615536140,2.1339189834162052e-05,0.0009113404993112,0.0319763607229991,9,,
roberta-base,2,26,69.42800788954635,70.01972386587771,825403838,7.627053714891939e-05,0.0002844933753004,0.1258101077101726,2,,
roberta-base,2,27,72.58382642998028,71.20315581854044,2007083199,2.423145671136158e-05,1.1946398704130789e-05,0.1265520993929881,7,,
roberta-base,2,28,71.59763313609467,72.58382642998028,659489558,4.932069043883255e-05,0.0001157318854524,0.10394006393476,10,,
roberta-base,2,29,68.63905325443787,68.44181459566074,864766005,5.280998291296814e-06,2.8725471220751777e-05,0.1938627727498786,8,,
roberta-base,3,0,71.53996101364523,68.81091617933723,888271322,1.2466778448917174e-05,0.0448377991863462,0.1073691446381947,7,,
roberta-base,3,1,48.34307992202729,49.902534113060426,1153838280,7.541611058954068e-05,2.4093047168995436e-05,0.069007813370956,3,,
roberta-base,3,2,65.8869395711501,70.56530214424951,1403769761,1.4060282671427646e-05,1.8455546982100745e-05,0.1340181275328632,3,,
roberta-base,3,3,72.51461988304094,73.48927875243665,2081464653,1.2649982081942808e-05,0.0008060695278405,0.0658031666870943,5,,
roberta-base,3,4,72.70955165692008,72.90448343079922,1719943680,3.677196170617327e-05,0.0451474014900927,0.1690692852290933,4,,
roberta-base,3,5,65.10721247563353,67.83625730994152,1944142537,6.313800752976414e-05,1.6951503649610194e-05,0.1747851967717941,2,,
roberta-base,3,6,70.56530214424951,71.34502923976608,43429619,2.201162830374737e-05,0.0001907477372688,0.0936676306578642,2,,
roberta-base,3,7,70.17543859649123,71.15009746588694,913470405,1.7465540989742983e-05,0.0091128626457997,0.1258428541280094,9,,
roberta-base,3,8,69.98050682261209,71.9298245614035,1645668298,6.849424344264681e-06,0.0001251553450705,0.0444907793450537,7,,
roberta-base,3,9,48.34307992202729,49.902534113060426,293674424,7.087011506004402e-05,0.0221460450385,0.0319973766941345,7,,
roberta-base,3,10,65.8869395711501,69.5906432748538,760645409,4.95198357660447e-05,0.0002288669875387,0.0973499836796726,10,,
roberta-base,3,11,53.02144249512671,56.53021442495127,509244025,1.0278259327079928e-05,6.176229085887715e-05,0.0903547058496863,2,,
roberta-base,3,12,52.046783625731,50.87719298245614,2113099752,6.965964224117068e-05,0.0724238586721442,0.0480720401341195,3,,
roberta-base,3,13,69.20077972709552,73.48927875243665,2085436645,7.0047208444129386e-06,0.0001789418705021,0.1329934244291389,7,,
roberta-base,3,14,68.81091617933723,71.34502923976608,939267187,7.091137102941406e-05,0.0039971912510341,0.1219809168794413,8,,
roberta-base,3,15,70.56530214424951,72.12475633528265,1061307618,2.103701863053501e-05,0.0108395016333134,0.1808961205640284,5,,
roberta-base,3,16,69.78557504873294,70.9551656920078,1894192633,1.836488982014846e-05,1.4477294528751593e-05,0.0044910540107234,2,,
roberta-base,3,17,63.93762183235867,68.22612085769981,1769300961,4.1946671519981726e-05,0.0018020684763797,0.0350580974038376,8,,
roberta-base,3,18,67.83625730994152,71.73489278752437,1336712095,8.576567980135405e-06,0.0001293777762141,0.0493510341303977,7,,
roberta-base,3,19,73.6842105263158,74.26900584795321,631437566,2.0928381881441125e-05,0.0019466512339253,0.1203170125855002,10,,
roberta-base,3,20,72.31968810916179,68.81091617933723,662297504,6.297623951729886e-05,0.0018482064855106,0.1733839628473162,8,,
roberta-base,3,21,55.7504873294347,56.33528265107213,787778519,8.865182842117774e-06,9.800418542855632e-05,0.0949356107532992,2,,
roberta-base,3,22,74.07407407407408,72.31968810916179,63141050,8.602923593601689e-06,3.378110134367216e-05,0.1635025154037463,10,,
roberta-base,3,23,69.98050682261209,69.39571150097466,811492161,3.858963190451054e-05,0.0198733799196549,0.0745075636854393,8,,
roberta-base,3,24,69.39571150097466,70.9551656920078,472772823,3.85910212428724e-05,0.013265757711566,0.1604495453943507,8,,
roberta-base,3,25,75.63352826510722,73.09941520467837,1376880964,4.903346774855612e-05,0.0873263621237588,0.0094420847316735,4,,
roberta-base,3,26,70.76023391812865,69.39571150097466,245675680,7.651203037093052e-05,0.0017877469893048,0.1568647416748102,4,,
roberta-base,3,27,70.76023391812865,73.09941520467837,439673853,2.3061158292172333e-05,0.0024186557786974,0.0780292484584822,7,,
roberta-base,3,28,70.37037037037037,69.39571150097466,817069576,1.4055611611076797e-05,0.0001112893900914,0.0377877830419406,3,,
roberta-base,3,29,74.6588693957115,73.87914230019493,1027955928,3.721997506654986e-05,0.003973565589607,0.1901071127428975,7,,
roberta-base,4,0,68.05293005671078,71.69811320754717,1853529221,5.583488263999831e-06,0.0001293488844784,0.0007365875840202,8,,
roberta-base,4,1,76.18147448015122,73.01886792452831,18563827,3.215102618671865e-05,0.0198043112571452,0.0808541169219925,9,,
roberta-base,4,2,70.88846880907373,70.94339622641509,883676184,1.2902356098367408e-05,0.047180116612095,0.1950907236669578,7,,
roberta-base,4,3,73.34593572778827,75.47169811320755,1233858274,2.8756096241763288e-05,0.0333326197163121,0.1728700607883836,8,,
roberta-base,4,4,48.39319470699433,45.84905660377358,561555187,5.234430340440638e-06,1.6499628846525954e-05,0.1010208323059443,3,,
roberta-base,4,5,72.4007561436673,73.77358490566037,692988136,3.8475044291625096e-05,0.0028885386855336,0.0010643406168044,3,,
roberta-base,4,6,72.58979206049149,74.90566037735849,1229917030,1.3518222642388595e-05,0.0513885299441789,0.1747886404472628,10,,
roberta-base,4,7,74.10207939508507,74.71698113207547,409502277,2.2662335001062658e-05,0.0007719608254855,0.0601420106877225,7,,
roberta-base,4,8,69.94328922495274,72.0754716981132,1697322250,8.562689515944345e-06,0.0007172829269293,0.1819327147171255,5,,
roberta-base,4,9,73.15689981096408,75.47169811320755,333003251,2.208755908248934e-05,0.0047650590311945,0.1438325261242594,6,,
roberta-base,4,10,71.45557655954632,74.90566037735849,1038288899,2.626656258797569e-05,0.0618490074367753,0.0737232661655924,6,,
roberta-base,4,11,68.80907372400756,70.94339622641509,488974802,5.6646703150592005e-05,2.0862420278460103e-05,0.0652160709815136,8,,
roberta-base,4,12,72.4007561436673,75.28301886792453,1464100363,1.2197966576951757e-05,0.0054148365120772,0.1144781707482411,10,,
roberta-base,4,13,71.64461247637051,73.58490566037736,351635705,2.025864409571771e-05,0.0001027595625567,0.1086982511783752,5,,
roberta-base,4,14,72.4007561436673,72.26415094339623,1907491021,8.011316662401653e-05,1.2942860493981412e-05,0.1640492512304544,8,,
roberta-base,4,15,69.18714555765595,71.13207547169812,1790878799,3.699832641670624e-05,0.0143165990789564,0.1014191698377374,4,,
roberta-base,4,16,70.69943289224953,70.56603773584905,742529585,3.28874820617793e-05,1.5768374033673858e-05,0.1672001459809864,2,,
roberta-base,4,17,65.97353497164461,69.62264150943396,1538547059,7.885919521065095e-06,0.0015434938910636,0.0824865451587766,3,,
roberta-base,4,18,48.39319470699433,45.84905660377358,2085390703,8.291349816217778e-05,0.0004896415743725,0.0033884546551856,9,,
roberta-base,4,19,69.56521739130434,71.69811320754717,327517158,1.1540405417370566e-05,0.064306916546732,0.1791793309989651,6,,
roberta-base,4,20,71.07750472589792,71.88679245283019,585578645,9.444095739726691e-06,0.0571587108387276,0.0029627440217553,10,,
roberta-base,4,21,72.96786389413988,74.90566037735849,1447602036,5.12388700276224e-05,3.784716898039889e-05,0.0896939484260734,10,,
roberta-base,4,22,63.89413988657845,66.79245283018868,138715655,6.199165468831233e-06,0.0376907702998674,0.1447149982279895,3,,
roberta-base,4,23,49.716446124763706,48.11320754716981,1953556458,5.5329856395189545e-06,9.9826705514368e-05,0.1716407132342747,3,,
roberta-base,4,24,69.94328922495274,71.69811320754717,1193177933,2.60407888984379e-05,0.0002841484750613,0.1941157107179668,6,,
roberta-base,4,25,48.39319470699433,45.84905660377358,1482296209,7.434972534642949e-05,0.0164746148109674,0.1039581450558483,8,,
roberta-base,4,26,75.61436672967864,73.58490566037736,107949445,2.8686057286561043e-05,0.0009975045223861,0.1960786521796255,9,,
roberta-base,4,27,58.60113421550095,61.698113207547166,1704676604,9.182126611249174e-05,0.0157725446612675,0.0196242790467441,2,,
roberta-base,4,28,67.10775047258979,68.30188679245283,1289671363,1.2401428052701464e-05,1.1263775607041758e-05,0.0325725964620939,3,,
roberta-base,4,29,70.13232514177693,72.83018867924528,1967558232,3.218332668254419e-05,3.242690986287159e-05,0.0013416045899281,8,,
roberta-base,5,0,72.78225806451613,71.83098591549296,1629430125,2.147354618913061e-05,0.0044730843519826,0.0841848682232218,8,,
roberta-base,5,1,72.37903225806451,72.43460764587525,898134008,1.6769939804013116e-05,0.0003383906034286,0.1192399222001181,7,,
roberta-base,5,2,73.58870967741936,70.62374245472837,216850839,1.674132019776198e-05,0.0007282814034115,0.1949524226378697,3,,
roberta-base,5,3,73.58870967741936,72.23340040241449,994428805,2.5619600598475785e-05,4.757655467564598e-05,0.0252922924643641,3,,
roberta-base,5,4,63.50806451612903,60.36217303822938,1631553456,9.332850770091302e-05,1.110904803899842e-05,0.0129809279486316,7,,
roberta-base,5,5,71.37096774193549,71.83098591549296,654033134,2.32620629045151e-05,2.300504757947606e-05,0.0149682487485339,3,,
roberta-base,5,6,69.95967741935483,68.00804828973843,1705293191,3.719614648380941e-05,0.0025714378770411,0.1542220921104103,4,,
roberta-base,5,7,72.37903225806451,71.42857142857143,346277618,8.034750728526872e-05,0.0867962622792955,0.1027445536112223,9,,
roberta-base,5,8,68.54838709677419,64.78873239436619,2130864740,9.919780699699111e-06,0.0661315944261162,0.1518659402858934,3,,
roberta-base,5,9,75.0,74.64788732394366,1780687616,1.2167524304560646e-05,0.0005280597760215,0.093307872380853,10,,
roberta-base,5,10,72.58064516129032,70.62374245472837,751171548,2.131582445675385e-05,3.522113209290056e-05,0.0779188599587969,9,,
roberta-base,5,11,75.20161290322581,72.83702213279678,679265332,2.8161783504456952e-05,6.45468674264169e-05,0.1250176648179004,6,,
roberta-base,5,12,68.95161290322581,72.03219315895372,1542865100,1.7419629697151556e-05,0.0001040929943105,0.0765376647748627,6,,
roberta-base,5,13,62.5,62.77665995975856,866259084,5.748147268723163e-06,9.736397270452544e-05,0.10906444779645,3,,
roberta-base,5,14,71.16935483870968,68.2092555331992,1850903405,1.2534842860242516e-05,0.0001176603955303,0.1303924883694023,4,,
roberta-base,5,15,75.20161290322581,72.43460764587525,800374167,1.5037914636348246e-05,0.0001228634541559,0.1508103264982626,10,,
roberta-base,5,16,75.20161290322581,73.64185110663983,2141779902,2.4654230123248397e-05,0.0001065119528037,0.0964508392941115,7,,
roberta-base,5,17,72.98387096774194,72.43460764587525,472232369,1.8413664343576893e-05,0.0003287468211583,0.1953375473423093,7,,
roberta-base,5,18,72.78225806451613,73.2394366197183,1620255190,1.9629590897467412e-05,0.011995549081685,0.0345101980792851,6,,
roberta-base,5,19,73.79032258064517,73.2394366197183,1388374721,3.382104656747897e-05,0.0149856460995194,0.087638402021217,5,,
roberta-base,5,20,75.0,71.83098591549296,366262690,1.5299561629140954e-05,7.636313051637798e-05,0.096441985377863,5,,
roberta-base,5,21,61.693548387096776,59.95975855130785,368433567,9.94852305476734e-05,2.894456054219063e-05,0.0435109224470947,3,,
roberta-base,5,22,74.79838709677419,72.03219315895372,1965880178,3.914828401637502e-05,1.5148240149251143e-05,0.1481883486361576,5,,
roberta-base,5,23,72.37903225806451,74.04426559356136,498165501,2.06672041281218e-05,0.000324113084061,0.1356672626890433,4,,
roberta-base,5,24,71.9758064516129,71.83098591549296,144293726,1.6286963726591856e-05,5.52699324465543e-05,0.0854763804554217,3,,
roberta-base,5,25,73.79032258064517,71.62977867203219,1658222432,1.1208445356484208e-05,0.0211390723743508,0.0814578036033107,9,,
roberta-base,5,26,73.58870967741936,71.22736418511066,1575214801,1.625144248995566e-05,0.000390903416044,0.113638487018829,7,,
roberta-base,5,27,73.79032258064517,70.82494969818913,57373398,2.197006276954042e-05,0.0008277156724257,0.1894999851118491,4,,
roberta-base,5,28,74.59677419354838,72.63581488933602,808170531,1.2964345279554016e-05,0.009375931621975,0.1294084503332927,6,,
roberta-base,5,29,70.76612903225806,71.22736418511066,440997877,4.765473455644584e-05,2.2623521156389423e-05,0.023698290746405,8,,
roberta-base,6,0,66.99029126213593,68.7378640776699,274204587,6.796866641055686e-05,0.0002543691503931,0.1106468235820469,6,,
roberta-base,6,1,69.51456310679612,69.90291262135922,1345016533,8.130060996950216e-06,0.0002446418731181,0.1518697687350196,9,,
roberta-base,6,2,73.20388349514563,73.39805825242719,839937650,5.0279592825192254e-05,3.882397568608625e-05,0.0124714550891373,8,,
roberta-base,6,3,60.77669902912621,61.74757281553398,448944411,5.277318429164221e-06,1.5856998584723552e-05,0.1527249338805445,4,,
roberta-base,6,4,71.06796116504854,71.6504854368932,203075346,7.5978391899251075e-06,0.0004738562978291,0.0897141969191084,9,,
roberta-base,6,5,64.07766990291262,65.8252427184466,45056295,3.734860913468288e-05,0.003345998524765,0.0313273854997214,2,,
roberta-base,6,6,70.29126213592232,71.2621359223301,40675595,1.5225171837969536e-05,1.833410148993576e-05,0.1261028774264881,4,,
roberta-base,6,7,67.96116504854369,68.15533980582525,1218592967,9.702830687307275e-06,0.059850688555405,0.0319902030698602,2,,
roberta-base,6,8,74.95145631067962,72.03883495145631,1010298565,1.6960502310275365e-05,0.0454995002264313,0.1854049209785081,5,,
roberta-base,6,9,69.12621359223301,68.93203883495146,1907784756,9.61187353303388e-06,0.0003577900863832,0.1304354460598361,6,,
roberta-base,6,10,70.09708737864078,70.87378640776699,199356920,8.893033166846566e-06,0.0001022857364781,0.0707654703011392,7,,
roberta-base,6,11,67.76699029126213,65.24271844660194,2140640662,7.52596965363638e-06,0.0002055312080591,0.09135057947403,3,,
roberta-base,6,12,70.67961165048544,72.42718446601941,113869622,2.5494781560478784e-05,0.003557147160276,0.1118823393203748,5,,
roberta-base,6,13,73.39805825242719,70.48543689320388,804800865,2.232929325999723e-05,0.0645646012406361,0.0900220469332008,7,,
roberta-base,6,14,66.2135922330097,66.60194174757281,1778207446,6.305455369523667e-06,0.0004970831154485,0.0502026550916207,3,,
roberta-base,6,15,71.45631067961165,73.20388349514563,2086687129,1.02991262954687e-05,1.173675708953578e-05,0.1556184346586741,6,,
roberta-base,6,16,52.03883495145631,51.84466019417476,2138193120,7.245342511072821e-05,0.0830645136554864,0.0050157450997516,3,,
roberta-base,6,17,66.2135922330097,65.63106796116504,1231837065,8.73179827378797e-06,4.011140298024588e-05,0.170013618690573,3,,
roberta-base,6,18,73.39805825242719,75.33980582524272,1701311421,1.9284611397867264e-05,2.085080230215379e-05,0.1679042807778485,7,,
roberta-base,6,19,71.2621359223301,71.84466019417475,1755385156,9.737850860645116e-05,0.0006151981066291,0.1608669860486435,8,,
roberta-base,6,20,71.2621359223301,68.93203883495146,1654480611,1.6303973895079896e-05,0.0032199850811625,0.1537582637577478,10,,
roberta-base,6,21,72.23300970873787,74.5631067961165,577161751,1.3780965231617636e-05,0.0001464591061653,0.1882370235901405,6,,
roberta-base,6,22,70.29126213592232,69.90291262135922,2124605798,5.332334548806773e-05,0.0174101897184035,0.0470315160838448,2,,
roberta-base,6,23,52.03883495145631,51.84466019417476,1531662925,9.149090059422146e-05,0.0284317752592106,0.096889246259219,9,,
roberta-base,6,24,67.18446601941747,63.10679611650485,880977224,1.026539098946172e-05,0.0782476333435538,0.140766683283112,2,,
roberta-base,6,25,47.96116504854369,48.15533980582524,465068636,6.398929249159219e-05,7.611006583154528e-05,0.0901440063248551,7,,
roberta-base,6,26,71.2621359223301,69.90291262135922,1362048381,9.316114820431636e-06,0.0061251454604354,0.0013432101088989,7,,
roberta-base,6,27,68.54368932038835,69.32038834951456,1951811455,6.896362180132516e-05,0.0983663319148583,0.1429112513329032,10,,
roberta-base,6,28,71.45631067961165,72.42718446601941,263475177,1.4919024029489924e-05,2.6455534206081585e-05,0.1666110499230403,8,,
roberta-base,6,29,70.67961165048544,69.51456310679612,463488585,9.43603669076847e-06,0.0001451809482605,0.000972298975004,7,,
roberta-base,7,0,71.45631067961165,73.39805825242719,1989857059,4.633316114276197e-05,4.797976046792635e-05,0.1915484909595038,3,,
roberta-base,7,1,69.90291262135922,73.39805825242719,876716477,5.535959307819254e-05,1.930610830014433e-05,0.0799477833091664,10,,
roberta-base,7,2,71.06796116504854,71.45631067961165,1692705951,1.2434144234592768e-05,0.002164179747987,0.0187990971784019,5,,
roberta-base,7,3,71.06796116504854,72.81553398058253,403809727,4.379736007287397e-05,2.1116004371137457e-05,0.1032397535098512,6,,
roberta-base,7,4,69.12621359223301,71.2621359223301,679393911,3.7788080416921865e-05,0.0880241955120824,0.118801525245969,9,,
roberta-base,7,5,73.20388349514563,73.20388349514563,1644920371,9.288632690445456e-06,3.379464479957306e-05,0.0304969243121095,10,,
roberta-base,7,6,69.70873786407768,71.6504854368932,889529642,8.661135079452087e-05,0.0027764826537574,0.1157544668987157,7,,
roberta-base,7,7,70.48543689320388,70.87378640776699,893883056,3.972923696059536e-05,0.0379052527846512,0.0659644519640086,3,,
roberta-base,7,8,66.79611650485437,68.15533980582525,854544156,7.050311886111495e-06,0.0002551728643701,0.1683305644003037,5,,
roberta-base,7,9,66.60194174757281,67.76699029126213,1524784593,5.6219709716403454e-06,0.0001416244743064,0.0679806986814651,6,,
roberta-base,7,10,74.36893203883496,74.1747572815534,232742799,3.304787433978311e-05,0.0033423271608695,0.1487534853107159,8,,
roberta-base,7,11,72.23300970873787,73.59223300970874,207041362,5.095783284307543e-05,0.0049190314756061,0.1727144488451672,6,,
roberta-base,7,12,68.93203883495146,70.67961165048544,1416415118,4.916544250955813e-05,0.0073859010319255,0.196439980613318,6,,
roberta-base,7,13,69.70873786407768,72.03883495145631,1229932090,1.411030449088601e-05,0.0012961145114707,0.1679385404231436,4,,
roberta-base,7,14,66.40776699029126,64.46601941747574,1336700727,1.1262461235893767e-05,0.0035984207933955,0.0860818141294356,2,,
roberta-base,7,15,66.79611650485437,70.09708737864078,637366212,8.282512920100948e-05,0.0003070854764151,0.0844127151928786,6,,
roberta-base,7,16,63.300970873786405,64.07766990291262,1871904687,5.7464442217332045e-05,0.013026602443235,0.0827706606086462,4,,
roberta-base,7,17,50.48543689320388,48.932038834951456,630349733,6.623002785568218e-05,1.9033902100434207e-05,0.0465687015601341,3,,
roberta-base,7,18,66.01941747572816,67.57281553398059,1009070346,9.94183344094342e-06,0.0959294810006746,0.1442160270629139,3,,
roberta-base,7,19,72.62135922330097,73.00970873786407,973857367,5.280182340506206e-05,0.0004694982535112,0.1949515282586652,8,,
roberta-base,7,20,71.84466019417475,72.03883495145631,1054826378,2.517019862425238e-05,0.0017093157345618,0.1660884652492275,10,,
roberta-base,7,21,65.63106796116504,66.79611650485437,1098934740,6.340729605091734e-05,0.0083918981698961,0.1066395244715945,4,,
roberta-base,7,22,66.2135922330097,62.13592233009709,1879958271,2.5112177465422277e-05,0.027862920149991,0.0484357651199469,2,,
roberta-base,7,23,72.42718446601941,73.39805825242719,1924045487,7.003204853459593e-05,1.824678663206356e-05,0.0452563741350358,6,,
roberta-base,7,24,66.2135922330097,70.29126213592232,1802689205,5.133564959162574e-06,0.0043502277703798,0.0710327100549636,6,,
roberta-base,7,25,68.15533980582525,72.42718446601941,93910871,8.162811749923868e-06,0.011669928145598,0.1166261786017332,9,,
roberta-base,7,26,66.79611650485437,66.40776699029126,1766472760,5.461194798595609e-06,0.0007055902090035,0.1554219380420979,5,,
roberta-base,7,27,71.45631067961165,74.5631067961165,958985545,1.2774287046973208e-05,0.0795126913709988,0.08968358538204,9,,
roberta-base,7,28,72.81553398058253,75.33980582524272,1655831939,1.992481486422064e-05,5.03387740610627e-05,0.1142021984091305,8,,
roberta-base,7,29,68.7378640776699,71.84466019417475,1139544571,7.012418811334209e-05,0.0062620419356236,0.1218487739900964,4,,
roberta-base,8,0,63.96039603960397,62.84584980237154,1049640649,3.304848099356024e-05,0.0367812461659301,0.0049162966795878,2,,
roberta-base,8,1,72.07920792079207,73.3201581027668,1509902664,1.6838179321455387e-05,0.0023889885317072,0.124169818875965,10,,
roberta-base,8,2,66.13861386138613,67.98418972332016,1491346907,6.32721354971136e-05,1.0874598282840734e-05,0.1237992903786406,6,,
roberta-base,8,3,66.93069306930693,67.3913043478261,1428625315,5.758455207626598e-06,0.0007121271625475,0.0609078913890929,10,,
roberta-base,8,4,71.88118811881188,71.34387351778656,1769190835,3.99567900166991e-05,0.0178902543438966,0.0507329687134189,7,,
roberta-base,8,5,68.91089108910892,67.19367588932806,275397588,2.336858456139637e-05,0.0496923508627866,0.1308890791375054,10,,
roberta-base,8,6,65.54455445544555,69.56521739130434,642779983,7.148676221596882e-05,0.0461669979679922,0.1153935072173679,5,,
roberta-base,8,7,50.495049504950494,49.01185770750988,1492454808,7.773509439685708e-05,0.0072185662624383,0.046880388684158,7,,
roberta-base,8,8,71.2871287128713,68.97233201581028,1625565669,8.736641371979768e-05,0.0002995863435497,0.0960669934783897,9,,
roberta-base,8,9,68.91089108910892,71.54150197628458,655708661,2.832154676335228e-05,0.0001268378776931,0.0255218123744247,6,,
roberta-base,8,10,69.3069306930693,70.15810276679842,708925095,4.080373422112623e-05,5.529662079759333e-05,0.1103078392535764,6,,
roberta-base,8,11,66.33663366336634,63.24110671936759,450812339,4.540009773378268e-05,0.0053293241518711,0.0251490343538505,2,,
roberta-base,8,12,69.70297029702971,68.18181818181819,970405116,1.126259486051108e-05,1.0061227253274147e-05,0.086562863476803,8,,
roberta-base,8,13,68.7128712871287,69.36758893280633,2038406046,5.825498333234493e-05,0.0001053559625408,0.1581913071143974,9,,
roberta-base,8,14,68.11881188118812,68.18181818181819,2052920835,2.832282001956683e-05,0.0748102177160222,0.1282576630451909,2,,
roberta-base,8,15,71.08910891089108,72.92490118577075,1325265631,2.7430509384092107e-05,0.001905068559241,0.1099373254783254,8,,
roberta-base,8,16,72.47524752475248,72.33201581027669,920826771,1.581799042454946e-05,0.0034516042252621,0.1425676342563563,9,,
roberta-base,8,17,66.33663366336634,67.78656126482214,1300473887,7.82338354012623e-06,3.0194143523409407e-05,0.0966408146608219,6,,
roberta-base,8,18,67.72277227722772,69.76284584980237,653131153,3.845296441003625e-05,0.0026823824645887,0.0097778622279355,2,,
roberta-base,8,19,67.72277227722772,69.36758893280633,725361479,4.5188617786254006e-05,0.0006738988240747,0.1311028930776483,5,,
roberta-base,8,20,72.67326732673267,72.13438735177866,1899515298,9.094033354365647e-06,0.0423359237758229,0.0018453797042851,10,,
roberta-base,8,21,66.93069306930693,66.99604743083005,1309223745,9.07548879034062e-05,0.0001719381405038,0.1514537513542351,8,,
roberta-base,8,22,67.72277227722772,68.77470355731225,972411762,6.322687597128082e-05,1.565956478834734e-05,0.0094299078508643,5,,
roberta-base,8,23,72.27722772277228,69.56521739130434,1816415562,2.86790432204388e-05,4.391680605262842e-05,0.0406796150173003,9,,
roberta-base,8,24,69.5049504950495,70.15810276679842,61591537,1.2424486135715476e-05,0.0007323369422609,0.0511357873709238,4,,
roberta-base,8,25,71.48514851485149,72.13438735177866,1220219995,1.0267057962691752e-05,0.0049158300333654,0.1242650322510644,9,,
roberta-base,8,26,71.08910891089108,71.54150197628458,1899969811,1.559024341395213e-05,1.5602488140817194e-05,0.010729722405537,8,,
roberta-base,8,27,67.32673267326733,68.57707509881423,916046597,3.5245922524609084e-05,1.7229706909358372e-05,0.0781236495308089,3,,
roberta-base,8,28,67.12871287128714,66.99604743083005,1594315124,8.232554123474855e-06,0.0011518984196461,0.0189966630729099,4,,
roberta-base,8,29,54.05940594059406,50.59288537549407,647776061,7.940412624529304e-06,0.0581808374546256,0.1424271820285316,2,,
roberta-base,9,0,63.531669865643,70.88122605363985,341440344,7.449749622195647e-05,0.0108391559359522,0.1338527002611308,6,,
roberta-base,9,1,57.77351247600768,62.64367816091954,12569727,5.333235187525537e-06,0.0003070227599358,0.1337882855269105,3,,
roberta-base,9,2,70.63339731285988,74.32950191570882,2121145322,2.622501053787981e-05,0.0002214797826984,0.1665099837029053,10,,
roberta-base,9,3,65.64299424184262,73.75478927203065,130417079,5.941121791761103e-05,3.697865424712719e-05,0.1055236353602719,9,,
roberta-base,9,4,66.79462571976967,70.6896551724138,1908212466,3.767467989389339e-05,8.765993705896179e-05,0.0265890027967691,9,,
roberta-base,9,5,63.339731285988485,69.73180076628353,2046788679,2.2981492439386014e-05,1.3592933709678654e-05,0.0499644495567438,3,,
roberta-base,9,6,54.89443378119002,61.49425287356322,1688283987,8.421045805936367e-06,4.999605510043012e-05,0.175689655220998,2,,
roberta-base,9,7,62.38003838771593,71.0727969348659,1043040251,9.66491266565824e-05,0.0001445599522028,0.1948254627721143,8,,
roberta-base,9,8,62.95585412667946,69.54022988505747,130650101,7.16140910865777e-06,0.0599003719413044,0.0687522509993976,5,,
roberta-base,9,9,69.48176583493282,71.64750957854406,137181925,1.864051275310824e-05,0.0012593242865746,0.0981149827244976,10,,
roberta-base,9,10,64.10748560460652,70.11494252873563,1075921388,6.782813299435536e-06,0.0006301559787095,0.0856398395153957,7,,
roberta-base,9,11,69.67370441458733,72.41379310344827,205177803,4.667522866124669e-05,0.0335007005906845,0.1096128400568432,2,,
roberta-base,9,12,68.33013435700576,74.32950191570882,239726888,2.8539528207149324e-05,0.0014017529240147,0.124737312038355,4,,
roberta-base,9,13,56.046065259117086,62.26053639846743,746061259,5.625959201501594e-06,0.002848096505012,0.0843297087067058,3,,
roberta-base,9,14,67.17850287907869,71.64750957854406,742876708,1.755206839268847e-05,0.0037222583044087,0.0683350348856321,8,,
roberta-base,9,15,47.2168905950096,48.46743295019157,967056046,9.132434665729678e-05,0.0008483900688634,0.0102533771960472,5,,
roberta-base,9,16,66.41074856046065,73.1800766283525,1571500838,7.531650083594076e-06,4.385617297560423e-05,0.1973105383282571,7,,
roberta-base,9,17,63.339731285988485,68.00766283524904,91291656,9.838341035842234e-06,2.777316201760841e-05,0.0920420343922034,3,,
roberta-base,9,18,68.52207293666027,69.15708812260536,1942523467,2.093469398918336e-05,2.3869034180061533e-05,0.0085820282572346,8,,
roberta-base,9,19,66.60268714011517,71.83908045977012,1093799222,9.907846253075992e-05,0.000439914267894,0.1786907093909778,8,,
roberta-base,9,20,63.531669865643,70.88122605363985,301830202,1.375435318004076e-05,0.0042436243212537,0.1253468535605614,3,,
roberta-base,9,21,58.54126679462572,66.47509578544062,406852409,6.40734810535576e-06,1.6630737882390533e-05,0.1845501819220698,3,,
roberta-base,9,22,63.14779270633397,69.54022988505747,1507770488,3.17800635795438e-05,0.0155519610174308,0.1393625546979655,9,,
roberta-base,9,23,64.10748560460652,69.54022988505747,1346135123,2.118545046883232e-05,0.006339495848507,0.1546168519299745,3,,
roberta-base,9,24,66.79462571976967,70.6896551724138,1504572153,1.2526875582452e-05,0.0261313001296985,0.1594434876775309,5,,
roberta-base,9,25,67.94625719769674,72.03065134099617,2015984642,5.064619473935083e-06,0.0005801986363928,0.0595293868759803,9,,
roberta-base,9,26,66.60268714011517,72.60536398467433,1146943730,4.004540551242152e-05,1.961661121971191e-05,0.1312771063995446,5,,
roberta-base,9,27,65.25911708253359,71.26436781609195,1901145987,5.539914443516508e-05,0.0025422974632889,0.1773067942468062,6,,
roberta-base,9,28,71.0172744721689,72.03065134099617,232496933,3.1932073829325905e-05,0.0021866784181262,0.0481426895728541,4,,
roberta-base,9,29,68.33013435700576,68.96551724137932,2099612268,1.6083868788149432e-05,0.0008327691379442,0.0223730345460965,7,,
roberta-base,10,0,75.1004016064257,70.08032128514056,1692139590,2.4133026023314957e-05,0.0229858408604285,0.0617497333093104,7,,
roberta-base,10,1,68.67469879518072,63.25301204819277,814092654,5.698208039014849e-06,0.0111611503577363,0.0086702419036079,3,,
roberta-base,10,2,69.47791164658635,64.2570281124498,1459335568,7.334858980539594e-06,0.0312501979646924,0.1858382157245204,7,,
roberta-base,10,3,60.6425702811245,60.44176706827309,596306472,7.940646819047848e-05,1.3503979518872952e-05,0.0405158602855731,2,,
roberta-base,10,4,49.196787148594375,47.59036144578313,460981443,5.1087385505780426e-06,0.003384365603674,0.0663822539192931,2,,
roberta-base,10,5,70.68273092369478,70.48192771084338,862594846,6.133843629506543e-05,0.0008846192501362,0.1608263439900996,6,,
roberta-base,10,6,76.50602409638554,71.4859437751004,890321831,2.6465658237323065e-05,0.0003807887764772,0.07149763217897,9,,
roberta-base,10,7,76.10441767068274,70.48192771084338,1787251152,2.1502268176503497e-05,0.0035864850003537,0.1044937012776146,10,,
roberta-base,10,8,75.1004016064257,69.27710843373494,1597062081,6.611880006134396e-05,3.306289520272032e-05,0.1074668568682544,10,,
roberta-base,10,9,71.4859437751004,66.06425702811245,691676421,1.046873182277822e-05,7.548139726505574e-05,0.0956522310836621,8,,
roberta-base,10,10,70.88353413654619,65.66265060240964,830429035,7.348023997747922e-05,0.0394362153899525,0.1198321810567205,4,,
roberta-base,10,11,73.89558232931726,68.67469879518072,2076035705,4.231461546902753e-05,2.5759418396484032e-05,0.0780010579486871,3,,
roberta-base,10,12,72.28915662650603,68.47389558232932,752126471,5.451649769207386e-05,0.0602755047120733,0.1113761570991198,7,,
roberta-base,10,13,71.08433734939759,68.47389558232932,1180095414,3.1445192077213274e-05,0.0593962229298063,0.0128011933449749,7,,
roberta-base,10,14,75.90361445783132,70.28112449799197,2053737474,1.1989540884634172e-05,5.765623798184561e-05,0.0884337714768626,7,,
roberta-base,10,15,71.4859437751004,66.06425702811245,539612122,1.2257929554352889e-05,0.0059700871582439,0.0456821757421779,3,,
roberta-base,10,16,74.29718875502007,69.27710843373494,865688556,4.919134555375925e-05,5.038315687915395e-05,0.0654478114520974,9,,
roberta-base,10,17,49.196787148594375,47.791164658634536,2060900343,6.561585096039854e-06,3.184725053922552e-05,0.1609650328377758,2,,
roberta-base,10,18,73.09236947791165,65.86345381526104,1686977471,5.429586912249142e-06,3.044193782387988e-05,0.1247216105376038,6,,
roberta-base,10,19,74.49799196787149,70.88353413654619,528272058,3.0036063749642848e-05,0.0068880979280764,0.1529470994708241,8,,
roberta-base,10,20,75.1004016064257,70.48192771084338,1661408578,2.9823726860641773e-05,0.0433352347907928,0.1083385253780053,9,,
roberta-base,10,21,68.67469879518072,65.66265060240964,806893670,8.253708639987226e-06,0.0004401982912192,0.1756289498323417,4,,
roberta-base,10,22,74.49799196787149,70.88353413654619,907125163,3.3746074262717414e-05,0.0331217999851615,0.090821513480076,7,,
roberta-base,10,23,73.29317269076306,65.26104417670683,1389950141,1.7910686309848785e-05,0.0010771612816429,0.0475421671621476,7,,
roberta-base,10,24,75.70281124497993,69.07630522088354,1228065456,2.9330399423733992e-05,0.0002151022953695,0.0930915821968703,7,,
roberta-base,10,25,49.196787148594375,47.59036144578313,1092844956,6.800760715983071e-05,1.1391038437813913e-05,0.081836994977894,7,,
roberta-base,10,26,71.88755020080322,68.07228915662651,1840858823,9.499954623918072e-05,0.0520898158442985,0.0982740870949512,6,,
roberta-base,10,27,71.4859437751004,66.06425702811245,1264039121,1.3839303517923298e-05,3.720332815963497e-05,0.0742766935617409,3,,
roberta-base,10,28,72.69076305220884,65.46184738955823,267371861,1.2003548854460075e-05,2.140524156743536e-05,0.1459329236093963,7,,
roberta-base,10,29,69.67871485943775,62.65060240963855,1610083296,9.51509375436734e-06,2.4639351601620264e-05,0.017463399714769,3,,
roberta-base,11,0,69.3069306930693,74.45544554455445,441626395,3.3129420116433064e-05,1.933335637087609e-05,0.0943377563915581,4,,
roberta-base,11,1,72.67326732673267,74.25742574257426,921433905,2.5368525008690142e-05,0.0044398843454724,0.0671980001926561,8,,
roberta-base,11,2,68.51485148514851,68.7128712871287,1783260987,9.144482818791228e-06,7.436170620366285e-05,0.1842239610691746,7,,
roberta-base,11,3,65.34653465346534,71.2871287128713,799727702,7.254985124762062e-05,3.28025637927866e-05,0.0430795177525803,7,,
roberta-base,11,4,66.93069306930693,68.91089108910892,1901999284,5.846198261056047e-05,0.000925082233631,0.0144268702470764,3,,
roberta-base,11,5,71.88118811881188,72.87128712871286,1177924776,1.2005707561381487e-05,0.0767745515139871,0.0765231428433503,9,,
roberta-base,11,6,60.79207920792079,61.78217821782178,1636832259,9.159507102307008e-05,0.0688893078055274,0.0182211224321441,3,,
roberta-base,11,7,70.0990099009901,70.6930693069307,1318388315,1.2859174439499534e-05,1.0020631955211748e-05,0.1680262198161022,8,,
roberta-base,11,8,50.693069306930695,47.92079207920792,1985236253,8.245307189782114e-05,0.000840458504093,0.0704275207132143,2,,
roberta-base,11,9,70.29702970297029,73.06930693069307,276945100,1.494311581409333e-05,0.0348705356801962,0.1980463313437706,8,,
roberta-base,11,10,69.9009900990099,73.66336633663366,1176091949,1.402958959135186e-05,0.0012686579652567,0.1118081247453072,10,,
roberta-base,11,11,68.91089108910892,72.27722772277228,125975727,1.1917467357637345e-05,0.0098448215036078,0.1160165071573715,9,,
roberta-base,11,12,67.72277227722772,67.32673267326733,1515426190,1.3078785372033237e-05,0.0002511418173103,0.0257992285670387,3,,
roberta-base,11,13,63.56435643564357,67.12871287128714,86967927,4.096729494062898e-05,0.0188258507266717,0.1522139432968997,3,,
roberta-base,11,14,71.68316831683168,68.91089108910892,1728291384,3.5034575996442034e-05,7.571386138819086e-05,0.1834024761199497,2,,
roberta-base,11,15,68.31683168316832,68.7128712871287,278274062,5.958887975723817e-06,0.0092930485377845,0.1588953767682038,6,,
roberta-base,11,16,68.51485148514851,68.11881188118812,692333372,6.849949326852981e-06,0.0001624681097642,0.1467186658347943,8,,
roberta-base,11,17,71.2871287128713,70.89108910891089,982128935,6.160787386891994e-06,0.0003519986311967,0.0198999427160443,10,,
roberta-base,11,18,71.08910891089108,73.86138613861387,1632398037,1.1880952427559617e-05,0.0383480321007735,0.025007134046716,8,,
roberta-base,11,19,69.9009900990099,72.07920792079207,1145351659,2.9688639753513756e-05,0.0541937031037116,0.1438272185483267,8,,
roberta-base,11,20,68.51485148514851,69.5049504950495,1976768231,1.244881537609794e-05,0.0407467682374888,0.0081363707586927,9,,
roberta-base,11,21,66.33663366336634,66.73267326732673,1855762752,8.060494235601986e-06,0.017487240758405,0.17675921765499,3,,
roberta-base,11,22,69.5049504950495,69.3069306930693,1235883376,6.834608817145893e-06,0.0521792314753379,0.1254412248488884,9,,
roberta-base,11,23,69.9009900990099,72.27722772277228,1224336927,1.1346850131159408e-05,0.0002343664360461,0.0378897237639478,10,,
roberta-base,11,24,72.47524752475248,73.86138613861387,2141622894,2.0820213405008573e-05,0.0007348787178016,0.0094700920815879,4,,
roberta-base,11,25,68.7128712871287,70.6930693069307,57594847,2.439943777589777e-05,0.0008561009859454,0.0038306711119712,8,,
roberta-base,11,26,68.51485148514851,64.35643564356435,374636012,2.4617181577729067e-05,3.329210750135465e-05,0.0006423690895046,2,,
roberta-base,11,27,71.08910891089108,72.87128712871286,112573897,2.3346943484040504e-05,2.7096425822741715e-05,0.1694441572109889,10,,
roberta-base,11,28,70.89108910891089,73.66336633663366,611499212,1.0370450434641569e-05,0.0022764116250465,0.0442539733818027,8,,
roberta-base,11,29,70.4950495049505,72.67326732673267,317120729,2.2069516279502255e-05,0.0002882634380735,0.1112001977508218,7,,
roberta-base,12,0,73.8430583501006,79.67806841046277,1667816238,4.991757252946491e-05,0.0743646242722436,0.133905962887618,9,,
roberta-base,12,1,69.21529175050301,76.25754527162978,1537384937,2.9159930998621278e-05,2.111626256974348e-05,0.1146604608677647,2,,
roberta-base,12,2,73.2394366197183,75.85513078470825,1329820517,3.8914155916727887e-05,0.0900907785687799,0.0643058380848505,7,,
roberta-base,12,3,72.63581488933602,75.65392354124748,263541395,1.855243221289496e-05,0.0001890391533336,0.1385942613488857,7,,
roberta-base,12,4,72.23340040241449,77.46478873239437,553099104,1.9746493522216523e-05,0.0001628900414812,0.1252935446127278,7,,
roberta-base,12,5,73.2394366197183,77.66599597585513,1976043651,2.735826510358719e-05,0.000100653365664,0.0451856181762454,9,,
roberta-base,12,6,70.82494969818913,74.44668008048289,245511208,4.1540587566042565e-05,5.506115517611755e-05,0.0359070275156892,10,,
roberta-base,12,7,65.79476861167002,73.64185110663983,946729842,1.5332095522295347e-05,0.012462321390991,0.1434703510828282,3,,
roberta-base,12,8,73.2394366197183,77.46478873239437,2043987682,1.0792566987713864e-05,0.0001123432072091,0.1357465122279793,10,,
roberta-base,12,9,59.95975855130785,67.20321931589537,1520922222,8.298079052450769e-06,4.518601676818578e-05,0.0037592591664241,2,,
roberta-base,12,10,73.44064386317908,77.06237424547284,1111004992,2.7274293678396976e-05,0.0004866175322248,0.0962319403342484,7,,
roberta-base,12,11,49.899396378269614,52.51509054325956,1116939283,9.307692801113318e-05,0.0005145829336612,0.0024250973537488,5,,
roberta-base,12,12,69.81891348088531,74.64788732394366,596158817,1.036868582049323e-05,0.0003237327960027,0.1574221860787077,6,,
roberta-base,12,13,64.98993963782696,71.83098591549296,1730535327,2.199364568420505e-05,0.0005506794303426,0.0654208687767038,2,,
roberta-base,12,14,73.64185110663983,76.45875251509054,564861338,6.382435378778694e-05,0.0001757001170997,0.1061278756065468,6,,
roberta-base,12,15,64.1851106639839,67.80684104627767,834976970,5.4921941642053954e-05,0.0001041693550477,0.0149251097904523,10,,
roberta-base,12,16,69.41649899396378,76.25754527162978,629356994,8.553713471626691e-06,0.0956126598062238,0.0303211045428259,5,,
roberta-base,12,17,70.62374245472837,74.44668008048289,369895864,5.2274223517942966e-05,0.0501226531257555,0.1759245001553436,7,,
roberta-base,12,18,72.23340040241449,76.86116700201207,1807492492,1.2991102184127863e-05,0.0419169127847789,0.0571581910050947,8,,
roberta-base,12,19,51.30784708249497,50.90543259557344,1663495530,6.458347735909055e-06,2.128749392285186e-05,0.0099989543688604,2,,
roberta-base,12,20,72.03219315895372,76.86116700201207,1088241516,1.238344151581338e-05,4.84846378472998e-05,0.0726700385267704,8,,
roberta-base,12,21,68.81287726358148,75.85513078470825,441599836,6.2630287328403e-05,0.0378312804938714,0.0898860247185935,9,,
roberta-base,12,22,50.10060362173039,47.48490945674044,1260230344,6.182785541061294e-05,4.839154010481693e-05,0.0592111846059445,4,,
roberta-base,12,23,73.03822937625755,78.87323943661971,188870050,4.212648719158862e-05,0.0720508129334852,0.1476860844754644,5,,
roberta-base,12,24,69.01408450704226,74.04426559356136,1120413389,6.373738175360486e-06,3.0406172247300085e-05,0.0446941940045112,6,,
roberta-base,12,25,71.62977867203219,77.06237424547284,1534621311,1.4969023814101653e-05,4.302277915610076e-05,0.101175273852784,9,,
roberta-base,12,26,71.42857142857143,76.65995975855131,2075402531,1.0798189726620084e-05,0.0206316472924918,0.1135876357587268,7,,
roberta-base,12,27,70.22132796780684,72.23340040241449,445955588,6.18690156095432e-05,1.684488467121877e-05,0.0023633591193681,5,,
roberta-base,12,28,73.03822937625755,76.65995975855131,936004212,6.121766835808065e-05,0.0002430566391534,0.1578122432680292,8,,
roberta-base,12,29,70.62374245472837,76.45875251509054,2031031924,1.1225260244523526e-05,8.864842134465754e-05,0.0796059606698624,10,,
roberta-base,13,0,66.79462571976967,68.71401151631478,1776608720,6.362884536642778e-06,1.3427994151403886e-05,0.1937059143430826,5,,
roberta-base,13,1,70.44145873320538,73.12859884836853,1003151739,5.6460987918502224e-05,0.0011047007182041,0.1955807460325009,9,,
roberta-base,13,2,67.75431861804222,71.40115163147793,789306313,2.262098013056512e-05,0.0002023358799657,0.1752192526036391,9,,
roberta-base,13,3,65.4510556621881,69.48176583493282,704278209,2.039041794179783e-05,0.0130766573389372,0.017539087348981,2,,
roberta-base,13,4,66.79462571976967,70.63339731285988,1366988420,5.359609710017536e-05,0.0188834825536538,0.0272129252151227,3,,
roberta-base,13,5,72.16890595009598,75.04798464491363,930809618,4.4762738175123176e-05,0.0472240968840266,0.096861466694912,8,,
roberta-base,13,6,67.75431861804222,71.20921305182341,1550146773,2.728440347769809e-05,0.0007762019941362,0.1092377686057395,8,,
roberta-base,13,7,66.21880998080614,69.67370441458733,557963936,2.5610826520899645e-05,0.0048908960409122,0.1664032663986418,3,,
roberta-base,13,8,69.0978886756238,70.24952015355086,1793532941,1.6960259352725507e-05,0.0402499611971054,0.0273941429195454,4,,
roberta-base,13,9,71.0172744721689,75.04798464491363,879544595,2.8630830392396357e-05,3.835982830625252e-05,0.1914621318317314,7,,
roberta-base,13,10,66.02687140115164,70.44145873320538,2068122385,8.634908572708382e-06,0.0837415264141458,0.0013500833169645,7,,
roberta-base,13,11,54.70249520153551,61.42034548944338,270149695,6.488701461028911e-06,0.0001541751800445,0.1531579882633653,2,,
roberta-base,13,12,63.14779270633397,65.06717850287907,1601794118,1.0521468458382374e-05,5.8123977556626886e-05,0.1503287016403101,2,,
roberta-base,13,13,67.94625719769674,68.13819577735124,1039167497,9.626592258159932e-06,0.0007124550325561,0.0228966814967477,7,,
roberta-base,13,14,63.91554702495201,63.14779270633397,945166982,5.340086691796442e-06,0.0001686105938996,0.1222022862628785,3,,
roberta-base,13,15,68.13819577735124,69.67370441458733,1523649466,6.322870532331912e-06,0.0001464442344821,0.0344227294769293,10,,
roberta-base,13,16,68.33013435700576,69.86564299424184,1045241719,2.9611501237647252e-05,0.0042600612305122,0.0979584543378827,3,,
roberta-base,13,17,63.91554702495201,67.75431861804222,1732684791,1.0802664324487826e-05,3.352017547526457e-05,0.1470429562457668,3,,
roberta-base,13,18,69.48176583493282,72.55278310940498,1162217791,1.9695450856941333e-05,0.00531396245344,0.1965014189134188,6,,
roberta-base,13,19,65.83493282149712,70.05758157389636,1120144025,5.511878231744742e-06,0.0001541410778176,0.1179214938669085,6,,
roberta-base,13,20,70.05758157389636,71.59309021113243,2076951903,1.2387371469203008e-05,0.0002387725827345,0.1319439600880422,9,,
roberta-base,13,21,64.87523992322457,66.02687140115164,62794714,1.2086553040518656e-05,3.22251405212544e-05,0.1213720268352387,2,,
roberta-base,13,22,71.20921305182341,72.7447216890595,17440530,3.724504626634804e-05,0.0273304797724395,0.0497193907450411,8,,
roberta-base,13,23,68.52207293666027,71.78502879078695,588440928,1.2334652935328584e-05,0.0855730934491603,0.0764550158697592,6,,
roberta-base,13,24,67.56238003838772,69.86564299424184,1327912261,6.037323718885403e-06,0.0005232345898145,0.0150378262074192,10,,
roberta-base,13,25,69.0978886756238,71.20921305182341,398794462,9.145776837965576e-06,0.0001967484847645,0.1883134483361387,9,,
roberta-base,13,26,65.83493282149712,67.75431861804222,259516892,5.384877082747721e-06,0.0025876140798551,0.1247727568646234,9,,
roberta-base,13,27,65.4510556621881,67.17850287907869,854791409,7.006518745043315e-06,0.0337138946269113,0.0396951874176125,4,,
roberta-base,13,28,64.68330134357005,68.71401151631478,1821391970,1.7863687972579704e-05,0.0004314487452236,0.1080306546756745,2,,
roberta-base,13,29,67.17850287907869,71.97696737044146,1615147159,1.1724460720372424e-05,0.0007105133340254,0.0968265163997424,8,,
roberta-base,14,0,72.48062015503876,68.47195357833655,497694561,9.45715078881356e-06,0.0043505394382465,0.0643989435978668,8,,
roberta-base,14,1,67.05426356589147,61.89555125725339,1096737935,1.407838927776417e-05,0.0006362436147194,0.0850403380715481,2,,
roberta-base,14,2,68.7984496124031,64.99032882011605,1606917491,1.135856350859319e-05,4.459603521444792e-05,0.1715894283291295,3,,
roberta-base,14,3,68.9922480620155,64.99032882011605,425385676,5.733898894547132e-05,0.0032757695629185,0.1171164323553726,3,,
roberta-base,14,4,69.18604651162791,67.50483558994198,805218183,1.271769982795131e-05,0.028859306858574,0.004478629803411,5,,
roberta-base,14,5,71.12403100775194,68.47195357833655,1665209324,1.0656897745057946e-05,0.0030753588359551,0.1987304456017603,7,,
roberta-base,14,6,71.51162790697674,69.05222437137331,1858191204,1.4609522472303354e-05,0.0110645279256223,0.0220606464427893,8,,
roberta-base,14,7,69.76744186046511,65.57059961315281,1923679930,8.538914781512e-06,0.0013005793553409,0.074782093372616,6,,
roberta-base,14,8,53.68217054263566,54.73887814313346,562752826,6.279564273856335e-06,0.002319982985293,0.1285617583504786,2,,
roberta-base,14,9,65.11627906976744,63.63636363636363,1934180289,8.653027187702846e-06,8.111520872218302e-05,0.131441862183042,3,,
roberta-base,14,10,49.03100775193799,49.70986460348163,1246241431,7.32215030617004e-05,0.0002171685995393,0.0498478420844282,3,,
roberta-base,14,11,55.62015503875969,54.73887814313346,100889588,7.85953155543225e-05,0.0031272907594434,0.1963039582132207,5,,
roberta-base,14,12,74.03100775193798,69.24564796905223,513968385,4.94092504890878e-05,0.0002147099214749,0.1803281036506498,8,,
roberta-base,14,13,71.51162790697674,67.31141199226306,13093083,1.832984117996705e-05,0.0002987471165593,0.0852274627933916,8,,
roberta-base,14,14,72.86821705426357,72.14700193423597,86414407,2.7575899450786152e-05,1.9931815799792e-05,0.146131962507384,10,,
roberta-base,14,15,74.8062015503876,73.11411992263056,124993050,2.492945143411867e-05,0.0002429630880728,0.1611542326539541,9,,
roberta-base,14,16,72.28682170542636,70.40618955512572,320270007,3.3001351086279675e-05,4.095304320697513e-05,0.0096331759051041,4,,
roberta-base,14,17,72.09302325581395,69.05222437137331,454656988,2.45907436004608e-05,0.0419549012080796,0.0791325858510214,7,,
roberta-base,14,18,70.54263565891473,68.85880077369438,1144901312,1.8259622576825657e-05,0.0018799581614307,0.1694253793835225,6,,
roberta-base,14,19,72.67441860465117,69.63249516441006,1133903635,2.953917158490899e-05,0.0240543229718422,0.0715962906075929,7,,
roberta-base,14,20,50.968992248062015,50.29013539651837,1435394103,7.233207080542303e-05,0.0699065619120389,0.0157400024137051,8,,
roberta-base,14,21,64.14728682170542,61.31528046421664,847902446,1.1567688459325474e-05,4.223706456568796e-05,0.1075531868379877,2,,
roberta-base,14,22,70.93023255813954,66.92456479690522,153339558,2.871210830244637e-05,0.0003787675898975,0.003967990581083,2,,
roberta-base,14,23,68.9922480620155,68.66537717601547,1924458883,7.951277164158508e-05,1.4127899837273652e-05,0.0902267736048625,4,,
roberta-base,14,24,70.73643410852713,68.66537717601547,2082480567,1.1896995220171366e-05,1.180241702895042e-05,0.0652954770097838,10,,
roberta-base,14,25,71.89922480620154,69.43907156673114,1017449644,6.891313089405905e-06,0.0059748857287096,0.1885656591066316,8,,
roberta-base,14,26,70.15503875968992,67.8916827852998,1463337189,6.003787072404607e-06,0.0096924016551783,0.129781514590373,8,,
roberta-base,14,27,74.2248062015504,68.27852998065764,1144054434,2.523585120573766e-05,1.1472415527171497e-05,0.0855317106443503,5,,
roberta-base,14,28,70.73643410852713,65.37717601547389,1208671758,6.783316707903221e-06,0.0004674057111579,0.1522057561594893,10,,
roberta-base,14,29,53.29457364341085,51.6441005802708,1862203194,6.224218709239908e-06,5.092931864650158e-05,0.0666485165723786,2,,
roberta-base,15,0,51.7102615694165,49.397590361445786,1416091443,8.641390526604121e-05,0.000446858270986,0.0409271309647937,10,,
roberta-base,15,1,72.03219315895372,68.27309236947791,218114657,9.724831172703223e-06,0.0058085828464768,0.109280759729172,7,,
roberta-base,15,2,72.83702213279678,70.68273092369478,1591758031,2.269162609993261e-05,4.028683954403292e-05,0.0476125377142477,7,,
roberta-base,15,3,75.65392354124748,73.09236947791165,1699218487,2.142054211666869e-05,0.0010749532085938,0.1811608757319737,8,,
roberta-base,15,4,74.44668008048289,70.88353413654619,225441098,3.337585218181636e-05,0.0001155423647806,0.0452895924792972,4,,
roberta-base,15,5,75.85513078470825,73.49397590361446,1495456338,3.518336925025616e-05,0.0013752325494176,0.0303837858755598,8,,
roberta-base,15,6,61.16700201207244,54.21686746987952,720067339,1.1675250954939073e-05,0.000906329373814,0.075299928515671,2,,
roberta-base,15,7,51.7102615694165,49.397590361445786,1705830665,7.73851521984681e-05,0.0002812291102561,0.0850938732415103,3,,
roberta-base,15,8,72.23340040241449,67.8714859437751,1076168338,2.142484557764233e-05,0.0259772411767673,0.0205866531354682,4,,
roberta-base,15,9,71.62977867203219,70.48192771084338,1424393358,6.217801603613577e-05,0.0051400200856448,0.1433081476758308,9,,
roberta-base,15,10,71.0261569416499,67.8714859437751,1190610549,2.6362191613440676e-05,0.0003981687467628,0.0014753732797406,2,,
roberta-base,15,11,70.4225352112676,66.86746987951807,301523587,1.407414487139015e-05,0.0001092795889865,0.0720307950491406,3,,
roberta-base,15,12,75.0503018108652,69.27710843373494,1930017485,1.09486880167739e-05,0.053989744974626,0.0821175628888466,10,,
roberta-base,15,13,67.20321931589537,63.855421686746986,1711062319,8.405322703442588e-06,0.0517826761102287,0.0417126100667964,3,,
roberta-base,15,14,75.0503018108652,69.47791164658635,44620629,4.2454363546175474e-05,3.993968368146971e-05,0.154338988487887,9,,
roberta-base,15,15,75.25150905432595,75.1004016064257,1361247205,3.990721239014714e-05,0.0377911433671173,0.046378950293245,6,,
roberta-base,15,16,70.62374245472837,65.66265060240964,1155355307,1.1226621961092011e-05,0.0024769248773374,0.0458255893323682,3,,
roberta-base,15,17,76.05633802816901,72.48995983935743,1461615220,7.455039551113421e-06,1.7468877782338924e-05,0.0568787339823226,10,,
roberta-base,15,18,74.04426559356136,73.09236947791165,301026659,5.039261311911048e-05,0.0074817736693521,0.0580380555324174,8,,
roberta-base,15,19,66.19718309859155,60.8433734939759,261685848,1.444697805158193e-05,0.0014272539632777,0.0070502924408863,2,,
roberta-base,15,20,68.00804828973843,65.26104417670683,328091614,6.836577948413302e-05,0.0252409100864345,0.1076471355510109,3,,
roberta-base,15,21,71.0261569416499,69.87951807228916,1691751962,1.4962538474860838e-05,0.0036833577474097,0.0915757694230972,6,,
roberta-base,15,22,70.22132796780684,66.26506024096386,524267017,8.150667831839099e-05,1.4540258751960054e-05,0.0368015140103325,8,,
roberta-base,15,23,76.05633802816901,74.6987951807229,1142242273,2.3771251140096037e-05,0.0125830734488519,0.1177586270926058,9,,
roberta-base,15,24,72.43460764587525,70.28112449799197,908194121,4.807230330739989e-05,2.1879730521292403e-05,0.1064434774711527,7,,
roberta-base,15,25,72.63581488933602,69.47791164658635,157948038,1.649343596498211e-05,0.0004491852229471,0.1300755902274599,4,,
roberta-base,15,26,72.03219315895372,71.88755020080322,378659024,5.583450360734001e-05,0.0174132193490892,0.1943477791405727,2,,
roberta-base,15,27,71.42857142857143,69.27710843373494,1817663433,1.3612881274225942e-05,0.0830601076850784,0.1023851771308693,3,,
roberta-base,15,28,72.43460764587525,71.4859437751004,1528301263,7.420782637080154e-06,0.0003033787714048,0.0578495262427415,7,,
roberta-base,15,29,75.0503018108652,73.69477911646587,823134576,9.13139958869636e-05,0.0391864756466102,0.1517279611200535,8,,
roberta-base,16,0,63.41948310139165,67.26190476190476,1389679457,6.912172665362371e-05,0.000126115176861,0.1272913933837442,6,,
roberta-base,16,1,71.96819085487077,68.84920634920636,1331075488,7.645512612466262e-06,0.0099059572502634,0.1286244263161487,4,,
roberta-base,16,2,69.18489065606362,69.04761904761905,680682858,1.4617496456552984e-05,0.0237374752721261,0.0018335755787376,2,,
roberta-base,16,3,72.16699801192843,67.85714285714286,1248650179,6.8383456521203806e-06,9.348673976599922e-05,0.0845103855837526,5,,
roberta-base,16,4,74.75149105367794,70.23809523809524,968080185,2.7563066167023853e-05,1.6250291576814747e-05,0.0335355274244961,2,,
roberta-base,16,5,77.33598409542743,74.60317460317461,69765656,1.5134665919946962e-05,1.092952440880258e-05,0.1810224417814962,6,,
roberta-base,16,6,75.3479125248509,73.21428571428571,1443784096,2.00419364226136e-05,0.0011597250982664,0.0452154275598496,7,,
roberta-base,16,7,74.35387673956262,73.21428571428571,1890774941,2.242705182931336e-05,0.0005745347274804,0.1624304016039668,3,,
roberta-base,16,8,75.54671968190856,74.60317460317461,1494094027,2.47720408123149e-05,0.0040460947292053,0.1427484891473347,8,,
roberta-base,16,9,76.54075546719682,72.42063492063492,686932882,5.131584466332691e-05,4.115377946590774e-05,0.1042629078347915,10,,
roberta-base,16,10,67.39562624254474,67.65873015873017,708451357,1.2825007586985383e-05,0.0029767126539588,0.1666555154212822,2,,
roberta-base,16,11,73.75745526838966,68.84920634920636,1182952386,5.154621650036372e-06,0.002746041121362,0.0054414817667596,8,,
roberta-base,16,12,76.34194831013916,71.82539682539682,818608989,7.774048016788567e-06,2.0307609093521985e-05,0.0026885296316204,10,,
roberta-base,16,13,75.94433399602386,69.44444444444444,25929289,5.533828629371419e-06,6.971672322808741e-05,0.0797644042030066,10,,
roberta-base,16,14,74.95029821073558,73.21428571428571,1388917280,9.931092735417629e-06,0.0162682684596689,0.0362480570669114,10,,
roberta-base,16,15,73.95626242544732,69.04761904761905,701663063,1.380773865799926e-05,0.0011192083531815,0.0993486436793093,4,,
roberta-base,16,16,74.15506958250496,73.01587301587301,1130167110,5.396814309159938e-05,0.0147292983731902,0.1260787926865374,7,,
roberta-base,16,17,77.53479125248509,72.81746031746032,967517366,1.3631451160055596e-05,8.290571950583048e-05,0.150391204463667,9,,
roberta-base,16,18,76.73956262425448,74.0079365079365,412246738,2.6568424232666707e-05,0.0031480901116956,0.0530755121653995,5,,
roberta-base,16,19,73.95626242544732,72.61904761904762,239538379,2.8061475000628723e-05,0.0007070396589955,0.0842976897701696,7,,
roberta-base,16,20,73.75745526838966,69.44444444444444,1769541849,5.8047180864301244e-06,1.2571609041748063e-05,0.1168409932488344,9,,
roberta-base,16,21,74.55268389662028,68.84920634920636,1054982206,1.515352151271972e-05,2.308819461630293e-05,0.0955411685493331,3,,
roberta-base,16,22,71.96819085487077,71.23015873015873,159489648,6.62009417195693e-05,3.705996038919887e-05,0.0498234672778244,10,,
roberta-base,16,23,76.73956262425448,71.03174603174604,963546496,6.4606639163021085e-06,0.0135047841999564,0.0081470060121723,8,,
roberta-base,16,24,74.35387673956262,73.61111111111111,1336507380,3.167131240621482e-05,0.0231620328159646,0.0250341543954414,9,,
roberta-base,16,25,74.75149105367794,69.64285714285714,663287463,2.5160215386085228e-05,0.0017939768589068,0.1764479923459878,5,,
roberta-base,16,26,75.14910536779324,69.44444444444444,1857578863,1.8504582592314995e-05,0.0024305598906068,0.1689616243030466,8,,
roberta-base,16,27,68.389662027833,69.04761904761905,1091183160,8.861647981422845e-05,0.0001022700753115,0.0244953190290208,3,,
roberta-base,16,28,69.38369781312127,65.67460317460318,1324701112,4.5787313931234e-05,0.0160369708155958,0.024366655746091,9,,
roberta-base,16,29,72.16699801192843,68.84920634920636,205809069,9.05848730953462e-05,0.0006071326308726,0.0643152699270343,9,,
roberta-base,17,0,65.4510556621881,60.53639846743295,732460173,5.2149950624125775e-05,1.7712333440138608e-05,0.1465654640424046,5,,
roberta-base,17,1,62.95585412667946,60.15325670498084,1670354843,7.081653919178351e-05,0.0142134041509457,0.0351894470273319,5,,
roberta-base,17,2,74.85604606525912,74.32950191570882,64985254,2.2940154858104225e-05,1.0364456269659429e-05,0.0692532687236301,8,,
roberta-base,17,3,70.24952015355086,71.64750957854406,703004910,9.590940126365907e-06,0.0533934210263489,0.095031074816952,6,,
roberta-base,17,4,72.55278310940498,72.60536398467433,1937078035,1.8218217812018947e-05,0.0110595642310424,0.0698655186878421,4,,
roberta-base,17,5,74.08829174664108,71.64750957854406,1511735028,3.436440229910049e-05,0.0275901965183435,0.1200175996365231,8,,
roberta-base,17,6,72.7447216890595,71.26436781609195,413101407,7.885426665780599e-06,0.0005466366801097,0.161380114432438,9,,
roberta-base,17,7,71.20921305182341,73.37164750957854,2112202162,7.560820243858565e-05,0.0007527713366471,0.169123768411204,7,,
roberta-base,17,8,71.97696737044146,70.49808429118774,980036445,4.594984249153534e-05,0.0029411413670505,0.0267737055654216,7,,
roberta-base,17,9,73.32053742802303,71.0727969348659,1356129999,5.913911706587378e-05,0.000235078349043,0.1066330497544374,2,,
roberta-base,17,10,67.75431861804222,68.00766283524904,646576875,6.569686360999449e-05,1.841566754794585e-05,0.0037016157004937,9,,
roberta-base,17,11,77.54318618042227,75.09578544061303,444304974,2.179686902669663e-05,0.0711535276672327,0.16557338333963,10,,
roberta-base,17,12,74.6641074856046,73.5632183908046,495642773,2.6425597280437452e-05,0.0541085462375622,0.1026212582218625,8,,
roberta-base,17,13,64.10748560460652,64.75095785440612,631051768,5.142647960613913e-06,0.0167206031341629,0.1906314308893688,4,,
roberta-base,17,14,57.00575815738964,51.72413793103448,2004817847,7.461022485226023e-06,0.006081367317592,0.0523238429330423,2,,
roberta-base,17,15,75.23992322456814,71.26436781609195,2010370476,2.316230877874338e-05,3.8543324749527976e-05,0.1164915084983521,4,,
roberta-base,17,16,72.93666026871401,72.98850574712644,53264927,2.2166620172290605e-05,0.0038247278812735,0.1590974927858638,7,,
roberta-base,17,17,73.51247600767755,74.52107279693486,779092566,1.4480110970560773e-05,0.05629301126449,0.0377681021884508,8,,
roberta-base,17,18,73.70441458733205,72.98850574712644,149583956,1.3221613238364353e-05,0.0002368517326569,0.1719580683887146,4,,
roberta-base,17,19,70.82533589251439,70.88122605363985,694033261,2.1262037799176567e-05,4.955960791121442e-05,0.1930699275434051,6,,
roberta-base,17,20,74.85604606525912,74.52107279693486,1923923558,1.9456554914020463e-05,0.0111569943762549,0.1240320381266892,10,,
roberta-base,17,21,73.51247600767755,71.64750957854406,843478570,3.875930244299462e-05,0.013473772030912,0.0916180601957395,8,,
roberta-base,17,22,72.93666026871401,68.5823754789272,1000063098,1.5569361265780016e-05,0.00122288744707,0.1187787854620314,3,,
roberta-base,17,23,70.44145873320538,68.19923371647509,181503619,6.306078882104276e-06,0.0033550676138991,0.0687370025363738,8,,
roberta-base,17,24,62.38003838771593,61.68582375478927,433650010,8.17143128180975e-06,0.0008413270392602,0.1811622667525609,2,,
roberta-base,17,25,67.75431861804222,65.13409961685824,575390682,7.417436066313611e-06,1.174546629431952e-05,0.1610966603021596,4,,
roberta-base,17,26,71.40115163147793,68.00766283524904,659381993,5.554454314337774e-06,0.0711546309788346,0.187607901277188,7,,
roberta-base,17,27,75.81573896353167,73.1800766283525,413767036,1.7338644214881854e-05,0.0002790906325175,0.1592569801497921,10,,
roberta-base,17,28,71.40115163147793,70.88122605363985,927194209,8.910300137453774e-06,0.0056661170351204,0.1522239858321743,8,,
roberta-base,17,29,72.93666026871401,72.22222222222223,1667142400,2.197993218719212e-05,5.576176100560004e-05,0.1448952954701501,4,,
roberta-base,18,0,70.63492063492063,72.27722772277228,649578208,2.7190423279516437e-05,0.0195545322532576,0.1895910809083049,2,,
roberta-base,18,1,70.63492063492063,68.91089108910892,1685760300,2.0120797426705015e-05,0.0005868053568619,0.0446212843767354,4,,
roberta-base,18,2,72.42063492063492,72.87128712871286,1181309497,1.0690755733393014e-05,0.000319241384936,0.1725808939995078,10,,
roberta-base,18,3,72.22222222222223,71.08910891089108,1713422356,3.102746872593197e-05,0.0006528916329902,0.0776864174144594,6,,
roberta-base,18,4,61.11111111111112,62.772277227722775,107393429,5.415868099139066e-06,0.033834900023038,0.0622562733256091,3,,
roberta-base,18,5,75.1984126984127,75.04950495049505,1262474434,2.367110876957534e-05,0.0005516767848408,0.1818149968237311,10,,
roberta-base,18,6,72.42063492063492,70.6930693069307,1135930048,7.760232949288115e-05,0.0655353115932416,0.1591402017362435,7,,
roberta-base,18,7,67.26190476190476,68.91089108910892,1202450999,5.198809669709752e-06,0.0041561605326901,0.0291318187735404,6,,
roberta-base,18,8,73.61111111111111,72.87128712871286,1309424348,9.273969794241485e-06,0.0016171555273662,0.1956618421159781,10,,
roberta-base,18,9,48.80952380952381,49.50495049504951,493911712,6.468835237176683e-05,0.0001954615164022,0.1571259396437181,2,,
roberta-base,18,10,70.63492063492063,67.72277227722772,814442283,9.62234141083624e-06,0.0148752916425009,0.1771171704499256,8,,
roberta-base,18,11,72.22222222222223,69.10891089108911,1668173805,7.985658805338285e-06,0.0355966712345307,0.1240635910077303,9,,
roberta-base,18,12,68.84920634920636,68.31683168316832,635605203,2.682579448775937e-05,0.0659603148276442,0.1225225297372502,2,,
roberta-base,18,13,74.4047619047619,70.4950495049505,1604181895,1.0896920346043336e-05,9.24740725991467e-05,0.1845612724564982,9,,
roberta-base,18,14,72.02380952380952,71.2871287128713,1293366954,3.9557971791248384e-05,0.0073463506786853,0.1927649368856784,6,,
roberta-base,18,15,70.63492063492063,68.31683168316832,2123231354,1.8518849864891075e-05,0.0743393261776207,0.1599179587291216,10,,
roberta-base,18,16,48.80952380952381,49.50495049504951,1897861786,9.24173752969127e-05,0.0005822790159861,0.1257252754549429,2,,
roberta-base,18,17,68.45238095238095,70.0990099009901,105630359,2.4683377516384263e-05,0.0116592305144281,0.0726659623706796,8,,
roberta-base,18,18,68.05555555555556,68.31683168316832,1067843336,6.206400066426439e-06,0.0119078972387392,0.1807580817256956,6,,
roberta-base,18,19,75.0,73.26732673267327,411951588,2.768953489845894e-05,2.0892745411183085e-05,0.1341153452922099,4,,
roberta-base,18,20,68.05555555555556,67.92079207920793,1098726585,9.184948411179196e-05,0.0003471255776806,0.1426011953883321,10,,
roberta-base,18,21,72.61904761904762,71.68316831683168,1391415905,1.8951746356942634e-05,0.0003569479377453,0.1557402444780824,7,,
roberta-base,18,22,68.84920634920636,67.92079207920793,991269701,6.445821446325493e-06,0.0047670002680029,0.0483472241420953,6,,
roberta-base,18,23,48.80952380952381,49.50495049504951,1245878109,7.427894934502515e-05,0.0037326558357045,0.0865590093121307,4,,
roberta-base,18,24,72.02380952380952,70.4950495049505,1079630920,5.625995522248968e-06,0.027561531782401,0.1526448177109346,7,,
roberta-base,18,25,67.85714285714286,68.31683168316832,1357778228,1.3487660691566042e-05,0.0007713066379602,0.0706880351096031,2,,
roberta-base,18,26,72.61904761904762,69.9009900990099,703471441,1.052112325711458e-05,0.011128798468944,0.0659548195214213,9,,
roberta-base,18,27,70.03968253968254,71.08910891089108,310720419,4.88955811466564e-05,3.5678701255224136e-05,0.1975446376866234,7,,
roberta-base,18,28,71.23015873015873,70.0990099009901,1278750666,2.341060411272832e-05,1.665530574461461e-05,0.136764095172451,9,,
roberta-base,18,29,72.81746031746032,70.89108910891089,982356374,3.856246528403093e-05,0.0457280418958522,0.1024015356298008,5,,
roberta-base,19,0,74.70355731225297,76.7258382642998,1001695873,2.1284856852848645e-05,0.0450183452453608,0.1033380639051792,7,,
roberta-base,19,1,71.14624505928853,70.80867850098619,2126095070,5.722690914021792e-05,2.823927055893212e-05,0.0973972156987662,5,,
roberta-base,19,2,73.51778656126483,73.17554240631164,2143045189,6.0172968444804696e-05,0.0072489219746018,0.1835150336451978,10,,
roberta-base,19,3,73.3201581027668,73.96449704142012,934915745,2.483390094048084e-05,0.0065603163700011,0.1976369291286018,10,,
roberta-base,19,4,71.14624505928853,70.61143984220907,1502593367,7.30524785551478e-06,0.0051694577331165,0.0520386710363061,10,,
roberta-base,19,5,75.29644268774703,73.76725838264299,1503510229,2.587014613090113e-05,0.0012019719864593,0.0235494828517662,9,,
roberta-base,19,6,68.3794466403162,66.66666666666667,58876986,9.693581211367245e-05,5.214127659015168e-05,0.1243091178962672,3,,
roberta-base,19,7,48.023715415019765,48.91518737672584,1212235240,6.372893706037936e-05,0.0125587592059351,0.0638548640932935,8,,
roberta-base,19,8,77.66798418972331,74.55621301775147,276422856,3.793504423339115e-05,7.279125250734625e-05,0.0108370585582103,9,,
roberta-base,19,9,69.76284584980237,67.85009861932939,962071192,2.610797149204268e-05,3.290420190216089e-05,0.148628030633592,3,,
roberta-base,19,10,48.41897233201581,49.30966469428008,1580003452,8.760836122150319e-06,0.0007124192622441,0.0258170394431729,2,,
roberta-base,19,11,70.35573122529644,68.83629191321499,1463593188,9.013136493964064e-06,0.0018848958236315,0.1680016431768121,4,,
roberta-base,19,12,74.90118577075098,73.76725838264299,713271474,4.1623036516998367e-05,0.001565120288305,0.0317487596359618,10,,
roberta-base,19,13,67.19367588932806,69.8224852071006,54399805,1.1429929799204629e-05,0.0013494299807851,0.0552956067724609,3,,
roberta-base,19,14,71.73913043478261,71.20315581854044,1012070766,7.403974264956163e-05,0.0012342363192985,0.1709085532614407,7,,
roberta-base,19,15,71.14624505928853,72.58382642998028,167366403,8.537238326648397e-06,0.0540571900081738,0.1345762386266966,5,,
roberta-base,19,16,72.92490118577075,74.16173570019724,1052536404,1.1869699209712486e-05,0.0260315451570915,0.1764730318978912,10,,
roberta-base,19,17,64.62450592885375,65.68047337278107,509807089,6.981274405313031e-06,1.856922119186949e-05,0.0065831390844871,3,,
roberta-base,19,18,72.72727272727273,70.41420118343196,866627790,5.0833395651709386e-05,0.0003576651245421,0.1056151814468966,5,,
roberta-base,19,19,74.50592885375494,72.97830374753451,970949144,1.7862783082460973e-05,2.110494998297699e-05,0.1607405957266408,10,,
roberta-base,19,20,72.33201581027669,70.80867850098619,101644286,6.297723196157685e-05,0.0227244734282046,0.0514513858574293,2,,
roberta-base,19,21,73.3201581027668,74.55621301775147,1193869446,2.421928330028544e-05,0.0372348296543477,0.0334606543552458,10,,
roberta-base,19,22,76.08695652173913,74.7534516765286,573066515,1.4679667734740493e-05,0.0002085249757291,0.0173449589459375,9,,
roberta-base,19,23,73.91304347826087,74.55621301775147,1769011245,1.693372812102588e-05,0.0001107395639345,0.0980780241898076,4,,
roberta-base,19,24,72.92490118577075,70.61143984220907,321753675,5.318906016392267e-06,0.0001859999204786,0.1102413988997875,9,,
roberta-base,19,25,61.85770750988142,60.946745562130175,501533751,8.607878726757578e-05,0.0008679400154411,0.0679877135497869,4,,
roberta-base,19,26,75.69169960474308,73.17554240631164,1030950622,2.143780996833266e-05,0.0018892765005374,0.1729118872433496,10,,
roberta-base,19,27,74.70355731225297,72.18934911242603,1628470001,5.495473377950071e-05,0.0004601780009122,0.1088694281442065,7,,
roberta-base,19,28,61.26482213438735,67.85009861932939,1970223543,6.784902597113124e-06,0.0708993211647581,0.0320192621177843,4,,
roberta-base,19,29,72.92490118577075,71.40039447731755,249846323,7.514735460839764e-06,0.0620128113469721,0.1815156099902461,10,,
roberta-base,20,0,73.48927875243665,72.76264591439688,154565636,1.3023372926002356e-05,0.0011268380318538,0.0736272076475257,3,,
roberta-base,20,1,67.83625730994152,66.92607003891051,263130681,5.395250717313607e-06,0.0001724100974133,0.0957028962592449,4,,
roberta-base,20,2,71.34502923976608,72.76264591439688,1228321072,2.3256376983740596e-05,9.673670554389715e-05,0.0021679115383728,4,,
roberta-base,20,3,69.20077972709552,72.37354085603113,329049700,5.5041841800421725e-06,0.0004999277684572,0.1176879776727551,6,,
roberta-base,20,4,72.51461988304094,71.98443579766537,1197427799,1.721043949792435e-05,0.0007084839690372,0.1953406093225467,6,,
roberta-base,20,5,69.78557504873294,67.31517509727627,863024658,7.071272052061378e-06,0.0010640037580769,0.0569572916969458,4,,
roberta-base,20,6,75.82846003898635,76.84824902723736,727430564,3.2382339740733365e-05,0.0001883882575019,0.1913171039495039,3,,
roberta-base,20,7,71.15009746588694,72.37354085603113,958583888,7.696756776015357e-06,1.4880583735159973e-05,0.1412858867109586,5,,
roberta-base,20,8,73.09941520467837,73.34630350194553,975464747,5.262602712073303e-05,6.726369233548577e-05,0.0533361735113681,8,,
roberta-base,20,9,49.31773879142301,55.25291828793775,482074491,6.958055751975612e-05,0.0605928310108187,0.0165259932721304,10,,
roberta-base,20,10,73.48927875243665,75.09727626459144,780456471,1.1371470156374727e-05,0.0015724593088995,0.1736998407345261,5,,
roberta-base,20,11,66.8615984405458,71.01167315175097,997002790,8.485775114713474e-05,0.0033356825990559,0.0576489899123434,8,,
roberta-base,20,12,69.78557504873294,72.76264591439688,1078993318,7.028409831150144e-05,1.0811263470182258e-05,0.148013993345858,7,,
roberta-base,20,13,71.9298245614035,73.34630350194553,1657803641,1.4696788735013963e-05,7.352218938737783e-05,0.1682640767629422,5,,
roberta-base,20,14,77.19298245614036,75.68093385214007,1569392565,3.1598374429876066e-05,1.7764649995175124e-05,0.1249663458193351,5,,
roberta-base,20,15,75.63352826510722,74.31906614785993,200525067,3.0592052571202025e-05,0.0017222946862257,0.0170270589948822,5,,
roberta-base,20,16,72.90448343079922,75.29182879377431,1241070790,3.862224865964763e-05,0.0803665953708725,0.1016000704729303,4,,
roberta-base,20,17,49.12280701754386,52.33463035019455,1704132654,8.881355017523726e-05,0.0003134767738951,0.0111034891574849,9,,
roberta-base,20,18,72.51461988304094,75.87548638132296,849140967,6.4041672741531e-05,0.0002169844234028,0.1394942371409986,9,,
roberta-base,20,19,73.6842105263158,72.17898832684826,1235856611,2.8106365079858697e-05,0.0008340794108582,0.1381467057362261,7,,
roberta-base,20,20,71.15009746588694,73.92996108949416,1784186462,1.1748735636928063e-05,0.0702493397231156,0.0820562984448412,5,,
roberta-base,20,21,72.90448343079922,74.12451361867704,287299178,2.053694833798915e-05,2.056125065509703e-05,0.0458761585570799,5,,
roberta-base,20,22,74.6588693957115,73.15175097276264,1729043707,1.721161585100256e-05,0.0161296093032299,0.1864783146066471,8,,
roberta-base,20,23,69.5906432748538,69.45525291828794,629915103,1.6271152617597177e-05,0.0003665969638949,0.0011626352127823,3,,
roberta-base,20,24,74.07407407407408,76.26459143968872,1948743034,4.727397130605141e-05,0.0377279004855245,0.1652398345453927,5,,
roberta-base,20,25,72.70955165692008,76.26459143968872,1714610448,4.2154367151046616e-05,0.0002616553324013,0.1312436913461953,6,,
roberta-base,20,26,73.6842105263158,75.4863813229572,209789890,2.585916687130101e-05,1.1073995813496974e-05,0.1064920992288869,10,,
roberta-base,20,27,73.87914230019493,74.12451361867704,1130055399,8.975447276485353e-06,3.4104166235960047e-05,0.0144875835404369,6,,
roberta-base,20,28,73.09941520467837,73.34630350194553,1955170919,1.008464159198474e-05,2.803873018477148e-05,0.0374352688669322,8,,
roberta-base,20,29,74.85380116959064,74.70817120622569,636301679,1.7893949828860752e-05,0.0001630602857724,0.0717850360254737,9,,
roberta-base,21,0,74.90196078431373,72.3529411764706,1260335903,3.622530365020828e-05,0.0892680946451677,0.0648903308878171,7,,
roberta-base,21,1,73.52941176470588,72.3529411764706,1102715124,5.1625801910877696e-05,0.0025588201745033,0.1096845536266989,4,,
roberta-base,21,2,70.7843137254902,70.19607843137256,1580398084,3.653297889457848e-05,0.0200113063345556,0.0998217248773281,7,,
roberta-base,21,3,64.50980392156863,66.86274509803921,747401291,1.1048217520364646e-05,0.0006832536739547,0.0083233446553025,2,,
roberta-base,21,4,71.37254901960785,71.76470588235294,1350251584,2.347222759422621e-05,0.042180437374889,0.1684048490468858,5,,
roberta-base,21,5,72.3529411764706,70.58823529411765,651756835,1.6937623868229816e-05,0.0002193456910473,0.1488902844642154,5,,
roberta-base,21,6,76.07843137254902,73.13725490196079,1462501408,1.4578773113327644e-05,8.03528881265556e-05,0.1214507418590009,10,,
roberta-base,21,7,72.54901960784314,70.0,1592931704,1.502723685803381e-05,2.9469822583170834e-05,0.0263472326751637,5,,
roberta-base,21,8,65.29411764705883,67.6470588235294,61917451,4.64059885241888e-05,1.200240615587436e-05,0.1943189933170936,3,,
roberta-base,21,9,76.07843137254902,73.33333333333333,1126145037,5.169930116177466e-05,1.2065054634109837e-05,0.1812559075341199,4,,
roberta-base,21,10,72.3529411764706,73.52941176470588,441682106,2.0325016538268035e-05,0.019112772573212,0.10991659618146,6,,
roberta-base,21,11,72.94117647058823,68.62745098039215,1026017163,3.9857879826403046e-05,0.0305874387918328,0.1879746283356547,2,,
roberta-base,21,12,69.41176470588235,67.84313725490196,2030914009,7.259051680525526e-05,0.014845993233312,0.0035090215040581,6,,
roberta-base,21,13,63.92156862745098,60.98039215686274,706873691,9.174542763047478e-05,1.2204010905718794e-05,0.1760693704263462,3,,
roberta-base,21,14,54.70588235294117,60.19607843137255,1058837610,9.666192449168228e-06,0.0118823561904752,0.04164394242182,2,,
roberta-base,21,15,72.74509803921569,73.13725490196079,1180468760,2.604296177853861e-05,0.0178439361876571,0.0965769163437549,8,,
roberta-base,21,16,67.6470588235294,66.66666666666667,699586275,5.291720421613479e-06,0.0001907129752657,0.0555942660614487,5,,
roberta-base,21,17,71.76470588235294,71.37254901960785,2101474147,9.402478903409512e-06,1.5004772431551548e-05,0.0572291257796598,5,,
roberta-base,21,18,69.6078431372549,70.58823529411765,364772961,1.3323588585384212e-05,0.0898890493117735,0.1900209171611649,3,,
roberta-base,21,19,73.92156862745098,69.41176470588235,1232558689,7.035185901624564e-06,0.0016847077162813,0.1266997271987652,6,,
roberta-base,21,20,66.07843137254902,68.23529411764706,346426309,1.7690830282558897e-05,0.0356826619836206,0.0132890085529825,2,,
roberta-base,21,21,75.88235294117646,74.50980392156863,45465514,1.764961725602147e-05,0.0329763394211647,0.0600541373617463,7,,
roberta-base,21,22,71.56862745098039,71.96078431372548,208259605,4.37600826918226e-05,0.0018086143826814,0.0422358391538441,9,,
roberta-base,21,23,72.94117647058823,69.6078431372549,1502310703,8.219639989099084e-06,3.56718916044369e-05,0.1924559920850403,6,,
roberta-base,21,24,68.23529411764706,69.41176470588235,1564567579,8.330187467522196e-05,3.387560948316587e-05,0.1216956357409216,9,,
roberta-base,21,25,60.0,65.88235294117646,987144850,8.02192334631105e-06,0.0006527800760887,0.0504931377147424,2,,
roberta-base,21,26,70.98039215686275,70.7843137254902,1641816695,2.2107594213170663e-05,0.0715211589279722,0.0154405953375665,5,,
roberta-base,21,27,74.11764705882354,72.3529411764706,1907982519,8.386513299124633e-06,0.0049634403785115,0.1863954210511208,9,,
roberta-base,21,28,71.56862745098039,73.13725490196079,1704667125,8.646020142880119e-05,0.0025873580002351,0.101123398437267,5,,
roberta-base,21,29,70.7843137254902,69.6078431372549,2060851799,4.5920395251452174e-05,0.0007669216072743,0.1015875619866944,9,,
roberta-base,22,0,69.8224852071006,70.21696252465483,918219931,7.010530367846212e-05,0.0007696929075195,0.1397933477096799,6,,
roberta-base,22,1,70.01972386587771,70.61143984220907,983394195,6.150051274424377e-06,1.168909947042456e-05,0.0048416229539417,7,,
roberta-base,22,2,73.37278106508876,73.57001972386588,303919489,9.07998636493721e-06,0.0769565388542207,0.0654442528779759,7,,
roberta-base,22,3,75.93688362919133,72.7810650887574,226798483,5.900869054333786e-05,6.446279526695417e-05,0.0517756434315396,4,,
roberta-base,22,4,73.76725838264299,74.7534516765286,447147224,4.803350913912419e-05,0.0008412472208579,0.1084833823360051,8,,
roberta-base,22,5,68.04733727810651,69.8224852071006,777162848,9.983566621665916e-05,0.0033359341225532,0.1403948203710392,4,,
roberta-base,22,6,70.80867850098619,72.97830374753451,2059522741,6.832040893804946e-06,0.0001743247814668,0.0766200009111259,10,,
roberta-base,22,7,70.21696252465483,72.18934911242603,577861915,4.3321739077266815e-05,0.0005693468080455,0.1362618701781723,8,,
roberta-base,22,8,74.55621301775147,74.55621301775147,723502220,1.1953862397426682e-05,0.0194154927621868,0.0736327382119238,8,,
roberta-base,22,9,65.48323471400394,66.27218934911242,2060813426,5.199562058747942e-05,0.0010742334263952,0.1136598724741383,4,,
roberta-base,22,10,67.45562130177515,71.99211045364892,1717287623,1.2731490078808898e-05,2.903227033864239e-05,0.01590262669247,3,,
roberta-base,22,11,50.4930966469428,46.74556213017752,1851062989,8.724139109535032e-05,0.0053875146749622,0.0465294948298486,4,,
roberta-base,22,12,71.99211045364892,72.7810650887574,1333705881,1.0825233103986348e-05,0.0031463456731875,0.040510232203962,5,,
roberta-base,22,13,73.57001972386588,75.7396449704142,1204759299,1.4893663653895578e-05,0.0018802238782183,0.0153658146482886,8,,
roberta-base,22,14,69.23076923076923,64.69428007889546,1500398383,1.178794209154881e-05,4.828428477227729e-05,0.0094198624473803,2,,
roberta-base,22,15,71.00591715976331,71.40039447731755,20800491,4.436739272418968e-05,8.113003214604875e-05,0.0893872141598345,4,,
roberta-base,22,16,70.80867850098619,70.21696252465483,1871587884,1.0871218547456902e-05,0.0001276487916986,0.1011771410603342,4,,
roberta-base,22,17,72.97830374753451,76.33136094674556,125372582,4.338930182065749e-05,0.0040303009430315,0.1829232794202058,9,,
roberta-base,22,18,72.7810650887574,73.76725838264299,23645716,2.110732271204845e-05,0.0113529455529936,0.1672665030102098,3,,
roberta-base,22,19,50.4930966469428,46.74556213017752,1679643812,8.881735475256807e-05,0.0006314420670254,0.1103013467786255,8,,
roberta-base,22,20,70.21696252465483,72.97830374753451,531465570,9.845680089694568e-06,0.0009817071814132,0.1638286056037267,5,,
roberta-base,22,21,69.42800788954635,70.41420118343196,71974315,9.59977962064702e-06,0.0001400726961699,0.1387355416107591,3,,
roberta-base,22,22,62.52465483234714,65.68047337278107,1607861573,1.2690794758941178e-05,0.0130131743963499,0.144834409309417,2,,
roberta-base,22,23,60.15779092702169,60.946745562130175,1233579706,8.057091970704251e-05,8.828203728273211e-05,0.1860810038985826,4,,
roberta-base,22,24,71.00591715976331,74.7534516765286,598732433,9.17919785962274e-06,0.0152972598024162,0.001610577414076,9,,
roberta-base,22,25,75.54240631163708,74.7534516765286,1502036740,5.186307932575953e-05,1.8219076927947004e-05,0.0522607304872509,4,,
roberta-base,22,26,70.61143984220907,71.00591715976331,1884976461,7.109802795697788e-06,0.0156942046496155,0.0664447230245832,7,,
roberta-base,22,27,75.14792899408285,72.7810650887574,627752160,5.5796169616991655e-05,0.000130495536375,0.1710713490462728,10,,
roberta-base,22,28,70.80867850098619,73.57001972386588,658290394,2.048055983248817e-05,0.0234160069212791,0.1268189462953145,8,,
roberta-base,22,29,67.45562130177515,70.61143984220907,338957295,6.826056533536457e-06,0.002405884190764,0.0346552546666715,5,,
roberta-base,23,0,69.90291262135922,67.44186046511628,1746291369,1.2304722981796824e-05,0.016467440512888,0.0421280339124835,5,,
roberta-base,23,1,69.90291262135922,68.9922480620155,1432213741,3.618311460913604e-05,0.0021892880419421,0.1151545331739317,3,,
roberta-base,23,2,67.76699029126213,66.47286821705427,1812827036,1.1595236980676632e-05,0.0003024725925114,0.0294068278238802,5,,
roberta-base,23,3,66.60194174757281,62.98449612403101,1931664876,6.191019776188993e-06,0.0157766447379607,0.0515878780486506,8,,
roberta-base,23,4,69.70873786407768,68.4108527131783,967538730,9.099711824671796e-06,0.0038598686401682,0.1355013521641679,8,,
roberta-base,23,5,71.45631067961165,71.89922480620154,1460061521,1.4639912109703475e-05,0.0060409443462651,0.1949649521716401,4,,
roberta-base,23,6,69.32038834951456,67.05426356589147,2116232053,1.5168655925868702e-05,0.0004455827685433,0.0348278754041091,7,,
roberta-base,23,7,71.6504854368932,70.34883720930233,1666354422,6.174941753413072e-05,6.204065950190936e-05,0.1463034901692113,5,,
roberta-base,23,8,62.9126213592233,64.14728682170542,705595615,4.121859360245956e-05,0.0015603940835034,0.1744489605917568,4,,
roberta-base,23,9,70.67961165048544,69.96124031007751,1886787516,1.294763105134152e-05,0.0023643652028849,0.1690544687082546,10,,
roberta-base,23,10,70.29126213592232,67.82945736434108,937702050,2.0427863462154248e-05,0.0083803040897419,0.0805957389098402,3,,
roberta-base,23,11,69.51456310679612,68.4108527131783,153645653,1.8880565959907265e-05,0.0003904864176575,0.0728755588905822,7,,
roberta-base,23,12,68.93203883495146,68.9922480620155,1761451052,1.831472556428254e-05,0.0062549862847095,0.103632109969043,4,,
roberta-base,23,13,66.01941747572816,66.86046511627907,538737049,6.268077634575595e-06,7.038734869175401e-05,0.1975795628572562,5,,
roberta-base,23,14,68.7378640776699,67.63565891472868,1085706044,2.2409002912339977e-05,0.0188284314651029,0.098306504180604,6,,
roberta-base,23,15,66.79611650485437,67.63565891472868,1856718434,4.257254897048787e-05,0.026460354413878,0.0214679344089931,4,,
roberta-base,23,16,68.3495145631068,66.66666666666667,69217793,1.7460723913776453e-05,0.0075901467273957,0.0942670024927468,6,,
roberta-base,23,17,71.45631067961165,73.83720930232558,946230201,6.946617588428773e-05,0.0626527190740474,0.052825369602308,3,,
roberta-base,23,18,47.37864077669903,49.8062015503876,831693121,9.893467230614034e-05,0.0399683124010054,0.0118922223371743,10,,
roberta-base,23,19,71.06796116504854,69.18604651162791,1139713230,4.363787824038705e-05,1.3524685534513672e-05,0.005900144874962,9,,
roberta-base,23,20,69.32038834951456,68.21705426356588,1349098915,6.424149481466367e-06,0.0067791725033516,0.0658434222689456,7,,
roberta-base,23,21,69.32038834951456,67.44186046511628,455288244,2.01756640940753e-05,0.0210752829882953,0.076849493786794,4,,
roberta-base,23,22,47.37864077669903,49.8062015503876,1042029858,7.944099647905441e-05,0.0001489141455981,0.00613628318449,3,,
roberta-base,23,23,65.04854368932038,62.01550387596899,1225316412,3.172463545349344e-05,2.2765479253098286e-05,0.0702169000156383,4,,
roberta-base,23,24,71.6504854368932,68.02325581395348,1018342736,6.793674002135166e-06,0.0056671250829001,0.1492852996788672,6,,
roberta-base,23,25,47.37864077669903,49.8062015503876,297842971,7.026367743171771e-05,0.0183552581283531,0.0224786310622534,7,,
roberta-base,23,26,47.37864077669903,49.8062015503876,437588939,8.498426159251483e-05,1.2843906222764458e-05,0.0638891630536353,7,,
roberta-base,23,27,73.7864077669903,69.76744186046511,436951027,2.1970080855873647e-05,0.000189119057808,0.1062567139206468,9,,
roberta-base,23,28,70.29126213592232,68.7984496124031,385856096,1.5873500464679496e-05,0.0004829976352322,0.098638303978409,4,,
roberta-base,23,29,71.2621359223301,70.15503875968992,744509096,8.977906709832574e-06,0.002537217972717,0.0861996862617565,8,,
roberta-base,24,0,74.70588235294117,70.98039215686275,633844895,1.8024373942704085e-05,1.0972490656677334e-05,0.1326143935471735,8,,
roberta-base,24,1,67.45098039215686,63.92156862745098,1966292856,6.318450527145731e-05,4.100145853009281e-05,0.1639420718203288,6,,
roberta-base,24,2,69.41176470588235,67.25490196078431,1974004259,9.084130450707206e-06,0.0030245137215517,0.1278513538685755,5,,
roberta-base,24,3,68.43137254901961,64.31372549019608,2056439938,8.402551100905848e-06,6.604295375968366e-05,0.0787772619953548,5,,
roberta-base,24,4,70.0,67.25490196078431,2041454960,5.08255570877915e-06,2.5183990694751857e-05,0.1633280075487746,8,,
roberta-base,24,5,71.17647058823529,68.03921568627452,1373711331,7.287891575728817e-05,2.371676954017851e-05,0.1204147655948746,6,,
roberta-base,24,6,71.56862745098039,67.45098039215686,1299271558,6.738245504707783e-05,0.0002264772283907,0.1398061067414714,8,,
roberta-base,24,7,74.11764705882354,72.15686274509804,2050586217,1.3415951820795008e-05,0.001424461000611,0.1206305003887746,7,,
roberta-base,24,8,74.70588235294117,70.58823529411765,1232187374,3.7268222132077485e-05,1.7632631149932763e-05,0.1175003688636139,10,,
roberta-base,24,9,62.35294117647059,62.35294117647059,341310447,1.2828698290622807e-05,0.0110157490950243,0.1084717560410592,2,,
roberta-base,24,10,73.33333333333333,69.41176470588235,148768397,7.954801004520529e-05,0.0093112750607901,0.0315276852704731,10,,
roberta-base,24,11,72.74509803921569,70.0,863510332,6.06442210744968e-06,0.0165924007161594,0.0187951199326954,9,,
roberta-base,24,12,72.54901960784314,69.2156862745098,459011164,2.368364291071319e-05,0.0064641117518949,0.0069559721230606,10,,
roberta-base,24,13,71.37254901960785,70.19607843137256,191926951,2.35864785451514e-05,0.0022858497161396,0.0949505330383168,3,,
roberta-base,24,14,73.33333333333333,71.17647058823529,1366436118,3.5132694602946445e-05,0.057339919578542,0.0885906564688895,9,,
roberta-base,24,15,74.11764705882354,70.7843137254902,1583881206,3.766920690043848e-05,0.0344442906131894,0.1116125034394132,6,,
roberta-base,24,16,54.70588235294117,53.92156862745098,441595175,6.433606603635902e-06,0.0002083520731773,0.0790786317250559,2,,
roberta-base,24,17,71.56862745098039,70.3921568627451,1421675113,7.873934507086589e-05,0.0001761403228129,0.129605684310486,9,,
roberta-base,24,18,72.74509803921569,70.19607843137256,698743512,1.580807902503824e-05,0.0053716863638658,0.066313339249055,4,,
roberta-base,24,19,72.74509803921569,69.6078431372549,845531894,1.1459291814549895e-05,0.0593584180132179,0.0762769358550825,6,,
roberta-base,24,20,70.98039215686275,67.84313725490196,652329755,7.194526806418912e-05,0.0020608652406909,0.17276444586821,2,,
roberta-base,24,21,73.52941176470588,70.7843137254902,2067050048,1.2255113436897564e-05,0.0012279971236412,0.0799611001522093,6,,
roberta-base,24,22,72.94117647058823,69.80392156862744,1269373851,3.9767003126578085e-05,0.0484668371370638,0.0182855383231446,5,,
roberta-base,24,23,66.27450980392157,66.86274509803921,2045530336,7.181570901662659e-06,0.0037223715637957,0.0523176169099943,4,,
roberta-base,24,24,74.31372549019608,69.2156862745098,804354896,2.410845583101888e-05,1.6594381024761012e-05,0.1349483733650975,5,,
roberta-base,24,25,74.11764705882354,70.0,1517694806,4.612827506049219e-05,5.528718612449021e-05,0.0365228637828973,5,,
roberta-base,24,26,72.15686274509804,67.84313725490196,712498837,8.759274876963981e-06,1.1320789492407056e-05,0.1734203673404617,8,,
roberta-base,24,27,74.50980392156863,71.76470588235294,2051271571,1.1357432807004132e-05,0.006779664795465,0.1926106955387757,10,,
roberta-base,24,28,72.94117647058823,73.52941176470588,2130494994,5.536764590110643e-05,4.56609267865408e-05,0.006988184393771,8,,
roberta-base,24,29,73.33333333333333,72.15686274509804,1929660502,9.020877086132116e-06,0.0015726930245285,0.007316686184813,9,,
roberta-base,25,0,72.01565557729941,73.5812133072407,431642223,2.178173371119709e-05,3.9176070001053327e-05,0.1682734933896315,4,,
roberta-base,25,1,73.38551859099805,75.92954990215264,1653488648,1.685451632836987e-05,0.002615298837285,0.0398536312025076,10,,
roberta-base,25,2,71.0371819960861,73.77690802348337,1796071822,1.2989536152809574e-05,0.0014819567045436,0.1488449850850188,10,,
roberta-base,25,3,69.27592954990216,72.01565557729941,1913235970,1.771161657239983e-05,0.0866268427954822,0.0736548244436409,4,,
roberta-base,25,4,60.46966731898239,63.013698630136986,402151569,6.404069904953704e-05,0.0309200172425596,0.0610568381197056,3,,
roberta-base,25,5,72.79843444227006,74.55968688845401,1748980176,6.757334893877264e-05,0.0479814415988715,0.0058234212926287,6,,
roberta-base,25,6,67.12328767123287,69.27592954990216,1160064562,9.660352159672431e-06,1.3643432180608612e-05,0.180144452385363,4,,
roberta-base,25,7,71.42857142857143,74.16829745596868,1273030368,3.573941734002278e-05,0.0008504279859493,0.0916740915774407,6,,
roberta-base,25,8,71.81996086105676,75.34246575342466,1625215222,2.3294026024429828e-05,0.0005765422388581,0.1692579764797317,3,,
roberta-base,25,9,70.84148727984345,73.5812133072407,655617308,4.7304891312058285e-05,5.704817301330877e-05,0.1107867732436271,8,,
roberta-base,25,10,49.11937377690802,48.7279843444227,161563505,9.114220292983905e-05,0.0007519305969619,0.0542015410558175,2,,
roberta-base,25,11,72.99412915851272,74.16829745596868,1318055400,4.421098970399542e-05,0.0002033283327025,0.1851906714120117,6,,
roberta-base,25,12,66.53620352250489,68.68884540117416,743599491,7.350738585942425e-05,5.608357211962652e-05,0.0168334268393038,3,,
roberta-base,25,13,69.47162426614481,71.62426614481409,576242407,7.189362313227563e-05,0.010769171610454,0.1271078017291663,5,,
roberta-base,25,14,66.92759295499022,70.25440313111547,723290554,4.172589818973445e-05,0.0041093080854662,0.0142275746635536,2,,
roberta-base,25,15,70.25440313111547,75.73385518590997,415037550,5.814919637653243e-05,0.000306188212478,0.072875589943697,5,,
roberta-base,25,16,49.11937377690802,48.7279843444227,1074604797,9.940197891393004e-05,0.0004148413150157,0.1691372728174964,3,,
roberta-base,25,17,71.42857142857143,74.95107632093934,2093536539,1.7866129271924475e-05,8.211072279140637e-05,0.1841208670985887,6,,
roberta-base,25,18,70.84148727984345,70.84148727984345,399420548,2.7914807845687047e-05,0.098883831479868,0.0774845417007011,6,,
roberta-base,25,19,64.38356164383562,67.71037181996086,901135211,5.062361181779262e-06,0.0060231241116085,0.1527488866957241,4,,
roberta-base,25,20,70.25440313111547,74.95107632093934,1376545374,2.4261788715847963e-05,2.309144512893927e-05,0.0467796715547809,5,,
roberta-base,25,21,69.66731898238747,72.21135029354207,1813849066,6.763824018060962e-05,0.0307365092193762,0.1654935764772884,2,,
roberta-base,25,22,72.6027397260274,75.73385518590997,855252038,2.3483534953079127e-05,0.0001889947750156,0.1874946969422984,8,,
roberta-base,25,23,72.21135029354207,75.53816046966732,1395316280,1.0635113663383316e-05,0.0237308987932024,0.195337011085259,9,,
roberta-base,25,24,67.71037181996086,70.64579256360078,999997437,9.660666580391152e-05,0.0974884577141955,0.1458683424404987,8,,
roberta-base,25,25,63.20939334637965,66.92759295499022,2128959993,1.1201382056813956e-05,0.0041418769178781,0.0379754396868204,2,,
roberta-base,25,26,68.88454011741683,73.18982387475538,1041041202,1.93875546158132e-05,0.0212839366590286,0.0636626983744319,6,,
roberta-base,25,27,69.47162426614481,72.40704500978474,1684086423,1.89318190247182e-05,0.003109995959804,0.0270275959455813,6,,
roberta-base,25,28,63.20939334637965,67.5146771037182,773624401,9.828297611973024e-06,2.116792746713052e-05,0.1924414379499906,2,,
roberta-base,25,29,64.9706457925636,67.5146771037182,1984410069,4.683205348957601e-05,0.0068398705843067,0.0080982359212431,2,,
roberta-base,26,0,73.95626242544732,69.24603174603175,1053700674,5.182556926730213e-05,0.0029583948316451,0.0763243762558322,10,,
roberta-base,26,1,50.29821073558648,47.42063492063492,1391538844,7.511644066947763e-06,3.25291807462242e-05,0.0200860239907742,2,,
roberta-base,26,2,73.95626242544732,71.03174603174604,1102980260,4.452425929051644e-05,0.0766952953036929,0.1708965804108042,5,,
roberta-base,26,3,72.56461232604374,71.23015873015873,1461304402,8.794626531435029e-06,0.0052924555292084,0.0757856090837848,9,,
roberta-base,26,4,72.36580516898609,69.44444444444444,1408601233,1.1300666534887624e-05,0.000952769422609,0.1771950227589809,4,,
roberta-base,26,5,74.35387673956262,73.21428571428571,1122234346,5.114921723614001e-06,0.0004791573423947,0.1424136870937879,10,,
roberta-base,26,6,74.35387673956262,72.02380952380952,1095192085,4.89710504607625e-05,0.0338098793818164,0.0246880323163021,9,,
roberta-base,26,7,75.7455268389662,72.22222222222223,795609315,5.49140703211744e-05,0.0001388277416444,0.1937413141292802,6,,
roberta-base,26,8,68.19085487077535,64.68253968253968,1606501471,1.4428791688932716e-05,0.001115683940549,0.1088633327611586,2,,
roberta-base,26,9,72.16699801192843,67.26190476190476,1389572601,6.67882742181033e-05,0.0015377999769299,0.192468663323233,4,,
roberta-base,26,10,74.55268389662028,69.04761904761905,1448841432,3.841714490626985e-05,0.0002865641554761,0.1449126158312898,2,,
roberta-base,26,11,73.75745526838966,74.4047619047619,867993949,1.4528576546772323e-05,0.0707374220044078,0.1508144880351518,5,,
roberta-base,26,12,76.73956262425448,70.83333333333333,599411326,4.94685932022302e-05,0.0148563444897862,0.1486710815828843,5,,
roberta-base,26,13,72.56461232604374,71.42857142857143,1892054184,8.904084762087705e-05,0.0032826999894171,0.120250893976485,7,,
roberta-base,26,14,67.9920477137177,64.88095238095238,1927596808,4.102922509902855e-05,0.0010562957331158,0.1167612445413518,2,,
roberta-base,26,15,76.54075546719682,73.80952380952381,42567759,2.138471332791845e-05,0.0035361349206593,0.0538893997996539,5,,
roberta-base,26,16,73.95626242544732,71.62698412698413,1317170055,2.801383219543208e-05,0.0450561896692817,0.1094995470941357,9,,
roberta-base,26,17,74.75149105367794,71.82539682539682,1874308403,1.6647360287436883e-05,0.0008178425224945,0.1144156823629134,10,,
roberta-base,26,18,70.97415506958251,68.25396825396825,1549315375,6.42350876892902e-05,0.0006423177261748,0.0213770473936866,4,,
roberta-base,26,19,73.95626242544732,70.43650793650794,293972269,5.06346677964857e-05,2.1547493131607847e-05,0.1222381351949927,5,,
roberta-base,26,20,75.14910536779324,72.02380952380952,1209802209,3.848472514894863e-05,4.915720794162762e-05,0.024508345548348,7,,
roberta-base,26,21,64.61232604373757,59.12698412698413,313442017,5.04232783959303e-06,0.0188867244365758,0.1602496737554369,4,,
roberta-base,26,22,74.75149105367794,72.81746031746032,510425706,2.355757557623573e-05,0.0001801092769682,0.0297648188705737,7,,
roberta-base,26,23,73.558648111332,72.81746031746032,575641751,4.919837242280412e-05,0.0006114341603477,0.0706696353545123,9,,
roberta-base,26,24,75.3479125248509,72.02380952380952,1377806265,4.460934833551488e-05,0.0010730519030272,0.0703397075106802,4,,
roberta-base,26,25,49.70178926441352,47.42063492063492,1356648859,9.342868856518424e-05,0.0096536395323967,0.1672712309453593,5,,
roberta-base,26,26,77.53479125248509,73.01587301587301,660563111,9.699812344746844e-06,0.0013475389903999,0.0725605783022876,9,,
roberta-base,26,27,74.55268389662028,71.42857142857143,2044296451,1.7365734661872848e-05,0.0027414536894675,0.1796978460771795,8,,
roberta-base,26,28,69.58250497017893,68.25396825396825,610993941,7.396070318496892e-05,0.0082240789019654,0.1106502120555117,9,,
roberta-base,26,29,70.97415506958251,71.42857142857143,876036530,2.064107368829828e-05,0.0024389136949913,0.1118523859120789,4,,
roberta-base,27,0,73.5408560311284,72.17898832684826,2034212352,4.1050414412295246e-05,0.0855494346982499,0.1298882852854194,10,,
roberta-base,27,1,74.70817120622569,72.17898832684826,2091424894,1.5245351165504228e-05,0.0031373398904361,0.0285368542510775,8,,
roberta-base,27,2,69.8443579766537,71.98443579766537,309992104,6.213309901716103e-06,0.0004735575835716,0.0955830509306515,8,,
roberta-base,27,3,72.56809338521401,70.42801556420234,1880121178,3.0304309965103745e-05,0.0171321227333618,0.0407696867085274,6,,
roberta-base,27,4,71.78988326848248,73.15175097276264,241677640,7.735075930557455e-06,0.0005604101118941,0.1058358506096452,6,,
roberta-base,27,5,53.30739299610895,50.19455252918288,566962970,7.309938236367944e-05,2.3091966861807935e-05,0.0676109498407824,3,,
roberta-base,27,6,70.42801556420234,69.06614785992218,223863991,1.829814552390769e-05,0.0017178575875548,0.1219917384448199,3,,
roberta-base,27,7,76.26459143968872,73.5408560311284,1013708923,2.296143318812009e-05,0.049774796885457,0.1202489672624313,8,,
roberta-base,27,8,72.37354085603113,74.5136186770428,534412865,5.692452692467565e-05,0.0005478274405256,0.052783939156389,5,,
roberta-base,27,9,75.29182879377431,75.68093385214007,1079401276,1.0135753849650344e-05,1.60078675874601e-05,0.1970088916497503,9,,
roberta-base,27,10,73.92996108949416,72.37354085603113,612563666,5.054955901510054e-06,9.221628696253742e-05,0.0076123294197646,10,,
roberta-base,27,11,69.8443579766537,72.37354085603113,291390958,3.070670802414431e-05,0.0014568952587927,0.0203538442621838,6,,
roberta-base,27,12,70.03891050583658,69.8443579766537,689177785,2.5439795061924407e-05,0.0007615611746511,0.104969519035665,6,,
roberta-base,27,13,71.78988326848248,69.45525291828794,2106901845,5.647692728332992e-06,4.084361813907301e-05,0.1605032172358544,9,,
roberta-base,27,14,73.92996108949416,70.8171206225681,977821705,5.136822974384528e-05,0.0005916776255156,0.0838511053099836,5,,
roberta-base,27,15,73.5408560311284,73.5408560311284,1813814888,2.1453641236632216e-05,0.0279482767467593,0.0252973334431974,8,,
roberta-base,27,16,62.64591439688716,64.2023346303502,583311813,6.49450467567104e-05,0.0986716924523282,0.0055834811628311,9,,
roberta-base,27,17,74.90272373540856,72.37354085603113,379555597,3.129158360151924e-05,0.0024398177564028,0.0206323316252907,10,,
roberta-base,27,18,72.76264591439688,71.01167315175097,1076834376,2.31891709169723e-05,0.0001319293576354,0.0247250214161078,3,,
roberta-base,27,19,75.68093385214007,72.17898832684826,1585028704,2.502989677800384e-05,0.0046841262255477,0.0249732760007949,8,,
roberta-base,27,20,73.15175097276264,71.98443579766537,109732723,7.054175862484735e-05,0.0004297404436455,0.0563129776226774,2,,
roberta-base,27,21,71.40077821011673,70.8171206225681,660284115,1.3664883846199049e-05,2.2530919541547967e-05,0.1906946643264734,6,,
roberta-base,27,22,71.98443579766537,70.23346303501945,1342406429,4.191234448338628e-05,0.0002731863783975,0.1127248187580397,2,,
roberta-base,27,23,74.90272373540856,71.20622568093385,572893816,4.171431181902191e-05,0.0004328024059671,0.1070230462812869,6,,
roberta-base,27,24,69.8443579766537,70.62256809338521,2098307437,9.327652499177468e-05,0.0002312792190034,0.1216371625909626,9,,
roberta-base,27,25,71.59533073929961,71.78988326848248,663480084,5.913434414059202e-05,0.0016079839162445,0.0994677990679488,6,,
roberta-base,27,26,59.33852140077821,61.08949416342413,1011353176,5.564471780530019e-06,0.0002814324686261,0.0639700164425336,3,,
roberta-base,27,27,72.95719844357977,72.56809338521401,1851384685,1.3200642331889278e-05,0.051281658088943,0.0650763375920901,7,,
roberta-base,27,28,73.5408560311284,72.76264591439688,305742991,2.0697268049145328e-05,0.0167075711927126,0.1777574423118292,7,,
roberta-base,27,29,70.42801556420234,71.20622568093385,1568797283,4.4639852070033424e-05,0.0009551128645133,0.0436393056505057,6,,
roberta-base,28,0,77.10371819960861,71.42857142857143,359415167,1.3145037207240524e-05,0.0001873609581449,0.1540769186590739,10,,
roberta-base,28,1,76.1252446183953,70.25440313111547,1514483234,2.2512681259377664e-05,0.0585044663460205,0.1997038037783489,4,,
roberta-base,28,2,65.55772994129158,64.77495107632095,1409987980,1.0783210025239462e-05,0.0001306756225365,0.0472035951110732,2,,
roberta-base,28,3,78.08219178082192,73.38551859099805,2021001315,2.141698251314949e-05,0.0033727380474346,0.1522995280732069,7,,
roberta-base,28,4,74.95107632093934,70.64579256360078,885897156,1.1133756497603382e-05,0.0260432303097292,0.0432694793335638,5,,
roberta-base,28,5,72.21135029354207,71.0371819960861,623733617,2.6398424572789697e-05,0.028378998560383,0.0675534642420683,3,,
roberta-base,28,6,71.42857142857143,68.10176125244618,918442982,2.4120398565298007e-05,1.4117830168126336e-05,0.0580571447236231,9,,
roberta-base,28,7,74.95107632093934,68.88454011741683,42316960,5.662879992827488e-06,0.0229141321368189,0.1721466319737331,10,,
roberta-base,28,8,68.68884540117416,63.013698630136986,342392917,1.0667235644350322e-05,0.0028792223427833,0.0964313910333616,4,,
roberta-base,28,9,74.36399217221135,72.01565557729941,1054852758,1.068097070314126e-05,0.0085736747527137,0.1850401046722757,7,,
roberta-base,28,10,71.23287671232876,66.92759295499022,184545616,9.82890760595796e-06,9.896922310432364e-05,0.0628883464499812,8,,
roberta-base,28,11,68.29745596868885,64.77495107632095,917357458,6.891316515201019e-06,0.0020362418859153,0.0105797655732926,4,,
roberta-base,28,12,76.32093933463797,72.40704500978474,1261590741,4.227578061967486e-05,0.0049116363013351,0.0581889801611281,8,,
roberta-base,28,13,71.23287671232876,67.90606653620353,1998891093,1.004093580790441e-05,2.500871409794276e-05,0.1241616978000803,5,,
roberta-base,28,14,67.5146771037182,63.40508806262231,1466275410,8.959126880076144e-06,0.0031064916204514,0.055140737061048,3,,
roberta-base,28,15,74.75538160469668,72.99412915851272,994466991,4.374934641781993e-05,0.0008488917182784,0.0256904728074921,9,,
roberta-base,28,16,74.16829745596868,71.0371819960861,799984728,2.715490845895105e-05,0.0007085639417337,0.0170840162049069,7,,
roberta-base,28,17,77.49510763209393,71.81996086105676,728919797,1.358041947544328e-05,0.0176196499836501,0.0197819218651639,10,,
roberta-base,28,18,72.21135029354207,70.84148727984345,517838139,5.6602205610128205e-05,0.005532368422824,0.0953680881011727,2,,
roberta-base,28,19,72.21135029354207,68.10176125244618,1879400156,5.9234622325185226e-06,5.31958795673525e-05,0.0995585296622874,10,,
roberta-base,28,20,62.03522504892368,57.92563600782779,298882548,6.8901356625666704e-06,0.0125368590278556,0.1625365062059187,3,,
roberta-base,28,21,71.0371819960861,69.86301369863014,225490828,8.356118875732267e-05,4.62177808698092e-05,0.0107671003760513,3,,
roberta-base,28,22,65.75342465753425,64.38356164383562,1972728788,8.732424599509771e-05,3.14596359659474e-05,0.123762307505147,3,,
roberta-base,28,23,71.42857142857143,68.29745596868885,2119524646,9.720976455653673e-06,1.3391343131765303e-05,0.0845329755936556,5,,
roberta-base,28,24,52.05479452054794,49.51076320939335,274106211,9.097935024844056e-05,0.0045479347831563,0.031444658363951,9,,
roberta-base,28,25,73.18982387475538,70.84148727984345,992330461,8.310411338334201e-06,0.0033491405656675,0.1171754720485529,8,,
roberta-base,28,26,75.53816046966732,71.62426614481409,2077183191,1.0654420943038076e-05,1.8169905150940452e-05,0.0243628358198043,9,,
roberta-base,28,27,69.27592954990216,67.5146771037182,2089128849,2.027430218682492e-05,0.0091704092545434,0.1280072674566714,2,,
roberta-base,28,28,75.53816046966732,73.77690802348337,1731368508,1.6987801754968485e-05,0.0004245932781702,0.1624677674816276,10,,
roberta-base,28,29,74.36399217221135,68.88454011741683,832461251,4.285152524833388e-05,0.0434910301653308,0.0742343498875583,7,,
roberta-base,29,0,69.06614785992218,71.2621359223301,393751400,3.571738127536227e-05,0.0114915439120118,0.048477856917552,3,,
roberta-base,29,1,70.42801556420234,72.62135922330097,1105157422,2.0899059046821975e-05,0.0004544634696458,0.0416779666319722,9,,
roberta-base,29,2,65.95330739299611,67.18446601941747,979917424,4.513223198478257e-05,0.0148197863232339,0.0536760699296024,8,,
roberta-base,29,3,71.20622568093385,72.62135922330097,467775922,1.952214873559504e-05,0.0349645362693175,0.0693148826025109,10,,
roberta-base,29,4,64.59143968871595,65.04854368932038,342999844,1.4000415991414013e-05,0.0012901122825707,0.0305792002372864,3,,
roberta-base,29,5,66.73151750972762,68.93203883495146,1238758146,1.1872583658616147e-05,0.0100111605486423,0.0662775295630564,4,,
roberta-base,29,6,70.8171206225681,69.90291262135922,1401567597,4.796326173110717e-05,1.7591733549933366e-05,0.0929812871441992,8,,
roberta-base,29,7,71.20622568093385,70.87378640776699,275655221,1.6792268835634284e-05,0.0006298672151313,0.0242908405479025,10,,
roberta-base,29,8,67.12062256809338,68.3495145631068,1226250030,5.554143516223463e-06,0.0004534217832821,9.65366603409068e-05,6,,
roberta-base,29,9,67.50972762645914,69.51456310679612,1191734236,7.030447768175237e-05,0.0002317890821609,0.1585218289592548,7,,
roberta-base,29,10,66.53696498054475,67.57281553398059,1746107046,5.794178543911785e-06,0.0003402222990746,0.0502161100604237,8,,
roberta-base,29,11,73.15175097276264,70.09708737864078,902209057,4.638116086847673e-05,0.0288781005414925,0.0082094205666371,8,,
roberta-base,29,12,72.95719844357977,72.42718446601941,664846427,1.0951934246654472e-05,0.0009658037001472,0.0385752390285329,10,,
roberta-base,29,13,71.78988326848248,72.23300970873787,83039985,3.605827617142159e-05,0.0001634047608018,0.1253663355306463,9,,
roberta-base,29,14,70.23346303501945,69.70873786407768,1978372257,8.001908385832294e-06,4.125409704919433e-05,0.1693781227719555,7,,
roberta-base,29,15,71.40077821011673,71.45631067961165,641674543,1.0090456183102586e-05,3.507653605226891e-05,0.1622834867317355,8,,
roberta-base,29,16,65.75875486381322,67.37864077669903,881973078,5.30104358993297e-06,9.23786720445995e-05,0.0967641163171424,5,,
roberta-base,29,17,60.311284046692606,60.77669902912621,827556589,7.371058234007316e-06,0.0001636963509116,0.1187884332748355,3,,
roberta-base,29,18,69.06614785992218,70.09708737864078,519156910,1.3097038442047045e-05,4.363426376005846e-05,0.1464123961593676,7,,
roberta-base,29,19,69.45525291828794,73.00970873786407,818638601,1.0434750800793246e-05,0.0988540721730609,0.1929894591142644,7,,
roberta-base,29,20,72.95719844357977,71.45631067961165,2001967437,4.401572036986436e-05,0.0772140884283628,0.1437246755130834,6,,
roberta-base,29,21,53.50194552529183,59.22330097087379,1838235710,6.922367304376699e-06,0.0226661562670897,0.0658251753156377,3,,
roberta-base,29,22,46.49805447470817,50.67961165048544,613502290,8.117403943610647e-05,1.5916805289115008e-05,0.1330386991194923,4,,
roberta-base,29,23,72.37354085603113,69.12621359223301,557362238,6.497822898785049e-05,0.0089032341812911,0.0677647352662534,9,,
roberta-base,29,24,64.00778210116732,66.60194174757281,1863358101,5.683745129548242e-05,0.0195535317151436,0.1164838951515254,10,,
roberta-base,29,25,60.311284046692606,63.68932038834952,444074056,1.0855179063109352e-05,0.0009999745154048,0.1618282185103034,2,,
roberta-base,29,26,65.56420233463035,68.54368932038835,51680914,8.592428604610672e-05,0.019361303826545,0.0490463021608697,2,,
roberta-base,29,27,73.73540856031128,73.20388349514563,1066548203,1.443650816289476e-05,8.095213233954425e-05,0.1655930921966287,7,,
roberta-base,29,28,72.17898832684826,72.42718446601941,2054490544,4.750878623970953e-05,0.0266957557251955,0.0666135878410194,8,,
roberta-base,29,29,69.06614785992218,69.32038834951456,1467734290,8.357389105531715e-05,0.0460561823828995,0.1493784423109745,8,,
deberta-v3-small,0,0,76.48221343873517,72.58382642998028,1068444147,3.61806236667316e-05,0.0014339663956216,0.1816915209782716,9,,
deberta-v3-small,0,1,73.91304347826087,68.24457593688363,869532682,1.6271128767725975e-05,0.0029953991603756,0.0879759050834103,7,,
deberta-v3-small,0,2,74.30830039525692,68.83629191321499,2008817550,7.854957196092695e-05,0.0004972575159692,0.0634825242738167,9,,
deberta-v3-small,0,3,59.88142292490119,57.59368836291913,824996540,1.3073365489107785e-05,0.0038617958686886,0.1639888531462905,2,,
deberta-v3-small,0,4,66.99604743083005,61.1439842209073,526530682,1.31573718269056e-05,1.3273087169132931e-05,0.1578058696651662,7,,
deberta-v3-small,0,5,74.70355731225297,67.65285996055226,1096950,1.1806087450557346e-05,0.0672485900470078,0.0314076610824364,6,,
deberta-v3-small,0,6,49.40711462450593,49.70414201183432,2091058341,9.519943193402214e-06,6.985299004258885e-05,0.0862811434934466,2,,
deberta-v3-small,0,7,72.13438735177866,68.04733727810651,1713714127,9.421423230357944e-05,0.0073875459145117,0.0975837353783481,9,,
deberta-v3-small,0,8,72.13438735177866,67.0611439842209,1166037882,2.5446036065920758e-05,0.0004992102508154,0.1589193100440882,7,,
deberta-v3-small,0,9,75.29644268774703,69.03353057199212,78918691,6.049892560868692e-05,4.171929780221196e-05,0.0353140557840534,3,,
deberta-v3-small,0,10,64.42687747035573,62.32741617357002,1449655656,1.0530563857267888e-05,2.6455892238628748e-05,0.1139046974910477,5,,
deberta-v3-small,0,11,69.76284584980237,64.89151873767258,1898547255,3.167517807108811e-05,0.0008886922555637,0.0795878994077067,2,,
deberta-v3-small,0,12,72.5296442687747,69.03353057199212,1249598366,7.241931097140512e-05,0.0181229159383672,0.0501026848429451,7,,
deberta-v3-small,0,13,67.3913043478261,62.1301775147929,1357077847,2.182905822251208e-05,0.000209379863739,0.0537881317152173,10,,
deberta-v3-small,0,14,73.3201581027668,68.83629191321499,1958325106,1.0522441057822086e-05,0.0090503248015634,0.189734230023284,6,,
deberta-v3-small,0,15,74.70355731225297,71.59763313609467,1653480464,9.431878584923604e-05,0.0011802078430409,0.0406032278746392,7,,
deberta-v3-small,0,16,74.50592885375494,71.20315581854044,30381308,2.609418750197988e-05,0.0001202229779913,0.1672179238519006,5,,
deberta-v3-small,0,17,70.75098814229248,64.1025641025641,1385812487,8.425906382615322e-05,0.0339578653062179,0.0786742926263122,2,,
deberta-v3-small,0,18,72.33201581027669,65.28599605522682,1876798148,1.4987616093618814e-05,1.413628082552642e-05,0.1314161757485863,4,,
deberta-v3-small,0,19,70.75098814229248,63.1163708086785,868870580,2.096624448588802e-05,0.0008472356573987,0.1208126774151659,3,,
deberta-v3-small,0,20,73.3201581027668,69.23076923076923,1714221399,8.238845738704948e-05,0.062414258715318,0.0900456681904054,5,,
deberta-v3-small,0,21,67.58893280632411,60.35502958579882,918370937,2.5570162766871363e-05,0.0304398865089817,0.155001760592598,8,,
deberta-v3-small,0,22,74.90118577075098,71.00591715976331,1038380491,6.621712256857971e-05,0.0774264079855653,0.1420245846491513,3,,
deberta-v3-small,0,23,69.36758893280633,63.31360946745562,1090340367,9.068726087515272e-05,0.0082492897036283,0.1159286239827351,7,,
deberta-v3-small,0,24,76.08695652173913,68.63905325443787,1106068140,2.6985988646171003e-05,1.959172835849734e-05,0.0005462395913782,9,,
deberta-v3-small,0,25,66.40316205533597,57.98816568047337,1307288133,1.4371648357699651e-05,0.0015180560673775,0.0252787255542468,8,,
deberta-v3-small,0,26,49.40711462450593,49.70414201183432,469233416,7.03761477835249e-06,0.0002139833961456,0.0312000405815481,3,,
deberta-v3-small,0,27,72.5296442687747,67.25838264299803,301683051,7.365974202397465e-05,0.0002607548155256,0.0044441466052462,10,,
deberta-v3-small,0,28,74.90118577075098,69.8224852071006,1938176782,1.4793464919335108e-05,0.0001243839869114,0.1050463979496363,7,,
deberta-v3-small,0,29,72.92490118577075,68.24457593688363,1549105158,6.859456703283227e-05,0.0075032966395551,0.1668677685637296,7,,
deberta-v3-small,1,0,64.47105788423154,64.54183266932272,1587768576,1.1860927176478118e-05,2.8630765097426185e-05,0.069234890957329,2,,
deberta-v3-small,1,1,70.45908183632734,70.91633466135458,99650100,5.3493282787866025e-05,0.0007340130373999,0.0327426295080264,6,,
deberta-v3-small,1,2,65.86826347305389,68.52589641434263,1009939887,8.56067793029885e-06,0.0007554563110004,0.0254443653006404,6,,
deberta-v3-small,1,3,70.05988023952096,70.3187250996016,488443575,5.977450830472897e-05,4.036391393317507e-05,0.0496175263063653,3,,
deberta-v3-small,1,4,64.27145708582835,66.73306772908367,376937051,1.5138543763845354e-05,0.0019199038072176,0.1201384841827019,3,,
deberta-v3-small,1,5,65.6686626746507,65.73705179282868,1742575885,7.027800022817863e-06,0.001250148163692,0.004239137790096,8,,
deberta-v3-small,1,6,73.85229540918164,76.49402390438247,672297634,6.824060185404829e-05,0.0938022248440433,0.0807179577512622,4,,
deberta-v3-small,1,7,70.85828343313374,67.92828685258964,946204524,8.327069086310146e-06,0.0002397159619591,0.1785898811119405,6,,
deberta-v3-small,1,8,64.47105788423154,63.34661354581673,2075928797,8.170456824525817e-06,3.549518110751117e-05,0.1915713991490195,6,,
deberta-v3-small,1,9,72.0558882235529,73.70517928286853,1031362050,7.144532784737234e-05,0.002162360232357,0.1969987891436699,3,,
deberta-v3-small,1,10,73.45309381237524,75.0996015936255,391563242,7.065040929369938e-05,8.952239869338483e-05,0.1473066773748911,2,,
deberta-v3-small,1,11,69.46107784431138,69.9203187250996,835080870,3.65524709174766e-05,0.0450826525614365,0.1191784134675474,2,,
deberta-v3-small,1,12,68.26347305389221,68.92430278884463,334314160,4.9359692633598994e-05,1.673327399505093e-05,0.1093575131186667,7,,
deberta-v3-small,1,13,75.64870259481037,74.5019920318725,64275977,2.635412401309109e-05,1.4392608056635908e-05,0.1341402344822044,7,,
deberta-v3-small,1,14,65.6686626746507,65.33864541832669,485401682,2.5223122161233612e-05,0.0001227179519842,0.1884233961208554,8,,
deberta-v3-small,1,15,55.68862275449102,55.97609561752988,146837223,5.590069699043623e-06,0.0007179931402775,0.0051043481562467,3,,
deberta-v3-small,1,16,67.26546906187625,68.32669322709164,2116688606,7.930825324185298e-06,9.252391824976028e-05,0.0452364434042169,5,,
deberta-v3-small,1,17,75.249500998004,76.29482071713147,1223467570,3.6033912545162975e-05,0.0001011352321475,0.0770519585996461,6,,
deberta-v3-small,1,18,67.46506986027944,70.11952191235059,1129936308,6.616594119353241e-06,0.001265870392357,0.1671847678933084,6,,
deberta-v3-small,1,19,72.45508982035928,77.09163346613546,1069120403,6.291161903468311e-05,0.0003248173420409,0.023319853872695,4,,
deberta-v3-small,1,20,72.2554890219561,71.11553784860558,480512593,5.0161218749024025e-05,0.0081508047617189,0.0981337267391354,6,,
deberta-v3-small,1,21,72.65469061876247,75.4980079681275,1075643531,3.7082738424619765e-05,0.0247844997152799,0.0454522596898746,9,,
deberta-v3-small,1,22,70.25948103792415,71.91235059760956,237685558,1.0731402088535811e-05,0.0010782068749923,0.1102198674414146,10,,
deberta-v3-small,1,23,57.28542914171657,53.98406374501992,1815401652,6.708338117901872e-06,0.0009917348486696,0.0534952947186109,2,,
deberta-v3-small,1,24,64.47105788423154,64.9402390438247,1840247025,1.9466473839151807e-05,0.0003514760270864,0.1102983287438247,8,,
deberta-v3-small,1,25,57.48502994011976,60.35856573705179,943705899,8.001479961932596e-05,0.0184368883112911,0.1616124974237701,3,,
deberta-v3-small,1,26,63.47305389221557,65.73705179282868,1963866559,5.638449830657629e-06,0.0009305333703244,0.1269050543749882,6,,
deberta-v3-small,1,27,64.87025948103792,66.33466135458167,167580598,5.278713649677277e-06,0.0162677993676069,0.1540661055180692,8,,
deberta-v3-small,1,28,72.85429141716567,71.91235059760956,1954966546,1.7043805490389987e-05,3.5187428334190925e-05,0.0746205077070393,10,,
deberta-v3-small,1,29,73.65269461077844,76.09561752988049,1552373601,7.421970603695227e-05,0.0156818200311043,0.1837832701959186,6,,
deberta-v3-small,2,0,74.05189620758483,73.25349301397206,1015090925,1.2633055028509057e-05,0.0003954921322634,0.0410858823787035,10,,
deberta-v3-small,2,1,74.8502994011976,70.25948103792415,1063050360,1.5434386722363607e-05,0.0060047510731322,0.1348886580161446,6,,
deberta-v3-small,2,2,70.85828343313374,67.26546906187625,229935561,4.459995539962487e-05,0.005382543596744,0.109747460376104,10,,
deberta-v3-small,2,3,62.87425149700599,59.4810379241517,1018398707,5.671968877902306e-06,0.0328661156173401,0.0982648125091089,10,,
deberta-v3-small,2,4,63.67265469061877,62.075848303393215,447065497,7.505249760321728e-06,2.3871330539853225e-05,0.1107462759338482,10,,
deberta-v3-small,2,5,69.26147704590818,69.66067864271457,729778142,6.042506488625587e-05,3.998126380149564e-05,0.1157271335960369,7,,
deberta-v3-small,2,6,76.04790419161677,74.8502994011976,838504807,2.4725918880755988e-05,0.0894186453149437,0.0399459410926367,7,,
deberta-v3-small,2,7,73.45309381237524,67.26546906187625,17808539,2.822385917025027e-05,0.0001445191891834,0.1893439799987754,9,,
deberta-v3-small,2,8,67.86427145708583,63.47305389221557,1638806665,8.944119734733185e-06,0.0118134904902006,0.101772595391142,10,,
deberta-v3-small,2,9,74.05189620758483,69.66067864271457,1375969722,2.0554671940586868e-05,1.1147693875646771e-05,0.1050547126679537,6,,
deberta-v3-small,2,10,49.50099800399202,49.30139720558882,965387021,6.093583954716496e-06,0.0103592062508602,0.0416622283335997,2,,
deberta-v3-small,2,11,76.24750499001996,76.44710578842316,9789485,1.9701976177311148e-05,1.321131533706951e-05,0.1417089627682805,6,,
deberta-v3-small,2,12,73.05389221556887,71.05788423153693,1781394020,3.294284918984883e-05,0.0019658914030653,0.1381080012534001,4,,
deberta-v3-small,2,13,69.26147704590818,67.86427145708583,58382439,7.716994587954782e-05,0.0002511319448029,0.1448690258464145,7,,
deberta-v3-small,2,14,77.24550898203593,76.64670658682634,1427569759,2.65720296181837e-05,0.0040137669665577,0.0571661220224608,8,,
deberta-v3-small,2,15,72.2554890219561,67.46506986027944,1171705600,8.29470335681722e-05,0.0001893774769379,0.1005385798998265,2,,
deberta-v3-small,2,16,73.85229540918164,73.45309381237524,399198079,1.6028020153378945e-05,0.0978950198409024,0.1826603580381809,7,,
deberta-v3-small,2,17,73.65269461077844,71.25748502994011,524116739,1.2367096855126384e-05,6.032749582428536e-05,0.0077524566602203,8,,
deberta-v3-small,2,18,75.64870259481037,71.25748502994011,982741603,4.9064237280079255e-05,0.0005302245391976,0.014051861234442,2,,
deberta-v3-small,2,19,64.47105788423154,63.27345309381238,1682874662,8.787693177188886e-06,0.0304132612253532,0.1077081057615418,7,,
deberta-v3-small,2,20,72.45508982035928,70.05988023952096,948239360,7.898824208263484e-06,0.0001329487287002,0.0801143091898782,9,,
deberta-v3-small,2,21,66.06786427145708,62.6746506986028,827105370,1.4529867269324e-05,2.723038846492889e-05,0.1112942561960941,5,,
deberta-v3-small,2,22,63.07385229540918,61.67664670658683,1298745176,2.3054515007226887e-05,7.655027005834152e-05,0.1475740396496304,2,,
deberta-v3-small,2,23,60.87824351297405,59.68063872255489,269316783,7.153583148953937e-06,0.0002810717966941,0.1931395550736882,3,,
deberta-v3-small,2,24,71.6566866267465,69.46107784431138,1283800663,9.460912500932192e-05,0.000361353793924,0.1816097491557079,9,,
deberta-v3-small,2,25,74.6506986027944,73.45309381237524,1921680846,3.568158119576952e-05,0.0006765966334905,0.0786783516779106,6,,
deberta-v3-small,2,26,72.2554890219561,65.6686626746507,1305942162,6.84418332046236e-05,0.0002894413903582,0.0916285574409471,2,,
deberta-v3-small,2,27,72.2554890219561,69.46107784431138,1296142817,2.994591810587777e-05,0.0183756422634488,0.0837070763132261,8,,
deberta-v3-small,2,28,77.44510978043913,74.25149700598803,1797270376,6.053807940788899e-05,1.561484543053553e-05,0.1087334738815099,7,,
deberta-v3-small,2,29,67.06586826347305,64.07185628742515,1155226735,3.990467190476412e-05,0.0001781674483736,0.1845822903711577,9,,
deberta-v3-small,3,0,69.66731898238747,75.0,1203603063,1.6265205751970136e-05,0.0225111484936761,0.1755521348692633,10,,
deberta-v3-small,3,1,71.42857142857143,74.4140625,1611360368,3.351421868758488e-05,0.00288847801025,0.1835047790523628,6,,
deberta-v3-small,3,2,67.12328767123287,71.484375,1204127021,8.830509075118378e-05,0.0018297945271674,0.1180866469190285,4,,
deberta-v3-small,3,3,64.77495107632095,62.6953125,789622445,2.793784952644157e-05,0.0024993086395367,0.1435788103168456,7,,
deberta-v3-small,3,4,62.81800391389432,66.40625,1992766100,1.7576351384383222e-05,0.0023559715353056,0.0847211467910135,10,,
deberta-v3-small,3,5,75.92954990215264,75.9765625,2112552820,6.0455233230562816e-05,0.0003315665002872,0.1319324716491585,9,,
deberta-v3-small,3,6,63.60078277886497,67.578125,403296107,7.027354913130408e-06,0.0001929891173396,0.04187573827271,8,,
deberta-v3-small,3,7,70.64579256360078,72.8515625,2064801890,3.885200562911564e-05,2.1706846124343277e-05,0.0797314099268371,9,,
deberta-v3-small,3,8,59.49119373776908,63.0859375,2021899305,7.102056142381291e-06,0.0012835481768354,0.0340671777542917,6,,
deberta-v3-small,3,9,68.68884540117416,69.7265625,1539138880,8.081306298554813e-05,0.0009955498986727,0.0412934311566849,10,,
deberta-v3-small,3,10,58.12133072407045,62.890625,1754482736,8.665880499438313e-06,0.0015420964083347,0.1639559749519358,8,,
deberta-v3-small,3,11,63.99217221135029,63.671875,1120270681,2.1805903024394863e-05,0.0045073943201384,0.1154126695246051,9,,
deberta-v3-small,3,12,72.6027397260274,72.8515625,902088687,3.4214193360640834e-05,0.0023338422296261,0.1469007047492997,10,,
deberta-v3-small,3,13,61.64383561643836,65.4296875,3528858,2.521069668434041e-05,9.130140195662511e-05,0.0792044056762047,3,,
deberta-v3-small,3,14,72.99412915851272,73.6328125,1366957617,3.602688523676867e-05,0.0128079430596464,0.1346039241470713,8,,
deberta-v3-small,3,15,72.40704500978474,74.4140625,1346018641,6.678655585660713e-05,0.0068543231949696,0.0544785795931088,4,,
deberta-v3-small,3,16,69.47162426614481,68.359375,875219764,8.233965655605156e-05,0.0362211964949095,0.0171160368748034,4,,
deberta-v3-small,3,17,65.16634050880626,63.28125,119763359,7.238326966158886e-05,0.0001532513264501,0.0127018135978474,7,,
deberta-v3-small,3,18,73.5812133072407,72.4609375,135518324,5.401866729459806e-05,0.0002118128309004,0.1732413978930347,3,,
deberta-v3-small,3,19,61.64383561643836,62.5,176234823,6.98459739425133e-06,0.0006584629606542,0.1172657272495836,6,,
deberta-v3-small,3,20,62.42661448140901,63.0859375,2114438390,6.924579085954873e-06,0.0052039173648458,0.1033396578405663,7,,
deberta-v3-small,3,21,73.18982387475538,75.1953125,1824167765,7.533361062146564e-05,0.0010601943159894,0.1712352615611025,10,,
deberta-v3-small,3,22,66.53620352250489,67.3828125,259009695,2.7911947834183557e-05,1.3374382158694958e-05,0.1542770189359035,5,,
deberta-v3-small,3,23,64.18786692759295,70.1171875,2081792711,7.210880500476335e-06,0.0099914526549575,0.1525778917701508,6,,
deberta-v3-small,3,24,49.51076320939335,50.5859375,431891805,7.1856067427842e-06,0.0293506687994867,0.1136587800961997,2,,
deberta-v3-small,3,25,71.0371819960861,74.8046875,1057093337,8.347404283685205e-05,0.0044149843352118,0.0104756069999225,4,,
deberta-v3-small,3,26,60.273972602739725,61.5234375,1953045057,1.3293043933336147e-05,0.0003637241411916,0.0357936323705727,8,,
deberta-v3-small,3,27,66.34050880626224,69.53125,1954663729,9.738593197060768e-05,4.637830555972661e-05,0.174546554718306,9,,
deberta-v3-small,3,28,59.49119373776908,63.4765625,1149407331,1.0394526067169484e-05,0.0145469928392424,0.15398960774863,6,,
deberta-v3-small,3,29,61.25244618395303,64.84375,393779726,8.21352282788286e-06,0.0004770146881536,0.0818025972543963,4,,
deberta-v3-small,4,0,74.7534516765286,71.45669291338582,173352584,9.80193267725461e-05,5.736030658752397e-05,0.1220266754354844,5,,
deberta-v3-small,4,1,71.40039447731755,73.62204724409449,1371463142,1.2743166144247194e-05,0.0107596568931775,0.1619177206230541,4,,
deberta-v3-small,4,2,68.04733727810651,68.89763779527559,118835742,1.3589288180212962e-05,0.0003567408806279,0.1419013740561125,10,,
deberta-v3-small,4,3,72.7810650887574,72.63779527559055,2099329266,3.9677678148201656e-05,8.255535820707277e-05,0.115560301659987,3,,
deberta-v3-small,4,4,66.66666666666667,70.07874015748031,733705361,6.637760012373451e-05,0.0004253354026316,0.1707692321230325,8,,
deberta-v3-small,4,5,73.37278106508876,72.83464566929133,1921143020,8.441913064397095e-05,0.0116992435107895,0.13436312929121,2,,
deberta-v3-small,4,6,73.37278106508876,73.22834645669292,643508986,4.38891614829857e-05,9.839715906117088e-05,0.0330825936575261,7,,
deberta-v3-small,4,7,68.24457593688363,67.91338582677166,1193814924,4.444974368488955e-05,1.3868604250052902e-05,0.0370145329404887,4,,
deberta-v3-small,4,8,74.35897435897436,73.81889763779527,120790407,7.723716465687777e-05,0.000253305545736,0.0538847038901564,4,,
deberta-v3-small,4,9,73.17554240631164,73.4251968503937,1868554885,2.507624824968124e-05,0.052309381498628,0.0831505974618529,10,,
deberta-v3-small,4,10,71.40039447731755,71.06299212598425,98471116,2.9789863764472703e-05,0.0432368900963353,0.1783526387432042,3,,
deberta-v3-small,4,11,59.76331360946745,60.23622047244095,1462962496,1.0831908731967806e-05,8.012557309699908e-05,0.1764726994863794,6,,
deberta-v3-small,4,12,68.83629191321499,70.2755905511811,1500467477,8.167530699409553e-05,0.0263376852199229,0.1291875076511512,7,,
deberta-v3-small,4,13,70.80867850098619,73.4251968503937,734792902,2.621126622710288e-05,0.0066495434277698,0.1642322373210771,2,,
deberta-v3-small,4,14,73.96449704142012,75.59055118110236,2107196876,2.457021731090509e-05,5.90445674352152e-05,0.1133159728043786,5,,
deberta-v3-small,4,15,73.96449704142012,74.01574803149606,597555803,8.295190796837952e-05,7.103873146713996e-05,0.0383197845941492,6,,
deberta-v3-small,4,16,72.18934911242603,71.45669291338582,1967592290,1.5898550310861763e-05,0.0085745344821944,0.095651230801389,4,,
deberta-v3-small,4,17,65.68047337278107,66.53543307086615,1508794683,5.0588809561105447e-05,0.00102112144408,0.1750697493324372,9,,
deberta-v3-small,4,18,68.44181459566074,69.48818897637796,1312443460,4.362560855558739e-05,0.001364978080359,0.1908197490548524,6,,
deberta-v3-small,4,19,68.83629191321499,72.44094488188976,318074902,8.677114513411769e-06,0.0347701090773946,0.0615530822755978,10,,
deberta-v3-small,4,20,73.76725838264299,76.18110236220473,1858095386,2.9077048523441287e-05,0.0041396783276737,0.0757252648043451,9,,
deberta-v3-small,4,21,69.42800788954635,73.62204724409449,351905070,4.110624611493662e-05,0.000730850580608,0.1108660589917382,6,,
deberta-v3-small,4,22,68.24457593688363,68.30708661417323,369535355,2.3981305784281877e-05,0.001691492405897,0.0044451801557455,3,,
deberta-v3-small,4,23,72.18934911242603,73.03149606299213,858953633,3.380021600153332e-05,0.0031043327528725,0.0154286709367847,3,,
deberta-v3-small,4,24,61.53846153846154,61.41732283464567,447042528,1.0970746287524618e-05,0.0047126179100538,0.1510146683103406,8,,
deberta-v3-small,4,25,65.68047337278107,67.91338582677166,211964005,7.1900320066387865e-06,0.0969864124653983,0.1362357877302042,8,,
deberta-v3-small,4,26,75.54240631163708,72.44094488188976,982319380,5.7090981551922624e-05,2.1959401448926315e-05,0.0330964932204048,9,,
deberta-v3-small,4,27,74.55621301775147,73.62204724409449,198252103,3.8583840856224696e-05,0.0002981195745755,0.0558745702818437,4,,
deberta-v3-small,4,28,60.946745562130175,64.96062992125984,714896208,2.1600991313578062e-05,0.0062400836423011,0.0663919253587713,4,,
deberta-v3-small,4,29,63.905325443786985,68.89763779527559,1521984754,6.275928285503232e-05,0.0001173914546613,0.173658410296301,7,,
deberta-v3-small,5,0,61.85770750988142,60.276679841897234,738121078,9.56172699649676e-05,0.0909287999849512,0.0504399908215595,6,,
deberta-v3-small,5,1,69.56521739130434,72.72727272727273,1430750716,2.104841004711472e-05,1.5380423556604244e-05,0.1382345073356381,5,,
deberta-v3-small,5,2,73.3201581027668,75.69169960474308,234911309,3.9487806805717656e-05,0.0004303673030413,0.0526933364268257,9,,
deberta-v3-small,5,3,73.12252964426878,75.29644268774703,711462906,3.7975695511495925e-05,0.0109220644196727,0.1541381279221399,10,,
deberta-v3-small,5,4,64.42687747035573,67.58893280632411,844398545,2.181060834463016e-05,0.0002455408169816,0.0180189599634139,3,,
deberta-v3-small,5,5,63.43873517786561,63.83399209486166,1301940634,1.3136356972833549e-05,0.0041285394693956,0.0488431420467363,9,,
deberta-v3-small,5,6,68.3794466403162,71.34387351778656,450774326,9.097110887747388e-05,4.85275204214172e-05,0.1511456783094661,3,,
deberta-v3-small,5,7,69.76284584980237,71.54150197628458,89802131,1.4638114956557189e-05,0.0108924019777758,0.0170508574923805,10,,
deberta-v3-small,5,8,69.1699604743083,74.90118577075098,1346942147,4.29717849433299e-05,0.0001338097397485,0.1097909369734129,7,,
deberta-v3-small,5,9,61.85770750988142,59.28853754940712,2106891022,5.494819980039603e-06,0.0002898832127885,0.0676051790773852,5,,
deberta-v3-small,5,10,68.18181818181819,68.3794466403162,2107299420,1.601463218272824e-05,0.0009089536436483,0.0202274027990997,6,,
deberta-v3-small,5,11,72.5296442687747,75.29644268774703,1393666151,4.457378678958473e-05,0.0065608058683544,0.1700423479110296,8,,
deberta-v3-small,5,12,68.77470355731225,71.34387351778656,474119387,2.4883752148522063e-05,0.0023545062898804,0.1378886237121514,6,,
deberta-v3-small,5,13,70.15810276679842,71.54150197628458,999268806,2.06510208672751e-05,0.0500545533388097,0.1441294124249704,9,,
deberta-v3-small,5,14,71.14624505928853,71.73913043478261,1425968828,5.627594489216127e-05,0.0017728904256502,0.0018554981252321,7,,
deberta-v3-small,5,15,61.26482213438735,65.0197628458498,1665621371,2.6941490699792528e-05,0.015427522972793,0.047016359120209,4,,
deberta-v3-small,5,16,71.14624505928853,72.92490118577075,1324739789,6.611149905695284e-05,0.0118692875991387,0.1027780204457241,9,,
deberta-v3-small,5,17,69.36758893280633,71.34387351778656,132754497,2.0841690370875087e-05,0.0896090208680174,0.0040609240457136,5,,
deberta-v3-small,5,18,73.12252964426878,73.71541501976284,1900422831,2.6727281290854508e-05,0.0008364105384339,0.0566724860436972,10,,
deberta-v3-small,5,19,49.60474308300395,47.62845849802372,873565460,5.851201307997531e-06,0.0033275534445166,0.0883704446255954,2,,
deberta-v3-small,5,20,60.07905138339921,61.6600790513834,1031445613,6.10552884514273e-06,0.0068334435673268,0.0252527423027511,9,,
deberta-v3-small,5,21,58.49802371541502,59.48616600790514,284025601,8.536978301739722e-06,0.0236745407358072,0.190073302928502,5,,
deberta-v3-small,5,22,73.51778656126483,74.50592885375494,372170637,8.963805168903214e-05,0.0001746992892946,0.0328947026526579,7,,
deberta-v3-small,5,23,70.15810276679842,74.70355731225297,302507897,3.0124496373899003e-05,3.702513689773774e-05,0.1128064220353784,8,,
deberta-v3-small,5,24,71.14624505928853,72.5296442687747,394349835,8.255498134461382e-05,0.000652778307197,0.048234926052782,5,,
deberta-v3-small,5,25,68.57707509881423,71.14624505928853,1577636507,7.194062481693833e-06,0.0002206969856145,0.1867448699252244,8,,
deberta-v3-small,5,26,70.15810276679842,74.30830039525692,53402636,2.48445681153774e-05,1.1884471454947366e-05,0.0265947581328922,9,,
deberta-v3-small,5,27,71.93675889328063,73.91304347826087,685855455,9.602678149971878e-05,0.0019624002218231,0.0487632892894434,8,,
deberta-v3-small,5,28,72.13438735177866,75.49407114624506,408207589,4.067989181641125e-05,0.0028618050272012,0.1685615807054752,7,,
deberta-v3-small,5,29,59.48616600790514,59.48616600790514,980124926,5.238795140326076e-06,0.00696888981556,0.1704164667767768,5,,
deberta-v3-small,6,0,72.83236994219654,71.67630057803468,1378739277,4.192902383085835e-05,0.0032103204261048,0.0039224620226537,4,,
deberta-v3-small,6,1,64.9325626204239,67.05202312138728,1433471237,2.1822455629823132e-05,0.0007664114658639,0.1967198521555101,9,,
deberta-v3-small,6,2,71.86897880539499,71.29094412331406,2074206854,2.535902607164873e-05,0.0018911288858752,0.0202372083926502,4,,
deberta-v3-small,6,3,64.35452793834297,63.58381502890173,1041840778,7.570234838612094e-06,0.0010951348165387,0.163500819405617,5,,
deberta-v3-small,6,4,57.80346820809248,57.61078998073218,2002719449,6.103340329887327e-06,0.0112985592007791,0.0278031143647468,3,,
deberta-v3-small,6,5,65.1252408477842,64.16184971098266,1416776204,8.579521652366731e-06,0.0035310477212106,0.0371955814895015,8,,
deberta-v3-small,6,6,72.44701348747591,69.7495183044316,233073299,2.81248377180373e-05,0.0005823783894749,0.0173300426386745,8,,
deberta-v3-small,6,7,74.56647398843931,71.29094412331406,1911630886,3.0257259383172423e-05,7.503355419644137e-05,0.0208826486707485,4,,
deberta-v3-small,6,8,62.04238921001927,69.17148362235068,1877727895,1.2147930760973742e-05,0.0001684798162319,0.1901529116224781,10,,
deberta-v3-small,6,9,76.878612716763,75.52986512524085,1763630291,7.937973445797298e-06,8.871023362184711e-05,0.1884867546827198,9,,
deberta-v3-small,6,10,64.54720616570327,67.6300578034682,1670745647,5.316682016117774e-05,1.1914349733474357e-05,0.1471413195399423,8,,
deberta-v3-small,6,11,76.4932562620424,73.98843930635839,199393663,3.0951720056197334e-05,0.0162802975512656,0.0766377930682377,5,,
deberta-v3-small,6,12,60.115606936416185,61.078998073217726,893405004,6.304639424661947e-06,0.0844362137708938,0.0097924368699736,3,,
deberta-v3-small,6,13,65.3179190751445,66.85934489402698,37399465,9.590092781804203e-06,0.0006902091654091,0.1972880634425998,6,,
deberta-v3-small,6,14,72.25433526011561,73.02504816955684,189615815,8.747406658651546e-05,5.724655347366334e-05,0.022743163382736,3,,
deberta-v3-small,6,15,78.03468208092485,74.373795761079,1122708903,7.143252097033258e-05,1.413324231730978e-05,0.0065492768842154,10,,
deberta-v3-small,6,16,77.45664739884393,75.72254335260115,1945167601,2.4962970612577696e-05,0.0322474189288207,0.1332032311696703,6,,
deberta-v3-small,6,17,63.39113680154143,67.05202312138728,1785810563,1.598704951130555e-05,2.223804005166029e-05,0.1258331872390169,7,,
deberta-v3-small,6,18,65.70327552986512,73.60308285163777,1087266796,2.7893008554765375e-05,6.581968625331288e-05,0.16326072461982,8,,
deberta-v3-small,6,19,64.54720616570327,66.66666666666667,428376827,7.033580507778546e-06,6.89321286721094e-05,0.062898971595812,5,,
deberta-v3-small,6,20,71.67630057803468,73.60308285163777,793228160,5.919392947861167e-05,0.0098594789855501,0.00703761052471,10,,
deberta-v3-small,6,21,76.30057803468208,74.95183044315992,1410445231,4.412876797486822e-05,7.144922577553397e-05,0.0178773159503674,9,,
deberta-v3-small,6,22,70.90558766859345,69.7495183044316,774359426,2.1657185619298655e-05,0.0134524812847226,0.0739321588652855,7,,
deberta-v3-small,6,23,67.2447013487476,70.90558766859345,1876872648,6.596515903066512e-05,0.0001806024775689,0.1787534222829451,6,,
deberta-v3-small,6,24,73.60308285163777,71.48362235067438,1356572114,1.581566428169343e-05,1.3751800257059572e-05,0.0882028178051823,9,,
deberta-v3-small,6,25,66.47398843930635,67.4373795761079,303780384,2.199558769497001e-05,2.8733994364796707e-05,0.1559391958420475,2,,
deberta-v3-small,6,26,57.22543352601157,64.54720616570327,538735408,8.56081837006836e-06,0.0003840392179402,0.0259941974430349,6,,
deberta-v3-small,6,27,72.44701348747591,71.86897880539499,1003046006,7.712595936806661e-05,0.0036231492049412,0.027795866350264,9,,
deberta-v3-small,6,28,77.45664739884393,74.95183044315992,1626778530,2.8126051571455925e-05,0.0003205191829735,0.1933650880824705,6,,
deberta-v3-small,6,29,58.57418111753372,67.05202312138728,1329103646,1.7994391461741106e-05,1.4915249533198195e-05,0.0231468627055743,10,,
deberta-v3-small,7,0,64.81113320079523,60.11904761904762,2104880575,2.57015585906429e-05,0.0001664608978859,0.0248027056993447,3,,
deberta-v3-small,7,1,58.25049701789264,58.13492063492063,742785135,7.297845988614053e-06,0.0002003892930985,0.1540193577540222,8,,
deberta-v3-small,7,2,72.76341948310139,69.04761904761905,1071507086,2.4062086277118023e-05,0.006132028891373,0.09236443099239,9,,
deberta-v3-small,7,3,64.41351888667992,58.53174603174603,1966733077,1.202666166021638e-05,0.0002502025773604,0.1197258326896178,8,,
deberta-v3-small,7,4,61.63021868787276,59.32539682539682,776824602,3.318202499899303e-05,0.0069507644677238,0.1180693164387269,2,,
deberta-v3-small,7,5,70.37773359840955,71.03174603174604,1187326088,5.003460037501523e-05,0.0016794287343625,0.1071872678610507,2,,
deberta-v3-small,7,6,59.24453280318092,57.53968253968254,2138342999,6.8844638355150885e-06,0.0135251545238029,0.0723317033394126,7,,
deberta-v3-small,7,7,76.93836978131213,73.21428571428571,2134241371,6.422750823253691e-05,5.108132370580114e-05,0.1601892324621867,8,,
deberta-v3-small,7,8,70.17892644135189,68.05555555555556,1355814109,1.4093193633080089e-05,0.0013365507547654,0.1756252574813718,7,,
deberta-v3-small,7,9,66.40159045725646,64.48412698412699,1220858727,1.890780058236504e-05,0.0083835927740609,0.1475144902111802,4,,
deberta-v3-small,7,10,64.21471172962227,62.698412698412696,595690661,4.514797742604992e-05,0.0078806357878824,0.0985271812405932,3,,
deberta-v3-small,7,11,49.90059642147117,47.42063492063492,1889350236,6.92056928988575e-06,0.0374840354183605,0.1486823232151564,2,,
deberta-v3-small,7,12,69.18489065606362,66.66666666666667,522368286,8.107968639823846e-05,1.727707064482068e-05,0.198203472849895,8,,
deberta-v3-small,7,13,65.8051689860835,62.5,1758673131,4.4452182100178e-05,0.013463224630878,0.0166088274056071,3,,
deberta-v3-small,7,14,68.58846918489066,68.25396825396825,1277357423,1.161851847933384e-05,1.0157229343414178e-05,0.0468949187805168,9,,
deberta-v3-small,7,15,61.43141153081511,58.73015873015873,1919883993,1.0316398878102132e-05,0.0005007644116835,0.1997504929345566,3,,
deberta-v3-small,7,16,72.96222664015905,71.42857142857143,862518348,8.37825894672892e-05,0.0002445270236793,0.1197069643313538,3,,
deberta-v3-small,7,17,64.01590457256461,66.26984126984127,1880805331,2.895204778425626e-05,0.0008440615932031,0.0271691798714176,10,,
deberta-v3-small,7,18,49.90059642147117,48.01587301587302,1641065496,7.367429923388963e-05,0.0001557503349611,0.1401446939555389,2,,
deberta-v3-small,7,19,66.00397614314116,68.45238095238095,132995468,3.46127323673171e-05,0.0156954097702059,0.093332150340489,7,,
deberta-v3-small,7,20,70.57654075546719,68.45238095238095,1263968691,3.922985757284736e-05,2.1063641052372e-05,0.1495162545734289,7,,
deberta-v3-small,7,21,64.61232604373757,60.11904761904762,643573930,2.4787934872344877e-05,0.0101669114906704,0.037350061127647,2,,
deberta-v3-small,7,22,66.40159045725646,63.29365079365079,1009251493,8.84130505749476e-06,0.0011472980686327,0.1126927187903089,6,,
deberta-v3-small,7,23,63.41948310139165,61.30952380952381,1783867147,1.6590372324017695e-05,0.0003474336831983,0.0120381395452754,9,,
deberta-v3-small,7,24,71.76938369781313,73.80952380952381,1425975457,2.8039115973733757e-05,0.0145857677030467,0.0615687862083579,6,,
deberta-v3-small,7,25,66.60039761431412,67.65873015873017,1472062307,1.2546613876697586e-05,0.0154737970260429,0.0313047145993499,10,,
deberta-v3-small,7,26,68.98608349900596,65.67460317460318,886980142,6.95038718138699e-06,0.039924172632861,0.048308046315992,9,,
deberta-v3-small,7,27,66.99801192842942,64.88095238095238,140407099,1.7583950271307966e-05,0.0018881070300576,0.1932165718770523,7,,
deberta-v3-small,7,28,61.0337972166998,59.12698412698413,1275976120,2.1657518846378333e-05,0.0003388951164316,0.1544391002565623,6,,
deberta-v3-small,7,29,63.81709741550696,63.29365079365079,1246985359,3.060894237232673e-05,0.0178590653494792,0.1898724859466186,6,,
deberta-v3-small,8,0,73.91304347826087,71.73913043478261,905812398,7.313328139844443e-05,0.0011972628426715,0.0411058171991215,7,,
deberta-v3-small,8,1,74.50592885375494,72.5296442687747,2037002204,2.6603327942015485e-05,2.6420156539821105e-05,0.0091783147128024,4,,
deberta-v3-small,8,2,69.96047430830039,69.96047430830039,1433125633,6.169239623867488e-05,0.0005303323257643,0.1176760759738934,8,,
deberta-v3-small,8,3,64.03162055335969,61.85770750988142,309035648,2.010021287962959e-05,0.0008788163837599,0.1108962409959911,10,,
deberta-v3-small,8,4,74.90118577075098,72.13438735177866,1194255722,6.07034211898039e-05,0.0009035518738316,0.1130960400106034,10,,
deberta-v3-small,8,5,61.6600790513834,61.462450592885375,1101669390,6.344508812551612e-06,0.0001095964116839,0.1590647721076836,7,,
deberta-v3-small,8,6,68.97233201581028,68.18181818181819,1956352619,1.4429571175283211e-05,0.0068142691849969,0.1295564847866822,8,,
deberta-v3-small,8,7,73.3201581027668,70.75098814229248,1195844478,3.3229660696276595e-05,0.0016933278823407,0.0410922992469998,10,,
deberta-v3-small,8,8,66.20553359683794,66.20553359683794,854761690,1.3393293576245608e-05,0.0426542776425932,0.1269122161767124,8,,
deberta-v3-small,8,9,71.54150197628458,69.56521739130434,1843828670,3.3151097074555454e-05,0.0921458139751803,0.0934488826321958,7,,
deberta-v3-small,8,10,60.276679841897234,62.055335968379445,1458857996,6.48922065072776e-06,0.001111622743674,0.1926541293340503,4,,
deberta-v3-small,8,11,71.93675889328063,71.34387351778656,836569511,2.90015873285336e-05,2.0287338333866048e-05,0.1160008736428978,3,,
deberta-v3-small,8,12,45.25691699604743,52.17391304347826,1660373211,5.364935982698112e-06,8.313894514221418e-05,0.0836245920654584,2,,
deberta-v3-small,8,13,69.36758893280633,69.1699604743083,1494648813,1.3605410671308669e-05,8.05675738182693e-05,0.1042534821014632,9,,
deberta-v3-small,8,14,63.83399209486166,67.3913043478261,160077333,2.685676143026084e-05,0.000111966894853,0.098018814569494,6,,
deberta-v3-small,8,15,69.76284584980237,66.60079051383399,1685436739,1.1901277236349065e-05,0.0007443219540289,0.0817816860185227,10,,
deberta-v3-small,8,16,75.69169960474308,73.3201581027668,374283525,6.165330673354407e-05,1.4470582775190088e-05,0.0388436826012974,5,,
deberta-v3-small,8,17,74.50592885375494,73.12252964426878,1524045346,2.371379881520628e-05,0.0210777607444793,0.1074666879571786,10,,
deberta-v3-small,8,18,69.36758893280633,67.58893280632411,349031450,7.372621770058524e-05,0.0044276660403209,0.0408896718251778,9,,
deberta-v3-small,8,19,66.79841897233202,66.20553359683794,1915810218,1.7371836638714034e-05,0.0172494955920103,0.027029844895693,6,,
deberta-v3-small,8,20,62.055335968379445,58.69565217391305,1672426416,7.879580194072538e-06,0.0001122294133294,0.1451371063427774,4,,
deberta-v3-small,8,21,71.14624505928853,70.55335968379447,2073172188,5.304272565951819e-05,0.0001057799912546,0.0284063368535526,4,,
deberta-v3-small,8,22,71.54150197628458,69.1699604743083,1692593324,2.7937177962628954e-05,1.7664993128912345e-05,0.0210681639157527,3,,
deberta-v3-small,8,23,71.93675889328063,72.33201581027669,1919198911,4.65175336886828e-05,0.0004370962773524,0.0092217931744421,8,,
deberta-v3-small,8,24,64.03162055335969,62.45059288537549,1225154674,3.9523916677421e-05,0.0066034924872825,0.195809085459449,2,,
deberta-v3-small,8,25,73.3201581027668,72.13438735177866,1175663056,3.2205256234355295e-05,0.0738331049776151,0.0223506264821708,7,,
deberta-v3-small,8,26,71.73913043478261,68.18181818181819,92195449,7.636817286948796e-05,0.0126452668464056,0.1005583649802274,3,,
deberta-v3-small,8,27,68.57707509881423,65.41501976284584,480058469,2.3997040552812357e-05,4.594815016942946e-05,0.1111332352628741,2,,
deberta-v3-small,8,28,67.78656126482214,64.82213438735178,1757744346,3.904713489574371e-05,1.841492990757304e-05,0.1981608391382895,5,,
deberta-v3-small,8,29,72.92490118577075,73.12252964426878,1021087376,3.412313561681709e-05,0.0055020386751784,0.0791983741313583,5,,
deberta-v3-small,9,0,60.53639846743295,63.67112810707457,1313109533,1.9668384521483385e-05,3.9387863425396096e-05,0.0226369476800954,7,,
deberta-v3-small,9,1,72.03065134099617,71.51051625239006,1672865199,1.2143790455104809e-05,0.0001615267902462,0.1104507995576429,5,,
deberta-v3-small,9,2,70.88122605363985,71.51051625239006,1990441582,7.156288838988525e-05,9.432607423110103e-05,0.0080641329966388,7,,
deberta-v3-small,9,3,61.30268199233716,59.46462715105162,1585282474,8.577992073890565e-06,0.0130978259930201,0.1152523282277115,7,,
deberta-v3-small,9,4,68.19923371647509,70.5544933078394,166297922,1.771151803839915e-05,0.0764019954603699,0.1845933597141164,8,,
deberta-v3-small,9,5,58.62068965517241,63.86233269598471,642564849,6.581773093807142e-06,0.0001106861186394,0.0983708814564205,5,,
deberta-v3-small,9,6,68.96551724137932,68.26003824091778,717153597,3.992728877160843e-05,0.0010283741952366,0.0911562117054922,4,,
deberta-v3-small,9,7,74.13793103448276,73.61376673040154,1165508694,5.599650496816114e-05,2.4080365886029143e-05,0.1743140528859723,5,,
deberta-v3-small,9,8,70.49808429118774,71.89292543021033,829642615,6.74371450742641e-05,0.0916833012716328,0.196109864644773,5,,
deberta-v3-small,9,9,55.747126436781606,56.59655831739962,1967326589,1.0570646018387736e-05,2.8659425995261484e-05,0.0866807919770017,2,,
deberta-v3-small,9,10,73.1800766283525,73.9961759082218,1935258440,3.6793096799486726e-05,0.0479436025810292,0.0012647855052893,9,,
deberta-v3-small,9,11,51.53256704980843,51.05162523900574,529855511,1.1105044184632593e-05,1.6356366955360575e-05,0.197319067964237,2,,
deberta-v3-small,9,12,74.32950191570882,74.37858508604207,1267230518,5.463599202181528e-05,0.0004862718739726,0.0268534058865032,4,,
deberta-v3-small,9,13,63.60153256704981,66.73040152963671,1158215356,1.5149852012496542e-05,4.056541430666393e-05,0.1183353540343392,3,,
deberta-v3-small,9,14,69.92337164750958,68.83365200764818,1226498898,7.052591964600707e-06,0.0010000470075226,0.1481059651611348,7,,
deberta-v3-small,9,15,72.03065134099617,72.65774378585085,876843224,7.832957958460473e-05,0.0017761270807253,0.1432837851919099,4,,
deberta-v3-small,9,16,60.3448275862069,61.185468451242826,1408659622,9.205073243205775e-06,0.0450190803207873,0.1863523415101127,7,,
deberta-v3-small,9,17,69.73180076628353,70.74569789674952,639287605,5.077563599748388e-05,0.0040843026227024,0.1186342431345293,2,,
deberta-v3-small,9,18,70.49808429118774,68.26003824091778,241784803,6.37922421895866e-05,0.00084295717421,0.1387477117621023,2,,
deberta-v3-small,9,19,74.52107279693486,73.4225621414914,295061546,2.073652746236737e-05,0.0105665965318378,0.1694254256837095,7,,
deberta-v3-small,9,20,71.26436781609195,71.89292543021033,57611514,5.354697624028511e-05,1.048189385906024e-05,0.0317397506734636,6,,
deberta-v3-small,9,21,72.03065134099617,70.74569789674952,1587567952,8.792499967458521e-05,5.249822987661413e-05,0.1858987881836886,10,,
deberta-v3-small,9,22,73.5632183908046,76.2906309751434,1626683530,5.05723252404086e-05,0.0021564210948826,0.1455082613583619,8,,
deberta-v3-small,9,23,72.79693486590038,73.61376673040154,2075342783,7.928378386811291e-05,9.321753394777388e-05,0.0770928172601422,3,,
deberta-v3-small,9,24,72.60536398467433,72.46653919694073,1631174406,7.912842304771434e-05,1.8523579836998737e-05,0.0680373675198224,7,,
deberta-v3-small,9,25,73.75478927203065,72.27533460803059,766723287,6.485310869443752e-06,0.0335187140733163,0.1997221181093869,9,,
deberta-v3-small,9,26,72.22222222222223,73.9961759082218,1671088765,3.971536808421794e-05,0.0004378894411656,0.1748690916075853,4,,
deberta-v3-small,9,27,72.41379310344827,72.65774378585085,2000107631,2.1025926141962843e-05,0.047049576069537,0.1249586474924272,10,,
deberta-v3-small,9,28,63.98467432950192,68.64244741873804,1472535290,1.9256097864015943e-05,0.0117578659804617,0.1442471075442645,6,,
deberta-v3-small,9,29,70.30651340996168,73.23135755258126,2080969951,2.7206945924583745e-05,4.882264150042178e-05,0.0327730357141175,4,,
deberta-v3-small,10,0,69.68503937007874,67.38703339882122,1397447068,3.7288959721477554e-05,0.0189775286253633,0.1844159992607157,5,,
deberta-v3-small,10,1,60.23622047244095,59.921414538310415,330571112,2.077901666483292e-05,0.0137723629107814,0.021701646137713,8,,
deberta-v3-small,10,2,68.30708661417323,66.60117878192534,1903906301,5.516826572958819e-05,3.801413394667074e-05,0.0784574306874789,10,,
deberta-v3-small,10,3,65.35433070866142,67.77996070726915,1101706950,6.131641722141629e-05,0.0002735920776676,0.0796590656848472,4,,
deberta-v3-small,10,4,60.43307086614173,61.68958742632613,334778268,1.882942093643009e-05,0.0477429443405946,0.1688379887786422,3,,
deberta-v3-small,10,5,68.30708661417323,69.74459724950884,408945871,2.0410101181343377e-05,0.0228352418215973,0.0214919154289063,8,,
deberta-v3-small,10,6,68.7007874015748,72.10216110019647,1360421569,2.656585983731889e-05,0.0118574387736279,0.1478336446631783,6,,
deberta-v3-small,10,7,64.56692913385827,65.22593320235757,1125507732,9.276671227230417e-05,0.0042896671664733,0.1289468283741741,5,,
deberta-v3-small,10,8,59.44881889763779,60.31434184675835,1210421700,1.1243777111628556e-05,0.0509083093919525,0.0689427806619556,3,,
deberta-v3-small,10,9,73.03149606299213,72.69155206286837,60728596,4.286853456157453e-05,0.0006973850153969,0.0124312645385792,5,,
deberta-v3-small,10,10,66.33858267716535,62.08251473477407,714558722,6.176867182522506e-05,0.0068090853308948,0.1874033199176819,6,,
deberta-v3-small,10,11,55.11811023622048,57.56385068762279,434136605,5.313639082908942e-06,0.0003360787389157,0.1783412894590726,2,,
deberta-v3-small,10,12,59.84251968503937,58.93909626719057,2116570668,1.8672924999430188e-05,0.0056463190814258,0.0903703045685679,6,,
deberta-v3-small,10,13,68.50393700787401,66.01178781925344,1033747110,5.993963819899623e-06,0.0005582556139924,0.0022746732786848,6,,
deberta-v3-small,10,14,59.05511811023622,60.31434184675835,751775679,4.166892016831804e-05,0.012213403066327,0.068891076022859,6,,
deberta-v3-small,10,15,65.35433070866142,63.850687622789785,1916510344,1.6079015639170914e-05,0.0001331928406348,0.1672011084332888,10,,
deberta-v3-small,10,16,70.07874015748031,68.36935166994107,861437269,6.536739419822651e-05,0.000176816546247,0.1824327515904593,10,,
deberta-v3-small,10,17,67.1259842519685,62.86836935166994,1577799448,1.988560469445504e-05,1.8026094178999065e-05,0.0978121916596717,2,,
deberta-v3-small,10,18,66.14173228346456,69.54813359528487,194504021,9.576286867594992e-05,1.2096024679408367e-05,0.1052685144566712,4,,
deberta-v3-small,10,19,57.874015748031496,58.93909626719057,375968944,6.069455121007383e-06,0.0001267017457762,0.1187872594926663,8,,
deberta-v3-small,10,20,69.68503937007874,70.33398821218074,1982813186,2.4722171092719942e-05,0.0551346631724687,0.1040159397749173,5,,
deberta-v3-small,10,21,68.7007874015748,71.90569744597249,646276131,3.976652970291134e-05,7.026892009869426e-05,0.0096970103716898,4,,
deberta-v3-small,10,22,66.14173228346456,66.79764243614932,311856584,1.15126568419413e-05,3.087331888482873e-05,0.1906651317891229,9,,
deberta-v3-small,10,23,58.85826771653543,59.13555992141454,2052492924,1.339525041569196e-05,2.403396136411104e-05,0.0054649835712255,5,,
deberta-v3-small,10,24,67.1259842519685,65.22593320235757,1564999666,2.6958677185101423e-05,0.0045138853992848,0.186518557232851,4,,
deberta-v3-small,10,25,62.00787401574803,63.26129666011788,1287363318,1.4794505229106131e-05,3.0683835655290893e-05,0.169733282297,4,,
deberta-v3-small,10,26,72.04724409448819,72.69155206286837,1964685548,8.438189960891399e-05,2.102536404949986e-05,0.0975480741097786,5,,
deberta-v3-small,10,27,64.1732283464567,64.63654223968565,675888427,7.915743510670628e-06,0.0006415097229177,0.1678817495615611,4,,
deberta-v3-small,10,28,63.77952755905512,64.04715127701375,340842231,1.0898847518646088e-05,3.3527916161880456e-05,0.1840582999171242,4,,
deberta-v3-small,10,29,65.55118110236221,64.83300589390963,557558423,1.6414916220065826e-05,4.348819731408365e-05,0.1208948914053618,7,,
deberta-v3-small,11,0,67.18146718146718,64.28571428571429,50866408,8.27373112094951e-05,0.0077163335041303,0.1258201050556538,7,,
deberta-v3-small,11,1,76.64092664092664,72.77992277992279,1118741539,3.3530197999864164e-05,0.0004919816537564,0.1411497089122161,4,,
deberta-v3-small,11,2,73.74517374517374,69.11196911196912,1710167807,1.6475270427433495e-05,0.0340262503785139,0.1745230481841064,10,,
deberta-v3-small,11,3,68.53281853281854,64.86486486486487,2060425105,6.823879369932078e-06,0.0011390708795536,0.0720142846688914,9,,
deberta-v3-small,11,4,70.84942084942085,68.91891891891892,282223498,3.225596733299499e-05,0.0066158515539188,0.0593684925319647,8,,
deberta-v3-small,11,5,73.35907335907336,73.93822393822394,1448447801,1.552638388689575e-05,4.323484336713813e-05,0.1323901862484181,4,,
deberta-v3-small,11,6,73.55212355212355,70.65637065637065,1044086340,2.93406902822812e-05,0.0001151424137926,0.0724143609876363,8,,
deberta-v3-small,11,7,72.2007722007722,68.33976833976834,2005079870,3.0434771121905452e-05,0.0031965018096434,0.0856230512128136,7,,
deberta-v3-small,11,8,74.51737451737452,68.91891891891892,555391552,3.4577852567381e-05,0.0040613277264656,0.0302852073509702,9,,
deberta-v3-small,11,9,72.39382239382239,71.04247104247104,236544484,1.9081978218796208e-05,0.003621218044996,0.1334024819357344,6,,
deberta-v3-small,11,10,75.48262548262548,72.2007722007722,1078649287,5.139614631331991e-05,0.0071026424174292,0.1629860342317161,3,,
deberta-v3-small,11,11,69.88416988416988,69.3050193050193,2082739780,4.904791157485483e-05,2.4675841882960704e-05,0.1178516413978032,2,,
deberta-v3-small,11,12,73.55212355212355,72.2007722007722,437452602,3.267538040055665e-05,7.188262444999409e-05,0.094257766768809,6,,
deberta-v3-small,11,13,73.74517374517374,72.2007722007722,1683419518,5.0970396434615415e-05,0.0009775752739397,0.1436014132266565,4,,
deberta-v3-small,11,14,69.3050193050193,67.56756756756756,793770979,1.0202392523803867e-05,6.36300956175899e-05,0.0690935746128755,5,,
deberta-v3-small,11,15,69.3050193050193,65.25096525096525,1411791679,2.848377083654006e-05,0.0002607916350259,0.0421860830694195,4,,
deberta-v3-small,11,16,67.95366795366796,68.72586872586872,434856652,6.505405326343743e-06,0.0006145573600168,0.1526445594967025,6,,
deberta-v3-small,11,17,74.32432432432432,71.23552123552123,542355081,4.626996870531801e-05,0.01423344415797,0.0011138770554893,8,,
deberta-v3-small,11,18,72.00772200772201,72.97297297297297,35818513,3.655970750618737e-05,0.0017527688858634,0.096368189396756,2,,
deberta-v3-small,11,19,66.21621621621621,67.76061776061776,559969087,9.006672734745531e-06,0.0002451115247834,0.0801078926733524,4,,
deberta-v3-small,11,20,60.424710424710426,62.35521235521235,489994680,7.535948545476314e-06,0.0045773996622099,0.1902153988539748,4,,
deberta-v3-small,11,21,72.77992277992279,69.6911196911197,2069288040,8.058755161938364e-05,0.0066372957985569,0.1707410967762085,8,,
deberta-v3-small,11,22,68.53281853281854,69.4980694980695,1863299038,1.2407712719120307e-05,0.0248316922191721,0.0973578456866106,3,,
deberta-v3-small,11,23,76.06177606177606,73.55212355212355,676515908,3.02521318428639e-05,0.0002268833186951,0.0383286299776112,4,,
deberta-v3-small,11,24,67.56756756756756,64.28571428571429,1804643596,7.570159650343023e-06,0.0015821003633672,0.0557933581137466,6,,
deberta-v3-small,11,25,70.46332046332046,69.3050193050193,1616939284,5.00033660717517e-05,1.1585801349263036e-05,0.0842187984284066,10,,
deberta-v3-small,11,26,74.32432432432432,68.72586872586872,369726749,4.287010160004395e-05,9.708124863480646e-05,0.1009975892873324,7,,
deberta-v3-small,11,27,75.67567567567568,75.0965250965251,446835099,3.379541466866543e-05,7.817970175153458e-05,0.1975307950482537,10,,
deberta-v3-small,11,28,61.58301158301158,57.91505791505792,558392206,1.0929773735335191e-05,0.0005427037210736,0.1192794725677602,2,,
deberta-v3-small,11,29,72.00772200772201,71.81467181467181,1655599702,1.2295296734337765e-05,2.8803252568245532e-05,0.1084004253720065,8,,
deberta-v3-small,12,0,72.83236994219654,68.59344894026975,440762722,4.729955618225289e-05,0.0001176675769482,0.051516937707908,5,,
deberta-v3-small,12,1,60.69364161849711,61.65703275529865,1991593718,1.0601031259022843e-05,0.0002819644077418,0.0132676695871384,2,,
deberta-v3-small,12,2,66.47398843930635,64.9325626204239,2136017609,7.272988765716705e-05,0.0033489823830454,0.0389652030101288,8,,
deberta-v3-small,12,3,73.21772639691714,70.32755298651253,52763566,1.6920237947489336e-05,0.0059509202094332,0.1135797279904949,5,,
deberta-v3-small,12,4,66.28131021194605,63.77649325626204,1691169884,1.4364475699618477e-05,4.50377548180536e-05,0.1814217637803774,4,,
deberta-v3-small,12,5,70.32755298651253,68.78612716763006,552157378,7.157610768444591e-05,2.2202264184000155e-05,0.0567512510205392,9,,
deberta-v3-small,12,6,72.06165703275529,69.36416184971098,862379712,3.0602117400378606e-05,3.283738477288303e-05,0.1775512447049169,10,,
deberta-v3-small,12,7,66.85934489402698,66.28131021194605,1940704740,5.5378298485277846e-05,0.0101311650097753,0.1503584376336802,7,,
deberta-v3-small,12,8,62.62042389210019,63.005780346820806,1147559222,1.1722285462034343e-05,0.0006830110955163,0.1070193239189528,3,,
deberta-v3-small,12,9,74.18111753371869,69.7495183044316,1694715560,1.875420391382281e-05,0.0034447143592537,0.0232532360460508,7,,
deberta-v3-small,12,10,71.86897880539499,68.40077071290943,819456050,8.76898660742919e-05,1.5903677186526994e-05,0.0558932166057311,2,,
deberta-v3-small,12,11,73.02504816955684,69.36416184971098,1215913032,2.190641612145904e-05,3.3976383620464653e-05,0.0053499032335774,10,,
deberta-v3-small,12,12,62.23506743737958,59.922928709055874,2064873335,7.7125875360382e-06,0.0501935553577526,0.0247136352286327,6,,
deberta-v3-small,12,13,65.70327552986512,65.1252408477842,1983956994,3.955150610163072e-05,0.000459461968683,0.1045257475050892,4,,
deberta-v3-small,12,14,73.98843930635839,71.86897880539499,557335238,2.7235201418125355e-05,1.0680797987803848e-05,0.1836784694244536,10,,
deberta-v3-small,12,15,58.959537572254334,57.41811175337187,1858205136,1.4373052555703333e-05,1.6538965749392955e-05,0.0162633318569465,2,,
deberta-v3-small,12,16,70.32755298651253,68.40077071290943,1032787783,4.28384012145048e-05,8.515013522313542e-05,0.1925152595981182,10,,
deberta-v3-small,12,17,65.1252408477842,61.65703275529865,1091923348,2.113929286958834e-05,0.0122166185234122,0.0456377864125396,10,,
deberta-v3-small,12,18,65.89595375722543,61.84971098265896,767004924,1.1484669143306442e-05,0.0029374523859769,0.0040305553660809,8,,
deberta-v3-small,12,19,71.29094412331406,72.44701348747591,1018167418,2.1294730405981848e-05,6.42832508121529e-05,0.1005065605849639,9,,
deberta-v3-small,12,20,65.51059730250482,62.8131021194605,4767746,8.506887097488213e-06,0.0660267478897427,0.0527977510543586,10,,
deberta-v3-small,12,21,72.25433526011561,69.17148362235068,1787462868,2.2407233676295528e-05,2.074447614174199e-05,0.0527771847511597,10,,
deberta-v3-small,12,22,63.77649325626204,61.46435452793834,108159831,1.3238579843350195e-05,0.0109434194185093,0.1263579660971791,3,,
deberta-v3-small,12,23,66.47398843930635,64.73988439306359,825200636,6.474771536226998e-06,1.2832781559327829e-05,0.0942275393254026,5,,
deberta-v3-small,12,24,72.63969171483622,68.78612716763006,1244064805,6.964333542147432e-05,9.851229111100986e-05,0.0027603004671319,3,,
deberta-v3-small,12,25,72.06165703275529,70.32755298651253,367330235,9.501646094438503e-06,0.0369103964082465,0.1652996320120236,9,,
deberta-v3-small,12,26,58.57418111753372,60.69364161849711,1494541034,1.273454440807692e-05,0.0366065170142927,0.1127248114496472,2,,
deberta-v3-small,12,27,69.36416184971098,68.97880539499036,534281477,9.1012749321267e-05,0.0015732902683665,0.184756140180905,10,,
deberta-v3-small,12,28,73.79576107899807,69.36416184971098,1299502924,9.21020066247194e-06,2.0464961616756474e-05,0.1026858321538763,10,,
deberta-v3-small,12,29,62.04238921001927,62.04238921001927,1304907423,1.7877163244873062e-05,0.0111239941070104,0.0949618197980609,2,,
deberta-v3-small,13,0,69.140625,68.5546875,323129943,4.877141921322008e-05,0.0045448615395972,0.0476019800099174,5,,
deberta-v3-small,13,1,67.3828125,66.796875,2123238028,6.307769946755909e-05,6.506970963021364e-05,0.0532361172725028,8,,
deberta-v3-small,13,2,63.28125,64.0625,2073791799,1.726998059732903e-05,0.0327619873269585,0.0482761645301099,9,,
deberta-v3-small,13,3,71.875,66.796875,1517630749,5.052942966979091e-05,0.0080750534123148,0.1399192398185116,3,,
deberta-v3-small,13,4,64.6484375,59.1796875,1380666519,7.891229200031292e-06,1.0344389252257828e-05,0.1198399864787033,5,,
deberta-v3-small,13,5,70.5078125,66.015625,714932316,8.876370980939178e-05,0.000257778034894,0.036958023269058,9,,
deberta-v3-small,13,6,70.3125,64.0625,1675776234,5.128662832221122e-06,0.0243217034726368,0.0227023652411151,10,,
deberta-v3-small,13,7,72.0703125,71.875,621406062,2.2333291669582317e-05,0.0432749446298422,0.1825959289551365,10,,
deberta-v3-small,13,8,69.53125,71.2890625,1156253053,9.537016737740438e-05,0.0596596368420765,0.1276585518905764,4,,
deberta-v3-small,13,9,64.2578125,60.546875,1762867463,1.1369999991405627e-05,0.0867247605649382,0.1935461889132257,8,,
deberta-v3-small,13,10,69.53125,67.7734375,620901032,4.558161197415023e-05,2.1027927845969097e-05,0.0746783390870926,10,,
deberta-v3-small,13,11,73.2421875,68.9453125,453890516,3.6419407664919866e-05,0.0028259389950861,0.0789189302663707,10,,
deberta-v3-small,13,12,72.4609375,69.140625,905755138,3.673476648393826e-05,0.0063743370272196,0.1611428083331139,4,,
deberta-v3-small,13,13,60.15625,58.203125,1620242036,5.945028306551457e-06,7.751608785163595e-05,0.1319843589869131,5,,
deberta-v3-small,13,14,68.1640625,67.578125,600266702,1.884278551116164e-05,0.0021374231683712,0.1065746224076376,10,,
deberta-v3-small,13,15,68.1640625,64.2578125,798073514,6.78497909319899e-06,0.0687403739379498,0.1198702083892749,9,,
deberta-v3-small,13,16,73.046875,70.8984375,1647617221,2.0007978101010477e-05,0.0578477167320477,0.0358761566530028,10,,
deberta-v3-small,13,17,70.703125,68.9453125,1896548390,3.247261793361636e-05,0.0428318722566668,0.1618144143915474,9,,
deberta-v3-small,13,18,73.6328125,71.6796875,2116056234,5.676364530751484e-05,0.0344897346182237,0.0265473075727239,6,,
deberta-v3-small,13,19,72.265625,69.3359375,1378301055,4.712074475402818e-05,0.0001532065759516,0.1001419087845982,6,,
deberta-v3-small,13,20,60.546875,58.7890625,870409506,5.770490483884059e-06,0.0489262394081268,0.1977473465721045,9,,
deberta-v3-small,13,21,70.703125,69.140625,1436059535,1.0087977456958355e-05,1.933585910129149e-05,0.0745408493008255,10,,
deberta-v3-small,13,22,58.984375,57.421875,1475153668,7.14570677112199e-06,0.0092118283162658,0.1337762546508724,3,,
deberta-v3-small,13,23,67.7734375,66.2109375,8337111,8.833398482767083e-06,0.0026892009988063,0.0866220816903789,6,,
deberta-v3-small,13,24,63.0859375,61.9140625,2022371240,2.4409461432997385e-05,0.0167597526211495,0.1117558213183829,6,,
deberta-v3-small,13,25,67.7734375,64.6484375,1020259502,5.222600173800013e-05,0.0735093233179438,0.0708594518007426,7,,
deberta-v3-small,13,26,52.1484375,48.828125,1217565615,9.507174765254666e-06,3.904230186645707e-05,0.0445448663219981,2,,
deberta-v3-small,13,27,63.0859375,63.4765625,736662306,5.00521432535222e-06,1.3088237235194636e-05,0.0503402767120559,5,,
deberta-v3-small,13,28,74.4140625,72.8515625,929927130,2.351728778341001e-05,0.0807791931861758,0.1183982917622848,10,,
deberta-v3-small,13,29,68.359375,67.1875,1718297594,8.753037615219289e-05,3.173715755558985e-05,0.1290415614464806,7,,
deberta-v3-small,14,0,57.47572815533981,61.16504854368932,778084448,2.6004401344216105e-05,2.4863746380049287e-05,0.1475464935449038,9,,
deberta-v3-small,14,1,65.8252427184466,69.32038834951456,1957273813,5.673807255034337e-05,1.1084329168768558e-05,0.0203637042114523,8,,
deberta-v3-small,14,2,64.46601941747574,66.01941747572816,1561315414,3.317500360204381e-05,9.3484331231661e-05,0.1659888071436599,10,,
deberta-v3-small,14,3,59.41747572815534,60.77669902912621,522050590,6.72822709180917e-06,0.000226792951257,0.0989348359142195,7,,
deberta-v3-small,14,4,64.46601941747574,63.10679611650485,167341616,7.791410946258873e-06,2.4725552889310443e-05,0.1403330442878929,5,,
deberta-v3-small,14,5,71.06796116504854,75.14563106796116,574616386,6.68118200469553e-05,6.290856535457761e-05,0.1516015519369158,8,,
deberta-v3-small,14,6,66.40776699029126,68.3495145631068,1757637157,1.2863323237376466e-05,0.0012921676013791,0.1479902193443821,9,,
deberta-v3-small,14,7,65.04854368932038,66.99029126213593,1258640832,3.9819668403330574e-05,0.0130563260238935,0.0627643315265227,3,,
deberta-v3-small,14,8,58.05825242718446,59.80582524271845,555939174,5.649574336861022e-06,0.0004797696625401,0.1945039439675588,5,,
deberta-v3-small,14,9,73.20388349514563,74.95145631067962,464437203,4.824616406385352e-05,0.0427872869183232,0.0953357537825803,9,,
deberta-v3-small,14,10,62.9126213592233,64.85436893203884,1596173665,1.4331475099676963e-05,0.0118791642253101,0.184411632850477,2,,
deberta-v3-small,14,11,67.57281553398059,66.2135922330097,1699730431,6.553080432715431e-05,0.0023800019232275,0.1294272446385276,9,,
deberta-v3-small,14,12,58.640776699029125,62.9126213592233,1224557195,2.6113327178192523e-05,1.14904963731743e-05,0.159902331488466,8,,
deberta-v3-small,14,13,65.4368932038835,66.99029126213593,222950710,2.13455541248256e-05,9.153224829541616e-05,0.0593267107385816,5,,
deberta-v3-small,14,14,65.24271844660194,65.63106796116504,2123458326,1.3320852422121184e-05,0.0212631597612881,0.0096608199925583,4,,
deberta-v3-small,14,15,68.7378640776699,70.09708737864078,1933905340,1.5137969118755098e-05,0.0081001636620477,0.1837689580689173,6,,
deberta-v3-small,14,16,72.81553398058253,73.98058252427184,1595682729,7.458774710475607e-05,0.001963222664427,0.0726492672801189,3,,
deberta-v3-small,14,17,65.04854368932038,62.52427184466019,1111861181,6.076054855327061e-06,2.0265342464445484e-05,0.0274711433546199,8,,
deberta-v3-small,14,18,67.57281553398059,70.87378640776699,229215060,3.714528320661629e-05,0.0072568697236861,0.0211165534701383,7,,
deberta-v3-small,14,19,69.51456310679612,71.2621359223301,1635253881,1.7198505313973984e-05,1.920278357892425e-05,0.1245554030254684,10,,
deberta-v3-small,14,20,67.57281553398059,68.3495145631068,2022814623,1.583392270627446e-05,0.0123267869067385,0.0692846614503096,5,,
deberta-v3-small,14,21,68.7378640776699,71.2621359223301,725438133,3.2927712102514574e-05,0.0248773892014626,0.1158731266976242,7,,
deberta-v3-small,14,22,60.19417475728155,61.55339805825243,1966540533,3.886835963283386e-05,0.0001331317263185,0.1470930888633354,3,,
deberta-v3-small,14,23,59.41747572815534,62.9126213592233,1042229550,1.6604594087683814e-05,2.053934592118452e-05,0.0574714159213444,6,,
deberta-v3-small,14,24,68.54368932038835,73.00970873786407,1315781976,1.017832182189396e-05,0.0025282504979256,0.0772431789111223,5,,
deberta-v3-small,14,25,62.13592233009709,63.300970873786405,196331226,3.265906082153447e-05,0.0058322259668061,0.0649686461936962,8,,
deberta-v3-small,14,26,57.66990291262136,61.35922330097088,781976846,1.1623209380852238e-05,0.0263173006701584,0.1228935014089286,6,,
deberta-v3-small,14,27,57.86407766990291,59.41747572815534,230666982,2.9670877706456728e-05,0.0616911971134411,0.0424219636693963,3,,
deberta-v3-small,14,28,70.67961165048544,71.6504854368932,1569152530,5.66968575152302e-05,0.0002918863331005,0.0521690624896083,2,,
deberta-v3-small,14,29,57.47572815533981,58.83495145631068,2043513321,7.288654486041686e-06,0.03444131775805,0.0966022384689553,9,,
deberta-v3-small,15,0,74.31372549019608,74.11764705882354,321983487,5.342093959471952e-05,0.0122578851079276,0.1376352407848556,10,,
deberta-v3-small,15,1,65.49019607843137,67.6470588235294,380074036,5.5391010552512005e-06,0.000181315733676,0.0853024478643028,9,,
deberta-v3-small,15,2,70.58823529411765,74.50980392156863,966741667,3.415601309639007e-05,0.0181727052706372,0.1139515528816559,4,,
deberta-v3-small,15,3,68.43137254901961,70.0,2109120133,5.0248329947581386e-05,0.0002068701637943,0.1605828640196238,10,,
deberta-v3-small,15,4,67.84313725490196,69.80392156862744,2102773833,1.607650063890152e-05,6.377598035230185e-05,0.1686793369970759,6,,
deberta-v3-small,15,5,66.07843137254902,62.35294117647059,408972424,6.082684914513129e-06,0.0728149565869022,0.1093259250007547,8,,
deberta-v3-small,15,6,70.19607843137256,71.56862745098039,989079042,3.4650036596421736e-05,0.0108081002208273,0.0068603058655574,9,,
deberta-v3-small,15,7,73.72549019607843,73.92156862745098,2024902141,3.152172405039989e-05,0.0042877021852389,0.1060001932862075,8,,
deberta-v3-small,15,8,69.6078431372549,67.84313725490196,212059654,3.0449315060152463e-05,0.0166626404417135,0.0655064392687225,2,,
deberta-v3-small,15,9,70.19607843137256,74.11764705882354,282498424,7.23037638439611e-05,0.0019163921192607,0.0117206329228554,5,,
deberta-v3-small,15,10,63.72549019607843,63.72549019607843,667845918,8.292620275483833e-06,0.0167441139286904,0.1740079591722232,6,,
deberta-v3-small,15,11,68.43137254901961,70.58823529411765,1641087085,3.482801900999415e-05,0.0396278890067247,0.190437928631289,2,,
deberta-v3-small,15,12,67.6470588235294,69.01960784313725,1723276115,6.703173978079777e-05,9.427547917935014e-05,0.1338469236897717,3,,
deberta-v3-small,15,13,69.01960784313725,69.80392156862744,1772238240,6.618040086793864e-05,0.0024386409471997,0.057401453866645,4,,
deberta-v3-small,15,14,70.58823529411765,71.17647058823529,136897172,3.35246570595088e-05,0.0118231174435012,0.1497893067601763,2,,
deberta-v3-small,15,15,73.92156862745098,72.3529411764706,1992400026,5.070300206479052e-05,0.0093334642014024,0.1971193864256677,6,,
deberta-v3-small,15,16,70.3921568627451,73.92156862745098,1599528240,9.883851195629596e-06,0.0109439305622503,0.0875914712904757,10,,
deberta-v3-small,15,17,65.09803921568627,63.333333333333336,1669491985,1.145236104848842e-05,0.0704454927566359,0.0583006862253963,6,,
deberta-v3-small,15,18,70.98039215686275,74.90196078431373,286131825,6.772526004297957e-05,0.0008639463706402,0.1904268120296012,3,,
deberta-v3-small,15,19,66.86274509803921,67.05882352941177,1585500964,9.866030290282772e-05,0.0026610378291774,0.1705518356132986,5,,
deberta-v3-small,15,20,58.62745098039216,62.74509803921568,668902086,1.1288784822541698e-05,0.0455264458920099,0.1401282096735393,3,,
deberta-v3-small,15,21,69.01960784313725,71.37254901960785,1627759461,7.773133791559414e-05,0.0858939242180239,0.0524171654973658,5,,
deberta-v3-small,15,22,63.92156862745098,62.35294117647059,1873935175,5.521908721415633e-06,0.0007575834649516,0.0230040950339215,4,,
deberta-v3-small,15,23,72.3529411764706,70.98039215686275,1885781418,3.010769268843432e-05,0.0015317422264008,0.0336539766205443,10,,
deberta-v3-small,15,24,52.15686274509804,50.98039215686274,1052048221,5.605937552536414e-06,0.0006333691104467,0.0499436824336451,2,,
deberta-v3-small,15,25,64.11764705882354,63.52941176470589,1621326530,6.609707707144872e-05,0.032358309114844,0.1497791848360507,10,,
deberta-v3-small,15,26,62.549019607843135,63.72549019607843,1208554767,1.6001968787250906e-05,0.014517533310548,0.1446679389343388,4,,
deberta-v3-small,15,27,71.76470588235294,69.80392156862744,1630804794,6.056385990887239e-05,0.0005769896196842,0.1876465075635702,9,,
deberta-v3-small,15,28,68.03921568627452,68.43137254901961,1766909831,5.003795776770078e-05,0.0048437060412455,0.1838566443586114,2,,
deberta-v3-small,15,29,70.3921568627451,74.31372549019608,1009376947,5.182579912227215e-05,1.3998750438265024e-05,0.1074425197806521,3,,
deberta-v3-small,16,0,57.75193798449613,60.46511627906977,2034760264,3.691334003024244e-05,3.872553025881648e-05,0.0605478762766855,2,,
deberta-v3-small,16,1,69.18604651162791,71.89922480620154,554310919,4.259179081923809e-05,0.0741349166878984,0.1302518539691879,8,,
deberta-v3-small,16,2,62.01550387596899,65.50387596899225,1827638985,8.920675892461836e-06,2.753734971672571e-05,0.1459088708040456,4,,
deberta-v3-small,16,3,68.6046511627907,70.73643410852713,1167234250,2.0270217091587946e-05,0.0038747758843204,0.1246249758342472,4,,
deberta-v3-small,16,4,73.25581395348837,73.06201550387597,276813372,2.7502729929666062e-05,0.0053181727454239,0.0774068056953484,9,,
deberta-v3-small,16,5,63.372093023255815,65.89147286821705,110667660,4.658849399849824e-05,0.0381683879483218,0.0290425032161809,5,,
deberta-v3-small,16,6,67.63565891472868,65.50387596899225,95389275,1.3984962978422506e-05,0.0002611793816508,0.0270085761349705,9,,
deberta-v3-small,16,7,57.55813953488372,61.04651162790697,1195444548,1.5033178123411643e-05,0.0403737488964832,0.0268949264789478,6,,
deberta-v3-small,16,8,58.333333333333336,58.72093023255814,511578981,1.0328032639013696e-05,0.0015704844804453,0.1587132858470448,7,,
deberta-v3-small,16,9,60.85271317829457,61.04651162790697,124442338,2.133468508183128e-05,0.0414363262469307,0.0614318299128123,6,,
deberta-v3-small,16,10,60.85271317829457,60.65891472868217,1084339680,7.380470615382759e-06,0.0161658207535839,0.1069815113278698,5,,
deberta-v3-small,16,11,65.31007751937985,66.66666666666667,1997338762,8.428917702712866e-06,0.0018196762479305,0.1449356116078156,10,,
deberta-v3-small,16,12,60.07751937984496,61.627906976744185,115884144,9.92793921493938e-06,0.0082441725544782,0.1850112475889158,8,,
deberta-v3-small,16,13,58.72093023255814,58.91472868217054,746525986,5.175571207856554e-06,1.8116621204950283e-05,0.1604496848273769,5,,
deberta-v3-small,16,14,66.86046511627907,66.86046511627907,854969499,4.8003416560552167e-05,0.0118277360584297,0.1248604610802461,2,,
deberta-v3-small,16,15,70.34883720930233,70.93023255813954,354331553,8.539714721916866e-06,2.8602935000960667e-05,0.0344289486847384,9,,
deberta-v3-small,16,16,55.03875968992248,56.78294573643411,1232447212,1.2259639674854124e-05,0.0127449779307126,0.0150828324428277,2,,
deberta-v3-small,16,17,72.67441860465117,75.0,1895187301,5.599750397065534e-05,1.5373285286301923e-05,0.0056398469184745,4,,
deberta-v3-small,16,18,66.08527131782945,68.21705426356588,698619549,6.315170810544925e-05,0.0004468956609172,0.0354553671596164,5,,
deberta-v3-small,16,19,70.15503875968992,73.25581395348837,1240860302,4.8146917054797256e-05,0.0126307414161591,0.0110164086671549,2,,
deberta-v3-small,16,20,62.7906976744186,62.98449612403101,1661125734,1.335933187524488e-05,0.0007031674401283,0.0952875573916045,5,,
deberta-v3-small,16,21,62.4031007751938,62.98449612403101,559471177,1.4268763227292787e-05,0.0017359555524763,0.1532717149149428,7,,
deberta-v3-small,16,22,64.14728682170542,66.27906976744185,1237102668,3.790334456683383e-05,1.1758024689591764e-05,0.0747530850915522,10,,
deberta-v3-small,16,23,69.57364341085271,70.15503875968992,2132546674,1.3536782063069932e-05,0.01942955092639,0.0212956752713944,3,,
deberta-v3-small,16,24,72.48062015503876,73.64341085271317,1813942869,7.513046697692415e-05,0.018864272367714,0.1000307712554334,4,,
deberta-v3-small,16,25,64.53488372093024,64.14728682170542,1176745668,3.503843020692459e-05,0.0144621792546696,0.1307517291213034,3,,
deberta-v3-small,16,26,68.9922480620155,72.09302325581395,1990439578,4.943101843524436e-05,0.0011066863872568,0.1516257320388152,7,,
deberta-v3-small,16,27,67.63565891472868,69.96124031007751,1431991911,2.868954634121684e-05,5.400456486378183e-05,0.0695280806540109,4,,
deberta-v3-small,16,28,59.30232558139535,61.04651162790697,863521346,2.393309039885575e-05,4.414258818278844e-05,0.1289941675068267,7,,
deberta-v3-small,16,29,69.96124031007751,73.06201550387597,2098358246,3.978361901195352e-05,0.008158766314668,0.196957144606358,7,,
deberta-v3-small,17,0,68.97233201581028,68.83629191321499,728843715,1.9596110523981724e-05,0.0089024255696921,0.09154729669139,3,,
deberta-v3-small,17,1,63.04347826086956,63.70808678500986,1255618008,1.2341680780949696e-05,2.530808743768807e-05,0.0768358304866834,5,,
deberta-v3-small,17,2,64.82213438735178,67.65285996055226,2127400055,1.8199324242695783e-05,0.0710924437693948,0.0001178684935569,3,,
deberta-v3-small,17,3,66.40316205533597,69.8224852071006,1009100637,4.61307394310864e-05,0.0054242475156055,0.1270417682828969,10,,
deberta-v3-small,17,4,69.96047430830039,69.8224852071006,907287930,1.4058392510851307e-05,0.0104271315963546,0.1640043505152648,7,,
deberta-v3-small,17,5,73.91304347826087,70.61143984220907,267054934,6.87464358218498e-05,0.0082704675866349,0.0494685446903582,7,,
deberta-v3-small,17,6,71.54150197628458,75.14792899408285,1771080130,7.623077386318362e-05,0.0002615551075937,0.1486619289402881,6,,
deberta-v3-small,17,7,70.35573122529644,68.24457593688363,1982247020,4.991879386438836e-05,6.074656873432545e-05,0.0232236371128008,10,,
deberta-v3-small,17,8,68.57707509881423,67.45562130177515,835775042,1.6076454261978307e-05,0.044353718033687,0.0692985773160174,3,,
deberta-v3-small,17,9,64.42687747035573,64.89151873767258,1248805496,2.278217473847929e-05,0.008754664065593,0.098976982908348,2,,
deberta-v3-small,17,10,71.73913043478261,70.80867850098619,866039690,4.8904677331006215e-05,4.3549126925697646e-05,0.1961681520454697,2,,
deberta-v3-small,17,11,58.10276679841897,60.15779092702169,1457533778,2.395687013730544e-05,0.0015453011086137,0.0278202239073817,2,,
deberta-v3-small,17,12,57.11462450592885,60.74950690335306,2000665223,1.1932179053395026e-05,0.0002127409680397,0.1271521624409002,3,,
deberta-v3-small,17,13,62.25296442687747,62.91913214990138,1215352407,6.352334225484727e-06,0.0021702414205237,0.0184410691405875,4,,
deberta-v3-small,17,14,56.52173913043478,59.76331360946745,1469831230,7.1875535468456585e-06,0.0009524110550212,0.0232853904385536,10,,
deberta-v3-small,17,15,72.92490118577075,72.97830374753451,732840503,2.2350739453959003e-05,0.0002288238804762,0.0010178056805316,10,,
deberta-v3-small,17,16,72.72727272727273,72.97830374753451,778881093,4.470486336898358e-05,0.0015892671268994,0.1228325332348807,4,,
deberta-v3-small,17,17,67.78656126482214,66.66666666666667,1755504466,7.989149867700392e-05,0.0171171397754886,0.0870632190199939,7,,
deberta-v3-small,17,18,70.35573122529644,71.7948717948718,728722369,6.670566873535139e-05,0.0170262099787331,0.1017381506720568,6,,
deberta-v3-small,17,19,64.42687747035573,65.08875739644971,272618899,9.9030306381306e-05,4.965213707105196e-05,0.1136589571217607,8,,
deberta-v3-small,17,20,71.34387351778656,70.61143984220907,1318556362,6.541227857415569e-05,0.0026327014586115,0.175193382383598,2,,
deberta-v3-small,17,21,59.09090909090909,57.98816568047337,397075704,1.0136096049679536e-05,0.0030772838735807,0.0881671430535058,9,,
deberta-v3-small,17,22,66.60079051383399,64.1025641025641,1684214777,3.616255868394812e-05,0.0740506031969286,0.0638161224695996,10,,
deberta-v3-small,17,23,61.85770750988142,64.1025641025641,1700462192,2.298738318585224e-05,0.0058797313819572,0.1846556397005397,5,,
deberta-v3-small,17,24,65.61264822134387,63.31360946745562,348375677,3.2274615617152155e-05,0.0030368595580637,0.0313571624088079,6,,
deberta-v3-small,17,25,62.64822134387352,64.89151873767258,355308715,6.539179616275791e-06,0.0008090726730221,0.0320647957291467,8,,
deberta-v3-small,17,26,66.99604743083005,67.45562130177515,1034337357,1.78818787404675e-05,0.0031457336082466,0.0334809424135365,7,,
deberta-v3-small,17,27,63.43873517786561,63.31360946745562,1911584681,1.100155857953647e-05,0.0005784875197711,0.1524174147305831,9,,
deberta-v3-small,17,28,70.35573122529644,70.21696252465483,786999578,9.65796499616704e-05,0.0006595583407877,0.041509503688746,4,,
deberta-v3-small,17,29,72.72727272727273,73.76725838264299,424803297,5.496892678706404e-05,1.3267326277410336e-05,0.0813103786013551,7,,
deberta-v3-small,18,0,73.87033398821218,70.72691552062868,1931569638,1.722078230471325e-05,0.0720284611098641,0.158802540729974,9,,
deberta-v3-small,18,1,73.47740667976424,73.67387033398822,2048223290,4.770478797392324e-05,0.0108053255422467,0.0695805814676898,5,,
deberta-v3-small,18,2,70.72691552062868,70.53045186640472,753497148,9.27137805241751e-05,1.78506958401631e-05,0.0149895440328946,8,,
deberta-v3-small,18,3,61.10019646365422,61.10019646365422,908108097,1.7265044938368617e-05,0.004297487098454,0.1064599832399097,8,,
deberta-v3-small,18,4,73.0844793713163,73.47740667976424,1414169613,2.4668407249110016e-05,0.0001673293718574,0.0688391186273778,7,,
deberta-v3-small,18,5,46.36542239685658,51.08055009823183,1251396964,5.585558339347268e-06,5.005754413092955e-05,0.0938932298020149,2,,
deberta-v3-small,18,6,68.17288801571709,63.850687622789785,1909518683,9.623194497846838e-05,0.0003289614968043,0.0435789619334487,9,,
deberta-v3-small,18,7,66.01178781925344,69.15520628683693,392517590,8.648234716752144e-06,0.0083897311662504,0.0321003063655888,10,,
deberta-v3-small,18,8,68.36935166994107,71.11984282907662,329553761,1.4695283955481493e-05,2.237705674571694e-05,0.0351845087329502,4,,
deberta-v3-small,18,9,69.3516699410609,69.74459724950884,170048788,5.382016994226872e-05,0.001830617681592,0.0101544988603898,9,,
deberta-v3-small,18,10,62.86836935166994,66.99410609037328,1656337649,3.912603842839363e-05,0.0005076871974984,0.0491239780908928,2,,
deberta-v3-small,18,11,68.95874263261297,70.13752455795678,728782459,6.281747252102396e-05,0.0011347354891629,0.044659465606987,10,,
deberta-v3-small,18,12,72.10216110019647,72.29862475442043,1004933269,6.417896196873796e-05,2.568428800193281e-05,0.0521723858206153,6,,
deberta-v3-small,18,13,50.68762278978389,56.58153241650295,1670334571,7.314727364372836e-06,0.0010421612315448,0.0824931540794755,2,,
deberta-v3-small,18,14,66.99410609037328,66.60117878192534,10051643,5.480244909505118e-05,0.0145552877590518,0.1457515662369154,10,,
deberta-v3-small,18,15,65.02946954813359,67.19056974459725,292256705,1.3274657992262685e-05,0.0098626562320276,0.1291317203536195,5,,
deberta-v3-small,18,16,70.53045186640472,72.10216110019647,1121566233,1.8555747851677864e-05,0.0003052496887135,0.1108574141853284,6,,
deberta-v3-small,18,17,61.8860510805501,62.475442043222,1973326477,4.406944137970887e-05,6.864759542849809e-05,0.0097164835621064,6,,
deberta-v3-small,18,18,69.74459724950884,68.17288801571709,283358415,1.3643245056345008e-05,0.0009495544292598,0.0492908095904352,10,,
deberta-v3-small,18,19,70.72691552062868,72.10216110019647,420632515,1.0957476061027793e-05,0.0001585530360629,0.0764610500961772,6,,
deberta-v3-small,18,20,73.67387033398822,73.0844793713163,323516083,9.428713886838966e-06,0.0001322283316842,0.1178636348761665,9,,
deberta-v3-small,18,21,69.54813359528487,69.15520628683693,2027712029,2.4304617007592896e-05,8.96643198263069e-05,0.0357640096803425,4,,
deberta-v3-small,18,22,56.18860510805501,61.8860510805501,1360523041,1.28683571018829e-05,0.0006942992132488,0.0250654265297202,2,,
deberta-v3-small,18,23,69.3516699410609,69.74459724950884,2042856698,1.2545364198849689e-05,0.0049389155888255,0.1046431136377284,7,,
deberta-v3-small,18,24,70.13752455795678,68.95874263261297,1816990574,3.93549215705158e-05,1.2173482290227705e-05,0.0975825603317046,9,,
deberta-v3-small,18,25,72.10216110019647,75.24557956777996,2105309173,6.580683915297256e-05,0.0871552937343538,0.1063843607988441,4,,
deberta-v3-small,18,26,76.03143418467583,73.28094302554028,1664213611,3.686752115474337e-05,0.003468842948319,0.019424599371054,8,,
deberta-v3-small,18,27,74.26326129666012,70.33398821218074,1657766955,2.651132643433172e-05,2.77811333034202e-05,0.0110372910668782,8,,
deberta-v3-small,18,28,62.08251473477407,66.60117878192534,1314867571,9.303364935568728e-05,0.0287539438750067,0.0351592742948435,2,,
deberta-v3-small,18,29,72.4950884086444,69.9410609037328,1091142760,8.446769967176036e-05,0.0283982472603388,0.004544745547984,4,,
deberta-v3-small,19,0,67.8,67.86427145708583,797010773,7.1324030298296e-06,2.830533586999209e-05,0.1997161656236228,9,,
deberta-v3-small,19,1,64.2,65.26946107784431,1891856675,1.6402531070117403e-05,0.00176523737899,0.0852654675728767,4,,
deberta-v3-small,19,2,72.8,73.85229540918164,272733314,6.127842816113603e-05,4.9147436019323866e-05,0.0639064195932292,10,,
deberta-v3-small,19,3,57.6,56.08782435129741,1871282885,9.000543065040848e-06,0.0464082462022177,0.1155531859334707,2,,
deberta-v3-small,19,4,64.2,62.87425149700599,717276649,3.4745319902185044e-05,0.0032348656807585,0.1482928099930904,3,,
deberta-v3-small,19,5,73.2,70.85828343313374,1890332189,6.783149775210763e-05,0.0225174205360026,0.1141855759985849,6,,
deberta-v3-small,19,6,56.6,58.88223552894212,1222787265,5.102602752440908e-06,0.0189293625912228,0.175006139818209,2,,
deberta-v3-small,19,7,59.4,59.68063872255489,689374944,5.022524066666376e-06,0.0670136537677951,0.0147225832790875,4,,
deberta-v3-small,19,8,75.2,74.8502994011976,272780685,3.032264823732395e-05,0.0014898644009363,0.0942830237294919,6,,
deberta-v3-small,19,9,73.4,70.25948103792415,1770785261,2.685199082057164e-05,0.0847556157036757,0.1094231721911392,7,,
deberta-v3-small,19,10,74.0,69.26147704590818,618368418,5.497624104417618e-05,0.000683782496439,0.1876153120389453,8,,
deberta-v3-small,19,11,75.4,69.46107784431138,1312882238,6.365482251738355e-06,0.0957323989505268,0.054916775052074,9,,
deberta-v3-small,19,12,72.6,67.86427145708583,1250337843,6.644895662702442e-05,0.0721645035102183,0.0891588632588059,8,,
deberta-v3-small,19,13,61.2,62.4750499001996,1913225610,6.711036268403573e-06,0.001115453014918,0.1419650799526438,4,,
deberta-v3-small,19,14,73.4,70.05988023952096,246425995,2.288649992909415e-05,0.0001446327154516,0.1387254407117728,7,,
deberta-v3-small,19,15,76.4,75.0499001996008,1855089674,9.262092339731032e-05,0.0003002709381297,0.1558136504060249,4,,
deberta-v3-small,19,16,75.4,71.05788423153693,1624146666,4.418529155505888e-05,1.6259097739920542e-05,0.0722416628270078,10,,
deberta-v3-small,19,17,76.4,73.85229540918164,1179268296,6.766131120521511e-05,8.614170435653089e-05,0.0842507706077113,3,,
deberta-v3-small,19,18,67.0,64.87025948103792,1900569737,6.245784316627352e-05,0.0002925174825194,0.1497513020509513,3,,
deberta-v3-small,19,19,75.0,71.45708582834331,1887142737,3.563440810149605e-05,1.6062355807974467e-05,0.0438505390847539,7,,
deberta-v3-small,19,20,67.6,65.86826347305389,1687441689,9.931493049528317e-05,0.0641968468053151,0.1853540188364507,3,,
deberta-v3-small,19,21,68.8,63.67265469061877,1218792708,1.5525674755078676e-05,0.0040458679779255,0.1263886168519123,3,,
deberta-v3-small,19,22,73.0,72.0558882235529,1843383005,5.51851760713293e-05,0.0030228645279366,0.1578789671952916,7,,
deberta-v3-small,19,23,77.0,71.8562874251497,1319255443,3.305475481275962e-05,0.0005324792614966,0.0671236444409343,3,,
deberta-v3-small,19,24,73.6,69.06187624750498,392641465,8.638475445422107e-05,0.0018754624613555,0.0961521297757612,2,,
deberta-v3-small,19,25,72.6,70.25948103792415,2077139706,9.690108012104534e-05,0.0036695496679031,0.1069133414822473,4,,
deberta-v3-small,19,26,72.8,73.25349301397206,794207617,4.962953783834692e-05,1.5528356008239355e-05,0.0095873323524161,5,,
deberta-v3-small,19,27,72.8,70.25948103792415,409861690,1.2952489803674588e-05,0.0054798403618298,0.1650227878206683,8,,
deberta-v3-small,19,28,74.8,70.65868263473054,1396790483,1.3060274633105904e-05,4.230609393188872e-05,0.1628910779420972,6,,
deberta-v3-small,19,29,73.2,67.46506986027944,751107769,8.096683030974682e-06,0.0055436588702578,0.1177520222284634,9,,
deberta-v3-small,20,0,72.79693486590038,70.5544933078394,1999691346,5.9611538632316735e-06,0.0008649886638442,0.0897745036629352,10,,
deberta-v3-small,20,1,74.13793103448276,74.5697896749522,2066910848,5.475996198297012e-05,0.032289302781695,0.0666900166270646,2,,
deberta-v3-small,20,2,75.09578544061303,73.4225621414914,814266062,2.4007357407275388e-05,0.0001017842850019,0.0127638662681714,4,,
deberta-v3-small,20,3,56.89655172413793,61.376673040152966,343189855,5.9409761951852805e-06,0.0002132058094486,0.1564126610980628,3,,
deberta-v3-small,20,4,71.26436781609195,70.5544933078394,1302045544,7.024991911384386e-06,9.476730709263032e-05,0.0332164681037935,4,,
deberta-v3-small,20,5,69.34865900383141,70.93690248565966,2082574492,6.7823902874903e-05,3.225438221245639e-05,0.0062549843740336,5,,
deberta-v3-small,20,6,66.66666666666667,63.47992351816443,1589148349,1.8337289387497747e-05,0.0019418236447827,0.1745698173496724,6,,
deberta-v3-small,20,7,70.11494252873563,68.45124282982792,1384671509,9.788183875970196e-05,0.0024130634797776,0.0339592085049691,7,,
deberta-v3-small,20,8,70.6896551724138,71.12810707456978,832929716,3.722916198195447e-05,3.9355844597943055e-05,0.1194986873392945,4,,
deberta-v3-small,20,9,62.452107279693486,60.4206500956023,1721489028,8.118381589576857e-06,1.3237569465852668e-05,0.1704929986876116,6,,
deberta-v3-small,20,10,69.73180076628353,67.68642447418738,952502943,8.421654484695538e-06,9.273059478515936e-05,0.0901877239736536,8,,
deberta-v3-small,20,11,73.75478927203065,70.5544933078394,1162111020,3.498884323879858e-05,6.0106066868525735e-05,0.0864015919897691,6,,
deberta-v3-small,20,12,74.52107279693486,72.848948374761,1160677539,1.828422052820833e-05,2.3347243652065072e-05,0.0648086871252315,6,,
deberta-v3-small,20,13,70.49808429118774,70.17208413001912,1780971731,7.638127030258827e-06,0.0007287936553908,0.181802640023455,9,,
deberta-v3-small,20,14,72.41379310344827,72.46653919694073,1429870417,1.1020166015001432e-05,0.0051337935407347,0.0821953752102252,7,,
deberta-v3-small,20,15,67.24137931034483,67.68642447418738,1089174037,9.097778381033682e-05,2.538888714346913e-05,0.167282377646928,3,,
deberta-v3-small,20,16,67.24137931034483,67.68642447418738,1959465833,9.75960475059682e-05,0.0009150930319834,0.1213028863957434,6,,
deberta-v3-small,20,17,68.19923371647509,67.11281070745697,1174225336,7.33895762890746e-05,0.0013654896838556,0.1311260774684461,8,,
deberta-v3-small,20,18,71.26436781609195,72.65774378585085,189227474,1.6781173299382088e-05,0.0088917641278949,0.1473882299869251,10,,
deberta-v3-small,20,19,69.15708812260536,68.45124282982792,893867134,3.139119568728896e-05,0.0002322813173659,0.0635945545937147,7,,
deberta-v3-small,20,20,60.53639846743295,59.84703632887189,771283837,8.591314885248741e-06,0.0004400329167074,0.1158542936383908,3,,
deberta-v3-small,20,21,60.15325670498084,61.95028680688336,2092353205,7.279272870931095e-06,0.0005263310437313,0.1696618404330794,4,,
deberta-v3-small,20,22,68.19923371647509,67.11281070745697,207868339,1.446771590874992e-05,0.0748172951861662,0.0328171288813282,10,,
deberta-v3-small,20,23,67.04980842911877,67.87762906309752,1067714956,6.258174103260271e-05,0.000200212862077,0.1307847472080615,7,,
deberta-v3-small,20,24,73.9463601532567,74.5697896749522,1199598994,5.033640057188941e-05,0.0034225320852743,0.0088960466000521,7,,
deberta-v3-small,20,25,68.00766283524904,67.87762906309752,1459655809,1.2612314796146063e-05,0.0205619030958406,0.1801939523618042,7,,
deberta-v3-small,20,26,71.64750957854406,70.93690248565966,2048805087,2.5635281229641823e-05,0.0002732911330216,0.1301706097979818,9,,
deberta-v3-small,20,27,68.96551724137932,66.1567877629063,1115022386,7.932641659974818e-06,0.0320913364827609,0.10072541271218,4,,
deberta-v3-small,20,28,72.79693486590038,70.93690248565966,378513657,8.553401746903286e-06,6.687722031057126e-05,0.05994493598521,8,,
deberta-v3-small,20,29,64.75095785440612,65.77437858508604,1701954023,4.968953167684468e-05,0.0094458317232153,0.1434519462754803,10,,
deberta-v3-small,21,0,67.42857142857143,69.14285714285714,1502780118,7.480400418599177e-06,2.575460963220958e-05,0.176615274774547,8,,
deberta-v3-small,21,1,71.04761904761905,71.80952380952381,761999506,7.524989364831881e-06,7.492029120783838e-05,0.0212136227921417,9,,
deberta-v3-small,21,2,71.23809523809524,72.57142857142857,1106101748,1.8677584858539163e-05,0.0951265946087102,0.1396761424327775,10,,
deberta-v3-small,21,3,61.71428571428572,61.90476190476191,925923883,6.205433397014244e-06,0.0217979262242308,0.1732029663082784,10,,
deberta-v3-small,21,4,68.0,68.57142857142857,378371283,3.391165579782907e-05,0.0003967627378282,0.1386980870965323,10,,
deberta-v3-small,21,5,67.04761904761905,68.38095238095238,180824667,1.0694954027175852e-05,0.0003064947978095,0.1280982245405273,10,,
deberta-v3-small,21,6,61.71428571428572,64.38095238095238,933456641,9.52099989898223e-06,0.0005456115175547,0.1546198324811223,3,,
deberta-v3-small,21,7,68.57142857142857,67.42857142857143,1469397036,1.1575651356933198e-05,9.429041008157092e-05,0.0153559755270142,4,,
deberta-v3-small,21,8,71.80952380952381,69.33333333333333,147826570,2.8733673237598243e-05,0.0005828767506744,0.0612015410734593,3,,
deberta-v3-small,21,9,56.76190476190476,61.142857142857146,2117655579,5.279573771560779e-06,0.0433802123974693,0.1500932285141378,4,,
deberta-v3-small,21,10,64.95238095238095,66.28571428571429,279938817,6.600272108679425e-06,0.0003705011912269,0.1438105590096486,7,,
deberta-v3-small,21,11,72.57142857142857,71.04761904761905,1910814923,2.754022574389592e-05,0.0320636095331605,0.0910419550310817,2,,
deberta-v3-small,21,12,66.47619047619048,64.95238095238095,1727850828,7.170885562035477e-05,0.018536129100564,0.0332739278138891,8,,
deberta-v3-small,21,13,71.04761904761905,71.80952380952381,355362393,4.84128351785842e-05,0.001556536339455,0.196809204056839,8,,
deberta-v3-small,21,14,69.14285714285714,70.85714285714286,168439525,3.652034375027068e-05,0.0021206957467519,0.0401986174772854,3,,
deberta-v3-small,21,15,65.33333333333333,67.42857142857143,1476743750,5.808902196534914e-05,7.057151985343225e-05,0.1475157406992882,6,,
deberta-v3-small,21,16,72.19047619047619,72.57142857142857,1096271104,4.6988364350066425e-05,0.0015984688651217,0.0237085907757268,4,,
deberta-v3-small,21,17,70.0952380952381,74.0952380952381,751410750,8.378367567121228e-05,1.045592143588241e-05,0.1717503661486112,9,,
deberta-v3-small,21,18,62.285714285714285,60.38095238095238,1481130751,9.064684778092684e-06,0.0441898250362851,0.1835809193334084,5,,
deberta-v3-small,21,19,63.61904761904762,63.80952380952381,1346386009,6.623099125288695e-06,0.0290232138628,0.0301234655659753,9,,
deberta-v3-small,21,20,69.52380952380952,67.80952380952381,1204084931,1.3326620575369911e-05,0.0003365108953819,0.1156104355494287,5,,
deberta-v3-small,21,21,72.95238095238095,70.85714285714286,1701459479,1.149051879730978e-05,0.0082638451538535,0.1840391718957534,9,,
deberta-v3-small,21,22,69.71428571428571,71.80952380952381,1966013052,9.095248003345346e-05,0.0002769502032043,0.1007997965620679,8,,
deberta-v3-small,21,23,68.76190476190476,68.95238095238095,1939953906,1.0870124325415029e-05,0.0112620174942125,0.0464136229484621,6,,
deberta-v3-small,21,24,58.47619047619048,62.095238095238095,984023915,6.497442892281207e-06,0.0002464620898164,0.116870926482703,3,,
deberta-v3-small,21,25,63.23809523809524,62.095238095238095,112161055,1.1903847063013367e-05,1.4040606882663877e-05,0.1845342230539083,5,,
deberta-v3-small,21,26,70.0952380952381,69.71428571428571,1636144793,1.018407053288517e-05,0.0157309048840647,0.0666507273000924,5,,
deberta-v3-small,21,27,52.76190476190476,52.57142857142857,178198542,5.026568363004496e-06,0.00010589912127,0.1147689862153286,3,,
deberta-v3-small,21,28,70.47619047619048,68.57142857142857,1242229647,1.5925640780901228e-05,2.42486367214555e-05,0.1119096621330427,8,,
deberta-v3-small,21,29,69.52380952380952,70.66666666666667,2055547204,5.096314135101176e-05,0.0028107554685042,0.1738870143753887,9,,
deberta-v3-small,22,0,70.03891050583658,66.40776699029126,645843669,1.881541980811361e-05,0.0155125940267658,0.1773246006752147,3,,
deberta-v3-small,22,1,66.147859922179,62.13592233009709,1932849847,1.69956098317303e-05,0.0212400213104196,0.0614573589290355,8,,
deberta-v3-small,22,2,72.76264591439688,72.03883495145631,524961499,8.119160342446684e-05,3.622074484040879e-05,0.1016033786193194,5,,
deberta-v3-small,22,3,67.31517509727627,63.883495145631066,516208656,2.600372180793208e-05,0.0060595178156196,0.1176436685861953,7,,
deberta-v3-small,22,4,72.95719844357977,73.98058252427184,1153612631,5.575037322401653e-05,0.0103364234790797,0.0121493548623537,5,,
deberta-v3-small,22,5,75.09727626459144,71.45631067961165,1636109792,9.225162237961218e-05,0.0038587357520386,0.067956230456574,4,,
deberta-v3-small,22,6,58.56031128404669,56.89320388349515,1822262276,6.837720404724505e-06,0.0055712808128872,0.1151374973477732,3,,
deberta-v3-small,22,7,62.64591439688716,61.74757281553398,802058505,1.5508453731025473e-05,1.0803635502258855e-05,0.1443443761742813,2,,
deberta-v3-small,22,8,59.92217898832685,62.71844660194175,712917128,8.955526540727972e-05,0.0001781068988175,0.0184966680099935,8,,
deberta-v3-small,22,9,63.03501945525292,60.38834951456311,247260220,3.937810661866075e-05,0.0001370811998901,0.0798600729477594,7,,
deberta-v3-small,22,10,73.92996108949416,68.3495145631068,145478893,4.779533226156989e-05,0.0008417394968295,0.189170862688398,3,,
deberta-v3-small,22,11,72.76264591439688,71.6504854368932,381640626,2.355354331621756e-05,0.0649424408256222,0.0301282571294842,6,,
deberta-v3-small,22,12,66.53696498054475,63.300970873786405,1380190023,3.3063854800169455e-05,1.2562920015654254e-05,0.0842789832857477,5,,
deberta-v3-small,22,13,69.8443579766537,65.24271844660194,1812983932,8.919825053336201e-05,8.947855285775936e-05,0.0611731946083791,8,,
deberta-v3-small,22,14,70.42801556420234,64.85436893203884,711871933,1.1423963257822492e-05,7.86866610841001e-05,0.0417669755209039,7,,
deberta-v3-small,22,15,71.98443579766537,68.3495145631068,2050915255,2.194069786735669e-05,0.0005785946895369,0.1272597909147388,10,,
deberta-v3-small,22,16,48.63813229571984,49.51456310679612,1298086688,6.949083272304023e-06,0.0003363972092772,0.1925508130764573,3,,
deberta-v3-small,22,17,69.64980544747081,68.7378640776699,1913487188,5.6268794336599485e-05,0.0079129158598525,0.057969332645411,10,,
deberta-v3-small,22,18,63.03501945525292,59.80582524271845,1940889921,1.885243867259183e-05,0.0009151756937695,0.1460650899529821,8,,
deberta-v3-small,22,19,70.62256809338521,67.76699029126213,436498563,9.740463268064876e-05,0.0068418658230371,0.1347589273846583,9,,
deberta-v3-small,22,20,74.5136186770428,71.45631067961165,454792510,5.794545416172501e-05,0.0001109227897263,0.1402238425204562,2,,
deberta-v3-small,22,21,67.70428015564202,61.74757281553398,587382525,5.817400412361141e-05,0.0194858116728245,0.0333962797876859,5,,
deberta-v3-small,22,22,70.03891050583658,65.04854368932038,374603904,1.313291963725389e-05,0.0031918683768582,0.1811856334291616,6,,
deberta-v3-small,22,23,72.37354085603113,69.90291262135922,56798746,9.691639067356226e-05,0.0002776146863182,0.0134418458880458,9,,
deberta-v3-small,22,24,48.44357976653696,49.51456310679612,828141636,6.550370463522188e-06,4.316484475601015e-05,0.0993740386329131,2,,
deberta-v3-small,22,25,69.8443579766537,67.76699029126213,1817896120,1.846147515957172e-05,0.0003113322077908,0.0932805061426012,10,,
deberta-v3-small,22,26,64.2023346303502,60.970873786407765,2087245644,2.3277429136210444e-05,0.0036692689767088,0.1264483373822503,6,,
deberta-v3-small,22,27,71.59533073929961,67.96116504854369,1797638405,4.1899092720215e-05,0.0261363839740408,0.1995363491357998,9,,
deberta-v3-small,22,28,62.64591439688716,58.44660194174757,1427833307,8.721975186067464e-06,0.0644756485140701,0.1670387141673793,9,,
deberta-v3-small,22,29,67.31517509727627,63.49514563106796,586651150,3.692377386715516e-05,0.0170361841016479,0.1955688031021848,10,,
deberta-v3-small,23,0,67.56756756756756,63.39113680154143,2133584960,6.036804939421042e-06,0.0071326364134547,0.074630542694375,10,,
deberta-v3-small,23,1,77.99227799227799,69.94219653179191,1052186705,7.777572667884674e-05,0.0877727864766799,0.1829628060601206,7,,
deberta-v3-small,23,2,73.16602316602317,64.16184971098266,918803891,5.364173602178583e-06,0.0379453564802641,0.1999603290109328,6,,
deberta-v3-small,23,3,73.74517374517374,69.94219653179191,1476088558,3.0019949371019185e-05,0.0305207464967797,0.0929743667645757,5,,
deberta-v3-small,23,4,65.44401544401545,63.58381502890173,2123099351,1.3553347011607978e-05,9.07848559117664e-05,0.1249797400432347,5,,
deberta-v3-small,23,5,53.28185328185328,50.67437379576108,1553869077,6.382801013550502e-06,0.0004273456811967,0.0177714616129001,2,,
deberta-v3-small,23,6,75.86872586872587,68.20809248554913,1749573990,8.413684454589162e-05,1.0563209957317224e-05,0.029203343392942,2,,
deberta-v3-small,23,7,64.47876447876448,61.65703275529865,1228922087,6.077050195628932e-06,0.002346171953748,0.1749322117867691,9,,
deberta-v3-small,23,8,50.0,53.94990366088632,452018866,8.608704862737792e-06,0.0014153050342333,0.1103089748485935,2,,
deberta-v3-small,23,9,72.00772200772201,64.35452793834297,170594423,6.448126834901094e-06,0.0111208714539314,0.1373114008099027,6,,
deberta-v3-small,23,10,70.65637065637065,67.2447013487476,1302532033,6.86832069401e-06,0.0304207735884579,0.1075589522117574,10,,
deberta-v3-small,23,11,74.51737451737452,69.94219653179191,1944933437,6.788532570190432e-05,0.0002011926217673,0.1192376391143263,9,,
deberta-v3-small,23,12,77.7992277992278,70.71290944123314,1986411516,4.120025932158471e-05,0.0009194192693789,0.0007945962370696,8,,
deberta-v3-small,23,13,62.93436293436294,55.8766859344894,1402265865,6.172264296201936e-06,2.1267106048648224e-05,0.0601597323396964,3,,
deberta-v3-small,23,14,70.84942084942085,67.4373795761079,1617013739,1.0428399388833069e-05,2.0447534730411272e-05,0.0277250960391223,6,,
deberta-v3-small,23,15,72.77992277992279,68.40077071290943,1696463248,3.800495315607702e-05,0.0003014501874735,0.1102813797736533,9,,
deberta-v3-small,23,16,67.95366795366796,66.66666666666667,1850991812,2.135726556691544e-05,0.0002484782568377,0.0963396108281476,8,,
deberta-v3-small,23,17,68.33976833976834,65.1252408477842,1141386069,1.686818273723945e-05,1.6371598844287502e-05,0.0159782628505707,6,,
deberta-v3-small,23,18,72.77992277992279,66.28131021194605,1822821992,2.5671116400057208e-05,0.0057737203993977,0.0854970071423584,7,,
deberta-v3-small,23,19,75.0965250965251,65.89595375722543,473095972,8.115717258326464e-05,0.0015647122825471,0.1435530320168917,2,,
deberta-v3-small,23,20,68.72586872586872,59.922928709055874,1079715002,9.681931952952113e-06,7.813666121439644e-05,0.0180563925447552,3,,
deberta-v3-small,23,21,74.13127413127413,68.97880539499036,1891713146,6.167259358009338e-05,0.0038661468080253,0.0677865594850253,2,,
deberta-v3-small,23,22,73.93822393822394,63.77649325626204,8383657,2.503098859372657e-05,0.0319842785931458,0.0487148070532871,4,,
deberta-v3-small,23,23,77.7992277992278,68.97880539499036,1035871900,5.1439585156362736e-05,0.0594148543425026,0.0294667771419367,7,,
deberta-v3-small,23,24,65.83011583011583,61.27167630057804,809777592,6.434412936782543e-06,0.0040218105979501,0.021428278278577,2,,
deberta-v3-small,23,25,75.67567567567568,67.6300578034682,993362332,2.4086721260749757e-05,0.001130015304277,0.0402963904151954,10,,
deberta-v3-small,23,26,62.74131274131274,59.152215799614645,2073660666,6.40251102843703e-06,0.002339946195656,0.005728393007613,3,,
deberta-v3-small,23,27,72.2007722007722,64.54720616570327,1310446871,2.348708407680831e-05,0.0023295885169725,0.1101837063775474,2,,
deberta-v3-small,23,28,77.7992277992278,68.97880539499036,1091727444,4.789182784387269e-05,0.0917162299481088,0.1833479730606872,3,,
deberta-v3-small,23,29,74.51737451737452,67.82273603082852,319487094,8.730199883172152e-06,0.003956013838291,0.1732402192153082,9,,
deberta-v3-small,24,0,65.09803921568627,62.42661448140901,529744966,2.052435335409643e-05,0.0262356624496275,0.085805163883964,8,,
deberta-v3-small,24,1,71.37254901960785,68.29745596868885,1738417978,3.436951178288222e-05,0.0001160202074421,0.0253352680404739,6,,
deberta-v3-small,24,2,60.98039215686274,59.49119373776908,117366172,1.9759112661952543e-05,0.0043091711524003,0.1740885808113205,4,,
deberta-v3-small,24,3,67.6470588235294,69.27592954990216,1636511148,9.513698642048084e-05,0.0014404834370706,0.1794094518286322,5,,
deberta-v3-small,24,4,64.11764705882354,60.273972602739725,1154485739,4.1158319469500375e-05,0.0001573508933356,0.0683329111817744,7,,
deberta-v3-small,24,5,62.94117647058823,61.448140900195696,193222558,1.743398934485958e-05,1.4427307940252908e-05,0.0092782772632783,6,,
deberta-v3-small,24,6,64.70588235294117,61.25244618395303,859548090,7.450674050244745e-06,6.161867165928515e-05,0.0644408748719112,4,,
deberta-v3-small,24,7,71.96078431372548,71.81996086105676,1970737229,2.4014321682303185e-05,0.000769074236078,0.1638065729744222,3,,
deberta-v3-small,24,8,71.76470588235294,69.86301369863014,1178022500,1.9797274663370715e-05,6.127393848914701e-05,0.1165947182615868,10,,
deberta-v3-small,24,9,72.54901960784314,74.16829745596868,322670788,5.238898919620013e-05,5.308107049603961e-05,0.0460286557646481,8,,
deberta-v3-small,24,10,71.37254901960785,72.40704500978474,1551253805,9.705204071494891e-05,0.0001041564350374,0.1298376890222242,3,,
deberta-v3-small,24,11,67.05882352941177,66.53620352250489,265706019,2.8672637178051125e-05,0.0001335085682431,0.0520087888000411,8,,
deberta-v3-small,24,12,66.86274509803921,63.79647749510763,1087724374,6.548683612040227e-06,0.0415087882518564,0.1346711292535436,8,,
deberta-v3-small,24,13,68.62745098039215,66.14481409001957,1058649877,2.2344574373003188e-05,0.0812273996554541,0.1422513978347108,8,,
deberta-v3-small,24,14,72.54901960784314,72.79843444227006,1096893062,6.556098930923489e-05,0.0006464488467348,0.1348563175893576,5,,
deberta-v3-small,24,15,66.27450980392157,63.99217221135029,1347561735,4.2127265838563366e-05,0.0064643144761394,0.0383738359052344,7,,
deberta-v3-small,24,16,72.54901960784314,71.0371819960861,1541777450,9.64663434115268e-05,0.000178956734711,0.1076559893780777,5,,
deberta-v3-small,24,17,73.33333333333333,70.64579256360078,673807077,3.073118446895417e-05,1.076505384440066e-05,0.1382638498190604,9,,
deberta-v3-small,24,18,63.92156862745098,58.12133072407045,625549314,5.333897820081198e-06,0.0334955391786658,0.0547011660382471,6,,
deberta-v3-small,24,19,72.94117647058823,71.81996086105676,93398738,8.675526878524487e-05,0.0326380849054727,0.1576288494160296,5,,
deberta-v3-small,24,20,68.82352941176471,64.77495107632095,1685512908,3.545511164632091e-05,0.000253755594082,0.0046395654647124,7,,
deberta-v3-small,24,21,72.3529411764706,70.45009784735812,695030977,9.791194315400865e-05,0.0005889480035353,0.0933253999824693,6,,
deberta-v3-small,24,22,69.41176470588235,64.9706457925636,937784952,9.607650770909056e-06,1.078988966534994e-05,0.1533364119402158,10,,
deberta-v3-small,24,23,62.94117647058823,60.66536203522505,874000537,7.07934553376768e-06,4.179215407663293e-05,0.1832211240963526,9,,
deberta-v3-small,24,24,69.41176470588235,70.45009784735812,1346327520,7.110547390251158e-05,6.422468925661133e-05,0.1242099860304713,3,,
deberta-v3-small,24,25,64.50980392156863,61.448140900195696,806237238,6.125427309269731e-06,1.2177655853073275e-05,0.0971437237251308,8,,
deberta-v3-small,24,26,69.80392156862744,66.73189823874755,1528821672,7.356228498537362e-05,0.0096252346128149,0.1400007189399474,10,,
deberta-v3-small,24,27,66.47058823529412,64.38356164383562,1574608003,4.7529372835095146e-05,0.0712595939914175,0.1812166084106997,7,,
deberta-v3-small,24,28,65.88235294117646,63.20939334637965,1684622184,2.596308974191835e-05,1.1066766563887772e-05,0.1728271205179344,2,,
deberta-v3-small,24,29,65.68627450980392,64.9706457925636,1971358311,6.979484456373189e-06,0.0787637710938737,0.0894354634980077,8,,
deberta-v3-small,25,0,65.77437858508604,65.96558317399618,1734145392,1.4767868917385133e-05,0.0050152037621933,0.1092730699296526,3,,
deberta-v3-small,25,1,59.27342256214149,60.61185468451243,2019123456,8.72013026930763e-06,0.0003479343842545,0.1520142897508775,2,,
deberta-v3-small,25,2,69.02485659655832,67.68642447418738,741024377,7.280221014255325e-05,0.0016226682506968,0.1079846422838904,2,,
deberta-v3-small,25,3,68.64244741873804,68.06883365200765,1221270174,3.512646586886195e-05,0.0034870472154792,0.1505884404467753,7,,
deberta-v3-small,25,4,66.34799235181644,69.78967495219885,546047883,5.6890538862199456e-05,0.0106606816667923,0.1575298251394381,2,,
deberta-v3-small,25,5,68.45124282982792,69.02485659655832,1070917404,4.701964659873891e-05,0.0001268206838009,0.1118065000041427,2,,
deberta-v3-small,25,6,66.73040152963671,66.73040152963671,1342927963,6.8133309111789735e-06,0.0421943858985681,0.1067848863954281,9,,
deberta-v3-small,25,7,68.83365200764818,70.5544933078394,448037711,2.2401692519233976e-05,0.0268388056151445,0.0002532142447869,7,,
deberta-v3-small,25,8,68.26003824091778,67.68642447418738,1390949643,1.4823628296042626e-05,0.0086795073673999,0.1082375842666976,4,,
deberta-v3-small,25,9,72.27533460803059,72.08413001912047,783310986,6.914156745482097e-05,4.666160196955754e-05,0.1838301448271243,5,,
deberta-v3-small,25,10,72.46653919694073,74.18738049713193,1354730033,3.904086522273559e-05,1.837629428606324e-05,0.0393372956825168,6,,
deberta-v3-small,25,11,69.02485659655832,67.68642447418738,278742026,1.0636472922817387e-05,2.0509017644272944e-05,0.1192188506636925,10,,
deberta-v3-small,25,12,68.06883365200765,68.06883365200765,1684840648,1.0238807333681604e-05,1.14835135737826e-05,0.1391889246268159,8,,
deberta-v3-small,25,13,74.18738049713193,72.27533460803059,1711144796,1.9138671860893477e-05,0.0004755905933006,0.0732842644418236,9,,
deberta-v3-small,25,14,67.87762906309752,65.77437858508604,554021916,9.22736235239516e-06,6.551332586945828e-05,0.0756768966425291,9,,
deberta-v3-small,25,15,61.185468451242826,62.1414913957935,996538543,1.1728077478639364e-05,0.0167045115238371,0.079626108285087,9,,
deberta-v3-small,25,16,63.86233269598471,65.5831739961759,1122290639,3.54533653308166e-05,0.0001169740437437,0.0591137081778401,5,,
deberta-v3-small,25,17,61.75908221797323,62.523900573613766,1444625908,8.267108803663916e-06,0.0039481412836019,0.132784416512829,3,,
deberta-v3-small,25,18,59.46462715105162,59.27342256214149,1437626412,6.903751991870889e-06,0.0003236478727578,0.012556758285759,3,,
deberta-v3-small,25,19,68.83365200764818,69.59847036328871,1447378202,5.6671803135641584e-06,0.0446723043925999,0.1576269180896632,10,,
deberta-v3-small,25,20,69.78967495219885,70.74569789674952,1383237962,5.015022615579592e-05,0.0001262814983216,0.1047449880951944,4,,
deberta-v3-small,25,21,70.17208413001912,70.5544933078394,1983736076,5.4637497343907e-05,0.0014103087688298,0.1242757480491735,3,,
deberta-v3-small,25,22,74.37858508604207,73.04015296367113,92977872,4.82313007752671e-05,0.0001120218663107,0.1876010748082018,4,,
deberta-v3-small,25,23,68.26003824091778,67.30401529636711,2057787701,4.97808876507439e-05,0.0194669272699813,0.1900003380443173,8,,
deberta-v3-small,25,24,72.65774378585085,70.36328871892925,1902792576,2.7241541864932057e-05,0.0009095126883921,0.1795121637109363,2,,
deberta-v3-small,25,25,69.78967495219885,68.83365200764818,1454394295,1.1416739324338254e-05,0.0084996017485079,0.0223533792961072,10,,
deberta-v3-small,25,26,63.47992351816443,63.67112810707457,500419022,2.1497067154609857e-05,1.670113320293077e-05,0.0361012067045729,10,,
deberta-v3-small,25,27,53.34608030592735,54.11089866156788,1353970923,5.62892318740441e-06,0.0002675615316029,0.0930954156710392,3,,
deberta-v3-small,25,28,59.84703632887189,63.09751434034417,1639749731,1.7320145268395613e-05,0.0007792813532713,0.1998975912322507,2,,
deberta-v3-small,25,29,63.09751434034417,64.43594646271511,1365588562,3.295684962549746e-05,0.0006196145313456,0.1441233959110776,8,,
deberta-v3-small,26,0,67.04331450094162,65.34839924670433,1555335140,6.7208206747271375e-06,0.0008867189479829,0.1455550997410311,5,,
deberta-v3-small,26,1,63.84180790960452,64.030131826742,1057588387,1.943721043954342e-05,0.0148436888691775,0.1263348005277992,5,,
deberta-v3-small,26,2,75.70621468926554,75.70621468926554,321267127,6.311150791151631e-05,0.0046341653136657,0.0686792295258711,3,,
deberta-v3-small,26,3,70.4331450094162,71.56308851224105,2073535729,1.8636164879577923e-05,1.6678887287027887e-05,0.0302547479446222,4,,
deberta-v3-small,26,4,73.44632768361582,75.14124293785311,557888024,4.611124266466229e-05,0.000239006683739,0.0146877840712437,3,,
deberta-v3-small,26,5,72.69303201506591,73.25800376647834,1379520641,7.941813051757593e-05,0.0522928675907552,0.0168672136386937,5,,
deberta-v3-small,26,6,73.44632768361582,74.76459510357816,1078368771,3.9382349251173246e-05,0.0007878132562186,0.018062950157566,7,,
deberta-v3-small,26,7,63.46516007532957,61.77024482109228,445478015,7.25345262504428e-06,6.837445963101671e-05,0.033089785638007,8,,
deberta-v3-small,26,8,65.53672316384181,65.53672316384181,843720105,2.465697115073525e-05,0.0010220637626827,0.1750794431117699,5,,
deberta-v3-small,26,9,62.52354048964219,62.52354048964219,108474905,1.1333008746094914e-05,0.0019717186889769,0.0213438235623615,9,,
deberta-v3-small,26,10,72.50470809792844,70.99811676082862,1305325495,6.102506315548897e-05,0.0001056680021833,0.1788627227265368,7,,
deberta-v3-small,26,11,67.60828625235405,67.41996233521657,1377332970,2.347214121934674e-05,0.0136695601687147,0.1825895449257923,2,,
deberta-v3-small,26,12,69.86817325800376,69.49152542372882,710335092,3.311990875252561e-05,0.0353992067085087,0.1874223655587023,5,,
deberta-v3-small,26,13,64.7834274952919,64.21845574387947,343919789,1.1553355631696308e-05,5.304719002422145e-05,0.1679712505827891,5,,
deberta-v3-small,26,14,60.64030131826742,61.77024482109228,336834380,2.093541070559962e-05,0.0556052821311002,0.1100909906480773,5,,
deberta-v3-small,26,15,62.900188323917135,61.01694915254237,996223825,1.7923345458087745e-05,0.0017346459220009,0.1895425553832421,3,,
deberta-v3-small,26,16,63.27683615819209,60.451977401129945,677454919,9.12996154013389e-06,0.0203193204168368,0.1139943432265123,8,,
deberta-v3-small,26,17,62.14689265536723,61.5819209039548,518414275,8.957809952136779e-06,0.0679164754630644,0.0741879171620304,10,,
deberta-v3-small,26,18,70.99811676082862,72.12806026365348,1719782023,8.363018370542613e-05,0.0005558911860406,0.0553539406728991,7,,
deberta-v3-small,26,19,69.30320150659134,69.67984934086628,1833211858,1.5148458775068058e-05,0.0049596684258973,0.0473704339567127,8,,
deberta-v3-small,26,20,67.60828625235405,67.79661016949153,235524074,2.4356320549683004e-05,0.0002256890334259,0.037624970839102,10,,
deberta-v3-small,26,21,71.37476459510358,71.75141242937853,1570915933,7.756406685728108e-05,0.0065682407590163,0.0143684641524472,7,,
deberta-v3-small,26,22,68.92655367231639,70.24482109227871,1816299604,2.4776804926116145e-05,0.0002069406697864,0.0634097020937925,4,,
deberta-v3-small,26,23,45.38606403013183,51.2241054613936,1389947953,5.63503513686267e-06,4.321206245887555e-05,0.0351328949451195,2,,
deberta-v3-small,26,24,65.16007532956685,64.7834274952919,912650390,2.210552193978192e-05,0.0027477271437399,0.061773034708183,10,,
deberta-v3-small,26,25,60.64030131826742,59.32203389830509,1768412370,1.2455238110485346e-05,2.018016588916402e-05,0.1640028449230066,2,,
deberta-v3-small,26,26,70.62146892655367,68.36158192090396,1048372590,3.943849351514411e-05,0.0018482311108871,0.1048678556909822,3,,
deberta-v3-small,26,27,56.87382297551789,58.3804143126177,1145963521,8.478349352488342e-06,2.2373665768835817e-05,0.0099901820018271,3,,
deberta-v3-small,26,28,71.37476459510358,69.30320150659134,1668406901,8.685736910000926e-05,0.0006424061933062,0.1824991181446996,4,,
deberta-v3-small,26,29,74.01129943502825,74.3879472693032,480025240,6.927391020811272e-05,0.0013362605797666,0.0237109611153558,3,,
deberta-v3-small,27,0,75.09881422924902,68.3794466403162,1322290488,2.4796190835845733e-05,0.0483583620879522,0.002579104940353,6,,
deberta-v3-small,27,1,72.13438735177866,67.78656126482214,31127376,7.628992245442358e-05,4.574462708077271e-05,0.0087816709050299,2,,
deberta-v3-small,27,2,64.2292490118577,63.83399209486166,192643758,8.578916753502306e-06,0.023826931348123,0.1827933161111029,4,,
deberta-v3-small,27,3,72.92490118577075,68.97233201581028,144861885,8.218449479480406e-05,0.0012591034456833,0.1325795281622339,3,,
deberta-v3-small,27,4,67.58893280632411,64.2292490118577,1662103521,1.8347338918415287e-05,0.0002539547919756,0.0197041066252502,3,,
deberta-v3-small,27,5,74.90118577075098,70.55335968379447,598380819,1.7840170421428924e-05,0.004513613426012,0.075208873864531,7,,
deberta-v3-small,27,6,65.21739130434783,64.42687747035573,1327075564,8.114561803071905e-05,0.0026315008054674,0.1253520755295496,8,,
deberta-v3-small,27,7,66.00790513833992,63.43873517786561,1350241586,1.749882549133731e-05,1.076374324906846e-05,0.1502795447111225,4,,
deberta-v3-small,27,8,57.31225296442688,57.5098814229249,273618980,7.263253566650334e-06,4.3312876648948185e-05,0.1703333690520379,10,,
deberta-v3-small,27,9,63.83399209486166,60.869565217391305,1241458672,1.013017830289021e-05,9.31794697906448e-05,0.1482882028565787,7,,
deberta-v3-small,27,10,69.76284584980237,65.81027667984189,1426884339,1.5333137786453366e-05,0.0015860918716432,0.0361312061409349,3,,
deberta-v3-small,27,11,73.12252964426878,69.36758893280633,587958355,6.247497121534113e-05,0.0263024588313024,0.0047955208386374,9,,
deberta-v3-small,27,12,67.3913043478261,62.055335968379445,695947659,8.179821415315648e-06,0.0139671931663292,0.0732165094083847,9,,
deberta-v3-small,27,13,71.34387351778656,66.79841897233202,96604935,5.258309211899335e-05,0.019117044138906,0.1148677608672123,7,,
deberta-v3-small,27,14,67.19367588932806,61.85770750988142,149354332,8.014858062758426e-06,5.902565027468197e-05,0.0693315770384923,7,,
deberta-v3-small,27,15,70.75098814229248,65.21739130434783,1491429306,1.6862807839412822e-05,4.464355157090276e-05,0.091389146938704,7,,
deberta-v3-small,27,16,70.15810276679842,67.58893280632411,1777886883,1.0427410611996688e-05,0.0010544392610325,0.0164291747416906,10,,
deberta-v3-small,27,17,66.20553359683794,64.82213438735178,46308370,6.870009492338708e-05,0.0002819993197881,0.0871398598583989,3,,
deberta-v3-small,27,18,71.14624505928853,68.18181818181819,2095754165,7.955134774288397e-05,0.000714590234005,0.0648921010178943,7,,
deberta-v3-small,27,19,76.6798418972332,71.73913043478261,1136150878,2.50187787057197e-05,0.0896495804192911,0.0907704580474127,10,,
deberta-v3-small,27,20,62.055335968379445,58.10276679841897,1876990938,7.746448762055713e-05,5.78852036736412e-05,0.0175549384414697,8,,
deberta-v3-small,27,21,61.26482213438735,62.64822134387352,510679955,6.378698715608384e-06,0.0270081414260966,0.0488851130237566,5,,
deberta-v3-small,27,22,72.13438735177866,66.99604743083005,859976973,1.7181610652711598e-05,3.9952433680621945e-05,0.1817330199321901,8,,
deberta-v3-small,27,23,72.33201581027669,66.99604743083005,814487096,1.044620025421603e-05,6.393201052588401e-05,0.1299943260859643,10,,
deberta-v3-small,27,24,60.276679841897234,59.68379446640317,750642063,9.66627353519611e-06,2.41948447553186e-05,0.0869556940580081,4,,
deberta-v3-small,27,25,58.89328063241107,60.276679841897234,78573783,1.0088259672993322e-05,0.000590362424899,0.0708389321359099,5,,
deberta-v3-small,27,26,70.35573122529644,68.57707509881423,1842168138,3.571331524084732e-05,2.7767186423143284e-05,0.1055925665510632,7,,
deberta-v3-small,27,27,67.19367588932806,65.41501976284584,1728735592,4.063208430752684e-05,0.0016952385758345,0.0867393012313321,8,,
deberta-v3-small,27,28,60.276679841897234,61.85770750988142,37062492,5.339740467904604e-06,0.0455292518608581,0.0366142096020593,4,,
deberta-v3-small,27,29,68.57707509881423,64.62450592885375,1784288359,4.0423972999120005e-05,0.0005557216167436,0.1609617198597,4,,
deberta-v3-small,28,0,66.66666666666667,70.45009784735812,296138639,2.6565652842626944e-05,0.0869016416360621,0.112310940758365,5,,
deberta-v3-small,28,1,70.58823529411765,71.42857142857143,182020370,1.8579084925974747e-05,0.0001939568304487,0.0684585545610501,10,,
deberta-v3-small,28,2,72.94117647058823,76.51663405088063,368379618,8.525354926529093e-05,0.0002133417916267,0.0285214540149726,3,,
deberta-v3-small,28,3,66.07843137254902,64.77495107632095,331877570,9.001858484514077e-06,0.0007559615421046,0.0407979613856336,3,,
deberta-v3-small,28,4,67.25490196078431,73.5812133072407,497317372,7.28983934390262e-05,0.0005167430796092,0.0466611969335522,4,,
deberta-v3-small,28,5,59.41176470588236,58.9041095890411,849923745,9.889180361770184e-05,2.639054402230217e-05,0.0609009338159266,5,,
deberta-v3-small,28,6,70.98039215686275,74.36399217221135,1647422416,5.107622604508914e-05,5.661631842207387e-05,0.1002564492032393,10,,
deberta-v3-small,28,7,61.96078431372549,62.03522504892368,1159501914,5.768163095071178e-06,0.0101130679111047,0.1137491314881142,8,,
deberta-v3-small,28,8,68.43137254901961,73.18982387475538,453690822,8.325241775254871e-05,0.00232964962707,0.176610167535362,5,,
deberta-v3-small,28,9,59.80392156862745,60.07827788649706,1145529352,1.064141137279523e-05,0.0043441905322359,0.0762944006160214,4,,
deberta-v3-small,28,10,66.86274509803921,66.92759295499022,621875581,3.589157501465691e-05,0.0940832825642284,0.1560244065418531,2,,
deberta-v3-small,28,11,66.66666666666667,67.71037181996086,391416119,2.3377964688483823e-05,0.0006540244768431,0.1290845130703591,10,,
deberta-v3-small,28,12,64.31372549019608,64.77495107632095,1318303588,6.52921602269822e-06,0.0864035656285015,0.0337962403972341,6,,
deberta-v3-small,28,13,74.70588235294117,77.10371819960861,1540809301,2.0912719453218456e-05,0.000435093471106,0.1978480459233558,7,,
deberta-v3-small,28,14,62.15686274509804,61.448140900195696,1095038588,1.7371322314778258e-05,0.0020691831262646,0.0950535685887778,7,,
deberta-v3-small,28,15,64.11764705882354,64.57925636007828,522214877,2.2446151092209705e-05,0.000189409249685,0.1218553738321208,9,,
deberta-v3-small,28,16,73.72549019607843,73.38551859099805,981040606,1.3621531432420348e-05,0.0007989806145188,0.0238943336981084,7,,
deberta-v3-small,28,17,69.41176470588235,70.64579256360078,1079290231,7.327310725642836e-06,0.0786779356965525,0.0749263651401446,7,,
deberta-v3-small,28,18,62.35294117647059,62.03522504892368,1137603767,6.944179454349503e-06,0.0075073173378337,0.0043278387804857,3,,
deberta-v3-small,28,19,71.56862745098039,69.86301369863014,211061711,1.1911998555691832e-05,0.0933791035728169,0.0715131793938049,6,,
deberta-v3-small,28,20,74.11764705882354,75.53816046966732,55033566,5.199726403996982e-05,0.0001167981474176,0.0861275171686023,5,,
deberta-v3-small,28,21,65.09803921568627,68.68884540117416,211978051,6.176308825910719e-05,1.8166545980258388e-05,0.0795994857525048,7,,
deberta-v3-small,28,22,73.72549019607843,76.51663405088063,1496134621,4.282347458205617e-05,0.0500759497354501,0.1031882052320536,6,,
deberta-v3-small,28,23,65.88235294117646,63.013698630136986,1340702703,3.3779099511565705e-05,2.2508808511180727e-05,0.1626660873771199,4,,
deberta-v3-small,28,24,71.17647058823529,75.14677103718199,328554680,4.304764046708112e-05,1.7763396444350854e-05,0.1534377604734045,9,,
deberta-v3-small,28,25,63.333333333333336,62.81800391389432,454022376,1.6707857893945215e-05,0.0003543734994649,0.1643444916880549,6,,
deberta-v3-small,28,26,62.15686274509804,65.16634050880626,651647744,9.40787664226763e-05,0.0001036889377641,0.1103586233781284,5,,
deberta-v3-small,28,27,71.96078431372548,69.27592954990216,4235327,7.487858621720957e-06,0.0006157552577572,0.1884968557463482,9,,
deberta-v3-small,28,28,72.15686274509804,75.34246575342466,1967045090,4.22097123984892e-05,0.0140004848043374,0.1062022434778766,10,,
deberta-v3-small,28,29,72.54901960784314,69.08023483365949,1577488863,9.971415342924924e-06,0.0050990861455844,0.0670289315235041,5,,
deberta-v3-small,29,0,62.86266924564797,59.96131528046422,291549049,8.166113787793184e-06,0.0254571672049788,0.0019391350126096,3,,
deberta-v3-small,29,1,72.72727272727273,75.43520309477756,1105959358,5.044058901735103e-05,0.0224883575720777,0.0899779939680689,10,,
deberta-v3-small,29,2,64.4100580270793,65.76402321083172,758483858,1.3789192061094343e-05,0.0713261743874966,0.0455347270595131,2,,
deberta-v3-small,29,3,71.76015473887814,74.46808510638297,966643249,3.8723419723335286e-05,0.0121099706249773,0.0937426241707642,4,,
deberta-v3-small,29,4,59.96131528046422,65.76402321083172,1296225435,2.595970561424025e-05,0.0011618072500558,0.0407378688313103,5,,
deberta-v3-small,29,5,66.34429400386847,69.24564796905223,1272652785,4.421446315910153e-05,0.000154810699062,0.0112831585168113,4,,
deberta-v3-small,29,6,74.08123791102514,76.40232108317214,628468257,4.229193629960836e-05,0.0011878611058424,0.0102388275271282,9,,
deberta-v3-small,29,7,63.05609284332689,62.47582205029013,1100047516,1.6538844762348384e-05,0.0004348690309099,0.0411646169957676,2,,
deberta-v3-small,29,8,73.11411992263056,73.88781431334623,950627763,7.613832444434877e-05,0.0010002722124287,0.1272300655995973,4,,
deberta-v3-small,29,9,74.85493230174082,74.08123791102514,364971111,3.158137888585824e-05,0.022997845980241,0.0477389201916591,10,,
deberta-v3-small,29,10,72.5338491295938,73.69439071566731,944048763,6.381526019422471e-05,1.7013431544179346e-05,0.0123407418305263,10,,
deberta-v3-small,29,11,68.27852998065764,72.72727272727273,1586009285,1.1780468067103056e-05,0.0001803289985456,0.1473306835205312,7,,
deberta-v3-small,29,12,71.95357833655706,75.24177949709865,2011320031,7.003977469266993e-05,0.0365994833919852,0.1743381842675703,3,,
deberta-v3-small,29,13,72.92069632495165,71.76015473887814,5261394,3.672225583604943e-05,9.54473403312158e-05,0.0807605429317508,9,,
deberta-v3-small,29,14,70.59961315280464,74.46808510638297,1435326077,4.478480081331004e-05,0.0005590916445997,0.0649842318778419,6,,
deberta-v3-small,29,15,61.70212765957447,68.08510638297872,497268735,1.3336600175051968e-05,0.001947104672834,0.1443000566041702,2,,
deberta-v3-small,29,16,61.70212765957447,66.92456479690522,247305346,6.989700030958902e-05,0.0001400107584224,0.0110095498043622,9,,
deberta-v3-small,29,17,65.57059961315281,70.2127659574468,254924549,2.735870294925036e-05,0.0014620687868132,0.1101162270075679,4,,
deberta-v3-small,29,18,63.05609284332689,64.4100580270793,1350458430,9.864248638069503e-06,0.0073624174302797,0.0526529314510874,3,,
deberta-v3-small,29,19,59.96131528046422,65.76402321083172,174506937,3.127054246618107e-05,2.307224311862409e-05,0.0394900392961875,8,,
deberta-v3-small,29,20,63.63636363636363,68.66537717601547,1269484795,4.6506936687713306e-05,2.653208046872713e-05,0.071258387779175,9,,
deberta-v3-small,29,21,63.44294003868472,68.27852998065764,1721858359,9.0711479701466e-05,0.0001900891021086,0.1701164188387139,3,,
deberta-v3-small,29,22,64.79690522243713,70.59961315280464,996150330,7.341210483840075e-06,0.0018336100807344,0.1304126727751334,6,,
deberta-v3-small,29,23,69.63249516441006,73.5009671179884,173765172,3.956031254217792e-05,0.009541994863215,0.0859869265856311,3,,
deberta-v3-small,29,24,64.4100580270793,68.47195357833655,1845161940,3.494154238045234e-05,0.0007073873395755,0.0013578918660064,4,,
deberta-v3-small,29,25,65.95744680851064,70.59961315280464,993887493,1.9508668091982643e-05,0.0634518456936049,0.1953044273456187,3,,
deberta-v3-small,29,26,60.9284332688588,65.57059961315281,666997975,8.350536428337693e-06,0.0054136209717808,0.1533836903168889,10,,
deberta-v3-small,29,27,60.9284332688588,67.31141199226306,1828418795,6.885724466061323e-05,0.0017588168994165,0.1473785278577141,6,,
deberta-v3-small,29,28,68.27852998065764,72.14700193423597,1583443021,6.227568510690602e-05,0.0035764765502521,0.069295125060748,7,,
deberta-v3-small,29,29,69.05222437137331,73.11411992263056,1399513773,1.5963264091628563e-05,1.2029932160940392e-05,0.1636575238467293,4,,
